seg,s,M,q,p_fwer,agree,n_tr,p_model,speed,dir,grade_pct,lat,lon,riders_per_day,nearest_station,m_from_station,near_ramp,edge,evidence,consequence,priority
0,10.0,-0.05914960607485888,0.9994544116974132,1.0,0,3,0.002717228633772865,5.9559971923190504,EB,6.11077171997153,34.018255216087745,-118.28583831788292,13330.738339443767,Expo Park/USC,10.0,True,True,,0.7105651222367719,
1,30.0,0.6823327502215518,0.33645042700917405,1.0,1,3,0.0050600674333179845,7.690628577207093,EB,5.258598749894924,34.01825366281875,-118.28605506822473,13330.738339443767,Expo Park/USC,30.0,True,True,,0.7217926329487347,
2,50.0,0.8787038061193871,0.1919036352331194,0.9903365544818394,1,3,0.0012714547511687873,9.654379246018854,EB,3.3823584826533444,34.018252109549756,-118.28627181856653,13330.738339443767,Expo Park/USC,50.0,True,True,,0.7379478144699227,
3,70.0,-0.05728357555274785,0.9994544116974132,1.0,0,3,0.008891834984414664,10.429366434779922,EB,0.883111318223488,34.0182507139768,-118.286488569406,13330.738339443767,Expo Park/USC,70.0,True,True,,0.7453300896990744,
4,90.0,-0.08213141635899168,0.9994544116974132,1.0,0,3,0.0007960739313840155,10.673206975155463,EB,-0.2002255131439744,34.01825131464739,-118.28670532654523,13330.738339443767,Expo Park/USC,90.0,True,True,,0.7477706656527388,
5,110.0,-0.14396863435211663,0.9994544116974132,1.0,0,3,0.000561792160580268,10.596509061989321,EB,-0.4118857657180096,34.018251915317975,-118.28692208368447,13330.738339443767,Expo Park/USC,110.0,True,True,,0.7469969235389102,
6,130.0,-0.3033345766878543,0.9994544116974132,1.0,0,3,0.02003406169459681,9.960399865997717,EB,-0.5838947312114896,34.018252515988564,-118.2871388408237,13330.738339443767,Expo Park/USC,130.0,True,True,,0.7407947990084467,
7,150.0,-0.05694870826199594,0.9994544116974132,1.0,0,3,0.019224579387258214,9.960225017104339,EB,0.029814386465383536,34.01825375381884,-118.287355593696,13330.738339443767,Expo Park/USC,150.0,True,False,0.046426631273661624,0.7407931469825852,0.034392530285015904
8,170.0,0.09470748036526663,0.9994544116974132,1.0,1,4,0.06695759666396316,9.754033266191058,EB,0.47991177515934846,34.01825517462351,-118.28757234534295,13330.738339443767,Expo Park/USC,170.0,True,False,0.0896370417543984,0.7388651660931582,0.06622968774396294
9,190.0,0.2893914439303437,0.8541323683776318,1.0,0,4,0.026104613209576577,9.58347904947011,EB,-0.1062436556643489,34.01825659542819,-118.2877890969899,13330.738339443767,Expo Park/USC,190.0,True,False,0.09164769983173314,0.7373008876493252,0.06757193043695575
10,210.0,0.4281403928011005,0.6560695660228453,1.0,0,4,0.007950356044767033,10.475527757871006,EB,-0.5529366788862874,34.01825765091369,-118.28800585135072,13330.738339443767,Expo Park/USC,210.0,True,False,0.1061757366491126,0.7457877858056876,0.07918456754182948
11,230.0,1.2530432615751894,0.07679067360795785,0.30756414528490506,2,4,0.14732913738913161,11.825442117550054,EB,-0.7033154816637059,34.01825847251784,-118.28822260744897,13330.738339443767,Expo Park/USC,230.0,False,False,0.5455539148462256,0.5600662324940064,0.30554632571028156
12,250.0,1.2768087075808967,0.07679067360795785,0.2689103632122626,3,4,0.04675761699797695,12.73393199914198,EB,-0.4689522030515648,34.018259294122,-118.28843936354723,13330.738339443767,Expo Park/USC,250.0,False,False,0.4945461400133969,0.5706487351376129,0.2822121292658338
13,270.0,0.8434669072898304,0.21075128020222988,0.9973342219260246,2,4,0.13819364203537846,12.954505702799537,EB,0.1124539444971965,34.01826011572614,-118.2886561196455,13330.738339443767,Expo/Vermont,-266.0,False,False,0.32495409354371196,0.5733361977068148,0.1863079444216164
14,290.0,0.9937252299981445,0.148053305737125,0.895034988337221,2,4,0.1643232035649969,13.18594542140659,EB,0.20396350183671166,34.01826050378128,-118.28887287744567,13330.738339443767,Expo/Vermont,-246.0,False,False,0.396240931640021,0.5762056695460986,0.2283162713172082
15,310.0,0.9567010527960268,0.15730554669111285,0.9443518827057648,2,4,0.04881044286599025,13.503623926766167,EB,0.26045031482895337,34.01826086714306,-118.28908963534278,13330.738339443767,Expo/Vermont,-226.0,False,False,0.3130649968089808,0.5802270984320478,0.18164879471911324
16,330.0,0.8986239372974654,0.18614768899354797,0.9856714428523825,1,4,0.0025279344691966736,13.875515365944352,EB,0.3945216666204483,34.018261134998916,-118.28930639328836,13330.738339443767,Expo/Vermont,-206.0,False,False,0.2637029254000327,0.5850564293853848,0.15428109195302364
17,350.0,0.4341779899211421,0.6560695660228453,1.0,1,4,0.0033346103899826347,13.99832851104312,EB,0.3664413915290712,34.01826092479995,-118.28952315147649,13330.738339443767,Expo/Vermont,-186.0,False,False,0.10464698295007768,0.5866800804910529,0.06139430038029742
18,370.0,0.22747031130946505,0.9104339916095056,1.0,0,4,0.0008786606344367584,13.743153255025362,EB,-0.3806023255033304,34.01826071460098,-118.28973990966462,13330.738339443767,Expo/Vermont,-166.0,False,False,0.06699433903294447,0.5833225558412345,0.039079309071591344
19,390.0,0.09011586294258289,0.9994544116974132,1.0,0,4,0.002768188405126142,12.685848814774367,EB,-0.18303232427536542,34.01826050440201,-118.28995666785275,13330.738339443767,Expo/Vermont,-146.0,False,False,0.05061149801419799,0.5700690181601262,0.028852046980567026
20,410.0,0.2256160275970018,0.9104339916095056,1.0,1,4,0.009534400645319333,11.239254487061999,EB,-0.09074107510613698,34.018260459727514,-118.29017342585482,13330.738339443767,Expo/Vermont,-126.0,False,False,0.07191913573390643,0.5536536141617664,0.03981828942646794
21,430.0,-0.0737018031167769,0.9994544116974132,1.0,0,4,0.002144648972487365,9.184339457614415,EB,-0.20985397541088452,34.01826100925315,-118.29039018318893,13330.738339443767,Expo/Vermont,-106.0,False,False,0.034838951242475866,0.5337479335243102,0.01859521823182569
22,450.0,-0.7382067020408762,0.9994544116974132,1.0,0,4,0.0007203699298518192,8.05623268133997,EB,0.07758133254814832,34.01826155877879,-118.29060694052305,13330.738339443767,Expo/Vermont,-86.0,False,False,0.0071516297488336215,0.5245232202079624,0.0037511958655932725
23,470.0,-0.9186269728966725,0.9994544116974132,1.0,0,4,0.002372710852712659,6.73024680831713,EB,0.4911389639060311,34.01826210830443,-118.29082369785716,13330.738339443767,Expo/Vermont,-66.0,False,False,0.005723590709910213,0.5152238255646395,0.002948930301526171
24,490.0,-1.0271278032942552,0.9994544116974132,1.0,0,4,0.0007136040592418948,7.37025404554063,EB,0.36719133503192536,34.018263978215295,-118.29104044296498,13330.738339443767,Expo/Vermont,-46.0,False,False,0.0037129512379023384,0.5195040882234214,0.001928893347464478
25,510.0,0.35909587282306077,0.7611263339919397,1.0,0,4,0.0009451467513820511,8.71958557542656,EB,0.24959878276092387,34.01826622370762,-118.29125718459505,13330.738339443767,Expo/Vermont,-26.0,False,False,0.08859170723149701,0.5298013411439094,0.046936005305475696
26,530.0,0.3052741738392314,0.8308449885791794,1.0,0,4,0.0027712370070890517,10.225796261289148,EB,-0.10872885309009786,34.018268469199946,-118.29147392622512,13330.738339443767,Expo/Vermont,-6.0,False,False,0.08026469013830935,0.5433357746655302,0.043610677594587054
27,550.0,-0.21825117816708495,0.9994544116974132,1.0,0,4,0.0007669702802220127,10.834441182491307,EB,-0.4596399742980494,34.01826975809628,-118.29169067762294,13499.757115135357,Expo/Vermont,14.0,False,False,0.024298648904618282,0.5556754875227936,0.013502163576218959
28,570.0,-0.37460785169730987,0.9994544116974132,1.0,0,4,0.0004585858029752033,10.484006721867367,EB,-1.0732938393896114,34.01827059476074,-118.29190743363847,13499.757115135357,Expo/Vermont,34.0,False,False,0.016641199994029868,0.5521321429657047,0.009188141414224582
29,590.0,-0.3813623952389658,0.9994544116974132,1.0,0,4,0.0004691202894508528,10.451161099455696,EB,-1.3997911761434743,34.0182714314252,-118.29212418965399,13499.757115135357,Expo/Vermont,54.0,False,False,0.016381882210082473,0.5518060023109278,0.009039620932674117
30,610.0,-0.07766591525023205,0.9994544116974132,1.0,0,4,0.004711711879368988,10.77488010667868,EB,-1.3153667092539205,34.01827226808966,-118.29234094566952,13499.757115135357,Expo/Vermont,74.0,False,False,0.036069270023094444,0.555065031115606,0.020020790487686114
31,630.0,0.35730825038168434,0.7611263339919397,1.0,0,4,0.03870385390136884,11.50497113751096,EB,-0.8399808230108089,34.01827310318481,-118.2925577016937,13499.757115135357,Expo/Vermont,94.0,False,False,0.11091998828174497,0.5627801086713253,0.062423563059022566
32,650.0,0.388863346990774,0.7298877685196757,1.0,1,4,0.007490987801084377,11.92567058517353,EB,-0.23005300550573032,34.01827393077882,-118.29277445775922,13499.757115135357,Expo/Vermont,114.0,False,False,0.09810718529357378,0.5674553832414881,0.0556714504295086
33,670.0,0.31449956751829444,0.8222549176506821,1.0,1,4,0.003305104594343043,12.621798511642591,EB,-0.028146692996664446,34.018274758372826,-118.29299121382476,13499.757115135357,Expo/Vermont,134.0,False,False,0.08213891617698821,0.5755602667056543,0.047275896501740716
34,690.0,0.2048255186540866,0.9224485866520329,1.0,0,4,0.0010651374032912965,13.362591457491455,EB,-0.3352267806234663,34.018276091437585,-118.29320796525533,13499.757115135357,Expo/Vermont,154.0,False,False,0.06388865343153736,0.5846900476985967,0.037355059822284695
35,710.0,0.15299662753370102,0.9709973893595538,1.0,0,4,0.0020585201843170663,13.7982950333368,EB,-0.7273648218672972,34.018278031695075,-118.29342471111822,13499.757115135357,Expo/Vermont,174.0,False,False,0.05762363218244671,0.5903029316219395,0.034015399008002635
36,730.0,0.09558820485686663,0.9994544116974132,1.0,0,4,0.000746688627869,14.011467034865674,EB,-1.2743934234057959,34.018279971952566,-118.29364145698109,13499.757115135357,Expo/Vermont,194.0,False,False,0.05000923156404402,0.593114692812371,0.029661210016890694
37,750.0,0.3478532913552564,0.7788170609023717,1.0,0,4,0.0011366054642076625,14.393811398659881,EB,-1.365979865506404,34.01828369382867,-118.29385815756224,13499.757115135357,Expo/Vermont,214.0,False,False,0.08666652805541933,0.5982658492501092,0.051849624008633854
38,770.0,0.28580574935808123,0.8541323683776318,1.0,0,4,0.00034011399861459847,14.483263149390652,EB,-0.9095097299932476,34.01828784308463,-118.29407483898139,13499.757115135357,Expo/Vermont,234.0,False,False,0.07560829125283695,0.5994910098873563,0.04532649087902059
39,790.0,0.75168253703,0.2744597355832691,0.9996667777407531,2,4,0.008239181037009834,14.718552773740202,EB,-0.4587712556672885,34.01828819419664,-118.29429159690748,13499.757115135357,Expo/Vermont,254.0,False,False,0.18848401680266963,0.6027498543383876,0.11360871367292331
40,810.0,0.8361753410525506,0.2166316869630233,0.9976674441852715,2,4,0.002212526573122272,14.95096329190767,EB,-0.33946152438013694,34.01828854530866,-118.2945083548336,13499.757115135357,Expo/Vermont,274.0,False,False,0.2407378566712236,0.606020377565133,0.14589204679411583
41,830.0,0.8254652494040611,0.22172011602368275,0.9980006664445185,2,4,0.06984624133737193,15.13244495054369,EB,-0.2420255417287912,34.018288896420664,-118.2947251127597,13499.757115135357,Expo/Vermont,294.0,False,False,0.27747624293929063,0.6086098469051047,0.1688747737350853
42,850.0,0.9032199420096733,0.18614768899354797,0.9843385538153949,3,4,0.2245353984131026,15.148829664964314,EB,-0.36218183026425815,34.01828930536947,-118.29494187044759,13499.757115135357,Expo/Vermont,314.0,False,False,0.3986047336094689,0.6088451697142501,0.24268856668336053
43,870.0,0.8156589169452781,0.2293139930225527,0.9983338887037654,2,4,0.033524879388743725,15.062765807378973,EB,-0.5194154722467996,34.018290197535116,-118.29515862614525,13499.757115135357,Expo/Vermont,334.0,False,False,0.25218506208022995,0.6076119357831447,0.15323065374616102
44,890.0,0.8297946759700214,0.2200355110100725,0.9976674441852715,2,4,0.0006659290178007878,15.133076566125212,EB,-0.5606543701365823,34.01829108970075,-118.2953753818429,13499.757115135357,Expo/Vermont,354.0,False,False,0.23751848885034227,0.6086189136624571,0.14455824465884376
45,910.0,0.7670899880481681,0.25849712620871085,0.9996667777407531,2,4,0.005687634465899367,15.259071254350768,EB,-0.5490928443396869,34.0182919818664,-118.29559213754055,13499.757115135357,Expo/Vermont,374.0,False,False,0.19157745136424492,0.6104351176514695,0.11694560406290153
46,930.0,0.21148360109886352,0.9213655282588405,1.0,0,4,0.06699182257689792,15.315282412907699,EB,-0.5582049023893283,34.018292205590264,-118.2958088949283,13499.757115135357,Expo/Vermont,394.0,False,False,0.10437649505618352,0.6112502550473482,0.06380015922404045
47,950.0,0.7802997591558697,0.2511751327712551,0.9990003332222592,2,4,0.511273455856476,15.385393294734566,EB,-0.4889491657398503,34.0182920766462,-118.29602565320772,13499.757115135357,Expo/Vermont,414.0,False,False,0.4921701035615623,0.6122711577648962,0.3013415591249066
48,970.0,0.6014676985520269,0.43968125323393065,1.0,1,4,0.10176023779374821,15.38276082456333,EB,-0.5432946127413988,34.01829194770214,-118.29624241148714,13499.757115135357,Expo/Vermont,434.0,False,False,0.20262945409856875,0.6122327414327791,0.12405638617779421
49,990.0,0.29571982613848846,0.8488829199501963,1.0,0,4,0.0017259372611688484,15.284692398248712,EB,-0.5556746694550501,34.01829248312878,-118.29645916801336,13499.757115135357,Expo/Vermont,454.0,False,False,0.07805444678705033,0.6108062869637874,0.04767614682301073
50,1010.0,0.2761222841445104,0.8604358069287886,1.0,0,4,0.007039783648198793,15.316674191250844,EB,-0.4845121706068375,34.018293408648354,-118.29667592351016,13499.757115135357,Expo/Vermont,474.0,False,False,0.07807828595790267,0.6112704757297786,0.047726951001652855
51,1030.0,-0.37131439493272256,0.9994544116974132,1.0,0,4,0.004663214931148626,15.403543987243435,EB,-0.3766688971805337,34.01829433416792,-118.29689267900697,13499.757115135357,Expo/Vermont,494.0,False,False,0.019295034124689022,0.6125362145307608,0.011818907161978864
52,1050.0,-0.34897567833628335,0.9994544116974132,1.0,0,4,0.0012257999046233065,15.492271154560065,EB,-0.3176327911892413,34.018294982725614,-118.2971094352209,13499.757115135357,Expo/Vermont,514.0,False,False,0.018148679869208175,0.6138364058754282,0.011140320422298483
53,1070.0,0.3337673180739502,0.7969259661834998,1.0,0,4,0.019355386229122626,15.537362296607846,EB,-0.2580651785972837,34.018294838795825,-118.29732619348678,13499.757115135357,Expo/Vermont,534.0,False,False,0.0950956561231605,0.6145000249744148,0.05843628306264049
54,1090.0,0.28462682175145315,0.8541323683776318,1.0,0,4,0.02462693097090866,15.607419097350846,EB,-0.3004855715858545,34.018294694866036,-118.29754295175266,13499.757115135357,Expo/Vermont,554.0,False,False,0.08999026069401593,0.6155348968483249,0.055392145833644955
55,1110.0,-0.05543766050958579,0.9994544116974132,1.0,0,4,0.001177719714433933,15.6986993732639,EB,-0.24105602572373133,34.01829458719592,-118.29775971002023,13499.757115135357,Expo/Vermont,574.0,False,False,0.03572176535833211,0.6168902646513259,0.02203640928571406
56,1130.0,-0.0376097631877384,0.9994544116974132,1.0,0,4,0.01044068286547526,15.700322091785175,EB,-0.21017890615308032,34.018294717023686,-118.2979764682989,13499.757115135357,Expo/Vermont,594.0,False,False,0.042764504913408205,0.6169144309591414,0.026382040213904633
57,1150.0,-0.2008117643370268,0.9994544116974132,1.0,0,4,0.023149678415267636,15.72992087594664,EB,-0.13671292282031242,34.018294846851454,-118.29819322657757,13499.757115135357,Expo/Vermont,614.0,False,False,0.038740301599911445,0.617355668653135,0.023916544798037443
58,1170.0,-0.3873666122200202,0.9994544116974132,1.0,0,4,0.06851608747626929,15.601664325221194,EB,-0.008309700968514282,34.01829497667922,-118.29840998485624,13499.757115135357,Expo/Vermont,634.0,False,False,0.05697744138531207,0.6154497124339875,0.03506674991581469
59,1190.0,-0.7279568626762496,0.9994544116974132,1.0,0,4,0.0027162537890345288,15.468753832508504,EB,0.015863248397539456,34.01829546241625,-118.29862674186461,13499.757115135357,Expo/Vermont,654.0,False,False,0.00852127781097171,0.6134910600643381,0.005227727757355757
60,1210.0,-0.5434174738609664,0.9994544116974132,1.0,0,4,0.0002676214532167524,15.585933564570391,EB,-0.15626603952408089,34.01829640996412,-118.29884349722474,13499.757115135357,Expo/Vermont,674.0,False,False,0.011008514714290343,0.615217019794787,0.006772625614892766
61,1230.0,-0.5209099293538821,0.9994544116974132,1.0,0,4,0.001230341071486671,15.552485242092526,EB,-0.09611608330844396,34.018297357512,-118.29906025258485,13499.757115135357,Expo/Vermont,694.0,False,False,0.012200339062135263,0.6147230255454088,0.007499829340955624
62,1250.0,-0.07816196163547372,0.9994544116974132,1.0,0,4,0.0038791936414586453,15.3582961735735,EB,-0.06651767192103784,34.01829836512563,-118.29927700747731,13499.757115135357,Expo/Vermont,714.0,False,False,0.035531166007931804,0.6118760367449902,0.021740669037861628
63,1270.0,0.28318211808877836,0.8541323683776318,1.0,0,4,0.0683870885593005,15.270769580656804,EB,-0.08146436310532004,34.018299767776966,-118.29949375929407,13499.757115135357,Expo/Vermont,734.0,False,False,0.11601391843238651,0.6106045121366975,0.07083862206547399
64,1290.0,0.2922566836748172,0.8529816973935087,1.0,0,4,0.07033503835048098,14.89808846459315,EB,0.0379042392432612,34.01830117042831,-118.29971051111082,13499.757115135357,Expo/Vermont,754.0,False,False,0.1186526517027072,0.6052718108762187,0.07181710536136285
65,1310.0,-0.11795828962751588,0.9994544116974132,1.0,0,4,0.01042632377911647,13.798245739322478,EB,0.08635431398852146,34.018302573079644,-118.29992726292757,13499.757115135357,Expo/Vermont,774.0,False,False,0.036496122600239406,0.5903022864138115,0.021543744616160102
66,1330.0,-0.3297686352819173,0.9994544116974132,1.0,0,4,0.0007104576200236794,13.716402589798399,EB,0.23486933542844843,34.018303435452324,-118.30014401691422,13499.757115135357,Expo/Vermont,794.0,False,False,0.01866625601293119,0.5892342223666169,0.010998796846275697
67,1350.0,-0.5733770618650639,0.9994544116974132,1.0,0,4,0.001794596327971514,13.417778769986047,EB,0.2596750638947135,34.01830324513912,-118.30036077512874,13499.757115135357,Expo/Western,-789.0,False,False,0.011156912338063546,0.5853910296210717,0.006531156400971057
68,1370.0,-0.5457900330377398,0.9994544116974132,1.0,0,4,0.0017311744039072488,13.109706023311736,EB,0.5083912379783285,34.01830305482592,-118.30057753334326,13499.757115135357,Expo/Western,-769.0,False,False,0.011823811370624753,0.581514881621287,0.00687572226950128
69,1390.0,-0.4220561066313312,0.9994544116974132,1.0,0,4,0.000489416312784018,13.028695066524877,EB,0.46885974802405894,34.01830286451272,-118.30079429155778,13499.757115135357,Expo/Western,-749.0,False,False,0.014879929576389254,0.5805105577728427,0.008637956218010345
70,1410.0,-0.4570593666152394,0.9994544116974132,1.0,0,4,0.0002409129521240857,13.025169992374927,EB,0.16778808449613897,34.01830336210792,-118.30101104872476,13499.757115135357,Expo/Western,-729.0,False,False,0.013539846998855597,0.5804669974176436,0.00785943433292
71,1430.0,-0.3823419737466053,0.9994544116974132,1.0,0,4,0.0008236560743858897,13.194080497072903,EB,-0.19797042682272548,34.01830401208769,-118.3012278056597,13499.757115135357,Expo/Western,-709.0,False,False,0.016556427727330715,0.5825675227736364,0.009645237087091802
72,1450.0,-0.29992367156285415,0.9994544116974132,1.0,0,4,0.0002611934785504728,13.428955245921987,EB,-0.5262776184107445,34.01830466206746,-118.30144456259464,13499.757115135357,Expo/Western,-689.0,False,False,0.01975693212635229,0.5855333435286897,0.011568342525812441
73,1470.0,-0.1232613271176616,0.9994544116974132,1.0,0,4,0.0015836588277828396,13.578924946043243,EB,-0.6697664169932681,34.018304446032275,-118.30166131983802,13499.757115135357,Expo/Western,-669.0,False,False,0.030814911064721003,0.5874544216130235,0.018102355756582436
74,1490.0,-0.008961433767598989,0.9994544116974132,1.0,0,4,0.013929079150983317,13.75685979986286,EB,-0.7871677688260116,34.018303903563144,-118.30187807719766,13499.757115135357,Expo/Western,-649.0,False,False,0.04736623559654659,0.5897614002239173,0.027934777428755272
75,1510.0,-0.12800222369959469,0.9994544116974132,1.0,0,4,0.004763248030258219,14.017655610921505,EB,-0.6138032123214178,34.01830336109401,-118.30209483455731,13499.757115135357,Expo/Western,-629.0,False,False,0.0323905839999306,0.5931969646566022,0.019213996112213534
76,1530.0,0.17769472329143213,0.938761627635089,1.0,0,4,0.004133567881266788,14.232996033568092,EB,-0.3389830418458368,34.01830281862488,-118.30231159191695,13499.757115135357,Expo/Western,-609.0,False,False,0.062052592569571074,0.5960823580108654,0.03698845569955743
77,1550.0,0.3043672798191723,0.8313109120131954,1.0,0,4,0.04281416966395043,14.267674774992862,EB,-0.23688567490217483,34.01830343722776,-118.30252834799138,13499.757115135357,Expo/Western,-589.0,False,False,0.1041390420576384,0.5965511383680163,0.062124264088038915
78,1570.0,0.28264987031773814,0.8541323683776318,1.0,1,4,0.20273319648940882,14.230069729456297,EB,0.044447468780491536,34.01830431382786,-118.30274510378025,13499.757115135357,Expo/Western,-569.0,False,False,0.19653610143636652,0.5960428530050651,0.11714393861862477
79,1590.0,0.04982380570417298,0.9994544116974132,1.0,1,4,0.05629780106401921,14.180736080630481,EB,0.2569484221094555,34.01830501538409,-118.30296186014182,13499.757115135357,Expo/Western,-549.0,False,False,0.07843767769006774,0.5953780732488904,0.04670007341323
80,1610.0,0.3097296253023972,0.8268144330985543,1.0,0,4,0.12561187955464775,14.136733936762855,EB,0.43533397993925516,34.018305126405,-118.3031786184355,13499.757115135357,Expo/Western,-529.0,False,False,0.15471642095091398,0.5947870844058648,0.09202332892710459
81,1630.0,0.5119779558796453,0.5524983735653055,1.0,1,4,0.2985413592706012,14.127865612498882,EB,0.5208581073539477,34.018305237425906,-118.30339537672916,13499.757115135357,Expo/Western,-509.0,False,False,0.2987863605352659,0.59466819712414,0.17767874634478986
82,1650.0,-0.17061390184716363,0.9994544116974132,1.0,1,4,0.1318631215430042,14.142757448900145,EB,0.7682879723219853,34.018305348446816,-118.30361213502283,13499.757115135357,Expo/Western,-489.0,False,False,0.10581797392097994,0.5948678771538987,0.06294771351109994
83,1670.0,-0.08572492081014424,0.9994544116974132,1.0,0,4,0.0958071795198472,14.162812725551404,EB,0.7497770792761843,34.018305459467726,-118.3038288933165,13499.757115135357,Expo/Western,-469.0,False,False,0.09010470165932147,0.595137124580356,0.0536246530566994
84,1690.0,-0.14962743917251986,0.9994544116974132,1.0,0,4,0.002593342643346795,14.079098184122905,EB,0.846451153991175,34.018305570488636,-118.30404565161018,13499.757115135357,Expo/Western,-449.0,False,False,0.029617482953680118,0.5940157622123887,0.017593251711542725
85,1710.0,0.3572048179640823,0.7611263339919397,1.0,0,4,0.01198269187405863,13.91516189306886,EB,0.7308151760996269,34.018305681509545,-118.30426240990386,13499.757115135357,Expo/Western,-429.0,False,False,0.09486840376621108,0.5918390796684156,0.05614682877460603
86,1730.0,0.5063549455104409,0.5524983735653055,1.0,0,4,0.023791962563725465,13.744691422308792,EB,0.5531339150718139,34.018305792530455,-118.30447916819752,13499.757115135357,Expo/Western,-409.0,False,False,0.13264295270592458,0.5896026768584856,0.07820663998182663
87,1750.0,0.5326988249425753,0.5413328546235969,1.0,0,4,0.023685531014706766,13.55980633343805,EB,0.4736969059952907,34.018307372645545,-118.3046959159098,13499.757115135357,Expo/Western,-389.0,False,False,0.13872605117365824,0.5872083299448505,0.08146109282952772
88,1770.0,0.5171081149158672,0.5478003925869688,1.0,0,4,0.11025760926188029,13.363980041301058,EB,0.39527803743559026,34.01830943576109,-118.30491266014322,13499.757115135357,Expo/Western,-369.0,False,False,0.1870051494534642,0.5847076498739905,0.10934334145126941
89,1790.0,0.30730899883004026,0.8288205506601861,1.0,0,4,0.026035469564260377,12.922944646390247,EB,0.29355684140884347,34.01831149887663,-118.30512940437661,13499.757115135357,Expo/Western,-349.0,False,False,0.09456382367184374,0.579208896748836,0.05477220798132008
90,1810.0,-0.28216827003728934,0.9994544116974132,1.0,0,4,0.0008936128280960757,12.147600599451506,EB,0.17552318050552207,34.01831356199217,-118.30534614861001,13499.757115135357,Expo/Western,-329.0,False,False,0.020991344748979908,0.5699893571886505,0.011964843099996412
91,1830.0,-0.1755898275627915,0.9994544116974132,1.0,0,4,0.0014315554000533092,11.578806783954331,EB,-0.07784543654590953,34.018315591046566,-118.30556289324014,13499.757115135357,Expo/Western,-309.0,False,False,0.027245537538832285,0.5635885043162944,0.01535527175080394
92,1850.0,0.06430875835035088,0.9994544116974132,1.0,0,4,0.003568144149804723,11.269217914486203,EB,-0.44300815460090043,34.01831704367229,-118.30577964458418,13499.757115135357,Expo/Western,-289.0,False,False,0.048301930029250026,0.5602335624905134,0.02706036233545425
93,1870.0,0.21649785363525048,0.9213655282588405,1.0,0,4,0.09658972732441216,11.200909185616052,EB,-0.5305520288292221,34.018318496298015,-118.3059963959282,13499.757115135357,Expo/Western,-269.0,False,False,0.12284478594008048,0.5595055602282145,0.06873234077851982
94,1890.0,0.5423288016123153,0.5238641565877769,1.0,1,4,0.21449862448746002,11.366080538216341,EB,-0.5003156347815576,34.01831994892373,-118.30621314727225,13499.757115135357,Expo/Western,-249.0,False,False,0.25551507822397107,0.5612734669723539,0.14341383381848044
95,1910.0,1.0643340116456779,0.1222785577762927,0.7544151949350216,2,4,0.2498877502488423,11.48249079215813,EB,-0.35738320288313025,34.01832140154946,-118.30642989861627,13499.757115135357,Expo/Western,-229.0,False,False,0.47400603287451304,0.56253500771944,0.26664498736212533
96,1930.0,1.049553476815467,0.1251966757832712,0.7870709763412196,2,4,0.23031208158059613,11.26548426327718,EB,-0.4457071477622976,34.01832339544894,-118.30664664348512,13499.757115135357,Expo/Western,-209.0,False,False,0.4567460733716644,0.5601936566407338,0.25586625299836957
97,1950.0,0.08920558019417554,0.9994544116974132,1.0,0,4,0.10701538921331133,10.11549704827794,EB,-0.3335027694111518,34.018325553769955,-118.30686338638702,13499.757115135357,Expo/Western,-189.0,False,False,0.11305890136113977,0.5485316940983972,0.06201639069652958
98,1970.0,0.8959788701802877,0.18614768899354797,0.9863378873708764,1,3,0.08646634434926705,14.118579673571668,EB,-0.3370035311550614,34.018327712090965,-118.3070801292889,13499.757115135357,Expo/Western,-169.0,False,False,0.3130902402877875,0.5945437913264287,0.18614585848800372
99,1990.0,0.457561551946666,0.6204769369744713,1.0,2,3,0.07993106421550511,13.163866544932034,EB,-0.5441128325991778,34.018329836961044,-118.3072968726434,13499.757115135357,Expo/Western,-149.0,False,False,0.15551828530515804,0.5821898026578384,0.09054115983149537
100,2010.0,0.4356595427077811,0.6560695660228453,1.0,2,4,0.3878103569132432,6.417739889497309,EB,-0.5435591190923122,34.018331762694814,-118.30751361869231,13499.757115135357,Expo/Western,-129.0,False,False,0.3356386319556126,0.5195350810992787,0.17437604387311015
101,2030.0,-0.23716588657742788,0.9994544116974132,1.0,0,4,0.0028313809450958302,8.682911816500685,EB,-0.5504324564267467,34.018333688428584,-118.3077303647412,13499.757115135357,Expo/Western,-109.0,False,False,0.024484072111647638,0.5357587045388752,0.01311755475637274
102,2050.0,-0.38011173077153304,0.9994544116974132,1.0,0,4,0.001013252363674852,7.504168915077967,EB,-0.5856153464903512,34.01833568915129,-118.30794710972589,13499.757115135357,Expo/Western,-89.0,False,False,0.0167572298377996,0.5267089120865043,0.008826182297450936
103,2070.0,-0.6351409648025272,0.9994544116974132,1.0,0,4,0.002963103676817627,6.201008808030965,EB,-0.5293828554406399,34.018338047036515,-118.30816384964183,13499.757115135357,Expo/Western,-69.0,False,False,0.010439551563109006,0.5182379362195689,0.005410171657123386
104,2090.0,-0.4532130553353604,0.9994544116974132,1.0,0,4,0.002599678318071662,7.46109620813751,EB,-0.23789452717459125,34.01834040492174,-118.30838058955777,13499.757115135357,Expo/Western,-49.0,False,False,0.015081200310687073,0.5264031824235559,0.007938791838312795
105,2110.0,-0.08332298403287514,0.9994544116974132,1.0,0,4,0.002206327301895086,9.830604440455424,EB,-0.22266455783953998,34.01834276280695,-118.30859732947371,13499.757115135357,Expo/Western,-29.0,False,False,0.03412838354338896,0.5458364990428459,0.018628517391314905
106,2130.0,-0.03976210818373066,0.9994544116974132,1.0,0,4,0.0037057405449702537,11.037001230973914,EB,0.08306773559470074,34.018345120692175,-118.30881406938967,13499.757115135357,Expo/Western,-9.0,False,False,0.03854121494257335,0.5577767592348799,0.02149739396764349
107,2150.0,-0.23289126782595218,0.9994544116974132,1.0,0,4,0.014469254063692549,11.68605670456266,EB,-0.5080978615416927,34.01834687979475,-118.30903081645268,13402.420374773175,Expo/Western,11.0,False,False,0.03170086363429936,0.5611668211003328,0.017789472871794915
108,2170.0,-0.1137005612138309,0.9994544116974132,1.0,0,4,0.16693662398934817,13.461646576778685,EB,-0.9013184756489865,34.0183481247319,-118.30924756965275,13402.420374773175,Expo/Western,31.0,False,False,0.13070708189280236,0.5823451643445751,0.07611663708586382
109,2190.0,-0.4932926820201927,0.9994544116974132,1.0,0,4,0.16100056465025417,12.934066524851875,EB,-1.3591344733671196,34.01834936966906,-118.30946432285283,13402.420374773175,Expo/Western,51.0,False,False,0.10886267697468817,0.5757401652603448,0.0626766156320905
110,2210.0,-1.23602629766164,0.9994544116974132,1.0,0,4,0.000828936026496118,13.005411815059162,EB,-1.950935506990309,34.01835061460622,-118.30968107605291,13402.420374773175,Expo/Western,71.0,False,False,0.002450826565716135,0.5766179288113533,0.0014131905381990799
111,2230.0,-0.6509634199073091,0.9994544116974132,1.0,0,4,0.006360079544637773,12.641746897255704,EB,-1.9733966273031853,34.01835185954338,-118.30989782925299,13402.420374773175,Expo/Western,91.0,False,False,0.012147132917675755,0.5721941677370818,0.006950518610221188
112,2250.0,-0.5701229387011812,0.9994544116974132,1.0,1,4,0.02145012439671169,12.59483467547225,EB,-1.459679154105098,34.01835570655287,-118.31011453172547,13402.420374773175,Expo/Western,111.0,False,False,0.023030975206053652,0.5716326447689378,0.013165257268644282
113,2270.0,-0.774597407871436,0.9994544116974132,1.0,0,4,0.002229787341902109,13.248188312093195,EB,-1.3969765545282842,34.018360345395315,-118.31033121876114,13402.420374773175,Expo/Western,131.0,False,False,0.007479789250483149,0.5796409869749539,0.004335592423514703
114,2290.0,-0.9313954396120521,0.9994544116974132,1.0,0,4,0.00034030924285163963,13.766296226397532,EB,-0.9857963452018677,34.018364984237756,-118.31054790579678,13402.420374773175,Expo/Western,151.0,False,False,0.004370129466498691,0.586279455610495,0.0025621171245662354
115,2310.0,-0.7695682326996416,0.9994544116974132,1.0,0,4,0.0005249834894353181,14.483327822124231,EB,-0.7253709973009183,34.0183696230802,-118.31076459283243,13402.420374773175,Expo/Western,171.0,False,False,0.0065336958923283926,0.5958867690928125,0.003893342935514546
116,2330.0,-0.7598568334398468,0.9994544116974132,1.0,0,4,0.00026721920011261535,14.982581989270322,EB,-0.9838659550479937,34.01837446687169,-118.31098127338241,13402.420374773175,Expo/Western,191.0,False,False,0.00653001164623551,0.6028641518856621,0.003936709932911267
117,2350.0,-0.590354683402504,0.9994544116974132,1.0,0,4,0.0010634036592664276,15.031211894396375,EB,-1.018429343359927,34.01837937720111,-118.31119795182678,13402.420374773175,Expo/Western,211.0,False,False,0.010307021435585149,0.6035564215710059,0.006220868974717424
118,2370.0,-0.5767042978835534,0.9994544116974132,1.0,0,4,0.0015298417356173714,14.9859945684261,EB,-1.097280394581897,34.01838428753052,-118.31141463027116,13402.420374773175,Expo/Western,231.0,False,False,0.010916149905276092,0.6029126583751815,0.006581484958611994
119,2390.0,-0.49536979086835525,0.9994544116974132,1.0,0,4,0.000703613876544114,15.056849818228805,EB,-1.0019855233061936,34.01838919785994,-118.31163130871552,13402.420374773175,Expo/Western,251.0,False,False,0.012622471922544908,0.6039222926323962,0.00762299218215137
120,2410.0,-0.4560669877106147,0.9994544116974132,1.0,0,4,0.0002310790340792048,15.184213028535176,EB,-0.7800738003779932,34.01838896326335,-118.31184806131968,13402.420374773175,Expo/Western,271.0,False,False,0.01356636989410409,0.6057490970122892,0.008217816313088258
121,2430.0,-0.46621881507981744,0.9994544116974132,1.0,0,4,0.00020365084954711578,15.292401158321535,EB,-0.49643921339044716,34.01838840320609,-118.31206481861508,13402.420374773175,Expo/Western,291.0,False,False,0.013221807647906989,0.6073129550504097,0.0080297750737585
122,2450.0,-0.6566562313357566,0.9994544116974132,1.0,0,4,0.0002736234310382054,15.261711098326014,EB,-0.2814429176859546,34.01838784314884,-118.31228157591049,13402.420374773175,Expo/Western,311.0,False,False,0.008379372967166522,0.6068682025447869,0.005085175011036724
123,2470.0,-0.6411420823008556,0.9994544116974132,1.0,0,4,0.0007761398084073308,15.173485162591835,EB,-0.24398085360283384,34.01838798304617,-118.31249833325633,13402.420374773175,Expo/Western,331.0,False,False,0.009000490441657814,0.6055946309153069,0.0054506486870725115
124,2490.0,-0.48473971842921965,0.9994544116974132,1.0,0,4,0.0022762757389426292,15.1688206355268,EB,-0.35412059334536194,34.01838852135091,-118.31271509063089,13402.420374773175,Expo/Western,351.0,False,False,0.013886804601528569,0.6055275023764252,0.008408842106353042
125,2510.0,-0.17644216059659343,0.9994544116974132,1.0,0,4,0.003620265341584683,15.205640201786453,EB,-0.45278831138110465,34.01838905965564,-118.31293184800543,13402.420374773175,Expo/Western,371.0,False,False,0.028505415114138035,0.6060579447894071,0.0172759332994434
126,2530.0,-0.32764697752736854,0.9994544116974132,1.0,0,4,0.002090554562289517,15.192336606101719,EB,-0.36566547812361017,34.0183902710519,-118.31314859786418,13402.420374773175,Expo/Western,391.0,False,False,0.019587931200257685,0.6058661376744325,0.011867664221332635
127,2550.0,-0.2726794345131226,0.9994544116974132,1.0,0,4,0.00129926306765118,15.195732683477345,EB,-0.23704683228995843,34.01839328389876,-118.31336532528498,13402.420374773175,Expo/Western,411.0,False,False,0.021706202628597984,0.6059150853058075,0.01315211561737209
128,2570.0,-0.14021160658122,0.9994544116974132,1.0,0,4,0.0014537444096393677,15.025470902600851,EB,0.034732980752445554,34.01839770009441,-118.31358201900153,13402.420374773175,Expo/Western,431.0,False,False,0.029565585161111192,0.6034745790553073,0.017842079059625416
129,2590.0,0.16527448387104537,0.9607671282115947,1.0,0,4,0.0077140666817158915,14.769213136935342,EB,0.2820718206056534,34.01840189101501,-118.31379871913403,13402.420374773175,Expo/Western,451.0,False,False,0.06258060313381043,0.5998532597858484,0.037539178789180665
130,2610.0,0.4603911976370563,0.6204769369744713,1.0,0,4,0.02966089961351025,13.915644007035677,EB,0.5632007148782769,34.018406069563795,-118.31401541961887,13402.420374773175,Expo/Western,471.0,False,False,0.125962451394715,0.5882403142950616,0.07409619199780358
131,2630.0,0.27465947140119623,0.8608052519216056,1.0,0,4,0.0016228194920766663,13.589524391266762,EB,0.7327412569859266,34.01841024811259,-118.31423212010372,13402.420374773175,Expo/Western,491.0,False,False,0.07459631899931525,0.5839858760278451,0.043563196699267705
132,2650.0,0.025261766513882004,0.9994544116974132,1.0,0,4,0.0017566108130960113,14.748894137218784,EB,0.8457039969730845,34.01841442666137,-118.31444882058857,13402.420374773175,Expo/Western,511.0,False,False,0.0432670343590616,0.5995687862786362,0.025941563276538616
133,2670.0,-0.05109311005880268,0.9994544116974132,1.0,0,3,0.009257937890246974,15.851797553916986,EB,0.9026410541622182,34.01842017440841,-118.31466544952092,13402.420374773175,Expo/Western,531.0,False,False,0.040926518526898235,0.6155761466240028,0.025193388569523877
134,2690.0,-0.2743343536290545,0.9994544116974132,1.0,0,3,0.0007979229958611729,15.951198544933362,EB,0.6766820458285262,34.01842994919648,-118.31488189056977,13402.420374773175,Expo/Western,551.0,False,False,0.021322427989838674,0.6170755198324123,0.013157548335918878
135,2710.0,-0.041481986705276745,0.9994544116974132,1.0,0,3,0.014329498912428048,15.909496676073566,EB,0.38350456895433827,34.018441032171616,-118.31509824086086,13402.420374773175,Expo/Western,571.0,False,False,0.04477038587269283,0.6164453439727448,0.027598495919084646
136,2730.0,-0.08350694327907994,0.9994544116974132,1.0,0,3,0.005778519597122018,15.888913677118897,EB,0.20005457760722323,34.01845600125058,-118.31531420137615,13402.420374773175,Expo/Western,591.0,False,False,0.03625755769394748,0.6161349129914979,0.022339547155044544
137,2750.0,-0.018851549666628987,0.9994544116974132,1.0,0,3,0.059045580600227014,15.89062876516726,EB,0.1680961366972172,34.01847566323762,-118.31552967520686,13402.420374773175,Expo/Western,611.0,False,False,0.07355264208555343,0.6161607644503748,0.04532025217477941
138,2770.0,0.8236085954776078,0.22172011602368275,0.9983338887037654,1,3,0.0071502515581530245,15.892167263395995,EB,0.2893728561590433,34.018500847404106,-118.31574425417477,13402.420374773175,Expo/Western,631.0,False,False,0.23919485152213138,0.6161839565515774,0.147388029997674
139,2790.0,1.0055268011919678,0.14401278436590317,0.8760413195601466,2,3,0.1036630593612246,15.821501698941393,EB,0.43856121409823234,34.01852964485334,-118.31595824761438,13402.420374773175,Expo/Western,651.0,False,False,0.36427035309187566,0.6151210249550143,0.2240703529545995
140,2810.0,0.5990652052932729,0.44195853100703336,1.0,1,4,0.019696286438626226,15.972131725970591,EB,0.6593165207863423,34.018558854482585,-118.31617215717418,13402.420374773175,Expo/Western,671.0,False,False,0.1527709216493604,0.617392472503838,0.09431961704378873
141,2830.0,0.10032648986542536,0.9994544116974132,1.0,0,4,0.0031902350197023097,17.69139205335443,EB,0.8754731400076565,34.01859061765792,-118.31638554708017,13402.420374773175,Expo/Western,691.0,False,False,0.05200958537159479,0.6448430959469384,0.033538022049935785
142,2850.0,0.233587015158428,0.9053773818204798,1.0,0,4,0.013579850058733346,19.25285148105604,EB,0.7501185851993188,34.01862238083325,-118.31659893698618,13402.420374773175,Expo/Western,711.0,False,False,0.0755078523040133,0.6722038762417301,0.050756671005445786
143,2870.0,0.1675729333638005,0.9565339291584606,1.0,0,4,0.0013389518912582247,20.60360687243233,EB,0.5290026321064519,34.018654144008586,-118.31681232689219,13402.420374773175,Expo/Western,731.0,False,False,0.059052440185903866,0.6977383205176481,0.04120315043778143
144,2890.0,0.003031778152316131,0.9994544116974132,1.0,0,4,0.000712174408955398,21.84940479671677,EB,0.36525253487039266,34.01868737670749,-118.31702539368362,13402.420374773175,Expo/Western,751.0,False,False,0.04053270481300344,0.7228229161269318,0.02929796789144727
145,2910.0,0.014121104965577017,0.9994544116974132,1.0,0,4,0.0012947073318011657,22.887362252251947,EB,0.1085903246165097,34.01872040766951,-118.31723850400347,13402.420374773175,Expo/Western,771.0,False,False,0.04192127927418915,0.7448468627078468,0.03122493334807927
146,2930.0,-0.2003478711990448,0.9994544116974132,1.0,0,4,0.007675961838005862,23.637541931243312,EB,-0.08971097592177361,34.01875168209704,-118.31745199756033,13402.420374773175,Expo/Western,791.0,False,False,0.02948354183555047,0.7614008180494583,0.022448792872583556
147,2950.0,-0.21209034365339294,0.9994544116974132,1.0,0,4,0.003007168283549551,23.859763615253566,EB,-0.16398057490790965,34.018786998609464,-118.31766457215265,13402.420374773175,Expo/Western,811.0,False,False,0.025995722545149796,0.7664069973934431,0.01992330366090129
148,2970.0,-0.18170620554715589,0.9994544116974132,1.0,0,4,0.0038955114195802698,23.7998422342391,EB,-0.14385575182801316,34.018823997551856,-118.31787674311556,13402.420374773175,Expo/Western,831.0,False,False,0.028343338419694837,0.7650524841471047,0.02168414146700961
149,2990.0,-0.09767085614474535,0.9994544116974132,1.0,0,4,0.010544071197867419,23.79496321580978,EB,-0.09032769347481838,34.018862316226844,-118.31808858139584,13402.420374773175,Expo/Western,851.0,False,False,0.038045024906371315,0.7649423446699204,0.02910225055490519
150,3010.0,-0.1426667400388409,0.9994544116974132,1.0,0,4,0.0009526553227985295,23.793861872881145,EB,-0.0043839752135159315,34.018900634901826,-118.3183004196761,13402.420374773175,Expo/Western,871.0,False,False,0.02909889652425888,0.7649174859622897,0.02225825477361291
151,3030.0,-0.16499344627152954,0.9994544116974132,1.0,0,4,0.008691145360860941,23.785093749224657,EB,0.1073474269142343,34.018938953576814,-118.31851225795637,13402.420374773175,Expo/Western,891.0,False,False,0.03227313064646043,0.7647196193277586,0.02467989618247624
152,3050.0,0.002600570417448614,0.9994544116974132,1.0,0,4,0.004694053190112145,23.780655260022307,EB,0.2316902417893733,34.018977272251796,-118.31872409623664,13402.420374773175,Expo/Western,911.0,False,False,0.04288191864458677,0.7646194855724634,0.032788350574384166
153,3070.0,0.013968810887639148,0.9994544116974132,1.0,0,4,0.0009772264691508467,23.88087107338915,EB,0.1752973751486951,34.01901680671676,-118.31893560181979,13402.420374773175,Expo/Western,931.0,False,False,0.041716355615286915,0.7668849393104147,0.031991644844280985
154,3090.0,-0.005859738859342226,0.9994544116974132,1.0,0,4,0.0005192073288568366,24.039166449539564,EB,0.13579621848605478,34.01906221572279,-118.31914540494085,13402.420374773175,Expo/Western,951.0,False,False,0.039601246587657214,0.7704827339862994,0.03051207674012374
155,3110.0,-0.2762704911489355,0.9994544116974132,1.0,0,4,0.00045944104429395993,23.95990429946952,EB,0.1426153935493405,34.0191087551761,-118.3193548652089,13402.420374773175,Expo/Western,971.0,False,False,0.02102266941831406,0.768678263951132,0.01615966903208821
156,3130.0,-0.31594505286116625,0.9994544116974132,1.0,0,4,0.0005091623451991371,23.718896833024687,EB,0.06631929515792268,34.01915529462941,-118.31956432547693,13402.420374773175,Expo/Western,991.0,False,False,0.019163813809419755,0.7632281344702802,0.014626361863099232
157,3150.0,-0.18448012960397098,0.9994544116974132,1.0,0,4,0.0005597214629006929,23.424193452112128,EB,0.06634835326064652,34.019201834082715,-118.31977378574497,13402.420374773175,Expo/Western,1011.0,False,False,0.026170985582378497,0.7566386086813732,0.019801978118871143
158,3170.0,-0.21387683009814584,0.9994544116974132,1.0,0,4,0.0020412523030582407,23.123975946299723,EB,0.06104365138157932,34.019248373536016,-118.31998324601302,13402.420374773175,Expo/Western,1031.0,False,False,0.02531331608761809,0.7500105000935872,0.018985252857901487
159,3190.0,-0.22859828140899993,0.9994544116974132,1.0,0,4,0.005250774679748506,22.908858041404404,EB,0.030525077637084994,34.019295199796304,-118.32019261125133,13402.420374773175,Expo/Western,1051.0,False,False,0.02640715743396367,0.7453137736216631,0.019681618157728818
160,3210.0,-0.20088200668610834,0.9994544116974132,1.0,0,4,0.009734487124423851,22.75112224089822,EB,0.04495945337049331,34.0193450571406,-118.32040097217967,13402.420374773175,Expo/Western,1071.0,False,False,0.030687029824778802,0.7418977804813301,0.022766639316567774
161,3230.0,-0.38211732690092226,0.9994544116974132,1.0,0,4,0.0014692269851564862,22.673642552467257,EB,0.17309896781369408,34.019394914484884,-118.32060933310801,13402.420374773175,Expo/Western,1091.0,False,False,0.01695251741535415,0.7402284914142823,0.01254873639204195
162,3250.0,-0.3160634470705722,0.9994544116974132,1.0,0,4,0.0014631461931654238,22.927089335981865,EB,0.31309398105237984,34.019444967173825,-118.32081762670413,13402.420374773175,Expo/Western,1111.0,False,False,0.01973082356987459,0.745710119838034,0.014713474808794287
163,3270.0,-0.31687012480504934,0.9994544116974132,1.0,0,4,0.0011663934782573404,23.09453021052797,EB,0.3876735227781277,34.01949510293024,-118.32102589166819,13402.420374773175,Expo/Western,1131.0,False,False,0.019516150952481708,0.7493650104017135,0.014624720661507867
164,3290.0,-0.16226123673385515,0.9994544116974132,1.0,0,4,0.0005235909073123099,23.13676999531271,EB,0.34270499689000694,34.01954523868665,-118.32123415663226,13402.420374773175,Expo/Western,1151.0,False,False,0.0275484334809262,0.750291218983383,0.02066934773748676
165,3310.0,-0.12987136073456323,0.9994544116974132,1.0,0,4,0.006921827970286436,23.04225679733011,EB,0.19901833477118405,34.01959537444307,-118.32144242159633,13402.420374773175,Expo/Western,1171.0,False,False,0.033555763283455664,0.7482211337349308,0.025107131247288163
166,3330.0,-0.1278012911169294,0.9994544116974132,1.0,0,4,0.003575670341301196,23.122447797547764,EB,-0.09086125867439397,34.01964530218675,-118.32165075721278,13402.420374773175,Expo/Western,1191.0,False,False,0.03169204116192201,0.7499769808058637,0.023768301346193423
167,3350.0,-0.40197289690192317,0.9994544116974132,1.0,0,3,0.0037844075470162765,23.331029817730332,EB,-0.22567255895081423,34.01969380848214,-118.32185957562997,13402.420374773175,Expo/Western,1211.0,False,False,0.01758605943630928,0.7545726218276307,0.013269958976472441
168,3370.0,-0.3550028076525527,0.9994544116974132,1.0,0,3,0.0005628642740629399,23.506200611373863,EB,-0.22119993069787663,34.01974231477752,-118.32206839404718,13402.420374773175,Expo/Western,1231.0,False,False,0.017499018723400827,0.7584640041377009,0.01327237580943119
169,3390.0,-0.20664426688498005,0.9994544116974132,1.0,0,3,0.000509988493343596,23.651114352192536,EB,-0.10710117507994683,34.0197908210729,-118.32227721246439,13402.420374773175,Expo/Crenshaw,-1220.0,False,False,0.024813557421826886,0.7617052325182786,0.018900616525598306
170,3410.0,-0.13931994159226702,0.9994544116974132,1.0,0,3,0.0009434989426258532,23.748157394262712,EB,0.12545451204663935,34.01983932736828,-118.32248603088158,13402.420374773175,Expo/Crenshaw,-1200.0,False,False,0.029319964272810254,0.7638868925101154,0.022397136396864633
171,3430.0,-0.41061771235180133,0.9994544116974132,1.0,0,3,0.013032276797468602,23.788916857842423,EB,0.3856708459660373,34.01988783366366,-118.32269484929878,13402.420374773175,Expo/Crenshaw,-1180.0,False,False,0.022816688719157013,0.7648058848782537,0.01745033780584655
172,3450.0,-0.22878168312278457,0.9994544116974132,1.0,0,4,0.003527250502016666,24.108419553295498,EB,0.6383385157617527,34.01993636603738,-118.32290365900789,13402.420374773175,Expo/Crenshaw,-1160.0,False,False,0.025362854130640718,0.7720642178167485,0.019581752135973414
173,3470.0,-0.0963237713634012,0.9994544116974132,1.0,0,4,0.00038905120847803693,24.658369079929226,EB,0.6698737843688966,34.019984958678606,-118.32311244859243,13402.420374773175,Expo/Crenshaw,-1140.0,False,False,0.032052527049656866,0.78478453633659,0.02515432757908097
174,3490.0,0.21262140722890177,0.9213655282588405,1.0,1,4,0.013069214269182786,24.785224546696966,EB,0.7778675113433225,34.02003355131984,-118.32332123817696,13402.420374773175,Expo/Crenshaw,-1120.0,False,False,0.07218334869424756,0.7877594215436582,0.05686311301246463
175,3510.0,0.2457923913542798,0.8936420243149987,1.0,1,4,0.004515815665687605,25.000769817515888,EB,0.9035771875525878,34.02008214396107,-118.3235300277615,13402.420374773175,Expo/Crenshaw,-1100.0,False,False,0.07188151145870518,0.7928491742314745,0.05699119700254467
176,3530.0,0.12118716421429011,0.9994544116974132,1.0,0,4,0.0038753680462552493,25.149834372108494,EB,0.8216810623841669,34.020130736602304,-118.32373881734604,13402.420374773175,Expo/Crenshaw,-1080.0,False,False,0.05483431658000324,0.7963948706805601,0.04366976846158858
177,3550.0,-0.12016322679677627,0.9994544116974132,1.0,0,4,0.0012243879454809773,25.061065586139932,EB,0.558405543684427,34.02017932924353,-118.32394760693057,13402.420374773175,Expo/Crenshaw,-1060.0,False,False,0.03081825034049566,0.7942808497539837,0.024478346068379894
178,3570.0,0.2818132058665471,0.8541323683776318,1.0,0,4,0.006433900284541907,24.97217131798086,EB,0.45763939350147687,34.02022792188477,-118.32415639651511,13402.420374773175,Expo/Crenshaw,-1040.0,False,False,0.07862231529411176,0.7921713311708776,0.06228234416627296
179,3590.0,0.1952821099683939,0.9300439282902332,1.0,0,4,0.01738030293558796,24.96421582909305,EB,0.25758896822614386,34.020276514526,-118.32436518609964,13402.420374773175,Expo/Crenshaw,-1020.0,False,False,0.07236248579385157,0.7919829077050242,0.05730985190777808
180,3610.0,0.33537125037617366,0.7969259661834998,1.0,0,4,0.07749148898661712,24.94738498054677,EB,0.06301823082424081,34.020325324110246,-118.32457390299206,13402.420374773175,Expo/Crenshaw,-1000.0,False,False,0.13025922319441624,0.7915844717638985,0.10311117838472773
181,3630.0,0.41636022982772686,0.6779000077106271,1.0,0,4,0.06538444232168088,24.873027072541632,EB,0.05674005303278498,34.02037414168152,-118.32478261720821,13402.420374773175,Expo/Crenshaw,-980.0,False,False,0.1382483451986926,0.7898274162868313,0.10919233329421334
182,3650.0,0.4154152141957762,0.6782884955070787,1.0,0,4,0.04191215367658803,24.704344288451765,EB,0.32939545438001344,34.0204229592528,-118.32499133142437,13402.420374773175,Expo/Crenshaw,-960.0,False,False,0.12397529948443951,0.7858609364324819,0.09742734494733903
183,3670.0,0.3648531450717505,0.7564697972875462,1.0,0,4,0.003402106694693913,24.476531987654095,EB,0.6920629720477771,34.02047177682407,-118.32520004564053,13402.420374773175,Expo/Crenshaw,-940.0,False,False,0.09112546240463004,0.7805469012077524,0.07112769730105752
184,3690.0,0.17962021100952136,0.936688647830173,1.0,0,4,0.017237970541769763,24.272324223588555,EB,1.0853719360728316,34.02052044378253,-118.32540881020424,13402.420374773175,Expo/Crenshaw,-920.0,False,False,0.07016993302312864,0.7758253176845267,0.05443961057957074
185,3710.0,0.0056944937654263075,0.9994544116974132,1.0,0,4,0.009301204912685972,24.107286637785645,EB,1.5354278332982676,34.02056882329503,-118.32561767085676,13402.420374773175,Expo/Crenshaw,-900.0,False,False,0.04593339826245492,0.7720383096281049,0.035462343150020226
186,3730.0,0.2491170697562472,0.8936420243149987,1.0,0,4,0.0007790700890389766,23.940154236022043,EB,1.6721589305648907,34.02061720280752,-118.32582653150928,13402.420374773175,Expo/Crenshaw,-880.0,False,False,0.07014017909373658,0.7682295645029635,0.05388375923934113
187,3750.0,0.116302077444571,0.9994544116974132,1.0,0,4,0.009083021031846045,23.88424471133471,EB,1.2997196866462797,34.02066558232002,-118.3260353921618,13402.420374773175,Expo/Crenshaw,-860.0,False,False,0.057384581286067306,0.766961368684647,0.04401175700455756
188,3770.0,0.07033593762508655,0.9994544116974132,1.0,0,4,0.001366714486749988,23.896608765979032,EB,0.9021427814538376,34.02071396183251,-118.32624425281432,13402.420374773175,Expo/Crenshaw,-840.0,False,False,0.04761941895004947,0.7672415671903969,0.03653559762393204
189,3790.0,0.03344067970499723,0.9994544116974132,1.0,0,4,0.00029237447011493464,23.98513197065629,EB,0.6546028989369969,34.02076247608955,-118.3264530685617,13402.420374773175,Expo/Crenshaw,-820.0,False,False,0.04318907413829818,0.7692519467251063,0.03322327935814082
190,3810.0,0.4850050247608786,0.5776291942174366,1.0,1,4,0.017218288330538567,24.004223284449594,EB,0.6417516162830091,34.020811017516046,-118.32666187525457,13402.420374773175,Expo/Crenshaw,-800.0,False,False,0.1238771285915494,0.7696864886934431,0.09534655213505579
191,3830.0,0.6073215242609862,0.4305066301483759,1.0,1,4,0.007070496650363342,23.996233002944905,EB,1.0106103197805807,34.02085955894254,-118.32687068194744,13402.420374773175,Expo/Crenshaw,-780.0,False,False,0.1473338579462226,0.7695045779109243,0.1133740781708961
192,3850.0,0.7499462120358015,0.27544801067372093,0.9996667777407531,1,4,0.09661767920022504,23.928641685946516,EB,1.3456356318746625,34.02090810036903,-118.3270794886403,13402.420374773175,Expo/Crenshaw,-760.0,False,False,0.24099327197111667,0.7679681828910576,0.1850751651646289
193,3870.0,0.6765072447327524,0.34680846782267627,1.0,1,4,0.07737215966151757,23.758404871864272,EB,1.5095180142624307,34.02095707714691,-118.32728814914462,13402.420374773175,Expo/Crenshaw,-740.0,False,False,0.20820770973539357,0.7641177912583101,0.1590952152859603
194,3890.0,0.5150035328727213,0.5506809815479038,1.0,0,3,0.01019230418225051,23.57821508969357,EB,1.4634881656200158,34.02100613982751,-118.32749678080329,13402.420374773175,Expo/Crenshaw,-720.0,False,False,0.12647717879033252,0.7600722335498697,0.09613179177625425
195,3910.0,0.4208959583238021,0.6717936945775832,1.0,0,3,0.002579056437547631,23.299840139782496,EB,1.1085248685160094,34.021055202508116,-118.32770541246197,13402.420374773175,Expo/Crenshaw,-700.0,False,False,0.1014793608209632,0.7538828024269858,0.07650354492420701
196,3930.0,0.09109128208599489,0.9994544116974132,1.0,0,3,0.0028477019466140105,22.913141063114594,EB,0.9171087880784258,34.02110426518872,-118.32791404412063,13402.420374773175,Expo/Crenshaw,-680.0,False,False,0.05076755208847098,0.745406857678877,0.03784248147431587
197,3950.0,-0.06372045518999961,0.9994544116974132,1.0,0,3,0.0011890966663090578,22.376985499825903,EB,0.7539989269551466,34.021151746966304,-118.3281231872231,13402.420374773175,Expo/Crenshaw,-660.0,False,False,0.03505793311872814,0.7338896990865449,0.02572865598709961
198,3970.0,0.03709415341650887,0.9994544116974132,1.0,0,3,0.013061896445591583,21.616836956827118,EB,0.4956014498199341,34.02119695994256,-118.3283330643139,13402.420374773175,Expo/Crenshaw,-640.0,False,False,0.05121285205750775,0.7180283120931855,0.036772277720330315
199,3990.0,0.26748763802382564,0.8651637306348381,1.0,0,3,0.004313587029440696,21.77591843328907,EB,0.5090978106255574,34.021242223014845,-118.32854292581976,13402.420374773175,Expo/Crenshaw,-620.0,False,False,0.07508317183136232,0.7213023811658507,0.054157670627446364
200,4010.0,0.5203965811840147,0.5478003925869688,1.0,1,4,0.050532969871877734,22.078107157589955,EB,0.7473583719728631,34.0212879065975,-118.32875265650438,13402.420374773175,Expo/Crenshaw,-600.0,False,False,0.15193689157113208,0.7275878650487875,0.1105474385603891
201,4030.0,0.4189185398354491,0.6759574571864037,1.0,0,4,0.02501099780052866,22.238298436696837,EB,1.060653680253992,34.02133359018016,-118.32896238718898,13402.420374773175,Expo/Crenshaw,-580.0,False,False,0.11453915433418532,0.7309549524815078,0.08372296211361652
202,4050.0,0.6491471731724563,0.3779738030651916,1.0,0,4,0.012884334480557832,21.962797018080014,EB,1.198350804270601,34.02137927376282,-118.3291721178736,13402.420374773175,Expo/Crenshaw,-560.0,False,False,0.1619611303165324,0.725179209375612,0.11745084443252342
203,4070.0,0.6943651955048307,0.3311781539403795,1.0,1,4,0.010721717644359637,21.92924880937385,EB,1.2936054578804028,34.021424957345474,-118.32938184855821,13402.420374773175,Expo/Crenshaw,-540.0,False,False,0.1732568154785194,0.724480806279085,0.1255212373712244
204,4090.0,0.9376006592323821,0.16354845352115652,0.9613462179273575,2,4,0.31196576800543374,21.858526517854447,EB,0.9698467643825559,34.021470640928136,-118.32959157924283,13402.420374773175,Expo/Crenshaw,-520.0,False,False,0.4638270465141807,0.7230120146075025,0.3353525273296656
205,4110.0,1.0474257395987003,0.1251966757832712,0.793402199266911,2,4,0.32556259759832,21.718250420452996,EB,0.5024385121827398,34.02151326242477,-118.32980223326177,13402.420374773175,Expo/Crenshaw,-500.0,False,False,0.5131014061678968,0.7201127371653355,0.3694908580389467
206,4130.0,1.1838200931288172,0.08351936134489277,0.46251249583472176,2,4,0.25063203681580704,21.303127644311935,EB,-0.06583748978961848,34.02155584667041,-118.33001289851329,13402.420374773175,Expo/Crenshaw,-480.0,False,False,0.5794144534982492,0.7116421819876728,0.412335765962689
207,4150.0,1.2566799876474453,0.07679067360795785,0.2992335888037321,3,4,0.11891629484870589,20.907971250954276,EB,-0.32520605621604853,34.02159843091605,-118.3302235637648,13402.420374773175,Expo/Crenshaw,-460.0,False,False,0.5299461247605359,0.703730903591988,0.37293946523280436
208,4170.0,1.2169616732029394,0.08167262367579049,0.38253915361546154,3,4,0.31253541055277934,20.631263347397223,EB,-0.33554440174401245,34.02164112570485,-118.33043419675835,13402.420374773175,Expo/Crenshaw,-440.0,False,False,0.6301813065027803,0.6982792148779207,0.4400425079355037
209,4190.0,1.0113172577222451,0.14401278436590317,0.8657114295234921,3,4,0.02024354472722517,20.1632966647621,EB,-0.23764778315429474,34.02168412782263,-118.33064474006923,13402.420374773175,Expo/Crenshaw,-420.0,False,False,0.31638981539585037,0.6892246375155003,0.21806365582980103
210,4210.0,0.6213545458291301,0.40973620308189285,1.0,2,4,0.006248227408503046,19.618613944288484,EB,-0.10460325625616902,34.02172712994041,-118.33085528338012,13402.420374773175,Expo/Crenshaw,-400.0,False,False,0.15052127382499078,0.6789473091835507,0.10219601383835791
211,4230.0,0.2787796521800462,0.8601211917769788,1.0,1,4,0.002949226571234782,19.309582568963457,EB,0.3402807494866881,34.02177012524743,-118.33106582868808,13402.420374773175,Expo/Crenshaw,-380.0,False,False,0.07604658329876274,0.6732414919711924,0.05119771519937059
212,4250.0,0.17005724451373894,0.9516822275119895,1.0,0,4,0.0011654429020983674,18.830249169334156,EB,0.5541609711477947,34.02181300514946,-118.3312764074906,13402.420374773175,Expo/Crenshaw,-360.0,False,False,0.05927074600080835,0.6645705264311247,0.03938959087172268
213,4270.0,0.7749158630958941,0.25303451675814254,0.9993335554815062,2,4,0.21151652369226298,18.125343469434952,EB,0.5579024187247866,34.02185500464242,-118.3314872412655,13402.420374773175,Expo/Crenshaw,-340.0,False,False,0.31744321401420533,0.6522149733827118,0.20704121737879744
214,4290.0,1.4060775413104745,0.05337331967602614,0.10863045651449517,4,4,0.3626593794012682,17.348436712409708,EB,0.4619507053611306,34.02189700413538,-118.3316980750404,13402.420374773175,Expo/Crenshaw,-320.0,False,False,0.7314203822440759,0.6391434150491678,0.4674825209440464
215,4310.0,1.4576257267435617,0.04859607810008553,0.07230923025658113,4,4,0.37004710156556575,16.51402773087287,EB,0.10754849504699528,34.02194094781758,-118.33190833326402,13402.420374773175,Expo/Crenshaw,-300.0,False,False,0.7529258104715951,0.6257420657091533,0.4711373519702343
216,4330.0,0.8503470425472999,0.20573652813927149,0.996001332889037,1,4,0.17262759179442594,15.559093358299366,EB,-0.4504625628843292,34.021984171096115,-118.33211879923292,13402.420374773175,Expo/Crenshaw,-280.0,False,False,0.34810227602314386,0.6112154065760278,0.21276547416952654
217,4350.0,0.12541165811380184,0.9994544116974132,1.0,0,4,0.021755087352022952,14.504644527538227,EB,-0.5401160975481384,34.02202517001721,-118.33232991566143,13402.420374773175,Expo/Crenshaw,-260.0,False,False,0.06606335595241264,0.5961798509386269,0.03938564170421482
218,4370.0,-0.34873037532169043,0.9994544116974132,1.0,0,3,0.0003903408034280277,13.26306470103216,EB,0.06603989479671195,34.0220661689383,-118.33254103208995,13402.420374773175,Expo/Crenshaw,-240.0,False,False,0.017657731947265602,0.579828046046725,0.010238448212599846
219,4390.0,-0.2808830019619615,0.9994544116974132,1.0,0,3,0.0004961478218381928,12.585030946802533,EB,1.0764823494317797,34.0221071678594,-118.33275214851847,13402.420374773175,Expo/Crenshaw,-220.0,False,False,0.020816124536057568,0.5715155612713875,0.011896739097720042
220,4410.0,-0.3806993124761415,0.9994544116974132,1.0,0,3,0.00047341399440447283,11.840025095419996,EB,1.2864013179782676,34.02214811803449,-118.33296327842135,13402.420374773175,Expo/Crenshaw,-200.0,False,False,0.016410349825114908,0.5628848567440083,0.009237137410428867
221,4430.0,-0.26755212029283465,0.9994544116974132,1.0,0,3,0.0011723823914246121,12.067656505219555,EB,1.3701869052907225,34.02218842465023,-118.33317458621669,13402.420374773175,Expo/Crenshaw,-180.0,False,False,0.021889150198354187,0.5654660507480291,0.01237757131689378
222,4450.0,0.12255478686825949,0.9994544116974132,1.0,0,3,0.0004239877545504614,12.173573101051932,EB,1.1398623751657007,34.02222873126597,-118.33338589401203,13402.420374773175,Expo/Crenshaw,-160.0,False,False,0.05292528481879613,0.5666838330419682,0.029991903265953284
223,4470.0,-0.06223948198975112,0.9994544116974132,1.0,0,3,0.0016254094396928943,11.71857348541997,EB,0.3623535582101425,34.02226903788171,-118.33359720180738,13402.420374773175,Expo/Crenshaw,-140.0,False,False,0.03543875185124909,0.5615277821356582,0.019899843728687854
224,4490.0,-0.19438466202362212,0.9994544116974132,1.0,0,3,0.00034135732363283644,11.218017306515858,EB,0.10220146854892025,34.02230934449746,-118.33380850960272,13402.420374773175,Expo/Crenshaw,-120.0,False,False,0.025438479116789432,0.5560823457450121,0.014145889139449773
225,4510.0,-0.45563363278899355,0.9994544116974132,1.0,0,3,0.0015958711895598156,11.132288085612931,EB,-0.07411119045903254,34.022349651113196,-118.33401981739806,13402.420374773175,Expo/Crenshaw,-100.0,False,False,0.014399427825855609,0.55517355617367,0.007994181552946357
226,4530.0,-0.13645888873035736,0.9994544116974132,1.0,0,3,0.0003676118294379713,11.041852711359976,EB,-0.003666830710140673,34.02238995772894,-118.33423112519341,13402.420374773175,Expo/Crenshaw,-80.0,False,False,0.029169453887289202,0.5542224343711063,0.016166365742689152
227,4550.0,-0.28559161782179504,0.9994544116974132,1.0,0,3,0.00022239832552701684,10.907865587449916,EB,-0.055438928898520756,34.02243007950772,-118.33444248348141,13402.420374773175,Expo/Crenshaw,-60.0,False,False,0.02042103617838271,0.5528275345712798,0.011289311083886222
228,4570.0,-0.022524955484557907,0.9994544116974132,1.0,0,4,0.0013032894395400355,10.87397114182215,EB,-0.09670922041314466,34.02247017132476,-118.33465384995418,13402.420374773175,Expo/Crenshaw,-40.0,False,False,0.03858384075615742,0.5524773685274462,0.021316698808643883
229,4590.0,0.1487821060476374,0.9748903669219617,1.0,0,4,0.009344206034315973,10.799664750175861,EB,0.14468095109725676,34.022510263141804,-118.33486521642696,13402.420374773175,Expo/Crenshaw,-20.0,False,False,0.061466919757469034,0.5517135170173635,0.03391213047961731
230,4610.0,0.16068695355574134,0.9614050412359159,1.0,0,4,0.055621793057511845,10.465447354541435,EB,-0.12127936661632621,34.02255035495884,-118.33507658289973,13402.420374773175,Expo/Crenshaw,0.0,False,False,0.09073659913669152,0.5483426026247076,0.04975474292392822
231,4630.0,0.19509234732290032,0.9300439282902332,1.0,0,4,0.03326918725099786,9.643992768205678,EB,-0.3506809882985529,34.02258939871644,-118.33528823025796,12823.034084360997,Expo/Crenshaw,20.0,False,False,0.08186990523889445,0.5190485456272039,0.04249445524488517
232,4650.0,0.3103527932449349,0.8265203497651469,1.0,0,4,0.008582743174021851,8.401329312914328,EB,-0.4691090743904906,34.022628256752355,-118.33549992739056,12823.034084360997,Expo/Crenshaw,40.0,False,False,0.08460393191438409,0.508412770150463,0.04301371939021318
233,4670.0,0.45557560664176067,0.6241236813666688,1.0,1,4,0.011561654793220013,6.703764074916899,EB,-0.33610653988573463,34.02266711478826,-118.33571162452317,12823.034084360997,Expo/Crenshaw,60.0,False,False,0.11407265024210185,0.49625088538446144,0.05660865368079504
234,4690.0,-0.2012118794430613,0.9994544116974132,1.0,0,4,0.0007996971257674171,5.335287692698206,EB,-0.8661174939451705,34.02270597282418,-118.33592332165577,12823.034084360997,Expo/Crenshaw,80.0,False,False,0.02530664251899325,0.48843675623896776,0.012360694383276203
235,4710.0,-1.0877060011222595,0.9994544116974132,1.0,0,4,0.00033916137072897946,6.8300158263559805,EB,-1.7907590213399902,34.022742028504425,-118.33613568298662,12823.034084360997,Expo/Crenshaw,100.0,False,False,0.0030291415009097607,0.497061300470804,0.0015056690137522886
236,4730.0,-0.6024365263656326,0.9994544116974132,1.0,0,4,0.0009405253021063271,4.798286984982285,EB,-1.97481258294105,34.02277334062578,-118.33634916860856,12823.034084360997,Expo/Crenshaw,120.0,False,False,0.009950756653101217,0.4858557531370037,0.004834632367975542
237,4750.0,-0.23680506008643226,0.9994544116974132,1.0,1,4,0.004548378535239417,7.0916274224152165,EB,-1.652902022990972,34.02280488577339,-118.33656260381052,12823.034084360997,Expo/Crenshaw,140.0,False,False,0.025533940520368018,0.49878872263250323,0.012736041575928678
238,4770.0,-0.07874683065741607,0.9994544116974132,1.0,1,4,0.01346784117396905,9.938475744613598,EB,-1.876413347261349,34.02283784767164,-118.33677573246966,12823.034084360997,Expo/Crenshaw,160.0,True,False,0.04123890460810696,0.7217836797457136,0.029765568316721905
239,4790.0,-0.693849485966628,0.9994544116974132,1.0,0,4,0.003136008877570338,11.259028744134254,EB,-0.12740796277195904,34.02287080956989,-118.3369888611288,12823.034084360997,Expo/Crenshaw,180.0,True,False,0.009377782624949437,0.7350604233394646,0.006893236866280809
240,4810.0,-0.9775399725032987,0.9994544116974132,1.0,0,4,0.0013081289761288856,11.658995355476403,EB,0.7098951090600012,34.02290377146814,-118.33720198978794,12823.034084360997,Expo/Crenshaw,200.0,True,False,0.004500129361641741,0.7394080466281614,0.0033274318608655547
241,4830.0,-0.889843083125532,0.9994544116974132,1.0,0,4,0.0017057421418251082,12.361324082842156,EB,0.08926561775167773,34.022936733366386,-118.3374151184471,12823.034084360997,Expo/Crenshaw,220.0,True,False,0.0056414166239973215,0.7474095244813066,0.004216448516342776
242,4850.0,-0.8027129037942082,0.9994544116974132,1.0,0,4,0.0006798514714595887,13.02447302775633,EB,-0.6305579371916243,34.02296969526464,-118.33762824710624,12823.034084360997,Expo/Crenshaw,240.0,True,False,0.006137492576403031,0.755394119323407,0.004636225799605916
243,4870.0,-1.1261928318630652,0.9994544116974132,1.0,0,4,0.0004167797483734892,13.834824724524887,EB,-1.062751425336611,34.02300272166252,-118.33784136142283,12823.034084360997,Expo/Crenshaw,260.0,True,False,0.0028177749263546817,0.7657174347096352,0.002157619388197438
244,4890.0,-0.9022335830935272,0.9994544116974132,1.0,0,4,0.001972781802098399,14.55831918290112,EB,-0.9893888776000694,34.02303575708217,-118.33805447373331,12823.034084360997,Expo/Crenshaw,280.0,True,False,0.005661987330140293,0.7754605914394748,0.004390648043753404
245,4910.0,-1.1363589648356855,0.9994544116974132,1.0,0,4,0.0006112779209610231,15.109074007444937,EB,-1.2771197867787032,34.023068792501824,-118.33826758604377,12823.034084360997,Expo/Crenshaw,300.0,True,False,0.0028703442921113693,0.7832103593024562,0.0022480833843462997
246,4930.0,-0.8145212023546408,0.9994544116974132,1.0,0,4,0.000977920902371283,15.340695309167863,EB,-1.6753082753227015,34.02310182792147,-118.33848069835425,12823.034084360997,Expo/Crenshaw,320.0,True,False,0.0061514315049327325,0.7865554931599537,0.004838442241002041
247,4950.0,-0.8500045542175516,0.9994544116974132,1.0,0,4,0.0014164755759956662,15.07316412008982,EB,-1.7672457369945838,34.02313477938042,-118.33869382896337,12823.034084360997,Expo/Crenshaw,340.0,True,False,0.005946778030540404,0.7826962961441113,0.004654521138495147
248,4970.0,,,,0,2,0.0004217652540350343,15.376442173471538,EB,-2.3105186828445783,34.02316647053513,-118.33890723424724,12823.034084360997,Expo/Crenshaw,360.0,True,False,0.04007860366357388,0.7870762916175857,0.031544918744736715
249,4990.0,,,,0,2,0.0002315079095857683,16.3642039852794,EB,-3.02692213425451,34.02319279661283,-118.33912168420893,12823.034084360997,Expo/Crenshaw,380.0,True,False,0.03996444925690432,0.8019465663230707,0.032049352856567015
250,5010.0,,,,0,2,0.00025343089039702046,15.982192554710274,EB,-2.760511954973859,34.023219116001094,-118.33933613547318,12823.034084360997,Expo/Crenshaw,400.0,True,False,0.03997760304539107,0.7960858154548562,0.03182560272032069
251,5030.0,,,,0,2,0.0005247039626771211,15.92666319062113,EB,-2.207132549530746,34.02324543538935,-118.3395505867374,12823.034084360997,Expo/Crenshaw,420.0,True,False,0.04014036688875913,0.7952454176161925,0.03192144282971844
252,5050.0,,,,0,2,0.00013750179110089987,17.272846758386592,EB,-1.6508410942374416,34.02327196908855,-118.33976499971746,12823.034084360997,Expo/Crenshaw,440.0,True,False,0.0399080455858134,0.81644303038705,0.03258264567490603
253,5070.0,0.22445778072871747,0.9104339916095056,1.0,1,3,0.0021832204120838736,18.457008230899827,EB,-0.8610312676477785,34.023298984428386,-118.33997932665795,12823.034084360997,Expo/Crenshaw,460.0,True,False,0.06734109346199962,0.8365105259978136,0.056331533513165236
254,5090.0,0.17553107336715884,0.941728805155313,1.0,1,4,0.02504892373550323,19.242083177264696,EB,0.13998329978188956,34.02332599976822,-118.34019365359845,12823.034084360997,Expo/Crenshaw,480.0,True,False,0.07431673239340263,0.8505481303480806,0.06320995779078724
255,5110.0,0.17083642535960156,0.9505579048490638,1.0,0,4,0.0668576355252449,19.36903436374783,EB,0.7557337398437646,34.02335301510806,-118.34040798053896,12823.034084360997,Expo/Crenshaw,500.0,True,False,0.09878750382345067,0.8528730081566447,0.0842531955541924
256,5130.0,-0.33270424988721525,0.9994544116974132,1.0,0,4,0.0005167451490314272,19.4696647948735,EB,1.2151524699315235,34.023378789141354,-118.34062252370164,12823.034084360997,Farmdale,-509.0,True,False,0.018421255727609002,0.8547267318671574,0.015745139704948397
257,5150.0,-0.28191295920445164,0.9994544116974132,1.0,0,4,0.0005548755963233495,19.577785019677407,EB,1.4602035607091748,34.02340380725526,-118.34083719853733,12823.034084360997,Farmdale,-489.0,True,False,0.02080065347982688,0.8567291308295462,0.017820525776458658
258,5170.0,0.07044753418533677,0.9994544116974132,1.0,0,4,0.0004901512424763796,19.639940127049748,EB,1.5118236815639075,34.02342974573013,-118.3410517159332,12823.034084360997,Farmdale,-469.0,True,False,0.047105375104306874,0.8578852702666095,0.04041100745236832
259,5190.0,0.11240679374590601,0.9994544116974132,1.0,0,4,0.003953721493040445,19.43327360769366,EB,1.5404509794454686,34.02345584662304,-118.34126620554537,12823.034084360997,Farmdale,-449.0,True,False,0.05385305716379079,0.8540552572112066,0.04599348658763115
260,5210.0,0.17746988796710844,0.938761627635089,1.0,0,4,0.013685447705578613,19.185317596489178,EB,1.4432750447747682,34.023481947515954,-118.34148069515751,12823.034084360997,Farmdale,-429.0,False,False,0.06775404151956878,0.6495135193481772,0.04400716595743764
261,5230.0,-0.10914912069210167,0.9994544116974132,1.0,0,4,0.11096516176487099,19.056960490318556,EB,1.2244002789680064,34.023508048408864,-118.34169518476966,12823.034084360997,Farmdale,-409.0,False,False,0.0974531940531357,0.6471853494558951,0.06307027944887178
262,5250.0,-0.26922583658632815,0.9994544116974132,1.0,0,4,0.04439634755507659,19.060815343370805,EB,0.8835886961281899,34.02353414930178,-118.34190967438182,12823.034084360997,Farmdale,-389.0,False,False,0.047738622753448166,0.6472550420090735,0.030899064275738405
263,5270.0,-0.4759241564055859,0.9994544116974132,1.0,0,3,0.00013354389772608313,19.111970207927968,EB,0.666090247528416,34.023560033531155,-118.34212420138434,12823.034084360997,Farmdale,-369.0,False,False,0.012873379746455716,0.648181214308694,0.008344282916314614
264,5290.0,-0.4923238853502884,0.9994544116974132,1.0,0,3,0.0016557818254550763,19.20891557552575,EB,0.5362757555806767,34.023585493995185,-118.34233880151749,12823.034084360997,Farmdale,-349.0,False,False,0.013284846388910428,0.6499432455206504,0.008634396178251735
265,5310.0,-0.040148011406432815,0.9994544116974132,1.0,1,4,0.09473660767348654,19.379213123023426,EB,0.5119403911139477,34.02361095445921,-118.34255340165063,12823.034084360997,Farmdale,-329.0,False,False,0.09312713471435158,0.653060075468122,0.0608176136246844
266,5330.0,0.21470514815460887,0.9213655282588405,1.0,1,4,0.11511259566030828,19.604201354625165,EB,0.33313895818663875,34.02363641492323,-118.34276800178377,12823.034084360997,Farmdale,-309.0,False,False,0.13370405731095747,0.6572200500184597,0.08787298723357848
267,5350.0,0.18408835700554937,0.9323245515021562,1.0,1,4,0.15279226960416134,19.80807068091228,EB,-0.16171615309202386,34.023661875387255,-118.34298260191692,12823.034084360997,Farmdale,-289.0,False,False,0.1520972057500895,0.6610310097131988,0.10054096949153782
268,5370.0,0.015837037676978152,0.9994544116974132,1.0,0,4,0.0036713725719037006,20.039605764287188,EB,-0.01285877106525806,34.023687335851285,-118.34319720205006,12823.034084360997,Farmdale,-269.0,False,False,0.0435102431233724,0.6654069441385566,0.028952017915448876
269,5390.0,0.095183743077607,0.9994544116974132,1.0,1,4,0.020634041416510037,19.987395086848252,EB,0.18225914719130903,34.023710242693966,-118.34341221447374,12823.034084360997,Farmdale,-249.0,False,False,0.061896278681947664,0.6644157393879464,0.04112486176582864
270,5410.0,0.09866070505181061,0.9994544116974132,1.0,1,4,0.01687927346016803,19.874437430444075,EB,0.4162347123687471,34.023733081140016,-118.34362723794028,12823.034084360997,Farmdale,-229.0,False,False,0.0600346121064537,0.6622801196332255,0.039759730087996444
271,5430.0,-0.2091120672636013,0.9994544116974132,1.0,0,3,0.0012081612908388635,19.731042112458756,EB,1.1152626220201503,34.023755919586065,-118.34384226140682,12823.034084360997,Farmdale,-209.0,False,False,0.02508872226918478,0.65958646914513,0.01654818173689438
272,5450.0,-0.023485793228781932,0.9994544116974132,1.0,0,3,0.001242235639242964,19.416474371742915,EB,1.6477774039221988,34.02377875803212,-118.34405728487334,12823.034084360997,Farmdale,-189.0,False,False,0.038463029593837524,0.6537457086911999,0.025145040540233903
273,5470.0,-0.2652783046933113,0.9994544116974132,1.0,0,3,0.00036606074071035094,19.062571194236536,EB,1.561468011326268,34.02380159743499,-118.3442723081932,12823.034084360997,Farmdale,-169.0,False,False,0.021521230870240205,0.6472867910122784,0.013930408468632166
274,5490.0,-0.3143298271320879,0.9994544116974132,1.0,0,3,0.0006611547217845255,16.51739873061612,EB,1.2178777461341974,34.02382466238006,-118.34448729693588,12823.034084360997,Farmdale,-149.0,False,False,0.019328562674715714,0.6043357406696614,0.011680941240104294
275,5510.0,0.008316073990154133,0.9994544116974132,1.0,0,4,0.012410203414534143,15.018527898492103,EB,0.8178137589872977,34.023847727325126,-118.34470228567855,12823.034084360997,Farmdale,-129.0,False,False,0.048043617153234006,0.5819165050655394,0.02795737378451673
276,5530.0,0.2109445040491332,0.9213655282588405,1.0,0,4,0.0026559906784809836,13.69546897313511,EB,0.4481312143970164,34.023870792270195,-118.34491727442123,12823.034084360997,Farmdale,-109.0,False,False,0.06569910920400132,0.563897789418232,0.037047582446883366
277,5550.0,0.20737232055476512,0.9219022547399828,1.0,0,4,0.013478254561201284,12.89562872813322,EB,-0.22446021042534792,34.02389385721526,-118.34513226316392,12823.034084360997,Farmdale,-89.0,False,False,0.07169157412610205,0.5538101276023344,0.03970351981478879
278,5570.0,0.20666779220723092,0.9219022547399828,1.0,0,4,0.03333622746276835,12.485072281308142,EB,-0.8650501595620488,34.02391692216033,-118.34534725190659,12823.034084360997,Farmdale,-69.0,False,False,0.08350796779451064,0.5488678460206801,0.04583483840893737
279,5590.0,0.38606374038976127,0.7314896796847971,1.0,0,4,0.011487517270123416,12.186664995320944,EB,-0.9445519532092476,34.02393964538976,-118.34556229252657,12823.034084360997,Farmdale,-49.0,False,False,0.09996794632057968,0.5453759592664621,0.05452011462048433
280,5610.0,0.42270894548924903,0.6684875135063048,1.0,0,4,0.02472973354950323,11.772905997139024,EB,-0.5565043504098119,34.023961977916564,-118.34577739211159,12823.034084360997,Farmdale,-29.0,False,False,0.11513700490461191,0.5406740149097442,0.06225158670645944
281,5630.0,0.311011028856785,0.8262885104612921,1.0,0,3,0.0014182423232158015,10.767122675409226,EB,-0.5289149953931153,34.02398348247459,-118.3459926130144,12823.034084360997,Farmdale,-9.0,False,False,0.08041625641594623,0.5299215040459995,0.04261430354968698
282,5650.0,0.788399233512156,0.24495001783683498,0.9986671109630123,2,3,0.10755012984841233,7.486213157067954,EB,0.03980223253479349,34.02400498703262,-118.3462078339172,12603.708009480428,Farmdale,11.0,False,False,0.2869799010874451,0.49339364737518804,0.14159406012090522
283,5670.0,0.9243790470106384,0.1740588601780378,0.9750083305564812,2,3,0.316916341535286,5.454851382708423,EB,0.28169522053602125,34.024026491590654,-118.34642305482002,12603.708009480428,Farmdale,31.0,False,False,0.46187610781763444,0.48092531775524155,0.22212791391575004
284,5690.0,0.5737981557718448,0.4745886700363057,1.0,0,4,0.03133695325832438,6.025286327960295,EB,-0.07631943823816871,34.02404799005836,-118.34663827659523,12603.708009480428,Farmdale,51.0,False,False,0.1533381062895286,0.4840313375321886,0.07422044868197343
285,5710.0,-0.5911289998076554,0.9994544116974132,1.0,0,4,0.0022059967447171256,5.735497775151411,EB,-0.08819506701126542,34.0240694196115,-118.346853508242,12603.708009480428,Farmdale,71.0,False,False,0.01097422199626772,0.48241486436567005,0.005294127815848245
286,5730.0,-0.3459469302677349,0.9994544116974132,1.0,1,4,0.0014786828198720997,5.455314012090974,EB,0.10949310816970034,34.02409084916464,-118.34706873988878,12603.708009480428,Farmdale,91.0,False,False,0.018428338481080896,0.48092771170781745,0.008862698656283351
287,5750.0,-0.26966751383466114,0.9994544116974132,1.0,1,4,0.047287056255933144,5.544808113275609,EB,0.28955956405010697,34.0241122740198,-118.34728397220712,12603.708009480428,Farmdale,111.0,False,False,0.04945069639966389,0.4813946321773654,0.023805299804230764
288,5770.0,-0.9271152287078094,0.9994544116974132,1.0,0,3,0.0031674210804505582,6.61516434282667,EB,0.4822430568323596,34.02413369213087,-118.34749920548956,12603.708009480428,Farmdale,131.0,False,False,0.00611085429632835,0.4875678546482286,0.002979456119328724
289,5790.0,-0.3971692839743475,0.9994544116974132,1.0,0,4,0.0006994411065907192,8.321781992991177,EB,0.1912034306300078,34.024155110241935,-118.34771443877199,12603.708009480428,Farmdale,151.0,False,False,0.015914650603458765,0.4996584879531581,0.007951890256827021
290,5810.0,-0.35619799263056184,0.9994544116974132,1.0,0,4,0.0008727211583737509,8.811814184527936,EB,-0.10606588990474408,34.024176528353,-118.34792967205442,12603.708009480428,Farmdale,171.0,False,False,0.017635400895263338,0.5036406977261596,0.008881905611570968
291,5830.0,-0.30633337676277694,0.9994544116974132,1.0,0,3,0.0009647150904481105,8.666533448046549,EB,-0.6965168924524516,34.024197260915194,-118.34814500021828,12603.708009480428,Farmdale,191.0,False,False,0.01987892331328625,0.5024363291880877,0.009987893257739041
292,5850.0,-0.3794615468287896,0.9994544116974132,1.0,0,3,0.001902623978982345,9.59364933574302,EB,-1.1119533913050255,34.02421734497731,-118.34836041813595,12603.708009480428,Farmdale,211.0,False,False,0.017316314761723475,0.5104658594669162,0.008839387497642823
293,5870.0,-0.5064375163082396,0.9994544116974132,1.0,0,3,0.0004403920197417041,12.084561478944945,EB,-1.328576226858071,34.024237429039424,-118.34857583605363,12603.708009480428,Farmdale,231.0,False,False,0.012139123088925008,0.536077231296566,0.006507507495879136
294,5890.0,,,,0,2,0.0008588617340471678,13.20901134947519,EB,-1.2746717691584664,34.02425751310154,-118.3487912539713,12603.708009480428,Farmdale,251.0,False,False,0.04034086155158116,0.549566899712829,0.022170002214646923
295,5910.0,,,,0,1,0.001272118188370171,14.334435243036642,EB,-1.0681289254786432,34.02427759716365,-118.34900667188896,12603.708009480428,Farmdale,271.0,False,False,,0.5642692041487793,
296,5930.0,-0.11146381401529931,0.9994544116974132,1.0,0,3,0.015607306803852633,14.9563880900388,EB,-1.0617451917467764,34.0242976000316,-118.34922210060412,12603.708009480428,Farmdale,291.0,False,False,0.04007075620301929,0.5729097272504724,0.022956926006991955
297,5950.0,0.03048648410208334,0.9994544116974132,1.0,0,3,0.011933824276058684,15.884996589788987,EB,-1.1176666512429898,34.02431741371606,-118.34943755447757,12603.708009480428,Farmdale,311.0,False,False,0.049883193746909804,0.586493409655032,0.029256164385107704
298,5970.0,-0.01271744454009129,0.9994544116974132,1.0,0,3,0.025713357010816867,16.559108495113357,EB,-1.1358463153440352,34.02433722740052,-118.34965300835104,12603.708009480428,Farmdale,331.0,False,False,0.054099077724462326,0.5968667539542554,0.03228994091331879
299,5990.0,0.2667124452846087,0.8658855059232277,1.0,0,4,0.018581865892284243,16.606983624131075,EB,-0.9906706391893968,34.02435704108499,-118.34986846222449,12603.708009480428,Farmdale,351.0,False,False,0.08352313025249164,0.5976198584776871,0.04991508128110748
300,6010.0,0.15879385468381294,0.9614050412359159,1.0,0,3,0.0014020352397349951,16.712121483182656,EB,-0.4457226439009791,34.02437685998691,-118.35008391540649,12603.708009480428,Farmdale,371.0,False,False,0.057963367931971675,0.5992813703687219,0.034736366565458414
301,6030.0,0.01496309157459049,0.9994544116974132,1.0,0,3,0.002259104245552696,16.721116478670204,EB,0.19209281464581104,34.02439680884556,-118.35029935136566,12603.708009480428,Farmdale,391.0,False,False,0.04257980851842958,0.5994240067740546,0.02552335942978908
302,6050.0,0.2697217816581282,0.8610977062528111,1.0,1,4,0.03311963700941789,16.717734137323802,EB,0.5196628779594115,34.024416757704216,-118.35051478732484,12603.708009480428,Farmdale,411.0,False,False,0.09271650612570692,0.5993703629447614,0.055571525927535156
303,6070.0,0.2606226253787749,0.881176514396584,1.0,1,4,0.029386114894961155,16.739973703595076,EB,0.6208420270858025,34.02443670656287,-118.35073022328402,12603.708009480428,Expo/La Brea,-411.0,False,False,0.08906094240764106,0.5997232806882744,0.053411920561899966
304,6090.0,0.23937874839957984,0.9003300758496151,1.0,1,4,0.10021059802980326,16.481182461919158,EB,0.33187066024972134,34.0244566040212,-118.35094566604702,12603.708009480428,Expo/La Brea,-391.0,False,False,0.1283410745039893,0.5956455802938327,0.07644579379846272
305,6110.0,0.21768770718187602,0.9213655282588405,1.0,1,4,0.09616020912951283,16.55360421522875,EB,-0.3323124439399903,34.0244763709276,-118.35116112609114,12603.708009480428,Expo/La Brea,-371.0,False,False,0.12275643287179147,0.5967803076827984,0.0732586217792705
306,6130.0,0.4720961440901603,0.6027164208256309,1.0,1,4,0.005702901197750695,16.78989576676859,EB,-0.6860061360199265,34.024496137834,-118.35137658613526,12603.708009480428,Expo/La Brea,-351.0,False,False,0.11412234083463466,0.6005171982054232,0.06853242837065916
307,6150.0,0.5257824011614249,0.5475393464706974,1.0,1,4,0.06869532206147361,17.00659509085131,EB,-0.7531925063670756,34.02451590474039,-118.35159204617938,12603.708009480428,Expo/La Brea,-331.0,False,False,0.16409703182667118,0.6039908010517129,0.09911309770319955
308,6170.0,0.15620269305224466,0.9636456542225471,1.0,0,4,0.069873869958279,17.21723253773303,EB,-0.46847268416705456,34.02453567164679,-118.3518075062235,12603.708009480428,Expo/La Brea,-311.0,False,False,0.09871753266399493,0.6074099274657037,0.05996200935503039
309,6190.0,-0.2164712930822852,0.9994544116974132,1.0,0,4,0.0043915476819381405,17.817316415137345,EB,0.1760765092584036,34.024555443103125,-118.35202296566672,12603.708009480428,Expo/La Brea,-291.0,False,False,0.026574858271976178,0.6173814043168071,0.01640682331947277
310,6210.0,-0.22931124585125884,0.9994544116974132,1.0,0,4,0.001666298589527401,18.116371677320448,EB,1.0634795722079962,34.02457530191893,-118.35223841357275,12603.708009480428,Expo/La Brea,-271.0,False,False,0.024216887259105892,0.622478282319538,0.015074486384174138
311,6230.0,-0.33755784430657554,0.9994544116974132,1.0,0,4,0.023277184145632283,17.984692626887448,EB,1.9239313479714162,34.024595160734734,-118.35245386147876,12603.708009480428,Expo/La Brea,-251.0,False,False,0.031866533511746016,0.6202235879108111,0.019764375748935213
312,6250.0,-0.3930501351184862,0.9994544116974132,1.0,0,4,0.0009018692107095814,18.14008430071866,EB,2.4876559738554365,34.02461501955053,-118.3526693093848,12603.708009480428,Expo/La Brea,-231.0,False,False,0.01619171594413154,0.6228860529570538,0.01008559403504189
313,6270.0,-0.21734295505373336,0.9994544116974132,1.0,0,3,0.0006538258766184795,18.34485356949241,EB,2.623573871996144,34.024634878366335,-118.35288475729082,12603.708009480428,Expo/La Brea,-211.0,False,False,0.024282484537365253,0.6264295280675354,0.01521126532904894
314,6290.0,-0.5094708986454085,0.9994544116974132,1.0,0,3,0.0015926454958553246,18.57698824102635,EB,2.607538166206575,34.024654478360056,-118.35310023912547,12603.708009480428,Expo/La Brea,-191.0,False,False,0.0127427772776613,0.6304946573762188,0.008034252993700529
315,6310.0,-0.5837723298144106,0.9994544116974132,1.0,0,3,0.002574628054743905,17.347499532313897,EB,2.217151542942752,34.02467395551472,-118.35331573706291,12603.708009480428,Expo/La Brea,-171.0,False,False,0.011371181321059274,0.6095455209368057,0.006931252642011949
316,6330.0,-0.47875856093162633,0.9994544116974132,1.0,0,3,0.002203144607323212,16.829461408496652,EB,1.6853565298363273,34.024693432669395,-118.35353123500035,12603.708009480428,Expo/La Brea,-151.0,False,False,0.014026993531073922,0.6011480954278572,0.008432300445783962
317,6350.0,-0.5553912292040288,0.9994544116974132,1.0,0,3,0.0032997784414348676,16.676926842858535,EB,1.5666198691723672,34.02471290982406,-118.3537467329378,12603.708009480428,Expo/La Brea,-131.0,False,False,0.012514313790862019,0.5987240157966207,0.00749262020780394
318,6370.0,-0.49476881723957405,0.9994544116974132,1.0,1,3,0.009272341560360572,16.325044182273558,EB,1.081517876103196,34.02473238697873,-118.35396223087523,12603.708009480428,Expo/La Brea,-111.0,False,False,0.017781625546863924,0.5932160816163079,0.010548346231679056
319,6390.0,-0.5381070357691143,0.9994544116974132,1.0,1,4,0.31026700626145604,15.646567797564234,EB,0.5676701080604971,34.02475212549375,-118.35417769426653,12603.708009480428,Expo/La Brea,-91.0,False,False,0.19715008930050912,0.5829276241677064,0.11492423316039693
320,6410.0,-0.8189886886281581,0.9994544116974132,1.0,0,4,0.0010918469495316578,14.546219741550177,EB,0.3031847927524491,34.02477230730817,-118.35439309906332,12603.708009480428,Expo/La Brea,-71.0,True,False,0.006158630487867915,0.7671702340385256,0.0047247179927344275
321,6430.0,-1.0458716211733012,0.9994544116974132,1.0,0,4,0.003952188873058768,13.486990346126408,EB,-0.22846540795187914,34.02479248912259,-118.35460850386009,12603.708009480428,Expo/La Brea,-51.0,True,False,0.005506627169764732,0.7530866285016684,0.004146967289693806
322,6450.0,-1.150297691207986,0.9994544116974132,1.0,0,4,0.001982987787753315,13.166271874465977,EB,-0.5553788333024441,34.024812670937,-118.35482390865688,12603.708009480428,Expo/La Brea,-31.0,True,False,0.0036080259789851342,0.7490322401841303,0.002702527781681775
323,6470.0,-0.600112748430698,0.9994544116974132,1.0,0,4,0.00041104414409228655,10.480437702728093,EB,-0.7585179067046508,34.02483285275142,-118.35503931345366,12603.708009480428,Expo/La Brea,-11.0,True,False,0.009686773303484308,0.7189090538193534,0.006963909030170476
324,6490.0,-0.562939138137403,0.9994544116974132,1.0,0,4,0.0038016069961393745,8.48196907663971,EB,-0.5726641607461901,34.02485303456584,-118.35525471825045,12189.934202866349,Expo/La Brea,9.0,True,False,0.012622370953869873,0.6856099442934249,0.008654023046533668
325,6510.0,-0.30899823220404044,0.9994544116974132,1.0,1,4,0.05405547737125977,9.149605207732916,EB,-0.4909991487020802,34.02487321638026,-118.35547012304723,12189.934202866349,Expo/La Brea,29.0,True,False,0.05160990915298101,0.6911931280155912,0.03567241454404944
326,6530.0,-0.16337805259684124,0.9994544116974132,1.0,1,4,0.056769519918526974,7.856266508226998,EB,-0.8981173424861889,34.02489339819468,-118.35568552784402,12189.934202866349,Expo/La Brea,49.0,True,False,0.061223986357365576,0.6807612579853337,0.0416789179715171
327,6550.0,-0.29572107560759125,0.9994544116974132,1.0,0,4,0.0008191571795011819,7.676318534228144,EB,-1.5464980747933388,34.024913576708,-118.35590093308485,12189.934202866349,Expo/La Brea,69.0,True,False,0.020290918216837806,0.6794355688482734,0.013786371561110988
328,6570.0,0.19581303103126899,0.9300439282902332,1.0,1,4,0.005544409846559858,11.672951762876695,EB,-2.1253713513255352,34.02493374740024,-118.35611633937778,12189.934202866349,Expo/La Brea,89.0,True,False,0.06533349448208903,0.7161139266225631,0.046786225273542335
329,6590.0,0.22330804081526026,0.9123422754272423,1.0,1,4,0.010597574698113918,12.737661688194823,EB,-2.8209506914370945,34.02495391809248,-118.35633174567069,12189.934202866349,Expo/La Brea,109.0,True,False,0.07222395919670725,0.7284410287021093,0.052610895134188596
330,6610.0,0.033294192910798104,0.9994544116974132,1.0,0,4,0.0029500146302954035,10.274620534428239,EB,-3.552387755982932,34.024973648662304,-118.35654721049622,12189.934202866349,Expo/La Brea,129.0,True,False,0.04476919871964293,0.7015577424742305,0.03140817798613291
331,6630.0,-0.07785835303980253,0.9994544116974132,1.0,0,4,0.006171664665833762,10.872394330025996,EB,-4.077563064869618,34.02499337809659,-118.35676267547277,12189.934202866349,Expo/La Brea,149.0,True,False,0.0369302648144501,0.7075534016839753,0.026130134494554192
332,6650.0,-0.18650435780844868,0.9994544116974132,1.0,0,4,0.0008132937947570159,11.962138918570542,EB,-4.455035122417625,34.02501309161671,-118.35697814254104,12189.934202866349,Expo/La Brea,169.0,True,False,0.02619910528526869,0.7193557344670292,0.018846476624863485
333,6670.0,-0.2173130668350953,0.9994544116974132,1.0,0,4,0.0009612615478772487,14.013416387882605,EB,-4.810041320820421,34.02503309168157,-118.35719357055446,12189.934202866349,Expo/La Brea,189.0,True,False,0.024468649855319824,0.7446277713489442,0.018220036209684466
334,6690.0,-0.13739855011496235,0.9994544116974132,1.0,0,4,0.00139647679261409,15.444770528287634,EB,-4.657068743481904,34.025054243802096,-118.35740884161083,12189.934202866349,Expo/La Brea,209.0,True,False,0.02972258446334798,0.7646265792246549,0.022726678083925644
335,6710.0,-0.09947359716543476,0.9994544116974132,1.0,0,4,0.0010883147614111394,16.55429685441758,EB,-3.781270167480418,34.02507514303029,-118.35762414711347,12189.934202866349,Expo/La Brea,229.0,True,False,0.03223752244279445,0.7814659526723506,0.02519252618755465
336,6730.0,-0.29000077640992583,0.9994544116974132,1.0,0,4,0.0005841832277398151,17.418510703259038,EB,-2.8558887639615573,34.02509484389703,-118.35783961584399,12189.934202866349,Expo/La Brea,249.0,True,False,0.020424210639982704,0.7953912237019456,0.01624523789408214
337,6750.0,-0.03956940277121114,0.9994544116974132,1.0,0,4,0.001078721573673437,18.070383513300555,EB,-1.9179053846749055,34.025114544763774,-118.3580550845745,12189.934202866349,Expo/La Brea,269.0,True,False,0.03698129316229743,0.8063637424220338,0.029820373953956526
338,6770.0,0.02462016511581143,0.9994544116974132,1.0,0,4,0.01613439500922434,18.478687394420035,EB,-1.2174715905101763,34.02513424563052,-118.358270553305,12189.934202866349,Expo/La Brea,289.0,True,False,0.05183148113245248,0.8134417471066575,0.0421618905675079
339,6790.0,0.06426306830726143,0.9994544116974132,1.0,0,4,0.002498420588945749,18.786055334434245,EB,-0.9345210231594857,34.025154078336186,-118.35848600461819,12189.934202866349,Expo/La Brea,309.0,True,False,0.04765528697968304,0.8188743466135624,0.03902369198816976
340,6810.0,0.006333092387549533,0.9994544116974132,1.0,0,4,0.034720042514493635,18.93506145285216,EB,-0.48775549836292864,34.02517401647894,-118.35870144200202,12189.934202866349,Expo/La Brea,329.0,True,False,0.061244212231387214,0.8215402207413667,0.050314583635704964
341,6830.0,0.45773125573911094,0.6204769369744713,1.0,1,4,0.017683220213189757,18.93036363352244,EB,-0.30226071718691516,34.02519395462169,-118.35891687938584,12189.934202866349,Expo/La Brea,349.0,True,False,0.11820586752137033,0.8214558503345208,0.09710090141929698
342,6850.0,0.5369360767070335,0.5342798426186495,1.0,1,4,0.026054925654360614,18.813161712085673,EB,-0.4709380159352519,34.02521389276445,-118.35913231676967,12189.934202866349,Expo/La Brea,369.0,True,False,0.1411566597569865,0.8193577406433097,0.11565780181524085
343,6870.0,0.21289634413956063,0.9213655282588405,1.0,0,4,0.0028563378227480993,18.53156775122612,EB,-0.45026875403357547,34.02523371066011,-118.35934777007469,12189.934202866349,Expo/La Brea,389.0,True,False,0.06609443773349978,0.8143700024376892,0.05382532741814791
344,6890.0,0.045311559502830334,0.9994544116974132,1.0,0,4,0.008102149114594556,18.073514112527423,EB,-0.3908461751796797,34.0252534984977,-118.35956322735952,12189.934202866349,Expo/La Brea,409.0,True,False,0.04906151181493466,0.8064174101800947,0.039564057297319724
345,6910.0,0.0027264632028485697,0.9994544116974132,1.0,0,4,0.0038490514353472054,17.658774442980746,EB,-0.7023675419517125,34.02527328633529,-118.35977868464435,12189.934202866349,Expo/La Brea,429.0,True,False,0.04238656670792918,0.7993885095125943,0.03388333438400766
346,6930.0,0.06960068151189605,0.9994544116974132,1.0,0,4,0.012085256450624849,17.454714848767,EB,-0.6390849907679786,34.025293074172886,-118.35999414192919,12189.934202866349,Expo/La Brea,449.0,False,False,0.053972247747952,0.5959900507611042,0.032166922674992805
347,6950.0,0.03195415970157658,0.9994544116974132,1.0,0,4,0.0048260777234343235,17.38950823436546,EB,-0.5975245808623644,34.02531283324891,-118.36020960300173,12189.934202866349,Expo/La Brea,469.0,False,False,0.04576276905318494,0.5949124114305129,0.0272248392911679
348,6970.0,-0.006381926129844187,0.9994544116974132,1.0,0,4,0.02723232812957127,17.237010782627117,EB,-0.7859245017846926,34.02533256074632,-118.36042506823297,12189.934202866349,Expo/La Brea,489.0,False,False,0.055581692446003333,0.592407903465985,0.032927033893028014
349,6990.0,0.11925929199179561,0.9994544116974132,1.0,0,4,0.00951883594815913,16.819540188825805,EB,-0.9741619323355315,34.02535228824373,-118.3606405334642,12189.934202866349,Expo/La Brea,509.0,False,False,0.05799307102185513,0.5856645247774398,0.0339644843803991
350,7010.0,0.061154495064640546,0.9994544116974132,1.0,0,4,0.00642015224287025,16.181959737881265,EB,-0.9137503851105785,34.02537201574114,-118.36085599869544,12189.934202866349,Expo/La Brea,529.0,False,False,0.04968220761620071,0.575684774644619,0.028601290495379676
351,7030.0,0.2476149071484738,0.8936420243149987,1.0,0,4,0.01716395611566711,15.507969324212224,EB,-0.7651966546108749,34.02539175446711,-118.36107146244939,12189.934202866349,Expo/La Brea,549.0,False,False,0.07974449759007318,0.5655543889016347,0.04509985060282172
352,7050.0,0.28232254949225827,0.8541323683776318,1.0,1,4,0.014475478318006569,15.48996136453573,EB,-0.6222457894205234,34.02541150433209,-118.36128692473784,12189.934202866349,Expo/La Brea,569.0,False,False,0.08352894146162144,0.5652896314400765,0.04721804453341971
353,7070.0,0.18730359293605928,0.9323245515021562,1.0,0,4,0.0061906088631148186,16.085346650266473,EB,-0.21725463066660358,34.02543125419707,-118.36150238702628,12189.934202866349,Expo/La Brea,589.0,False,False,0.0645673209310339,0.5742061781551331,0.03707495458552491
354,7090.0,0.1967920638224701,0.9300439282902332,1.0,0,4,0.005490971605659522,16.275735591247436,EB,-0.016542183462891682,34.025451004062056,-118.36171784931472,12189.934202866349,Expo/La Brea,609.0,False,False,0.06543539861480244,0.5771284172824753,0.03776462803680881
355,7110.0,-0.17818809765579743,0.9994544116974132,1.0,0,4,0.0019467611090524524,16.29300839820238,EB,-0.06677585589100135,34.02547075392704,-118.36193331160315,12189.934202866349,Expo/La Brea,629.0,False,False,0.02739235142645476,0.5773952351603895,0.015816213193473875
356,7130.0,-0.056104832140859234,0.9994544116974132,1.0,0,4,0.06325943284587476,16.24662434121091,EB,-0.22687794584818322,34.025490820227034,-118.36214873164293,12189.934202866349,Expo/La Brea,649.0,False,False,0.07291632505653897,0.5766793681078054,0.04204934025834823
357,7150.0,-0.14800017816385413,0.9994544116974132,1.0,0,4,0.008120128921004338,16.27671378633397,EB,-0.34000758608001747,34.025511125420294,-118.36236411978697,12189.934202866349,Expo/La Brea,669.0,False,False,0.033041807782529575,0.5771435201754692,0.019069865256570333
358,7170.0,0.09716661038239573,0.9994544116974132,1.0,0,4,0.003396977583967784,16.177482979378375,EB,-0.3386528275572314,34.02553143061355,-118.36257950793103,12189.934202866349,Expo/La Brea,689.0,False,False,0.051776795681448794,0.5756160653172493,0.0298035554048907
359,7190.0,0.3654484081202549,0.7564697972875462,1.0,0,4,0.015101708333362633,15.768941640460028,EB,-0.14888575533454326,34.0255517358068,-118.36279489607509,12189.934202866349,Expo/La Brea,709.0,False,False,0.09825535357389056,0.5694257999942025,0.05594913331252586
360,7210.0,0.12564623778958872,0.9994544116974132,1.0,0,4,0.0034647482993601267,15.394996559360038,EB,0.2129114446264364,34.02557204100006,-118.36301028421914,12189.934202866349,Expo/La Brea,729.0,False,False,0.05511710790883532,0.5638985239410951,0.031080455793694294
361,7230.0,0.07723016504562073,0.9994544116974132,1.0,0,4,0.008852411650373914,15.116595391564003,EB,0.6066333447066686,34.02559708679319,-118.36322493850705,12189.934202866349,Expo/La Brea,749.0,False,False,0.05285076982247805,0.5598696199666773,0.02958954041545712
362,7250.0,0.07659771270296294,0.9994544116974132,1.0,0,4,0.000670460276344727,15.00832487435169,EB,0.9027126043459032,34.025623119565246,-118.36343944000826,12189.934202866349,Expo/La Brea,769.0,False,False,0.04787328370223034,0.5583226313654828,0.026728737728735522
363,7270.0,0.0652473296478771,0.9994544116974132,1.0,0,4,0.054401679631438674,14.937066719473728,EB,0.9941834418184936,34.0256491718946,-118.36365393809635,12189.934202866349,La Cienega/Jefferson,-785.0,False,False,0.07890093690436274,0.5573105496809089,0.043972324516509106
364,7290.0,0.01806868012454401,0.9994544116974132,1.0,0,4,0.007399314689682225,14.663665867932469,EB,0.6537886947450494,34.02567527017214,-118.36386842816555,12189.934202866349,La Cienega/Jefferson,-765.0,False,False,0.04595983392656016,0.5534721223888467,0.025437486827972172
365,7310.0,0.05875272604319409,0.9994544116974132,1.0,0,4,0.0021107541344338263,14.410710466445172,EB,0.24980912850243683,34.025701368449674,-118.36408291823474,12189.934202866349,La Cienega/Jefferson,-745.0,False,False,0.046846029230120316,0.5499838903935407,0.025764561405471096
366,7330.0,-0.15330749271547478,0.9994544116974132,1.0,0,4,0.002088579441378542,14.482263001920618,EB,-0.038301695717360654,34.02572746672721,-118.36429740830394,12189.934202866349,La Cienega/Jefferson,-725.0,False,False,0.029071256499334862,0.5509644370487419,0.016017228471455612
367,7350.0,-0.04977505429079969,0.9994544116974132,1.0,0,4,0.004282098904281758,15.015966306104303,EB,-0.21781121632376363,34.02575366805927,-118.36451188026233,12189.934202866349,La Cienega/Jefferson,-705.0,False,False,0.038049872228365034,0.5584314488038458,0.0212482452752871
368,7370.0,-0.04693459506800635,0.9994544116974132,1.0,0,4,0.006059568225323726,14.99278461053688,EB,-0.23153663760112161,34.0257800575706,-118.36472631915011,12189.934202866349,La Cienega/Jefferson,-685.0,False,False,0.03935200198862075,0.5581015018577075,0.02196241141095673
369,7390.0,-0.02971065952005915,0.9994544116974132,1.0,0,4,0.002457219017849031,15.012854607534376,EB,-0.14372167128937427,34.02580644708193,-118.36494075803789,12189.934202866349,La Cienega/Jefferson,-665.0,False,False,0.03865083728571773,0.558387130125934,0.021582130108936365
370,7410.0,0.03366557092752883,0.9994544116974132,1.0,0,4,0.0036836374113105915,15.111047260210022,EB,-0.057281066214869655,34.02583283659327,-118.36515519692566,12189.934202866349,La Cienega/Jefferson,-645.0,False,False,0.045246039231838064,0.5597900769587002,0.025328283783667
371,7430.0,0.059500964781564136,0.9994544116974132,1.0,1,4,0.026721921358531263,15.260715675138758,EB,-0.04419334150040967,34.02585526213465,-118.36537026248942,12189.934202866349,La Cienega/Jefferson,-625.0,False,False,0.0616906485665195,0.56194608887447,0.03466681868208506
372,7450.0,0.4811695380192753,0.5852639532741752,1.0,1,4,0.2653361190102052,15.285158556303973,EB,-0.2367893145498364,34.025876179441674,-118.3655855664945,12189.934202866349,La Cienega/Jefferson,-605.0,False,False,0.27189686233551263,0.5623002133560634,0.15288766370210294
373,7470.0,0.5030282613258181,0.5532823076273244,1.0,1,4,0.06077293101421404,15.159192120124917,EB,-0.31543194769586147,34.02589771378587,-118.36580078186269,12189.934202866349,La Cienega/Jefferson,-585.0,False,False,0.1540707966943577,0.5604812977278674,0.08635380007322002
374,7490.0,0.12913310387609744,0.9994544116974132,1.0,0,4,0.001801231324041544,15.189088194511262,EB,-0.23403084663169235,34.02591985023545,-118.3660159107389,12189.934202866349,La Cienega/Jefferson,-565.0,False,False,0.05453608058648323,0.5609116253744234,0.03058992160331485
375,7510.0,0.09552657458633719,0.9994544116974132,1.0,0,4,0.0030035750509943815,15.231964309225564,EB,-0.0674708978790833,34.02593949640983,-118.36623138661278,12189.934202866349,La Cienega/Jefferson,-545.0,False,False,0.05135644854476749,0.5615302691618298,0.02883820037453895
376,7530.0,-0.0012472156136407314,0.9994544116974132,1.0,0,4,0.02960609282160808,15.027806129557199,EB,0.04407871050742783,34.0259591392313,-118.36644686295388,12189.934202866349,La Cienega/Jefferson,-525.0,False,False,0.05747459414699261,0.5586001626346003,0.03210531763786772
377,7550.0,0.1865660068745959,0.9323245515021562,1.0,0,4,0.07156981485178575,14.75528027898758,EB,0.17892115031670333,34.02597871192213,-118.36666234812553,12189.934202866349,La Cienega/Jefferson,-505.0,False,False,0.10369571042381237,0.5547504492109682,0.05752524193886039
378,7570.0,0.580654694994227,0.4649513051385991,1.0,0,4,0.15028819909360053,14.596767717053092,EB,0.2755391839277483,34.025996674381176,-118.36687803494515,12189.934202866349,La Cienega/Jefferson,-485.0,False,False,0.22643116912521927,0.552543699439509,0.12511311585686177
379,7590.0,0.8945492584250297,0.18614768899354797,0.9870043318893702,1,4,0.23795451152661823,14.696511666033455,EB,0.09240096917943774,34.026014636840216,-118.36709372176477,12189.934202866349,La Cienega/Jefferson,-465.0,False,False,0.403456121175024,0.5539295153663506,0.22348625367406866
380,7610.0,0.8707249322455681,0.1919036352331194,0.9923358880373209,2,4,0.14822321360724638,14.72975837907669,EB,-0.1422196275847041,34.026031992821714,-118.36730947653558,12189.934202866349,La Cienega/Jefferson,-445.0,False,False,0.34087337942762846,0.5543935334725798,0.18897799728762232
381,7630.0,1.1928019748581096,0.08167262367579049,0.4385204931689437,3,4,0.18520415920151267,14.588821679759189,EB,-0.17527764402499166,34.02604770416391,-118.36752541557571,12189.934202866349,La Cienega/Jefferson,-425.0,False,False,0.5438773352272488,0.5524337051690983,0.3004561714570848
382,7650.0,1.2049185286066826,0.08167262367579049,0.40786404531822723,3,4,0.15598320488937573,14.646620053467089,EB,-0.2045678037089068,34.0260634155061,-118.36774135461583,12189.934202866349,La Cienega/Jefferson,-405.0,False,False,0.5313311648906189,0.5532351548771574,0.293951079299322
383,7670.0,1.1190290920729244,0.10518473150602317,0.6221259580139953,3,4,0.21509716855671443,14.661880235691177,EB,-0.10416286994357686,34.02607912684829,-118.36795729365596,12189.934202866349,La Cienega/Jefferson,-385.0,True,False,0.47336772728531556,0.7534472859615282,0.35665762938489787
384,7690.0,1.5110618915786491,0.04859607810008553,0.04765078307230923,3,4,0.24865539364755876,14.606676771678154,EB,0.054450635268684516,34.02609474675969,-118.36817324220293,12189.934202866349,La Cienega/Jefferson,-365.0,True,False,0.6966284426616596,0.7526809510020289,0.5243389587176404
385,7710.0,1.0373274398057564,0.12807949397564916,0.8113962012662446,2,4,0.07143986278132074,14.59326457551536,EB,0.2692860479207782,34.02611030496174,-118.36838919716628,12189.934202866349,La Cienega/Jefferson,-345.0,True,False,0.3568515582835719,0.7524951992700428,0.26852908446042173
386,7730.0,0.33995820042173786,0.7901066801127784,1.0,0,4,0.0027018330793702056,14.471746393960435,EB,0.4507622138863328,34.02612586191626,-118.3686051522587,12189.934202866349,La Cienega/Jefferson,-325.0,True,False,0.08619588388916305,0.7508200143714443,0.06471759478042075
387,7750.0,0.812497059080352,0.22988646861729042,0.9983338887037654,2,4,0.25263664582248574,14.462381644386689,EB,0.8082485269501847,34.0261414698684,-118.36882110186608,12189.934202866349,La Cienega/Jefferson,-305.0,True,False,0.38252822976953454,0.7506914982638926,0.28716068993392646
388,7770.0,0.7963536047449128,0.2366078450225396,0.9983338887037654,1,4,0.21946613048448482,14.613487323111887,EB,0.6484538713220235,34.02615824951242,-118.36903692545206,12189.934202866349,La Cienega/Jefferson,-285.0,True,False,0.3569201471316077,0.7527753388150966,0.2686806846869301
389,7790.0,0.8340687152733892,0.2166316869630233,0.9976674441852715,2,4,0.1026841090430467,14.715106586396159,EB,1.0457551858051715,34.026175029156434,-118.36925274903805,12189.934202866349,La Cienega/Jefferson,-265.0,True,False,0.300263449557553,0.7541889119424248,0.22645536431789007
390,7810.0,0.6640905708864469,0.36207402604854416,1.0,1,4,0.01255891772202989,14.816009169577757,EB,1.6063443356752436,34.026191808800455,-118.36946857262406,12189.934202866349,La Cienega/Jefferson,-245.0,True,False,0.16586614965601149,0.7556022079650191,0.12532882890673858
391,7830.0,0.7767369683210531,0.2520955870706132,0.9993335554815062,1,4,0.16489954990796377,14.91397359751986,EB,2.2683216711271514,34.0262085544349,-118.36968440000003,12189.934202866349,La Cienega/Jefferson,-225.0,True,False,0.2900260103407127,0.7569835908165847,0.2195449307379206
392,7850.0,0.5782243093722073,0.4685831206367171,1.0,1,4,0.00950001509732528,15.020747453944004,EB,3.0449064940574657,34.0262252692924,-118.36990023080573,12189.934202866349,La Cienega/Jefferson,-205.0,True,False,0.1413461275551787,0.7584995626783595,0.10721097593688265
393,7870.0,0.5032901818239641,0.5532823076273244,1.0,1,4,0.012162700466388341,15.12987616873415,EB,3.914951315341448,34.02624198414989,-118.37011606161143,12189.934202866349,La Cienega/Jefferson,-185.0,True,False,0.12496442729873646,0.7600601437535099,0.09498048057675267
394,7890.0,0.4931224679462537,0.5642087033653999,1.0,1,4,0.010395131172305842,15.430057818861762,EB,4.298858184961732,34.026258699007386,-118.37033189241713,12189.934202866349,La Cienega/Jefferson,-165.0,True,False,0.12159952897509164,0.7644111283776944,0.09295203315404595
395,7910.0,0.2739865682704918,0.8608052519216056,1.0,0,4,0.04823245000280947,15.68377995342522,EB,4.396737221313943,34.02627541386488,-118.37054772322283,12189.934202866349,La Cienega/Jefferson,-145.0,True,False,0.10245567773971015,0.7681553619719643,0.07870187822022998
396,7930.0,0.3543323172652933,0.7666967904079104,1.0,0,4,0.0775491911309655,15.115316493140295,EB,4.356687306563773,34.02629146637307,-118.3707636256645,12189.934202866349,La Cienega/Jefferson,-125.0,True,False,0.13368506832995192,0.7598512819374188,0.1015807705464054
397,7950.0,0.5192945928871392,0.5478003925869688,1.0,1,4,0.09341234030357176,13.857658072619168,EB,4.081192338769405,34.02630726692483,-118.37097955535633,12189.934202866349,La Cienega/Jefferson,-105.0,True,False,0.17740726784075458,0.7425687732352131,0.13173709724352
398,7970.0,0.484583335840448,0.5776291942174366,1.0,1,4,0.24423842179108546,13.376074370207197,EB,3.2021558526573846,34.02632514472789,-118.3711952512841,12189.934202866349,La Cienega/Jefferson,-85.0,True,False,0.25999542298735834,0.7363482066403813,0.19144716345144866
399,7990.0,0.6382584508854325,0.38908685797776493,1.0,1,4,0.006719439551530881,12.21888253099704,EB,3.082186463186168,34.02634316484135,-118.37141093119695,12189.934202866349,La Cienega/Jefferson,-65.0,True,False,0.15531387746628725,0.722300327538905,0.11218326456523664
400,8010.0,0.3591354499672538,0.7611263339919397,1.0,0,4,0.0203392160493712,10.87470023047912,EB,2.57263388350226,34.02636118495481,-118.37162661110979,12189.934202866349,La Cienega/Jefferson,-45.0,True,False,0.1002353981852479,0.7075771861164812,0.07092428099718276
401,8030.0,0.36223821546479296,0.7611263339919397,1.0,0,4,0.020788909051310946,8.273218165285082,EB,1.7460502214004057,34.02637817997015,-118.37184240801429,12189.934202866349,La Cienega/Jefferson,-25.0,True,False,0.10107503455423535,0.6839510119982769,0.06913037217113008
402,8050.0,0.2839132452207522,0.8541323683776318,1.0,0,4,0.03035670064558452,7.6885619591532945,EB,1.4269674836626198,34.02639445494755,-118.37205828709475,12189.934202866349,La Cienega/Jefferson,-5.0,True,False,0.09331324103424707,0.6795247931392258,0.06340866081094745
403,8070.0,-0.3432647232405022,0.9994544116974132,1.0,0,4,0.01377501914761465,8.9408580272008,EB,0.8586385438422349,34.026412118254854,-118.37227400884252,11689.560199977781,La Cienega/Jefferson,15.0,True,False,0.025920189064426405,0.670869318051716,0.017389059561423288
404,8090.0,-0.06433614887863007,0.9994544116974132,1.0,0,4,0.014976422193909133,9.661781713629658,EB,0.407490511561376,34.02642989957565,-118.3724897172164,11689.560199977781,La Cienega/Jefferson,35.0,True,False,0.04328095555249229,0.6772301638371854,0.029311168619844293
405,8110.0,0.24094121401784963,0.9001955328616676,1.0,0,4,0.1291773478706851,10.272497182090468,EB,0.23820915553254904,34.02644768089645,-118.37270542559027,11689.560199977781,La Cienega/Jefferson,55.0,True,False,0.1459532959822385,0.6830043455418627,0.09968673540202659
406,8130.0,0.2905057808418441,0.8529816973935087,1.0,0,4,0.01740766270183033,9.36486418937735,EB,0.06939819827452137,34.02646657326946,-118.37292099796423,11689.560199977781,La Cienega/Jefferson,75.0,True,False,0.08661075338691429,0.6745506928274971,0.058423343703454526
407,8150.0,0.6531678292829698,0.37198345852080317,1.0,1,4,0.0020608109203611733,9.642171902687553,EB,-0.26433543879465177,34.02648555031208,-118.37313655997407,11689.560199977781,La Cienega/Jefferson,95.0,True,False,0.15656412443129275,0.6770506199315607,0.10600183750524876
408,8170.0,0.8728487929036322,0.1919036352331194,0.991669443518827,1,4,0.010735701206983705,9.935999049977717,EB,-0.569875344512065,34.02650539563579,-118.37335200763737,11689.560199977781,La Cienega/Jefferson,115.0,True,False,0.2591572075584485,0.6797790638475825,0.17616964394343576
409,8190.0,0.3286054593126935,0.8021805612487669,1.0,0,4,0.024348567512775247,10.377624704931865,EB,-0.5847957701144925,34.02652593342989,-118.37356736410716,11689.560199977781,La Cienega/Jefferson,135.0,False,False,0.09718954308752872,0.4840339965442956,0.047043042962970544
410,8210.0,0.5504410962712766,0.5130806262180405,1.0,0,4,0.00423667215171536,10.833279741022354,EB,-0.8653856939519247,34.02654647122399,-118.37378272057694,11689.560199977781,La Cienega/Jefferson,155.0,False,False,0.1313187796051029,0.4886180150084012,0.0641647214239711
411,8230.0,0.4876075218419777,0.5753126625897471,1.0,0,4,0.0013818960100011129,11.096189782274674,EB,-1.2830814864450015,34.02656700901809,-118.37399807704672,11689.560199977781,La Cienega/Jefferson,175.0,False,False,0.11495534317425099,0.4913525676967462,0.056483603039128846
412,8250.0,-0.054594779239245564,0.9994544116974132,1.0,0,4,0.0009667154403059386,11.454628166063785,EB,-1.4998419467100328,34.02658740555287,-118.3742134525529,11689.560199977781,La Cienega/Jefferson,195.0,True,False,0.03566408864215388,0.6951863531526579,0.024793187721652083
413,8270.0,-0.054296089172417766,0.9994544116974132,1.0,0,4,0.00097516840238878,12.234489354599862,EB,-1.5503219058001365,34.02660729239852,-118.3744288967458,11689.560199977781,La Cienega/Jefferson,215.0,True,False,0.035693615740711775,0.7039486343403811,0.025126472055344386
414,8290.0,-0.10354762198455604,0.9994544116974132,1.0,0,4,0.008008255114425308,13.11687604837119,EB,-1.5367285170146536,34.02662717924418,-118.3746443409387,11689.560199977781,La Cienega/Jefferson,235.0,True,False,0.03608850040008038,0.7145585346076806,0.02578734596207013
415,8310.0,0.00042861731790616586,0.9994544116974132,1.0,0,4,0.009420835001378509,12.396038290297838,EB,-1.3759897055913133,34.026647066089836,-118.3748597851316,11689.560199977781,La Cienega/Jefferson,255.0,True,False,0.045517501003071885,0.705835881641111,0.0321278854506034
416,8330.0,0.3544760252337651,0.7666967904079104,1.0,1,4,0.046417266135433476,12.369470011417459,EB,-1.1177712535718491,34.02666695293549,-118.37507522932451,11689.560199977781,La Cienega/Jefferson,275.0,True,False,0.11503203065065079,0.7055238047121755,0.08115783592841473
417,8350.0,0.6879286483941345,0.3323344695876817,1.0,1,4,0.16765144398032356,12.875190281573717,EB,-1.2938704553374594,34.026686840265576,-118.37529067345318,11689.560199977781,La Cienega/Jefferson,295.0,True,False,0.2655886237392568,0.7115790381204701,0.1889872974161198
418,8370.0,0.37252754143454997,0.749179067092327,1.0,1,4,0.0148247539493112,13.406488020405249,EB,-1.5116182376699392,34.0267067289463,-118.37550611740281,11689.560199977781,La Cienega/Jefferson,315.0,True,False,0.09940720753287188,0.7182018445049534,0.07139443980719529
419,8390.0,-0.03192314331812916,0.9994544116974132,1.0,0,4,0.0004683381928412984,14.693596645492804,EB,-1.4779570146100964,34.02672664914332,-118.37572155716974,11689.560199977781,La Cienega/Jefferson,335.0,True,False,0.037266891970739166,0.7353561770630002,0.02740443921062257
420,8410.0,-0.27943817429960954,0.9994544116974132,1.0,0,3,0.0006499388125573021,14.979071742308797,EB,-1.7703600404728186,34.02674657863878,-118.37593699570265,11689.560199977781,La Cienega/Jefferson,355.0,True,False,0.020979735248995178,0.7393738615497836,0.015511867865341675
421,8430.0,-0.47792338089050723,0.9994544116974132,1.0,0,3,0.0005731468825770744,14.966493448633468,EB,-2.0310820690341695,34.026766530393324,-118.37615243126734,11689.560199977781,La Cienega/Jefferson,375.0,True,False,0.013074906283346177,0.7391952106364574,0.009664908104170018
422,8450.0,-0.30988832601388033,0.9994544116974132,1.0,0,4,0.0038398194517167304,15.272895330423928,EB,-2.2607845109761233,34.026786606385706,-118.37636785026531,11689.560199977781,La Cienega/Jefferson,395.0,True,False,0.02143944298721697,0.7435897709867298,0.01594215050094772
423,8470.0,-0.046486824720184616,0.9994544116974132,1.0,0,4,0.0006491287070203378,15.766814376070656,EB,-2.971390311015397,34.02680668237809,-118.37658326926326,11689.560199977781,La Cienega/Jefferson,415.0,True,False,0.03614301801280221,0.7508612778784889,0.02713839269147791
424,8490.0,0.2497456273423838,0.8936420243149987,1.0,0,4,0.004127288827917379,16.514036091415317,EB,-3.5924948325991752,34.02682824742121,-118.37679848011135,11689.560199977781,La Cienega/Jefferson,435.0,True,False,0.07224411894246019,0.7623017895587336,0.05507182115493141
425,8510.0,0.3317095552653696,0.7981015622902907,1.0,0,4,0.004606514789953318,16.93843264237725,EB,-4.001041111466349,34.02685008309803,-118.37701365312837,11689.560199977781,La Cienega/Jefferson,455.0,True,False,0.08588579035524266,0.7690354469448479,0.06604921717205554
426,8530.0,0.5103901895770465,0.5524983735653055,1.0,0,4,0.022761505323404357,16.99281880974926,EB,-4.132563010599066,34.02687191877486,-118.3772288261454,11689.560199977781,La Cienega/Jefferson,475.0,True,False,0.13295211996260697,0.7699107114738766,0.10236126127237093
427,8550.0,0.5072766417570734,0.5524983735653055,1.0,0,4,0.1724953135630173,16.843431553607637,EB,-4.245578196508245,34.02689373282441,-118.37744400230304,11689.560199977781,La Cienega/Jefferson,495.0,True,False,0.22207635038139378,0.7675132768322126,0.17044654738816212
428,8570.0,0.18297171475870228,0.9333247169379676,1.0,0,4,0.0872518128270795,16.675211724415043,EB,-4.096237494185435,34.026915413892134,-118.37765919777173,11689.560199977781,La Cienega/Jefferson,515.0,True,False,0.11262383058907267,0.7648389491773528,0.08613909224007456
429,8590.0,-0.009961221597259845,0.9994544116974132,1.0,0,4,0.05439618840489921,16.440681702399512,EB,-3.629324424038686,34.02693709495985,-118.37787439324043,11689.560199977781,La Cienega/Jefferson,535.0,True,False,0.07155634043372139,0.7611552350745925,0.05446548312390677
430,8610.0,0.2905660298215909,0.8529816973935087,1.0,0,4,0.0008051071005045012,16.195368389475796,EB,-3.0878611265637472,34.02695877602756,-118.37808958870913,11689.560199977781,La Cienega/Jefferson,555.0,True,False,0.07665902849577838,0.7573579805804478,0.05805832701482171
431,8630.0,0.24719674158172386,0.8936420243149987,1.0,0,4,0.0007102592242103952,15.97302485990962,EB,-2.2824947564505806,34.026980457095284,-118.37830478417783,11689.560199977781,La Cienega/Jefferson,575.0,True,False,0.0698093071239219,0.7539655977153445,0.052633815971781836
432,8650.0,-0.02502202053451766,0.9994544116974132,1.0,0,4,0.000184129197945307,15.701490595484909,EB,-1.213371847677315,34.02700236918311,-118.37851994563803,11689.560199977781,La Cienega/Jefferson,595.0,True,False,0.03769393627825183,0.749886297988569,0.028266166332315282
433,8670.0,-0.03541220009628721,0.9994544116974132,1.0,0,4,0.0004174160171479316,15.454269971222331,EB,-0.4092806717493123,34.0270247935933,-118.37873503167924,11689.560199977781,La Cienega/Jefferson,615.0,True,False,0.03693757329298152,0.7462330929119791,0.02756403956308452
434,8690.0,0.43058148387401196,0.6560695660228453,1.0,0,4,0.0018993691173838766,15.058801917511108,EB,0.12708559441292544,34.02704721800348,-118.37895011772044,11689.560199977781,La Cienega/Jefferson,635.0,True,False,0.10304539698211672,0.7405097688766973,0.07630612310303476
435,8710.0,0.9190837244682335,0.1774617952191105,0.9793402199266911,3,4,0.1135321753195973,14.57185822073205,EB,0.4157459937770982,34.02706834823985,-118.37916538910336,11689.560199977781,La Cienega/Jefferson,655.0,True,False,0.33787875571375514,0.7336663823278404,0.24789028436994287
436,8730.0,0.9543034042892233,0.15730554669111285,0.9476841052982339,3,4,0.03494317408020463,14.256732852314897,EB,0.6452052239352042,34.02708360268206,-118.3793813751862,11689.560199977781,La Cienega/Jefferson,675.0,True,False,0.3038482940042621,0.7293575679981941,0.22161405275534887
437,8750.0,1.0620814245422352,0.1222785577762927,0.7577474175274909,2,4,0.14452973669685915,14.065942687747889,EB,0.8288761344197575,34.027101104878504,-118.37959709138096,11689.560199977781,La Cienega/Jefferson,695.0,True,False,0.40995175644211873,0.7267946113756014,0.2979507275060949
438,8770.0,0.9406381964713832,0.16303200394867404,0.9583472175941353,2,4,0.0879084547769965,13.979801994518768,EB,0.8405991655493326,34.0271219101621,-118.37981241097366,11689.560199977781,La Cienega/Jefferson,715.0,True,False,0.33052516233565843,0.7256487651601298,0.23984517590322196
439,8790.0,0.40409707151133645,0.6951107475572796,1.0,1,4,0.033348662506185935,14.058695278372582,EB,0.8773706081550943,34.02714271544569,-118.38002773056637,11689.560199977781,La Cienega/Jefferson,735.0,True,False,0.11658722886276598,0.7266979349176435,0.08472369845234272
440,8810.0,0.6832403228941829,0.3363480253862338,1.0,1,4,0.023727998288086413,14.464919312627059,EB,0.8273558700477697,34.027162514206644,-118.38024318509034,11689.560199977781,La Cienega/Jefferson,755.0,False,False,0.1779113352313847,0.5321936115488933,0.09468327603227648
441,8830.0,0.4576859908287005,0.6204769369744713,1.0,1,4,0.002442768882771154,14.59625612713981,EB,0.7804418112727504,34.02718193174619,-118.38045869073848,11689.560199977781,La Cienega/Jefferson,775.0,True,False,0.10905191661052621,0.7340039119638031,0.08004453339927668
442,8850.0,0.521873358949538,0.5478003925869688,1.0,0,3,0.0043837606125351905,14.598750815196308,EB,0.7943734047112541,34.027201975413874,-118.38067411405929,11689.560199977781,Culver City,-771.0,True,False,0.1245926989414582,0.7340384562184796,0.09145583238708178
443,8870.0,0.7246337384892074,0.2979879984754422,1.0,2,3,0.04227861300555933,14.147613556778516,EB,0.9698496331982375,34.02722201908156,-118.3808895373801,11689.560199977781,Culver City,-751.0,True,False,0.20091961388293528,0.7278875002483267,0.14624687550010876
444,8890.0,1.0788581997381927,0.11932808160593036,0.7237587470843052,2,3,0.041037731485057787,13.888910646352763,EB,1.07278935758296,34.027242062749245,-118.38110496070092,11689.560199977781,Culver City,-731.0,True,False,0.354099055523221,0.7244473573555552,0.2565261250158955
445,8910.0,1.019866797069619,0.13963037775327242,0.8470509830056647,2,3,0.05532768434448412,13.731770389278443,EB,1.0320547530819704,34.02726210641693,-118.38132038402173,11689.560199977781,Culver City,-711.0,True,False,0.3406451283974647,0.7223887532333346,0.2460782095980537
446,8930.0,0.14047246761004947,0.9904992980206317,1.0,0,3,0.0020021193455144206,13.54086682268898,EB,0.9402440619328227,34.02728215008461,-118.38153580734254,11689.560199977781,Culver City,-691.0,True,False,0.05603313811665023,0.7199193490825533,0.04033934031999164
447,8950.0,0.4935626496150467,0.5642087033653999,1.0,0,3,0.0022566948664688572,13.319213990300808,EB,1.158283402195494,34.0273021937523,-118.38175123066335,11689.560199977781,Culver City,-671.0,True,False,0.11681555285222156,0.7170955642808738,0.08376791478934606
448,8970.0,0.5133485856194352,0.5513541697862719,1.0,0,4,0.0027595716560960787,13.069423711276492,EB,1.7400968737962332,34.02732432115884,-118.38196634927866,11689.560199977781,Culver City,-651.0,True,False,0.12163415562677891,0.7139691717833516,0.08684303735341864
449,8990.0,0.01275688845813451,0.9994544116974132,1.0,0,4,0.0035180843656614793,12.928150302097391,EB,2.398107534866708,34.027348091444175,-118.38218122765547,11689.560199977781,Culver City,-631.0,True,False,0.04312616377637813,0.7122271874492849,0.030715626331927027
450,9010.0,0.317176097450332,0.8173233707045792,1.0,1,4,0.006679450479044423,12.834568937526655,EB,3.1794374292678875,34.02737186228968,-118.38239610594113,11689.560199977781,Culver City,-611.0,True,False,0.08461904093185507,0.7110836982407254,0.06017122056740682
451,9030.0,0.3767016057476007,0.7392381307917824,1.0,0,4,0.0028642757256415055,12.975605229076283,EB,4.027268689438319,34.02739676777682,-118.3826107995836,11689.560199977781,Culver City,-591.0,True,False,0.09301526783060471,0.7128102230021147,0.06630223380493477
452,9050.0,0.13889544445768642,0.9917557591713841,1.0,0,4,0.005087278657559746,13.109838951164885,EB,4.311797252550539,34.027421673263966,-118.3828254932261,11689.560199977781,Culver City,-571.0,True,False,0.05769093556454366,0.7144709982558097,0.041218500323111106
453,9070.0,0.5581151186461409,0.5001989253125061,1.0,1,4,0.056236145063758555,13.285432230464853,EB,4.666165589413184,34.027446438262224,-118.38304021002276,11689.560199977781,Culver City,-551.0,True,False,0.16439214283450734,0.7166692884059871,0.11781480002474176
454,9090.0,0.5984117660574412,0.44195853100703336,1.0,1,4,0.0035633760841007928,13.480389102218926,EB,4.966523108170714,34.0274708190718,-118.38325499013807,11689.560199977781,Culver City,-531.0,True,False,0.14292279928178178,0.7191442594278961,0.10278211064485879
455,9110.0,0.6114463899108724,0.4262959143332438,1.0,1,4,0.005252730008251196,13.657128402710814,EB,5.043954267516748,34.027495199881386,-118.3834697702534,11689.560199977781,Culver City,-511.0,True,False,0.1473191173671633,0.7214191171764166,0.10627882759422785
456,9130.0,0.3803898248246905,0.7348782058297642,1.0,0,4,0.006494734485106115,13.646771973056076,EB,5.053211240519654,34.027519580690964,-118.38368455036873,11689.560199977781,Culver City,-491.0,True,False,0.09589105232337398,0.7212849995847046,0.06916477763524169
457,9150.0,0.19209494112607955,0.9315163482894927,1.0,0,4,0.19365222496071516,13.436343425459848,EB,5.139955955181542,34.02754396150054,-118.38389933048404,11689.560199977781,Culver City,-471.0,True,False,0.17769169132056625,0.7185819483721756,0.1276860417586797
458,9170.0,0.16071515936730113,0.9614050412359159,1.0,0,4,0.002498428737248016,13.256236248647028,EB,4.982290316767654,34.02756141937301,-118.38411503975078,11689.560199977781,Culver City,-451.0,True,False,0.05886618363751033,0.7163017503609703,0.04216595037661896
459,9190.0,-0.037793627209273845,0.9994544116974132,1.0,0,4,0.0009930784877994463,13.179786249552718,EB,4.3042602587445735,34.02757728948412,-118.38433096211648,11689.560199977781,Culver City,-431.0,True,False,0.03708033418796334,0.7153431786821332,0.02652516412461347
460,9210.0,-0.018515404217844714,0.9994544116974132,1.0,0,4,0.0002964975321131524,12.989828851265258,EB,3.510854825188339,34.02759315959523,-118.38454688448219,11689.560199977781,Culver City,-411.0,True,False,0.03833291536048867,0.7129853918168851,0.02733080867778151
461,9230.0,-0.11200742047798092,0.9994544116974132,1.0,0,4,0.0004722251560578208,12.833501118640253,EB,2.6770631497857593,34.027608955205594,-118.38476281463949,11689.560199977781,Culver City,-391.0,True,False,0.03095044106967255,0.7110706982868922,0.022007951743699367
462,9250.0,-0.04984924641664007,0.9994544116974132,1.0,0,4,0.006526926205395296,12.82325278784326,EB,1.6289268976555193,34.02762453550787,-118.38497876731459,11689.560199977781,Culver City,-371.0,True,False,0.039390632900830294,0.7109459869772707,0.028004612385340147
463,9270.0,0.0018111244906614983,0.9994544116974132,1.0,0,4,0.0008479126930463086,12.89030832734041,EB,0.9625930043245486,34.02764011581014,-118.38519471998971,11689.560199977781,Culver City,-351.0,True,False,0.04050125609229882,0.7117637884421053,0.028827327472918506
464,9290.0,0.10176760175900511,0.9994544116974132,1.0,0,4,0.0007338752616334065,12.821215962120826,EB,0.7626433941023368,34.02765566229706,-118.38541067591603,11689.560199977781,Culver City,-331.0,True,False,0.0506992688557855,0.7109212128380564,0.03604318570495773
465,9310.0,0.08172711469915693,0.9994544116974132,1.0,0,4,0.0013412204453771988,12.708432957155145,EB,0.649954771013381,34.0276690112323,-118.38562684312775,11689.560199977781,Culver City,-311.0,True,False,0.04883235708049045,0.7095555625512149,0.0346492705989492
466,9330.0,-0.09020021103378359,0.9994544116974132,1.0,0,4,0.0021861741163201383,12.579038669913626,EB,0.632117652888512,34.02768236016754,-118.38584301033947,11689.560199977781,Culver City,-291.0,True,False,0.033591483024182474,0.708003634770948,0.023782892078467788
467,9350.0,0.20692674754810755,0.9219022547399828,1.0,0,4,0.0007555162734753037,12.403788832720037,EB,0.8069075972477043,34.02769570910279,-118.38605917755119,11689.560199977781,Culver City,-271.0,True,False,0.06399568991770381,0.7059270473991053,0.04517628842987334
468,9370.0,0.07855209629743123,0.9994544116974132,1.0,0,4,0.01976722815138314,12.438687488950873,EB,0.8184324559075716,34.02770986585223,-118.38627526998376,11689.560199977781,Culver City,-251.0,True,False,0.05954273607140495,0.7063382487999463,0.04205731192543357
469,9390.0,-0.09422660436687995,0.9994544116974132,1.0,0,4,0.00036136908727307077,12.586637182594771,EB,0.5165972403235995,34.027724377043924,-118.3864913296057,11689.560199977781,Culver City,-231.0,True,False,0.03219299327777379,0.7080943307821126,0.022795676030898285
470,9410.0,-0.34809628596085895,0.9994544116974132,1.0,0,4,0.0011476351152527337,12.615160462644818,EB,0.270090649722722,34.02773888823562,-118.38670738922765,11689.560199977781,Culver City,-211.0,False,False,0.018138831837969938,0.5084352739422633,0.009222421934530892
471,9430.0,-0.19293105574631692,0.9994544116974132,1.0,0,4,0.0027301191826791483,11.968517037240224,EB,0.0754021951384618,34.02775339942731,-118.3869234488496,11689.560199977781,Culver City,-191.0,False,False,0.026959171811035947,0.5008954238291367,0.013503725790371365
472,9450.0,-0.2291078103348626,0.9994544116974132,1.0,0,4,0.005096314653272802,11.573366678592588,EB,-0.35238158546497506,34.027771497011294,-118.38713911476027,11689.560199977781,Culver City,-171.0,False,False,0.026286185290533982,0.4964832299604637,0.01305065017638354
473,9470.0,-0.16329977089821637,0.9994544116974132,1.0,0,4,0.0014343321091983834,10.876590933455152,EB,-0.37209124016786704,34.02778998378474,-118.38735473794603,11689.560199977781,Culver City,-151.0,False,False,0.02802791486079057,0.4890639878099477,0.01370744381181593
474,9490.0,0.03532694038910747,0.9994544116974132,1.0,0,4,0.0002682993125261718,10.759576607139222,EB,-0.36185096488825247,34.027808470558185,-118.38757036113178,11689.560199977781,Culver City,-131.0,False,False,0.04336121531497339,0.48786318866909395,0.021154340768130067
475,9510.0,-0.0034116738224811427,0.9994544116974132,1.0,1,4,0.0005005184764291254,10.442456430219172,EB,-0.36759446077516006,34.027826957331634,-118.38778598431753,11689.560199977781,Culver City,-111.0,False,True,,0.48467420439111714,
476,9530.0,-0.09015912877138721,0.9994544116974132,1.0,0,4,0.0011651943573586546,11.616525899457883,EB,0.0597325166335596,34.02784585562773,-118.38800155549035,11689.560199977781,Culver City,-91.0,False,True,,0.49695793443892083,
477,9550.0,-0.2526123832422753,0.9994544116974132,1.0,0,4,0.0010602203802356322,11.938713867119155,EB,0.44047465681478404,34.02786531103171,-118.38821705624946,11689.560199977781,Culver City,-71.0,False,True,,0.5005574813901766,
478,9570.0,-0.2740054247550693,0.9994544116974132,1.0,0,4,0.0016235589155348437,7.851208784282022,EB,0.6005362409453104,34.02788476643569,-118.38843255700858,11689.560199977781,Culver City,-51.0,False,True,,0.4621908739377884,
479,9590.0,-0.12414159775021473,0.9994544116974132,1.0,0,4,0.0008103059380393135,7.172861629740241,EB,0.9662467432779299,34.02790422183967,-118.3886480577677,11689.560199977781,Culver City,-31.0,False,True,,0.4573570523815087,
480,9610.0,,,,0,2,0.0004523109060017435,5.76198551189847,EB,0.7940898718602863,34.02792367724365,-118.38886355852682,11689.560199977781,Culver City,-11.0,False,True,,0.44870137264368126,
481,9630.0,,,,0,2,0.0005204625650972801,3.5508887097638624,EB,0.4717330465572589,34.02794313264763,-118.38907905928593,10877.532706736289,Culver City,9.0,False,True,,0.40885915968514047,
482,9645.0,,,,0,0,,,EB,0.4789562400371046,34.027957762270646,-118.38924067973062,10877.532706736289,Culver City,24.0,False,True,,0.4028788301139455,
0,10.0,,,,0,0,,,WB,6.11077171997153,34.018255216087745,-118.28583831788292,13330.738339443767,Expo Park/USC,10.0,True,True,,0.6937399327169341,
1,30.0,,,,0,0,,,WB,5.258598749894924,34.01825366281875,-118.28605506822473,13330.738339443767,Expo Park/USC,30.0,True,True,,0.6937399327169341,
2,50.0,,,,1,1,,4.018196777430379,WB,3.3823584826533444,34.018252109549756,-118.28627181856653,13330.738339443767,Expo Park/USC,50.0,True,True,,0.7013978980882531,
3,70.0,,,,0,1,0.0003072643530602757,6.062193814909326,WB,0.883111318223488,34.0182507139768,-118.286488569406,13330.738339443767,Expo Park/USC,70.0,True,True,,0.7111704642309642,
4,90.0,2.0959727842736835,0.26369334925281684,0.4478507164278574,1,2,0.49131631219087285,7.019231661027501,WB,-0.2002255131439744,34.01825131464739,-118.28670532654523,13330.738339443767,Expo Park/USC,90.0,True,True,,0.7171083956843596,
5,110.0,1.7796713426127586,0.26369334925281684,0.850049983338887,1,2,0.4971623064585134,8.92986032995377,WB,-0.4118857657180096,34.018251915317975,-118.28692208368447,13330.738339443767,Expo Park/USC,110.0,True,True,,0.7315615702838296,
6,130.0,1.1881991615306866,0.28435391363548634,0.9930023325558147,2,2,0.3067477145914444,10.196536857908628,WB,-0.5838947312114896,34.018252515988564,-118.2871388408237,13330.738339443767,Expo Park/USC,130.0,True,True,,0.7430523603269852,
7,150.0,1.0027440199199515,0.3649351650346376,1.0,1,2,0.017641944115131925,10.938856130700632,WB,0.029814386465383536,34.01825375381884,-118.287355593696,13330.738339443767,Expo Park/USC,150.0,True,False,0.2739855444743124,0.7504937159473624,0.205624429388388
8,170.0,1.1727279287794317,0.2929430424554961,0.9930023325558147,2,2,0.0034325742511165805,12.315220552385192,WB,0.47991177515934846,34.01825517462351,-118.28757234534295,13330.738339443767,Expo Park/USC,170.0,True,False,0.32037131872221297,0.7656741270956853,0.245300029809124
9,190.0,0.7414710570500318,0.5507579432716639,1.0,0,2,0.0019072449879091631,12.721736997319038,WB,-0.1062436556643489,34.01825659542819,-118.2877890969899,13330.738339443767,Expo Park/USC,190.0,True,False,0.18164919786771339,0.7705014979949254,0.13996097906664978
10,210.0,0.33847618752199365,0.9270293260244249,1.0,0,2,0.0010458038098990776,12.612985745114024,WB,-0.5529366788862874,34.01825765091369,-118.28800585135072,13330.738339443767,Expo Park/USC,210.0,True,False,0.08493972342351931,0.769194721186856,0.06533518687644259
11,230.0,0.2683012476229739,0.9450248286321478,1.0,0,2,0.001886756213663252,12.76619542644183,WB,-0.7033154816637059,34.01825847251784,-118.28822260744897,13330.738339443767,Expo Park/USC,230.0,False,False,0.07375426187974932,0.5710389500360579,0.0421165562644965
12,250.0,0.5643531123683939,0.7333992319038718,1.0,1,2,0.01461457992999979,12.6501313419081,WB,-0.4689522030515648,34.018259294122,-118.28843936354723,13330.738339443767,Expo Park/USC,250.0,False,False,0.1409556357856017,0.5696398085574561,0.08029394138400466
13,270.0,0.12735593434026382,0.9450248286321478,1.0,0,2,0.0005554484153585408,11.74248877873508,WB,0.1124539444971965,34.01826011572614,-118.2886561196455,13330.738339443767,Expo/Vermont,-266.0,False,False,0.0535756718623034,0.559138962251158,0.02995624556699689
14,290.0,0.06768435856741595,0.9450248286321478,1.0,0,2,0.0003722482344565326,11.428224393557448,WB,0.20396350183671166,34.01826050378128,-118.28887287744567,13330.738339443767,Expo/Vermont,-246.0,False,False,0.04674093153376182,0.5556852546727005,0.02597324644297769
15,310.0,-0.801177809321638,0.9991165268379514,1.0,0,2,0.0003931148743605956,11.1248701641717,WB,0.26045031482895337,34.01826086714306,-118.28908963534278,13330.738339443767,Expo/Vermont,-226.0,False,False,0.005987240140382721,0.5524403107857165,0.0033075928039017475
16,330.0,-0.8064278166133196,0.9991165268379514,1.0,0,2,0.00040042070669892016,10.331050202124864,WB,0.3945216666204483,34.018261134998916,-118.28930639328836,13330.738339443767,Expo/Vermont,-206.0,False,False,0.0059174409687210855,0.5443620073766676,0.0032212300442659427
17,350.0,,,,0,1,0.0004090532620189816,9.339681078300279,WB,0.3664413915290712,34.01826092479995,-118.28952315147649,13330.738339443767,Expo/Vermont,-186.0,False,False,,0.5351127494507909,
18,370.0,,,,0,1,0.002837559118430863,8.308691359609092,WB,-0.3806023255033304,34.01826071460098,-118.28973990966462,13330.738339443767,Expo/Vermont,-166.0,False,False,,0.5264827654464099,
19,390.0,,,,0,1,0.0005455815395284311,11.883027557294383,WB,-0.18303232427536542,34.01826050440201,-118.28995666785275,13330.738339443767,Expo/Vermont,-146.0,False,False,,0.5607137733961348,
20,410.0,,,,0,1,0.0003027608688139407,9.94200696805694,WB,-0.09074107510613698,34.018260459727514,-118.29017342585482,13330.738339443767,Expo/Vermont,-126.0,False,False,,0.5406211762080506,
21,430.0,,,,0,1,0.0023598597406826217,10.173489232867198,WB,-0.20985397541088452,34.01826100925315,-118.29039018318893,13330.738339443767,Expo/Vermont,-106.0,False,False,,0.5428296867112109,
22,450.0,,,,0,1,0.00014890035829037105,9.739059023164256,WB,0.07758133254814832,34.01826155877879,-118.29060694052305,13330.738339443767,Expo/Vermont,-86.0,False,False,,0.5387267213045908,
23,470.0,-0.8963313609497792,0.9991165268379514,1.0,0,2,0.0014975256310400618,8.718940686402458,WB,0.4911389639060311,34.01826210830443,-118.29082369785716,13330.738339443767,Expo/Vermont,-66.0,False,False,0.005442827412400099,0.5297960072329545,0.002883588231147646
24,490.0,-0.7366293191427322,0.9991165268379514,1.0,0,2,0.00047803542040799365,6.189618066712624,WB,0.36719133503192536,34.018263978215295,-118.29104044296498,13330.738339443767,Expo/Vermont,-46.0,False,False,0.007032437919887811,0.511910927309375,0.0035999818168153818
25,510.0,-0.7511232743581179,0.9991165268379514,1.0,0,2,0.0004689676385487351,3.453016702076254,WB,0.24959878276092387,34.01826622370762,-118.29125718459505,13330.738339443767,Expo/Vermont,-26.0,False,False,0.006789921935135476,0.49939513773694877,0.0033908540000201107
26,530.0,-0.3329178421580904,0.9991165268379514,1.0,0,2,0.00037835403845692646,5.1269738144842005,WB,-0.10872885309009786,34.018268469199946,-118.29147392622512,13330.738339443767,Expo/Vermont,-6.0,False,False,0.018328885973384168,0.5062072552458213,0.009278215060300434
27,550.0,,,,0,1,0.006201293708815201,8.236724535160953,WB,-0.4596399742980494,34.01826975809628,-118.29169067762294,13499.757115135357,Expo/Vermont,14.0,False,False,,0.5321780765075999,
28,570.0,,,,0,1,0.0012223883085705277,9.675576618992215,WB,-1.0732938393896114,34.01827059476074,-118.29190743363847,13499.757115135357,Expo/Vermont,34.0,False,False,,0.5444022225144199,
29,590.0,,,,0,1,0.004117354559528802,9.51460804839645,WB,-1.3997911761434743,34.0182714314252,-118.29212418965399,13499.757115135357,Expo/Vermont,54.0,False,False,,0.542937109123901,
30,610.0,-0.5568309506247549,0.9991165268379514,1.0,0,2,0.0019338788191417852,8.878416091951454,WB,-1.3153667092539205,34.01827226808966,-118.29234094566952,13499.757115135357,Expo/Vermont,74.0,False,False,0.011657682280624311,0.5373871177147055,0.006264688280018493
31,630.0,-0.33480902833136394,0.9991165268379514,1.0,0,2,0.0012491341019265298,8.1622245687207,WB,-0.8399808230108089,34.01827310318481,-118.2925577016937,13499.757115135357,Expo/Vermont,94.0,False,False,0.018768901558788836,0.5315986170024001,0.009977522111306336
32,650.0,-0.11048309971832304,0.9906762655606791,1.0,0,2,0.0015720970785210167,6.213403411991126,WB,-0.23005300550573032,34.01827393077882,-118.29277445775922,13499.757115135357,Expo/Vermont,114.0,False,False,0.03172058927027689,0.5183109172200367,0.016441127719437273
33,670.0,-0.3758344939168517,0.9991165268379514,1.0,0,2,0.001963815896845194,3.70592096351274,WB,-0.028146692996664446,34.018274758372826,-118.29299121382476,13499.757115135357,Expo/Vermont,134.0,False,False,0.01749578421796512,0.5065139332186289,0.008861858478985926
34,690.0,-0.44087353050134004,0.9991165268379514,1.0,0,2,0.0007655609398243955,5.913675504434278,WB,-0.3352267806234663,34.018276091437585,-118.29320796525533,13499.757115135357,Expo/Vermont,154.0,False,False,0.014393106212289794,0.5165869286517826,0.007435290531965676
35,710.0,0.30972626474289666,0.9280757470948244,1.0,0,2,0.010742478982249108,9.092854468979205,WB,-0.7273648218672972,34.018278031695075,-118.29342471111822,13499.757115135357,Expo/Vermont,174.0,False,False,0.08579421472182089,0.5392149329391345,0.046261521737792355
36,730.0,0.8065008894188825,0.506999322418874,1.0,1,2,0.028489556712779824,11.76220790043552,WB,-1.2743934234057959,34.018279971952566,-118.29364145698109,13499.757115135357,Expo/Vermont,194.0,False,False,0.21731168927043515,0.5656188627002328,0.1229155905366099
37,750.0,0.8603031555964947,0.45933680192426146,1.0,1,2,0.7806894417845593,13.78711366206182,WB,-1.365979865506404,34.01828369382867,-118.29385815756224,13499.757115135357,Expo/Vermont,214.0,False,False,0.5171222651039774,0.5901566379680392,0.3051831373921804
38,770.0,0.8703468427022214,0.4566116998508397,1.0,1,2,0.282602974930145,14.999730514637601,WB,-0.9095097299932476,34.01828784308463,-118.29407483898139,13499.757115135357,Expo/Vermont,234.0,False,False,0.389887937312036,0.6067131425153083,0.2365501356753969
39,790.0,0.7758398087435929,0.521090649436395,1.0,0,2,0.013437771398086832,15.695329664583054,WB,-0.4587712556672885,34.01828819419664,-118.29429159690748,13499.757115135357,Expo/Vermont,254.0,False,False,0.198876433819957,0.6168400893015695,0.12267495719747996
40,810.0,0.5377638026285788,0.7651065685702125,1.0,0,2,0.014431955052544304,15.905366361577697,WB,-0.33946152438013694,34.01828854530866,-118.2945083548336,13499.757115135357,Expo/Vermont,274.0,False,False,0.13438062826739758,0.6199881480211754,0.08331439684942583
41,830.0,0.12220332180578702,0.9450248286321478,1.0,0,2,0.0023252647731319643,15.939218277393529,WB,-0.2420255417287912,34.018288896420664,-118.2947251127597,13499.757115135357,Expo/Vermont,294.0,False,False,0.05402442876261228,0.6204994410093725,0.033522127848051586
42,850.0,0.3991752592709833,0.902083336314012,1.0,0,2,0.07940168320990496,15.834147462829598,WB,-0.36218183026425815,34.01828930536947,-118.29494187044759,13499.757115135357,Expo/Vermont,314.0,False,False,0.14325306873716415,0.618916020312884,0.08866161920041364
43,870.0,0.4558398087949751,0.8591681409653863,1.0,0,2,0.08334232231258043,15.988511028664252,WB,-0.5194154722467996,34.018290197535116,-118.29515862614525,13499.757115135357,Expo/Vermont,334.0,False,False,0.15719738484482526,0.6212458933561785,0.09765822978117847
44,890.0,1.2017589844257142,0.2783630532534531,0.9930023325558147,2,2,0.0017099038658669374,16.09813231921966,WB,-0.5606543701365823,34.01829108970075,-118.2953753818429,13499.757115135357,Expo/Vermont,354.0,False,False,0.3283593436472717,0.6229141781596269,0.20453969068907477
45,910.0,1.2659847367425736,0.2760251973502762,0.9903365544818394,2,2,0.0022140547562741275,16.109420148155944,WB,-0.5490928443396869,34.0182919818664,-118.29559213754055,13499.757115135357,Expo/Vermont,374.0,False,False,0.3480248432380488,0.6230866106649642,0.21684962000040128
46,930.0,1.3478688261279106,0.26369334925281684,0.9833388870376542,2,2,0.0170289718844856,16.106206555530463,WB,-0.5582049023893283,34.018292205590264,-118.2958088949283,13499.757115135357,Expo/Vermont,394.0,False,False,0.38017304807204505,0.6230375076224633,0.2368620683360419
47,950.0,1.7054642237793893,0.26369334925281684,0.9003665444851716,2,2,0.8611246970510311,16.10056411967472,WB,-0.4889491657398503,34.0182920766462,-118.29602565320772,13499.757115135357,Expo/Vermont,414.0,False,False,0.7481754516242931,0.622951316049257,0.46607688222510063
48,970.0,1.1048113491710478,0.29969061299637323,0.9950016661112963,1,2,0.39692599354841207,16.109529714482505,WB,-0.5432946127413988,34.01829194770214,-118.29624241148714,13499.757115135357,Expo/Vermont,434.0,False,False,0.5348513898916611,0.6230882849888713,0.33325963525150926
49,990.0,-0.34076837210825495,0.9991165268379514,1.0,0,2,0.0010564401817590929,16.074655444228654,WB,-0.5556746694550501,34.01829248312878,-118.29645916801336,13499.757115135357,Expo/Vermont,454.0,False,False,0.018395830599442827,0.6225559332916764,0.011452433487511708
50,1010.0,-0.47561754689669206,0.9991165268379514,1.0,0,2,0.0004287453783142185,15.964214101828858,WB,-0.4845121706068375,34.018293408648354,-118.29667592351016,13499.757115135357,Expo/Vermont,474.0,False,False,0.013060071494858909,0.6208776709212649,0.0081087067717932
51,1030.0,-1.102566426985675,0.9991165268379514,1.0,0,2,0.0008995420000766829,15.793169780337806,WB,-0.3766688971805337,34.01829433416792,-118.29689267900697,13499.757115135357,Expo/Vermont,494.0,False,False,0.0032628547343411104,0.6183013238075612,0.002017427401634877
52,1050.0,-0.8204442748856056,0.9991165268379514,1.0,0,2,0.00029046403070676275,15.659598840864966,WB,-0.3176327911892413,34.018294982725614,-118.2971094352209,13499.757115135357,Expo/Vermont,514.0,False,False,0.005658018810403098,0.616308715866098,0.003487086307385761
53,1070.0,,,,0,1,0.0012537157358991074,15.41157907627657,WB,-0.2580651785972837,34.018294838795825,-118.29732619348678,13499.757115135357,Expo/Vermont,534.0,False,False,,0.6126536517058658,
54,1090.0,,,,0,1,0.00032632584358267597,14.890126699224343,WB,-0.3004855715858545,34.018294694866036,-118.29754295175266,13499.757115135357,Expo/Vermont,554.0,False,False,,0.6051593232238305,
55,1110.0,,,,0,1,0.000321454998264392,14.42314724423576,WB,-0.24105602572373133,34.01829458719592,-118.29775971002023,13499.757115135357,Expo/Vermont,574.0,False,False,,0.5986668062042239,
56,1130.0,,,,0,1,0.0021179667700014066,14.322034220581479,WB,-0.21017890615308032,34.018294717023686,-118.2979764682989,13499.757115135357,Expo/Vermont,594.0,False,False,,0.5972882542178317,
57,1150.0,,,,0,1,0.0015707885191599772,14.60643185902164,WB,-0.13671292282031242,34.018294846851454,-118.29819322657757,13499.757115135357,Expo/Vermont,614.0,False,False,,0.6011903900943123,
58,1170.0,-0.5349401741777011,0.9991165268379514,1.0,0,2,0.0008832975667864762,14.861192071575294,WB,-0.008309700968514282,34.01829497667922,-118.29840998485624,13499.757115135357,Expo/Vermont,634.0,False,False,0.011605375222311785,0.6047510272331789,0.007018362587119533
59,1190.0,-0.6252694773105563,0.9991165268379514,1.0,0,2,0.00025515475926587327,15.190716129099833,WB,0.015863248397539456,34.01829546241625,-118.29862674186461,13499.757115135357,Expo/Vermont,654.0,False,False,0.009027542811522576,0.6094479149297027,0.005501817143421061
60,1210.0,-0.5439443703171511,0.9991165268379514,1.0,0,2,0.00017732629689068289,15.342757862527947,WB,-0.15626603952408089,34.01829640996412,-118.29884349722474,13499.757115135357,Expo/Vermont,674.0,False,False,0.01094035235489193,0.6116497765833395,0.006691664073612662
61,1230.0,-0.4001363662641109,0.9991165268379514,1.0,0,2,0.0006303169914905647,15.400147864072526,WB,-0.09611608330844396,34.018297357512,-118.29906025258485,13499.757115135357,Expo/Vermont,694.0,False,False,0.015762019613701633,0.6124865967656029,0.009654025751348796
62,1250.0,-0.2668268373612743,0.9991165268379514,1.0,0,2,0.014123412210509374,15.536352337869321,WB,-0.06651767192103784,34.01829836512563,-118.29927700747731,13499.757115135357,Expo/Vermont,714.0,False,False,0.02969666277983721,0.6144851400100103,0.01824815798609833
63,1270.0,-0.296842432516512,0.9991165268379514,1.0,0,2,0.00041273949474687646,15.567538809300707,WB,-0.08146436310532004,34.018299767776966,-118.29949375929407,13499.757115135357,Expo/Vermont,734.0,False,False,0.019993724511395035,0.6149452185317065,0.012295045288922555
64,1290.0,-0.12724614781317647,0.9965193632482549,1.0,0,2,0.00023855304605383408,15.637251827653337,WB,0.0379042392432612,34.01830117042831,-118.29971051111082,13499.757115135357,Expo/Vermont,754.0,False,False,0.02972849335139774,0.6159769962763825,0.018312068038416385
65,1310.0,0.3529847021217979,0.9171407363237415,1.0,0,2,0.0013701003188541377,15.67619758582293,WB,0.08635431398852146,34.018302573079644,-118.29992726292757,13499.757115135357,Expo/Vermont,774.0,False,False,0.0877330046999069,0.6165554146367245,0.0540922590900768
66,1330.0,0.4231428467690779,0.8857148567197906,1.0,0,2,0.0016978051203024572,15.753604622017388,WB,0.23486933542844843,34.018303435452324,-118.30014401691422,13499.757115135357,Expo/Vermont,794.0,False,False,0.10140589140790007,0.6177093276824102,0.06263936500460944
67,1350.0,0.12393394586663938,0.9450248286321478,1.0,0,2,0.0006738939074620565,15.82693815007514,WB,0.2596750638947135,34.01830324513912,-118.30036077512874,13499.757115135357,Expo/Western,-789.0,False,False,0.05323883814836708,0.618807759654292,0.03294460616118849
68,1370.0,0.06875935725614199,0.9450248286321478,1.0,0,2,0.00434630489519771,15.792361382226108,WB,0.5083912379783285,34.01830305482592,-118.30057753334326,13499.757115135357,Expo/Western,-769.0,False,False,0.04923943040566465,0.6182892132407143,0.030444208685939302
69,1390.0,0.24231591801019708,0.9450248286321478,1.0,0,2,0.16300152792648182,15.705862448472164,WB,0.46885974802405894,34.01830286451272,-118.30079429155778,13499.757115135357,Expo/Western,-749.0,False,False,0.16645263069411687,0.6169969594492878,0.1027007670306053
70,1410.0,0.10266458337121842,0.9450248286321478,1.0,0,2,0.012154731805601929,15.617139244356459,WB,0.16778808449613897,34.01830336210792,-118.30101104872476,13499.757115135357,Expo/Western,-729.0,False,False,0.057653789342124465,0.6156788496538912,0.035496218700346964
71,1430.0,-0.29012806591735285,0.9991165268379514,1.0,0,2,0.0002622123760503796,15.585257796230167,WB,-0.19797042682272548,34.01830401208769,-118.3012278056597,13499.757115135357,Expo/Western,-709.0,False,False,0.02022488534939736,0.6152070289493881,0.012442491626644755
72,1450.0,-0.3378993832659285,0.9991165268379514,1.0,0,2,0.00032628088478440186,15.498838758153125,WB,-0.5262776184107445,34.01830466206746,-118.30144456259464,13499.757115135357,Expo/Western,-689.0,False,False,0.018081234487919456,0.6139329431554493,0.011100665505052206
73,1470.0,-0.44799263882382845,0.9991165268379514,1.0,0,2,0.0002319539070114734,15.313995547764524,WB,-0.6697664169932681,34.018304446032275,-118.30166131983802,13499.757115135357,Expo/Western,-669.0,False,False,0.01383355723711985,0.6112315602486684,0.008455506773834024
74,1490.0,-0.5337469702632616,0.9991165268379514,1.0,0,2,0.0016866539981715447,14.913475584251298,WB,-0.7871677688260116,34.018303903563144,-118.30187807719766,13499.757115135357,Expo/Western,-649.0,False,False,0.012119776371708049,0.6054893779090562,0.007338395855702385
75,1510.0,,,,0,1,0.00031506588714892795,14.439761257851426,WB,-0.6138032123214178,34.01830336109401,-118.30209483455731,13499.757115135357,Expo/Western,-629.0,False,False,,0.5988942455779417,
76,1530.0,,,,0,1,0.0006582756115362215,13.519952414003182,WB,-0.3389830418458368,34.01830281862488,-118.30231159191695,13499.757115135357,Expo/Western,-609.0,False,False,,0.5866964515191527,
77,1550.0,,,,0,1,0.0013600566111443343,12.613795740766495,WB,-0.23688567490217483,34.01830343722776,-118.30252834799138,13499.757115135357,Expo/Western,-589.0,False,False,,0.5754644800709954,
78,1570.0,,,,0,1,0.02276295322040945,13.297168905651604,WB,0.044447468780491536,34.01830431382786,-118.30274510378025,13499.757115135357,Expo/Western,-569.0,False,False,,0.5838628016193635,
79,1590.0,,,,0,1,0.03248998241775151,14.01632999208412,WB,0.2569484221094555,34.01830501538409,-118.30296186014182,13499.757115135357,Expo/Western,-549.0,False,False,,0.5931793386264387,
80,1610.0,,,,0,1,0.0006092769158288059,14.363384044468763,WB,0.43533397993925516,34.018305126405,-118.3031786184355,13499.757115135357,Expo/Western,-529.0,False,False,,0.5978508362365266,
81,1630.0,,,,0,1,0.009865179711397429,14.239183445588512,WB,0.5208581073539477,34.018305237425906,-118.30339537672916,13499.757115135357,Expo/Western,-509.0,False,False,,0.5961659146081117,
82,1650.0,,,,0,1,0.006043704972395286,13.695090026669277,WB,0.7682879723219853,34.018305348446816,-118.30361213502283,13499.757115135357,Expo/Western,-489.0,False,False,,0.5889571333168204,
83,1670.0,-0.3128752673011478,0.9991165268379514,1.0,0,2,0.0003893083683042768,12.807147012076111,WB,0.7497770792761843,34.018305459467726,-118.3038288933165,13499.757115135357,Expo/Western,-469.0,False,False,0.019231928220492495,0.5777957345347586,0.011112126092679215
84,1690.0,-0.38490492494404166,0.9991165268379514,1.0,0,2,0.001054359601725709,11.64023961675823,WB,0.846451153991175,34.018305570488636,-118.30404565161018,13499.757115135357,Expo/Western,-449.0,False,False,0.01659538125826421,0.5642650481150434,0.009364193604181946
85,1710.0,-0.12413711655938536,0.9940944590469448,1.0,0,2,0.002295380763944533,15.020548987255573,WB,0.7308151760996269,34.018305681509545,-118.30426240990386,13499.757115135357,Expo/Western,-429.0,False,False,0.03118033562417135,0.6070095673532705,0.01892676203715802
86,1730.0,0.09360345140862603,0.9450248286321478,1.0,0,2,0.01219200515067124,10.864130282046727,WB,0.5531339150718139,34.018305792530455,-118.30447916819752,13499.757115135357,Expo/Western,-409.0,False,False,0.05665416736401757,0.555981035325539,0.03149864262655285
87,1750.0,0.074706208826355,0.9450248286321478,1.0,0,2,0.018219581912146437,12.629796615579234,WB,0.4736969059952907,34.018307372645545,-118.3046959159098,13499.757115135357,Expo/Western,-389.0,False,False,0.058198970376997686,0.5756560581798899,0.033502589877350664
88,1770.0,-0.12743653746418832,0.9965193632482549,1.0,0,2,0.005606924627376943,13.828688203648642,WB,0.39527803743559026,34.01830943576109,-118.30491266014322,13499.757115135357,Expo/Western,-369.0,False,False,0.03293623079564028,0.590701185913124,0.01945547059049307
89,1790.0,-0.1883844434984771,0.9991165268379514,1.0,0,2,0.009297599938292322,14.653416020994385,WB,0.29355684140884347,34.01831149887663,-118.30512940437661,13499.757115135357,Expo/Western,-349.0,False,False,0.03117500284371526,0.6018424305542376,0.018762439483996862
90,1810.0,-0.26285466534856305,0.9991165268379514,1.0,0,2,0.0009006872063049394,15.191344066645748,WB,0.17552318050552207,34.01831356199217,-118.30534614861001,13499.757115135357,Expo/Western,-329.0,False,False,0.02196618361365806,0.6094569635979805,0.013387443567015756
91,1830.0,-0.3511032670194546,0.9991165268379514,1.0,0,2,0.0005674103886527949,15.556180376751762,WB,-0.07784543654590953,34.018315591046566,-118.30556289324014,13499.757115135357,Expo/Western,-309.0,False,False,0.017664319886206783,0.6147775463992528,0.010859627238453733
92,1850.0,-0.1995104084486235,0.9991165268379514,1.0,0,2,0.00022191888959274142,15.775722385470424,WB,-0.44300815460090043,34.01831704367229,-118.30577964458418,13499.757115135357,Expo/Western,-289.0,False,False,0.02506078085877374,0.6180400830539848,0.015488567083354237
93,1870.0,-0.30428680753092524,0.9991165268379514,1.0,0,2,0.0004892173068929112,15.85539544780407,WB,-0.5305520288292221,34.018318496298015,-118.3059963959282,13499.757115135357,Expo/Western,-269.0,False,False,0.019688967695458696,0.6192353834029173,0.012192105459705019
94,1890.0,-0.34535868596192343,0.9991165268379514,1.0,0,2,0.00041961469243485296,15.885205967668611,WB,-0.5003156347815576,34.01831994892373,-118.30621314727225,13499.757115135357,Expo/Western,-249.0,False,False,0.01781784900052203,0.6196841656794886,0.011041438892091604
95,1910.0,-0.3037818462209857,0.9991165268379514,1.0,0,2,0.00032206154450097003,15.8100466204944,WB,-0.35738320288313025,34.01832140154946,-118.30642989861627,13499.757115135357,Expo/Western,-229.0,False,False,0.019612268329508274,0.6185542963690397,0.012131252836759792
96,1930.0,0.4402279082202893,0.8658553875878883,1.0,0,2,0.362981797855424,15.457256934337737,WB,-0.4457071477622976,34.01832339544894,-118.30664664348512,13499.757115135357,Expo/Western,-209.0,False,False,0.3216900127330886,0.613322422009696,0.19729969774578784
97,1950.0,0.3276048295812959,0.9280757470948244,1.0,0,2,0.34934080530738454,14.994859576636678,WB,-0.3335027694111518,34.018325553769955,-118.30686338638702,13499.757115135357,Expo/Western,-189.0,False,False,0.2920109483247243,0.6066438467765544,0.17714664499258037
98,1970.0,0.0389280844745665,0.9451688785481638,1.0,0,2,0.0019830106966261876,14.56051901164641,WB,-0.3370035311550614,34.018327712090965,-118.3070801292889,13499.757115135357,Expo/Western,-169.0,False,False,0.04474830951392303,0.6005552401659113,0.02687383176715258
99,1990.0,0.4809986999097716,0.8267649210297751,1.0,0,2,0.004086686454983359,14.041686459262209,WB,-0.5441128325991778,34.018329836961044,-118.3072968726434,13499.757115135357,Expo/Western,-149.0,False,False,0.11510940763125355,0.5935167787383739,0.068319364819784
100,2010.0,0.5806556395216358,0.7179599735349157,1.0,0,2,0.019240490957812616,13.47393720065396,WB,-0.5435591190923122,34.018331762694814,-118.30751361869231,13499.757115135357,Expo/Western,-129.0,False,False,0.14780278248639506,0.586107312342168,0.08662829159979506
101,2030.0,-0.041319047100682876,0.9533181810132746,1.0,0,2,0.004104099477388208,12.892889231127333,WB,-0.5504324564267467,34.018333688428584,-118.3077303647412,13499.757115135357,Expo/Western,-109.0,False,False,0.03864886828888159,0.5788408865228317,0.022371545183440377
102,2050.0,-0.6017170837064645,0.9991165268379514,1.0,0,2,0.00034087964272321166,12.092671024373004,WB,-0.5856153464903512,34.01833568915129,-118.30794710972589,13499.757115135357,Expo/Western,-89.0,False,False,0.00960756431794603,0.5693578261247824,0.005470141934419779
103,2070.0,-0.5106080714157535,0.9991165268379514,1.0,0,2,0.00023718035074863587,11.03653602764468,WB,-0.5293828554406399,34.018338047036515,-118.30816384964183,13499.757115135357,Expo/Western,-69.0,False,False,0.011896784810326785,0.5577718888223935,0.006635692134569531
104,2090.0,-0.5159206220240256,0.9991165268379514,1.0,0,2,0.00034955802414935583,9.765390999733192,WB,-0.23789452717459125,34.01834040492174,-118.30838058955777,13499.757115135357,Expo/Western,-49.0,False,False,0.011812555365391013,0.5452303834727404,0.00644056409166512
105,2110.0,-0.318936301991268,0.9991165268379514,1.0,0,2,0.0025692259472780195,11.083799197838225,WB,-0.22266455783953998,34.01834276280695,-118.30859732947371,13499.757115135357,Expo/Western,-29.0,False,False,0.020264363696067347,0.5582677562131169,0.011312940851690061
106,2130.0,0.28544265242091144,0.9450248286321478,1.0,0,2,0.002447514124760642,7.915837802493707,WB,0.08306773559470074,34.018345120692175,-118.30881406938967,13499.757115135357,Expo/Western,-9.0,False,False,0.07681413361321808,0.5297197238537533,0.04068996164565919
107,2150.0,,,,0,1,0.00021700016114018888,8.071466489816492,WB,-0.5080978615416927,34.01834687979475,-118.30903081645268,13402.420374773175,Expo/Western,11.0,False,False,,0.5272946866032363,
108,2170.0,,,,0,1,0.0014015851959592622,10.089363795011547,WB,-0.9013184756489865,34.0183481247319,-118.30924756965275,13402.420374773175,Expo/Western,31.0,False,False,,0.5446761267153275,
109,2190.0,,,,0,1,0.0008937682562374449,11.032757544315682,WB,-1.3591344733671196,34.01834936966906,-118.30946432285283,13402.420374773175,Expo/Western,51.0,False,False,,0.5541272085512413,
110,2210.0,-0.004198153215119564,0.9533181810132746,1.0,0,2,0.0005199237155471106,8.063352118552439,WB,-1.950935506990309,34.01835061460622,-118.30968107605291,13402.420374773175,Expo/Western,71.0,False,False,0.03975293734475289,0.5272325896977939,0.020959044104368205
111,2230.0,0.04896124297287474,0.9451688785481638,1.0,0,2,0.004933652643136947,7.011937834207664,WB,-1.9733966273031853,34.01835185954338,-118.30989782925299,13402.420374773175,Expo/Western,91.0,False,False,0.04753115646229351,0.5197147935873502,0.024702645169768916
112,2250.0,0.08077515767544208,0.9450248286321478,1.0,0,2,0.001830508058008425,5.5762821312043025,WB,-1.459679154105098,34.01835570655287,-118.31011453172547,13402.420374773175,Expo/Western,111.0,False,False,0.04902218632628648,0.5111431200954365,0.025057353272717915
113,2270.0,0.2973444495155645,0.9408385835027244,1.0,0,2,0.004103190170822814,3.439145353859872,WB,-1.3969765545282842,34.018360345395315,-118.31033121876114,13402.420374773175,Expo/Western,131.0,False,False,0.0797481074024703,0.5020047311448942,0.04003392721589125
114,2290.0,-0.03669816894685232,0.9533181810132746,1.0,0,2,0.0021192217899397773,5.8279576609199175,WB,-0.9857963452018677,34.018364984237756,-118.31054790579678,13402.420374773175,Expo/Western,151.0,False,False,0.037849104206204486,0.5125044341489112,0.019397833734244006
115,2310.0,0.10399306802183544,0.9450248286321478,1.0,0,2,0.0011511288394866234,9.208112424261156,WB,-0.7253709973009183,34.0183696230802,-118.31076459283243,13402.420374773175,Expo/Western,171.0,False,False,0.05120304554319843,0.5366102548952688,0.027476079320349768
116,2330.0,0.2123207293567016,0.9450248286321478,1.0,0,2,0.002086447517068254,11.716596536249657,WB,-0.9838659550479937,34.01837446687169,-118.31098127338241,13402.420374773175,Expo/Western,191.0,False,False,0.065551262741329,0.5615058078579874,0.03680741474168113
117,2350.0,0.06671367477872568,0.9450248286321478,1.0,0,2,0.012230998779215128,13.648185884694641,WB,-1.018429343359927,34.01837937720111,-118.31119795182678,13402.420374773175,Expo/Western,211.0,False,False,0.053753401997675844,0.5847437111123983,0.03143196376903758
118,2370.0,0.3636867901019766,0.9171407363237415,1.0,0,2,0.006615267247940782,14.763324581327447,WB,-1.097280394581897,34.01838428753052,-118.31141463027116,13402.420374773175,Expo/Western,231.0,False,False,0.09283788401151834,0.5997707775273625,0.05568144987758345
119,2390.0,0.4389953381775907,0.8658553875878883,1.0,0,2,0.00042013192459741585,14.999731576577483,WB,-1.0019855233061936,34.01838919785994,-118.31163130871552,13402.420374773175,Expo/Western,251.0,False,False,0.10389645159985322,0.6031080283058661,0.06266078407236332
120,2410.0,0.02561480805472413,0.9533181810132746,1.0,0,2,0.0007995165479795776,15.181515650174926,WB,-0.7800738003779932,34.01838896326335,-118.31184806131968,13402.420374773175,Expo/Western,271.0,False,False,0.04272705219311322,0.6057102483049625,0.0258802133932297
121,2430.0,-0.17166020039013485,0.9991165268379514,1.0,0,2,0.0005936100870866228,15.209919563364243,WB,-0.49643921339044716,34.01838840320609,-118.31206481861508,13402.420374773175,Expo/Western,291.0,False,False,0.026990056092238316,0.6061196789848844,0.016359204134411512
122,2450.0,0.13697508508932557,0.9450248286321478,1.0,0,2,0.0009057306293107027,15.032808166030783,WB,-0.2814429176859546,34.01838784314884,-118.31228157591049,13402.420374773175,Expo/Western,311.0,False,False,0.054947438798070895,0.6035791832788672,0.03316513023300517
123,2470.0,0.5033743156508851,0.7958570739408737,1.0,0,2,0.0703357898820851,14.789075750863013,WB,-0.24398085360283384,34.01838798304617,-118.31249833325633,13402.420374773175,Expo/Western,331.0,False,False,0.15988748444500622,0.6001317222659162,0.09595355140874647
124,2490.0,0.7121624531954587,0.5678223148410666,1.0,1,2,0.05171949291919712,14.903446115262625,WB,-0.35412059334536194,34.01838852135091,-118.31271509063089,13402.420374773175,Expo/Western,351.0,False,False,0.20295996753977502,0.601742410869828,0.12212962017744626
125,2510.0,0.3828589521919591,0.9140467954486278,1.0,0,2,0.007391282834756445,15.377846952537903,WB,-0.45278831138110465,34.01838905965564,-118.31293184800543,13402.420374773175,Expo/Western,371.0,False,False,0.09689827917015123,0.6085559202695219,0.05896802145292442
126,2530.0,0.24534802272663297,0.9450248286321478,1.0,0,2,0.00029599227048371027,15.837119265741109,WB,-0.36566547812361017,34.0183902710519,-118.31314859786418,13402.420374773175,Expo/Western,391.0,False,False,0.06928292478745361,0.6153555322523897,0.0426336310585858
127,2550.0,-0.04868782941240854,0.9533181810132746,1.0,0,2,0.00018114638094980762,16.004065417797907,WB,-0.23704683228995843,34.01839328389876,-118.31336532528498,13402.420374773175,Expo/Western,411.0,False,False,0.035679327464329606,0.6178767864096131,0.022045428194916224
128,2570.0,,,,0,1,0.0011510739974442954,15.985983773436608,WB,0.034732980752445554,34.01839770009441,-118.31358201900153,13402.420374773175,Expo/Western,431.0,False,False,,0.6176024371281378,
129,2590.0,,,,1,1,0.008185278052132112,15.739649578361025,WB,0.2820718206056534,34.01840189101501,-118.31379871913403,13402.420374773175,Expo/Western,451.0,False,False,,0.6138957494022235,
130,2610.0,,,,1,1,0.8697646227472702,15.62047398513088,WB,0.5632007148782769,34.018406069563795,-118.31401541961887,13402.420374773175,Expo/Western,471.0,False,False,,0.6121231276114643,
131,2630.0,,,,0,1,0.014970462636222842,16.203833607503444,WB,0.7327412569859266,34.01841024811259,-118.31423212010372,13402.420374773175,Expo/Western,491.0,False,False,,0.6209284715726064,
132,2650.0,,,,0,1,0.0012295800329937185,16.884071707041418,WB,0.8457039969730845,34.01841442666137,-118.31444882058857,13402.420374773175,Expo/Western,511.0,False,False,,0.6316037994627712,
133,2670.0,0.35918147023010427,0.9171407363237415,1.0,0,2,0.00027162947407110356,17.61383084514331,WB,0.9026410541622182,34.01842017440841,-118.31466544952092,13402.420374773175,Expo/Western,531.0,False,False,0.08820327640534893,0.6435443191549151,0.05676271746151306
134,2690.0,-0.4473868086619876,0.9991165268379514,1.0,0,2,0.0001848446684131731,18.335988150544136,WB,0.6766820458285262,34.01842994919648,-118.31488189056977,13402.420374773175,Expo/Western,551.0,False,False,0.01382550635417313,0.6558577624057894,0.009067565661575011
135,2710.0,-0.17515700483999497,0.9991165268379514,1.0,0,2,5.533866143906602e-05,19.01113685302008,WB,0.38350456895433827,34.018441032171616,-118.31509824086086,13402.420374773175,Expo/Western,571.0,False,False,0.02644693748107532,0.6678171133067062,0.01766171744441465
136,2730.0,0.127160625038,0.9450248286321478,1.0,0,2,0.00032417578895672233,19.682771896823624,WB,0.20005457760722323,34.01845600125058,-118.31531420137615,13402.420374773175,Expo/Western,591.0,False,False,0.053413552437338724,0.6801432490871108,0.03632886710001632
137,2750.0,0.09085446718650975,0.9450248286321478,1.0,0,2,0.002346140457544264,20.330426419710214,WB,0.1680961366972172,34.01847566323762,-118.31552967520686,13402.420374773175,Expo/Western,611.0,False,False,0.05044029091771221,0.6924345447468301,0.034926599878503724
138,2770.0,0.1774852731137989,0.9450248286321478,1.0,0,2,0.0003178766505724374,20.930722544436016,WB,0.2893728561590433,34.018500847404106,-118.31574425417477,13402.420374773175,Expo/Western,631.0,False,False,0.05973552936152462,0.7041823801508547,0.04206470724536967
139,2790.0,0.8961726059613593,0.4372696514311555,1.0,1,2,0.013715712869068974,21.489271088090383,WB,0.43856121409823234,34.01852964485334,-118.31595824761438,13402.420374773175,Expo/Western,651.0,False,False,0.23685106593594377,0.7154202117261445,0.16944803973945588
140,2810.0,0.5333734359777752,0.7674113074895768,1.0,0,2,0.00560159819978947,21.941351946874104,WB,0.6593165207863423,34.018558854482585,-118.31617215717418,13402.420374773175,Expo/Western,671.0,False,False,0.12803595471035323,0.7247326450232151,0.09279183611530688
141,2830.0,-0.3721830989001581,0.9991165268379514,1.0,0,2,0.0014696607904146836,22.24710133601191,WB,0.8754731400076565,34.01859061765792,-118.31638554708017,13402.420374773175,Expo/Western,691.0,False,False,0.01734423499764961,0.7311406876860693,0.012681075903570326
142,2850.0,-0.47573786845405014,0.9991165268379514,1.0,0,2,0.0011310475623734896,22.497431699812893,WB,0.7501185851993188,34.01862238083325,-118.31659893698618,13402.420374773175,Expo/Western,711.0,False,False,0.013477696118555793,0.7364532557436299,0.009925693186433696
143,2870.0,-0.5390040974593535,0.9991165268379514,1.0,0,2,0.002780381513315433,22.690096063688298,WB,0.5290026321064519,34.018654144008586,-118.31681232689219,13402.420374773175,Expo/Western,731.0,False,False,0.012634009774394776,0.7405825037759002,0.00935652659145048
144,2890.0,-0.5525815851159069,0.9991165268379514,1.0,0,2,0.00045957675972141946,22.86351563648023,WB,0.36525253487039266,34.01868737670749,-118.31702539368362,13402.420374773175,Expo/Western,751.0,False,False,0.010882948106638493,0.7443294022335375,0.008100498258752838
145,2910.0,-0.6311990248428404,0.9991165268379514,1.0,0,2,0.00042682968827117084,23.092724542600063,WB,0.1085903246165097,34.01872040766951,-118.31723850400347,13402.420374773175,Expo/Western,771.0,False,False,0.009002139759574816,0.7493254545235938,0.006745532467028314
146,2930.0,0.07741901505460608,0.9450248286321478,1.0,0,2,0.0007006697757669252,23.352596586591694,WB,-0.08971097592177361,34.01875168209704,-118.31745199756033,13402.420374773175,Expo/Western,791.0,False,False,0.04798014077353435,0.7550501518323508,0.036227412575994676
147,2950.0,0.3953328023070776,0.902083336314012,1.0,0,2,0.02587111828820364,23.63711082991511,WB,-0.16398057490790965,34.018786998609464,-118.31766457215265,13402.420374773175,Expo/Western,811.0,False,False,0.11038582819388634,0.7613911517842915,0.08404679286920604
148,2970.0,0.2166333046137542,0.9450248286321478,1.0,0,2,0.00898403910850174,23.897673466388927,WB,-0.14385575182801316,34.018823997551856,-118.31787674311556,13402.420374773175,Expo/Western,831.0,False,False,0.0703006333133641,0.7672657025826372,0.053939264811182656
149,2990.0,-0.16990170861669285,0.9991165268379514,1.0,0,2,0.0008626866288574299,24.167483677715513,WB,-0.09032769347481838,34.018862316226844,-118.31808858139584,13402.420374773175,Expo/Western,851.0,False,False,0.02726287043970868,0.7734166178553199,0.021085557048507265
150,3010.0,-0.09281926165277615,0.972275596087503,1.0,0,2,0.0003655481002780297,24.4215489319092,WB,-0.0043839752135159315,34.018900634901826,-118.3183004196761,13402.420374773175,Expo/Western,871.0,False,False,0.03230131537421181,0.7792717206468938,0.02517150161082
151,3030.0,0.0721670945391994,0.9450248286321478,1.0,0,2,0.0008568517402588222,24.62317316358815,WB,0.1073474269142343,34.018938953576814,-118.31851225795637,13402.420374773175,Expo/Western,891.0,False,False,0.04750901331426364,0.7839618627318912,0.03724525457440434
152,3050.0,0.07904972348536446,0.9450248286321478,1.0,0,2,0.0004868350264603632,24.74593178846012,WB,0.2316902417893733,34.018977272251796,-118.31872409623664,13402.420374773175,Expo/Western,911.0,False,False,0.04802846013276922,0.7868363359370623,0.037790537591567405
153,3070.0,0.2036095790691748,0.9450248286321478,1.0,0,2,0.0021150292918789564,24.82978811710663,WB,0.1752973751486951,34.01901680671676,-118.31893560181979,13402.420374773175,Expo/Western,931.0,False,False,0.06434967812033585,0.7888081041908356,0.05075954760339261
154,3090.0,0.0964116034266764,0.9450248286321478,1.0,0,2,0.00038145492324907765,24.867435430140468,WB,0.13579621848605478,34.01906221572279,-118.31914540494085,13402.420374773175,Expo/Western,951.0,False,False,0.04988255902777209,0.7896954994573724,0.03939203236564834
155,3110.0,0.1390625191676327,0.9450248286321478,1.0,0,2,0.0004095165231665859,24.865615127349663,WB,0.1426153935493405,34.0191087551761,-118.3193548652089,13402.420374773175,Expo/Western,971.0,False,False,0.05490472832836562,0.789652561663168,0.04335565937191422
156,3130.0,0.14566537373810548,0.9450248286321478,1.0,0,2,0.0006656492822061449,24.855835643892505,WB,0.06631929515792268,34.01915529462941,-118.31956432547693,13402.420374773175,Expo/Western,991.0,False,False,0.05587203352968151,0.7894219343685598,0.044106608786106206
157,3150.0,-0.1089631369708026,0.9906762655606791,1.0,0,2,0.00027753019809375267,24.862354866351385,WB,0.06634835326064652,34.019201834082715,-118.31977378574497,13402.420374773175,Expo/Western,1011.0,False,False,0.031054128885915317,0.7895756656018365,0.024519584484781802
158,3170.0,-0.5493760109613692,0.9991165268379514,1.0,0,2,0.0004602300236370172,24.82991741356202,WB,0.06104365138157932,34.019248373536016,-118.31998324601302,13402.420374773175,Expo/Western,1031.0,False,False,0.010966949064113104,0.7888111495726859,0.008650851698568149
159,3190.0,-0.422390367974523,0.9991165268379514,1.0,0,2,0.0014618178219096211,24.81052419343421,WB,0.030525077637084994,34.019295199796304,-118.32019261125133,13402.420374773175,Expo/Western,1051.0,False,False,0.015451524737099124,0.7883545488867602,0.012181279813728395
160,3210.0,-0.6989040378020452,0.9991165268379514,1.0,0,2,0.0010248336413736887,24.796539215201488,WB,0.04495945337049331,34.0193450571406,-118.32040097217967,13402.420374773175,Expo/Western,1071.0,False,False,0.00801827628597208,0.7880255031186076,0.006318606204397149
161,3230.0,-0.8599676663801613,0.9991165268379514,1.0,0,2,0.0003835875733939674,24.771282221504514,WB,0.17309896781369408,34.019394914484884,-118.32060933310801,13402.420374773175,Expo/Western,1091.0,False,False,0.005202848564612415,0.7874317136597776,0.0040968879611450685
162,3250.0,-0.6694858685454926,0.9991165268379514,1.0,0,2,0.0007778496168520551,24.739694193404617,WB,0.31309398105237984,34.019444967173825,-118.32081762670413,13402.420374773175,Expo/Western,1111.0,False,False,0.008426526095055035,0.7866899338589279,0.006629063256379376
163,3270.0,-0.2835703202287314,0.9991165268379514,1.0,0,2,0.0006323825159632075,24.713799324578183,WB,0.3876735227781277,34.01949510293024,-118.32102589166819,13402.420374773175,Expo/Western,1131.0,False,False,0.020765813352729146,0.7860825521793393,0.01632364355839313
164,3290.0,-0.1293774292872626,0.9987402942539004,1.0,0,2,0.000670136395865318,24.662834385810427,WB,0.34270499689000694,34.01954523868665,-118.32123415663226,13402.420374773175,Expo/Western,1151.0,False,False,0.029839040999073953,0.7848889929341099,0.02342033483988277
165,3310.0,-0.17126999166407525,0.9991165268379514,1.0,0,2,0.00019025986760212615,24.60934427066004,WB,0.19901833477118405,34.01959537444307,-118.32144242159633,13402.420374773175,Expo/Western,1171.0,False,False,0.026772720618016412,0.7836389460706016,0.020980146568545046
166,3330.0,-0.5839198831498951,0.9991165268379514,1.0,0,2,0.006178992932130137,24.417456529779688,WB,-0.09086125867439397,34.01964530218675,-118.32165075721278,13402.420374773175,Expo/Western,1191.0,False,False,0.013530243927197545,0.7791769233159715,0.010542453834908391
167,3350.0,,,,0,1,0.0004745884706183959,24.09758767565433,WB,-0.22567255895081423,34.01969380848214,-118.32185957562997,13402.420374773175,Expo/Western,1211.0,False,False,,0.7718165577970159,
168,3370.0,,,,0,1,0.0008056448998862973,23.664845544967335,WB,-0.22119993069787663,34.01974231477752,-118.32206839404718,13402.420374773175,Expo/Western,1231.0,False,False,,0.7620133858839605,
169,3390.0,,,,0,1,0.0001597279983235148,23.216580324647705,WB,-0.10710117507994683,34.0197908210729,-118.32227721246439,13402.420374773175,Expo/Crenshaw,-1220.0,False,False,,0.7520458719238808,
170,3410.0,,,,0,1,0.00021603891669923567,22.86197843151395,WB,0.12545451204663935,34.01983932736828,-118.32248603088158,13402.420374773175,Expo/Crenshaw,-1200.0,False,False,,0.7442960641076812,
171,3430.0,,,,0,1,0.0007653959696703012,22.581271430547503,WB,0.3856708459660373,34.01988783366366,-118.32269484929878,13402.420374773175,Expo/Crenshaw,-1180.0,False,False,,0.7382458098955573,
172,3450.0,,,,0,1,0.0007034349353675339,22.48901997744134,WB,0.6383385157617527,34.01993636603738,-118.32290365900789,13402.420374773175,Expo/Crenshaw,-1160.0,False,False,,0.7362737750803167,
173,3470.0,,,,0,1,0.00016144037990770545,22.51569654489385,WB,0.6698737843688966,34.019984958678606,-118.32311244859243,13402.420374773175,Expo/Crenshaw,-1140.0,False,False,,0.7368432032836371,
174,3490.0,-0.6216509077886326,0.9991165268379514,1.0,0,2,0.0005412793301511209,22.599096311363454,WB,0.7778675113433225,34.02003355131984,-118.32332123817696,13402.420374773175,Expo/Crenshaw,-1120.0,False,False,0.009278488421171457,0.7386277782575773,0.006853349288118529
175,3510.0,-0.5525481259587472,0.9991165268379514,1.0,0,2,0.00046763346170220675,22.68185203067042,WB,0.9035771875525878,34.02008214396107,-118.3235300277615,13402.420374773175,Expo/Crenshaw,-1100.0,False,False,0.01088865150624152,0.740405093755758,0.008062013039352528
176,3530.0,-0.27582408224230076,0.9991165268379514,1.0,0,2,0.0018158747963868507,22.880398560902556,WB,0.8216810623841669,34.020130736602304,-118.32373881734604,13402.420374773175,Expo/Crenshaw,-1080.0,False,False,0.021858780214403527,0.7446956980814856,0.016278139590975002
177,3550.0,-0.3164820995359278,0.9991165268379514,1.0,0,2,0.0032909592459161893,23.093577746243724,WB,0.558405543684427,34.02017932924353,-118.32394760693057,13402.420374773175,Expo/Crenshaw,-1060.0,False,False,0.020808497154503586,0.7493441448502307,0.015592725505859948
178,3570.0,-0.587091540116365,0.9991165268379514,1.0,0,2,0.0013097585809890007,23.258228662126726,WB,0.45763939350147687,34.02022792188477,-118.32415639651511,13402.420374773175,Expo/Crenshaw,-1040.0,False,False,0.010532564790270836,0.7529639218067083,0.00793064129116558
179,3590.0,-0.37880028420993794,0.9991165268379514,1.0,0,2,0.0006052693149408925,23.39084527490931,WB,0.25758896822614386,34.020276514526,-118.32436518609964,13402.420374773175,Expo/Crenshaw,-1020.0,False,False,0.016563837637967174,0.7558981369494131,0.012520574011271953
180,3610.0,-0.18095489427862824,0.9991165268379514,1.0,0,2,0.0007358845842111441,23.539400796450373,WB,0.06301823082424081,34.020325324110246,-118.32457390299206,13402.420374773175,Expo/Crenshaw,-1000.0,False,False,0.026494028552230455,0.7592048204310569,0.020114394189491416
181,3630.0,-0.24965122276603655,0.9991165268379514,1.0,0,2,0.0004044488446745775,23.658843953928272,WB,0.05674005303278498,34.02037414168152,-118.32478261720821,13402.420374773175,Expo/Crenshaw,-980.0,False,False,0.02235718945396926,0.7618786770767385,0.01703346592434411
182,3650.0,-0.39384668423493663,0.9991165268379514,1.0,0,2,0.00023018994963801533,23.719152451767016,WB,0.32939545438001344,34.0204229592528,-118.32499133142437,13402.420374773175,Expo/Crenshaw,-960.0,False,False,0.01575849959865557,0.7632338858297399,0.012027420883528287
183,3670.0,-0.42385742258512166,0.9991165268379514,1.0,0,2,0.00045614811892263386,23.73723476779252,WB,0.6920629720477771,34.02047177682407,-118.32520004564053,13402.420374773175,Expo/Crenshaw,-940.0,False,False,0.014796243022513964,0.7636408908107816,0.011299016202365375
184,3690.0,-0.42686192042227,0.9991165268379514,1.0,0,2,0.0007417961188734787,23.75888955486438,WB,1.0853719360728316,34.02052044378253,-118.32540881020424,13402.420374773175,Expo/Crenshaw,-920.0,False,False,0.014861942273082776,0.7641287147249851,0.011356436847447665
185,3710.0,-0.3661430767908347,0.9991165268379514,1.0,0,2,0.001978813532275731,23.826926387202274,WB,1.5354278332982676,34.02056882329503,-118.32561767085676,13402.420374773175,Expo/Crenshaw,-900.0,False,False,0.017892226982297324,0.7656642952731562,0.01369943936326803
186,3730.0,-0.6293831814781642,0.9991165268379514,1.0,0,2,0.0003759938893177859,23.90393926201041,WB,1.6721589305648907,34.02061720280752,-118.32582653150928,13402.420374773175,Expo/Crenshaw,-880.0,False,False,0.009010766244898999,0.7674077619152684,0.006914931957139587
187,3750.0,-0.725173940477513,0.9991165268379514,1.0,0,2,0.0002888565898591779,23.959308543196624,WB,1.2997196866462797,34.02066558232002,-118.3260353921618,13402.420374773175,Expo/Crenshaw,-860.0,False,False,0.007112317191537864,0.7686647236196842,0.005466987328328981
188,3770.0,-0.7150946031196272,0.9991165268379514,1.0,0,2,0.0010182382480176894,24.065443001823553,WB,0.9021427814538376,34.02071396183251,-118.32624425281432,13402.420374773175,Expo/Crenshaw,-840.0,False,False,0.007724619862100386,0.7710822572922164,0.005956317319992655
189,3790.0,-0.01645937553618379,0.9533181810132746,1.0,0,2,0.0006297084591439578,24.21254351293466,WB,0.6546028989369969,34.02076247608955,-118.3264530685617,13402.420374773175,Expo/Crenshaw,-820.0,False,False,0.03871510815499946,0.774450584915732,0.02998293815571516
190,3810.0,0.9270987952151142,0.41901308247168817,1.0,1,2,0.029883845185987953,24.36050477751649,WB,0.6417516162830091,34.020811017516046,-118.32666187525457,13402.420374773175,Expo/Crenshaw,-800.0,False,False,0.25657559293360205,0.7778593289419613,0.1995797185422175
191,3830.0,0.5859178606552378,0.7140837365098083,1.0,0,2,0.0060427363473859515,24.458218590618692,WB,1.0106103197805807,34.02085955894254,-118.32687068194744,13402.420374773175,Expo/Crenshaw,-780.0,False,False,0.14121563845295326,0.7801218538838337,0.11016540566730709
192,3850.0,0.17849461744002046,0.9450248286321478,1.0,0,2,0.004935952043872609,24.49381054360916,WB,1.3456356318746625,34.02090810036903,-118.3270794886403,13402.420374773175,Expo/Crenshaw,-760.0,False,False,0.0626397161243339,0.7809482219267698,0.048918374929296175
193,3870.0,0.14565658170836773,0.9450248286321478,1.0,0,2,0.0038058402347664255,24.574873754951966,WB,1.5095180142624307,34.02095707714691,-118.32728814914462,13402.420374773175,Expo/Crenshaw,-740.0,False,False,0.05775505765096905,0.782834819249441,0.0452126701169374
194,3890.0,0.11082584681376326,0.9450248286321478,1.0,0,2,0.0016928053402052927,24.60994555888781,WB,1.4634881656200158,34.02100613982751,-118.32749678080329,13402.420374773175,Expo/Crenshaw,-720.0,False,False,0.052313279778660064,0.783652982900608,0.04099545774386102
195,3910.0,-0.09675660708740755,0.9746732260382392,1.0,0,2,0.002574338714886637,24.62131936549646,WB,1.1085248685160094,34.021055202508116,-118.32770541246197,13402.420374773175,Expo/Crenshaw,-700.0,False,False,0.033331370617388174,0.7839185644071616,0.026129080204105985
196,3930.0,-0.14546220801640547,0.9991165268379514,1.0,0,2,0.000865928234039891,24.61898165766145,WB,0.9171087880784258,34.02110426518872,-118.32791404412063,13402.420374773175,Expo/Crenshaw,-680.0,False,False,0.028858911708333573,0.7838639682685364,0.022621461051605684
197,3950.0,-0.06750594720665219,0.9554291498152342,1.0,0,2,0.000823590478449554,24.59117316624731,WB,0.7539989269551466,34.021151746966304,-118.3281231872231,13402.420374773175,Expo/Crenshaw,-660.0,False,False,0.03453611162925039,0.7832149107919935,0.02704919758880567
198,3970.0,-0.027580081600672407,0.9533181810132746,1.0,0,2,0.00223359204141986,24.501692416320058,WB,0.4956014498199341,34.02119695994256,-118.3283330643139,13402.420374773175,Expo/Crenshaw,-640.0,False,False,0.03870107868572446,0.7811313844565742,0.030230627173742763
199,3990.0,0.08243931834203075,0.9450248286321478,1.0,0,2,0.000143923914788834,24.354790013967193,WB,0.5090978106255574,34.021242223014845,-118.32854292581976,13402.420374773175,Expo/Crenshaw,-620.0,False,False,0.048191726428078736,0.7777272861808802,0.03748002061128108
200,4010.0,0.2635788904246386,0.9450248286321478,1.0,0,2,0.003713484349763286,24.167661144076895,WB,0.7473583719728631,34.0212879065975,-118.32875265650438,13402.420374773175,Expo/Crenshaw,-600.0,False,False,0.07411467658452578,0.7734206863154587,0.05732182403005218
201,4030.0,0.09147666064875086,0.9450248286321478,1.0,0,2,0.0019086598021616774,24.008886001953165,WB,1.060653680253992,34.02133359018016,-118.32896238718898,13402.420374773175,Expo/Crenshaw,-580.0,False,False,0.05024699247313165,0.7697926704563486,0.03867976651829206
202,4050.0,0.9249166722652782,0.41901308247168817,1.0,0,2,0.04020654177350332,23.882938714430324,WB,1.198350804270601,34.02137927376282,-118.3291721178736,13402.420374773175,Expo/Crenshaw,-560.0,False,False,0.26205929253190446,0.7669317801963184,0.20098159973848126
203,4070.0,1.0526479329289953,0.3236852065145784,0.9966677774075309,2,2,0.08291171753874692,23.850470188879356,WB,1.2936054578804028,34.021424957345474,-118.32938184855821,13402.420374773175,Expo/Crenshaw,-540.0,False,False,0.3294972374700295,0.7661966978142756,0.2524596952884628
204,4090.0,0.661745965291137,0.6310400357558192,1.0,0,2,0.009329900862589835,23.965715599661067,WB,0.9698467643825559,34.021470640928136,-118.32959157924283,13402.420374773175,Expo/Crenshaw,-520.0,False,False,0.16328132225082287,0.7688103606745451,0.12553237225107175
205,4110.0,0.724706981992261,0.5529526461741164,1.0,0,2,0.008733655952897577,24.16334619389436,WB,0.5024385121827398,34.02151326242477,-118.32980223326177,13402.420374773175,Expo/Crenshaw,-500.0,False,False,0.1808140366013335,0.7733217734851184,0.13982743145554632
206,4130.0,0.48110860082387996,0.8267649210297751,1.0,0,2,0.0018780200126731874,24.250698681237633,WB,-0.06583748978961848,34.02155584667041,-118.33001289851329,13402.420374773175,Expo/Crenshaw,-480.0,False,False,0.11380852051015447,0.7753276197332344,0.08823888931249906
207,4150.0,1.2156514104967102,0.2783630532534531,0.9926691102965678,2,2,0.0011070523824341237,24.19514983943334,WB,-0.32520605621604853,34.02159843091605,-118.3302235637648,13402.420374773175,Expo/Crenshaw,-460.0,False,False,0.3322593068416487,0.7740512321480961,0.25718572585345056
208,4170.0,1.5911688563358979,0.26369334925281684,0.9460179940019994,2,2,0.15008024212895094,24.001984512116117,WB,-0.33554440174401245,34.02164112570485,-118.33043419675835,13402.420374773175,Expo/Crenshaw,-440.0,False,False,0.5175338720541128,0.7696355135650774,0.3983124474056902
209,4190.0,0.8932800540140584,0.4372696514311555,1.0,1,2,0.000489650191494086,23.54591204526529,WB,-0.23764778315429474,34.02168412782263,-118.33064474006923,13402.420374773175,Expo/Crenshaw,-420.0,False,False,0.22798255818658147,0.7593502325984802,0.17311860858737718
210,4210.0,1.3517797392581836,0.26369334925281684,0.9823392202599134,2,2,0.0031441360060782807,23.10683264860414,WB,-0.10460325625616902,34.02172712994041,-118.33085528338012,13402.420374773175,Expo/Crenshaw,-400.0,False,False,0.3729082338444708,0.7496345961755266,0.2795449132885287
211,4230.0,1.372869151108107,0.26369334925281684,0.9813395534821726,2,2,0.01907907497556149,22.387909933749548,WB,0.3402807494866881,34.02177012524743,-118.33106582868808,13402.420374773175,Expo/Crenshaw,-380.0,False,False,0.38814329630760286,0.7341216454205277,0.28494439534428484
212,4250.0,1.7690263381703641,0.26369334925281684,0.8570476507830723,2,2,0.21222911854030316,21.1874697324319,WB,0.5541609711477947,34.02181300514946,-118.3312764074906,13402.420374773175,Expo/Crenshaw,-360.0,False,False,0.5853602210977426,0.7093113059337828,0.4152026228685276
213,4270.0,1.5241324626760258,0.26369334925281684,0.9570143285571476,2,2,0.07624550267355047,19.73836871894363,WB,0.5579024187247866,34.02185500464242,-118.3314872412655,13402.420374773175,Expo/Crenshaw,-340.0,False,False,0.4592207982808716,0.6811827626269765,0.3128132920287296
214,4290.0,0.5093827595596789,0.7958570739408737,1.0,0,2,0.0021237188200846995,18.38452248801027,WB,0.4619507053611306,34.02189700413538,-118.3316980750404,13402.420374773175,Expo/Crenshaw,-320.0,False,False,0.12033742547289991,0.656703058405198,0.07902595534866096
215,4310.0,-0.12009507810470121,0.9913550118411183,1.0,0,2,0.002818690031788775,17.472568785276742,WB,0.10754849504699528,34.02194094781758,-118.33190833326402,13402.420374773175,Expo/Crenshaw,-300.0,False,False,0.031779663658480284,0.6411935210249542,0.02037691443816975
216,4330.0,-0.13992168275830424,0.9991165268379514,1.0,0,2,0.026111823896114075,17.013206735989428,WB,-0.4504625628843292,34.021984171096115,-118.33211879923292,13402.420374773175,Expo/Crenshaw,-280.0,False,False,0.04438009975638088,0.6336799550247744,0.028122779617618436
217,4350.0,0.14577214024496166,0.9450248286321478,1.0,0,2,0.003683444594284532,16.202604128216773,WB,-0.5401160975481384,34.02202517001721,-118.33232991566143,13402.420374773175,Expo/Crenshaw,-260.0,False,False,0.057695954169398725,0.620909574109479,0.03582397033116138
218,4370.0,0.1906564816323718,0.9450248286321478,1.0,0,2,0.003006417505352101,14.929342541720512,WB,0.06603989479671195,34.0220661689383,-118.33254103208995,13402.420374773175,Expo/Crenshaw,-240.0,False,False,0.0631092190729252,0.6021088355234189,0.03799861840679133
219,4390.0,0.009542847861742983,0.9533181810132746,1.0,0,2,0.008080429412011161,13.170329444534849,WB,1.0764823494317797,34.0221071678594,-118.33275214851847,13402.420374773175,Expo/Crenshaw,-220.0,False,False,0.045560783473273095,0.5786653965568609,0.02636444883600285
220,4410.0,-0.007057181692556722,0.9533181810132746,1.0,0,2,0.00036263818750638204,11.698222907993465,WB,1.2864013179782676,34.02214811803449,-118.33296327842135,13402.420374773175,Expo/Crenshaw,-200.0,False,False,0.03939862775869909,0.5613017577943158,0.022114519015641723
221,4430.0,-0.3512076243512931,0.9991165268379514,1.0,0,2,0.0004340713155386295,10.635853468896972,WB,1.3701869052907225,34.02218842465023,-118.33317458621669,13402.420374773175,Expo/Crenshaw,-180.0,False,False,0.017579946431561463,0.5500480777860798,0.009669815742262635
222,4450.0,0.11838605591654364,0.9450248286321478,1.0,0,2,0.001611480167832459,10.143339565501112,WB,1.1398623751657007,34.02222873126597,-118.33338589401203,13402.420374773175,Expo/Crenshaw,-160.0,False,False,0.053145977671613664,0.5451940957063429,0.028974873237104903
223,4470.0,0.16913774312025717,0.9450248286321478,1.0,0,2,0.009929625553644714,9.423206105788985,WB,0.3623535582101425,34.02226903788171,-118.33359720180738,13402.420374773175,Expo/Crenshaw,-140.0,False,False,0.06440974219564262,0.5385109928191483,0.03468535421700089
224,4490.0,-0.677737344622225,0.9991165268379514,1.0,0,2,0.00014608417437370134,8.359137573520492,WB,0.10220146854892025,34.02230934449746,-118.33380850960272,13402.420374773175,Expo/Crenshaw,-120.0,False,False,0.007887362752424696,0.5295365065855613,0.004176646518092051
225,4510.0,-0.4650909432791567,0.9991165268379514,1.0,0,2,0.002487394314519449,7.084149702985456,WB,-0.07411119045903254,34.022349651113196,-118.33401981739806,13402.420374773175,Expo/Crenshaw,-100.0,False,False,0.014628117099013752,0.5201975834789417,0.007609511165753941
226,4530.0,-0.006836179084056579,0.9533181810132746,1.0,0,2,0.0002450294001943245,4.172318032253754,WB,-0.003666830710140673,34.02238995772894,-118.33423112519341,13402.420374773175,Expo/Crenshaw,-80.0,False,False,0.03934809939146323,0.5046515573843474,0.01985707963801601
227,4550.0,-0.05228817725539256,0.9547402879758939,1.0,0,2,0.00014100870546275928,3.9379423742443076,WB,-0.055438928898520756,34.02243007950772,-118.33444248348141,13402.420374773175,Expo/Crenshaw,-60.0,False,False,0.035357929356418266,0.5037499897771396,0.017811556551836524
228,4570.0,,,,0,1,,5.562328950664847,WB,-0.09670922041314466,34.02247017132476,-118.33465384995418,13402.420374773175,Expo/Crenshaw,-40.0,False,False,,0.5110694052006491,
229,4590.0,-0.875339263342902,0.9991165268379514,1.0,0,2,0.00367274090586238,8.321022696641261,WB,0.14468095109725676,34.022510263141804,-118.33486521642696,13402.420374773175,Expo/Crenshaw,-20.0,False,False,0.006990579438242972,0.5292349660258846,0.0036996590714997667
230,4610.0,0.4482654691769234,0.8594030878998173,1.0,1,2,0.0019806971270765117,8.962126028234795,WB,-0.12127936661632621,34.02255035495884,-118.33507658289973,13402.420374773175,Expo/Crenshaw,0.0,False,False,0.10677411336037776,0.5344903190781815,0.05706972991927822
231,4630.0,0.48199321267637973,0.8267649210297751,1.0,0,2,0.17373690538227587,11.364270422569541,WB,-0.3506809882985529,34.02258939871644,-118.33528823025796,12823.034084360997,Expo/Crenshaw,20.0,False,False,0.21711968815888488,0.5361896853036768,0.11641733726714494
232,4650.0,0.4403267300908144,0.8658553875878883,1.0,0,2,0.005317550404344085,12.964892274982525,WB,-0.4691090743904906,34.022628256752355,-118.33549992739056,12823.034084360997,Expo/Crenshaw,40.0,False,False,0.10711205490583045,0.5546596855234016,0.059410738689833244
233,4670.0,0.8069578901625586,0.506999322418874,1.0,0,2,0.11449042857186786,14.179938645268003,WB,-0.33610653988573463,34.02266711478826,-118.33571162452317,12823.034084360997,Expo/Crenshaw,60.0,False,False,0.26905374335016097,0.5703030797275359,0.15344217844481883
234,4690.0,0.6320541046278432,0.6440627598919565,1.0,0,2,0.22861978574718064,14.938600747039407,WB,-0.8661174939451705,34.02270597282418,-118.33592332165577,12823.034084360997,Expo/Crenshaw,80.0,False,False,0.2867892356266411,0.5807808524228477,0.16656169673293755
235,4710.0,,,,0,1,0.00030754512069378434,15.543522651048587,WB,-1.7907590213399902,34.022742028504425,-118.33613568298662,12823.034084360997,Expo/Crenshaw,100.0,False,False,,0.5895265715053077,
236,4730.0,,,,0,1,0.00020988511057565528,15.649157733471696,WB,-1.97481258294105,34.02277334062578,-118.33634916860856,12823.034084360997,Expo/Crenshaw,120.0,False,False,,0.591089401964386,
237,4750.0,,,,0,1,0.00012653642730780707,15.04200493444872,WB,-1.652902022990972,34.02280488577339,-118.33656260381052,12823.034084360997,Expo/Crenshaw,140.0,False,False,,0.5822512322123028,
238,4770.0,,,,0,1,0.00021237181991418954,13.40724298518234,WB,-1.876413347261349,34.02283784767164,-118.33677573246966,12823.034084360997,Expo/Crenshaw,160.0,True,False,,0.7601927154543928,
239,4790.0,,,,0,1,0.0003176817017858907,11.235845337758416,WB,-0.12740796277195904,34.02287080956989,-118.3369888611288,12823.034084360997,Expo/Crenshaw,180.0,True,False,,0.7348130733987903,
240,4810.0,,,,0,1,0.0002188563179277797,9.035645876122869,WB,0.7098951090600012,34.02290377146814,-118.33720198978794,12823.034084360997,Expo/Crenshaw,200.0,True,False,,0.7136587690787337,
241,4830.0,,,,0,1,0.0002559200942497604,8.306352365401183,WB,0.08926561775167773,34.022936733366386,-118.3374151184471,12823.034084360997,Expo/Crenshaw,220.0,True,False,,0.7076601334426678,
242,4850.0,,,,0,1,0.00012529070398988978,8.58980590244343,WB,-0.6305579371916243,34.02296969526464,-118.33762824710624,12823.034084360997,Expo/Crenshaw,240.0,True,False,,0.709931675832669,
243,4870.0,-0.7498273598539456,0.9991165268379514,1.0,0,2,0.0005397755054103435,9.735523371969169,WB,-1.062751425336611,34.02300272166252,-118.33784136142283,12823.034084360997,Expo/Crenshaw,260.0,True,False,0.006853264458206109,0.719889863766803,0.004933595617175868
244,4890.0,-0.5183154401591029,0.9991165268379514,1.0,0,2,0.0003440536446684516,10.262125218822394,WB,-0.9893888776000694,34.02303575708217,-118.33805447373331,12823.034084360997,Expo/Crenshaw,280.0,True,False,0.011741515392361469,0.7248845971013331,0.008511243654551045
245,4910.0,-0.3660149701719179,0.9991165268379514,1.0,0,2,0.0002950616402795486,10.557141445918713,WB,-1.2771197867787032,34.023068792501824,-118.33826758604377,12823.034084360997,Expo/Crenshaw,300.0,True,False,0.016887156424602926,0.7277977436222689,0.012290434342022311
246,4930.0,-0.4867730517058788,0.9991165268379514,1.0,0,2,0.00024303874323757077,11.034989428273908,WB,-1.6753082753227015,34.02310182792147,-118.33848069835425,12823.034084360997,Expo/Crenshaw,320.0,True,False,0.012604881936958811,0.7326914313906554,0.009235488988900567
247,4950.0,-0.6408186740029367,0.9991165268379514,1.0,0,2,0.0002834461738375133,11.761504901989646,WB,-1.7672457369945838,34.02313477938042,-118.33869382896337,12823.034084360997,Expo/Crenshaw,340.0,True,False,0.008711665303808638,0.7405467522785878,0.006451395447673544
248,4970.0,-0.8235808397444722,0.9991165268379514,1.0,0,2,0.00030364683987640565,12.5258211798931,WB,-2.3105186828445783,34.02316647053513,-118.33890723424724,12823.034084360997,Expo/Crenshaw,360.0,True,False,0.0056235403116308745,0.7493512342566482,0.0042140068734126115
249,4990.0,-0.20833736624445431,0.9991165268379514,1.0,0,2,0.00043778812334857456,13.23571535918082,WB,-3.02692213425451,34.02319279661283,-118.33912168420893,12823.034084360997,Expo/Crenshaw,380.0,True,False,0.024671534813325544,0.7580251734677403,0.01870164445658649
250,5010.0,0.14987943790670505,0.9450248286321478,1.0,0,2,0.000555967003228677,13.916528051874927,WB,-2.760511954973859,34.023219116001094,-118.33933613547318,12823.034084360997,Expo/Crenshaw,400.0,True,False,0.0563310625336036,0.7667928467580705,0.04319425580104879
251,5030.0,0.07516703330460961,0.9450248286321478,1.0,0,2,0.0005663455496223983,14.616448623790617,WB,-2.207132549530746,34.02324543538935,-118.3395505867374,12823.034084360997,Expo/Crenshaw,420.0,True,False,0.04765660398817209,0.7762649590049544,0.036994151741193755
252,5050.0,-0.020785847045217687,0.9533181810132746,1.0,0,2,0.00675393605464992,15.258182603772582,WB,-1.6508410942374416,34.02327196908855,-118.33976499971746,12823.034084360997,Expo/Crenshaw,440.0,True,False,0.042007032629103463,0.7853579881920238,0.0329905586355094
253,5070.0,-0.0133396388874166,0.9533181810132746,1.0,0,2,0.008994847901681056,15.944466178422829,WB,-0.8610312676477785,34.023298984428386,-118.33997932665795,12823.034084360997,Expo/Crenshaw,460.0,True,False,0.04401228767345927,0.7955145347468002,0.035012414551694286
254,5090.0,0.4496318419968699,0.8594030878998173,1.0,0,2,0.17578723243447025,16.779314781479766,WB,0.13998329978188956,34.02332599976822,-118.34019365359845,12823.034084360997,Expo/Crenshaw,480.0,True,False,0.21134646522002026,0.8084720639986929,0.17086771295525774
255,5110.0,0.08061103964441568,0.9450248286321478,1.0,0,2,0.00331261882027203,17.630175203426266,WB,0.7557337398437646,34.02335301510806,-118.34040798053896,12823.034084360997,Expo/Crenshaw,500.0,True,False,0.049893587750048735,0.8223583963237275,0.04103041080896726
256,5130.0,-0.7652509189173983,0.9991165268379514,1.0,0,2,0.0005770145507111577,18.344128351095385,WB,1.2151524699315235,34.023378789141354,-118.34062252370164,12823.034084360997,Farmdale,-509.0,True,False,0.006631590394029704,0.8345402422897152,0.005534329054199698
257,5150.0,,,,0,1,0.000631432640290615,18.96480873456437,WB,1.4602035607091748,34.02340380725526,-118.34083719853733,12823.034084360997,Farmdale,-489.0,True,False,,0.8455235181659493,
258,5170.0,,,,0,1,0.0017525676202547061,19.453702702634583,WB,1.5118236815639075,34.02342974573013,-118.3410517159332,12823.034084360997,Farmdale,-469.0,True,False,,0.8544320514887174,
259,5190.0,,,,0,1,0.002985170850626966,19.694957679912974,WB,1.5404509794454686,34.02345584662304,-118.34126620554537,12823.034084360997,Farmdale,-449.0,True,False,,0.858911702523333,
260,5210.0,,,,0,1,0.0016717890305852922,19.64661624322494,WB,1.4432750447747682,34.023481947515954,-118.34148069515751,12823.034084360997,Farmdale,-429.0,False,False,,0.6580096698266489,
261,5230.0,,,,0,1,0.0007052253420946506,18.872000660451953,WB,1.2244002789680064,34.023508048408864,-118.34169518476966,12823.034084360997,Farmdale,-409.0,False,False,,0.643857992751853,
262,5250.0,,,,0,1,0.0003719262965055695,17.73108885002439,WB,0.8835886961281899,34.02353414930178,-118.34190967438182,12823.034084360997,Farmdale,-389.0,False,False,,0.6240508963241184,
263,5270.0,-0.0626732056501128,0.9554291498152342,1.0,0,2,0.0004550518312577588,16.39021919036863,WB,0.666090247528416,34.023560033531155,-118.34212420138434,12823.034084360997,Farmdale,-369.0,False,False,0.03470163771710567,0.602350721555474,0.02090255651805525
264,5290.0,,,,0,1,0.0001466946145667478,15.187084518088486,WB,0.5362757555806767,34.023585493995185,-118.34233880151749,12823.034084360997,Farmdale,-349.0,False,False,,0.5843313233439695,
265,5310.0,,,,0,1,0.00028683313873449764,14.266164798975467,WB,0.5119403911139477,34.02361095445921,-118.34255340165063,12823.034084360997,Farmdale,-329.0,False,False,,0.5714664361589284,
266,5330.0,,,,0,1,0.0002329973821407691,13.459366761410756,WB,0.33313895818663875,34.02363641492323,-118.34276800178377,12823.034084360997,Farmdale,-309.0,False,False,,0.5608569167750294,
267,5350.0,,,,0,1,0.00011519773866948811,13.251145594131742,WB,-0.16171615309202386,34.023661875387255,-118.34298260191692,12823.034084360997,Farmdale,-289.0,False,False,,0.5582190182103667,
268,5370.0,,,,0,1,5.646438979146321e-05,13.492419506643067,WB,-0.01285877106525806,34.023687335851285,-118.34319720205006,12823.034084360997,Farmdale,-269.0,False,False,,0.5612794356222641,
269,5390.0,,,,0,1,0.00032593007904057356,13.909121253388406,WB,0.18225914719130903,34.023710242693966,-118.34341221447374,12823.034084360997,Farmdale,-249.0,False,False,,0.5666950944922968,
270,5410.0,-0.2552625796888951,0.9991165268379514,1.0,0,2,0.0003495349319219951,14.216249201399496,WB,0.4162347123687471,34.023733081140016,-118.34362723794028,12823.034084360997,Farmdale,-229.0,False,False,0.022028979169098843,0.5707921192257881,0.012573967704310669
271,5430.0,0.14352099044767788,0.9450248286321478,1.0,0,2,0.00032188718373009844,14.250436538477768,WB,1.1152626220201503,34.023755919586065,-118.34384226140682,12823.034084360997,Farmdale,-209.0,False,False,0.05540037395578604,0.5712537058093019,0.03164766892546391
272,5450.0,-0.2881234604787444,0.9991165268379514,1.0,0,2,0.0003063591371137374,13.784967824055823,WB,1.6477774039221988,34.02377875803212,-118.34405728487334,12823.034084360997,Farmdale,-189.0,False,False,0.02034832226602588,0.5650643091439096,0.011498110663489547
273,5470.0,-0.2721533130006941,0.9991165268379514,1.0,0,2,0.0003086887538889117,12.521368471711977,WB,1.561468011326268,34.02380159743499,-118.3442723081932,12823.034084360997,Farmdale,-169.0,False,False,0.021138301786013582,0.549298336867901,0.011611234015269041
274,5490.0,,,,0,1,0.00020770418404556721,10.143660030903078,WB,1.2178777461341974,34.02382466238006,-118.34448729693588,12823.034084360997,Farmdale,-149.0,False,False,,0.5237380416708277,
275,5510.0,-0.5231273039839328,0.9991165268379514,1.0,0,2,0.00048735112651988806,7.854716187165936,WB,0.8178137589872977,34.023847727325126,-118.34470228567855,12823.034084360997,Farmdale,-129.0,False,False,0.011692557186834504,0.5041982711181638,0.005895367118552218
276,5530.0,-0.31440183156803747,0.9991165268379514,1.0,0,2,0.000283088005909968,6.674070815997097,WB,0.4481312143970164,34.023870792270195,-118.34491727442123,12823.034084360997,Farmdale,-109.0,False,False,0.01909843786595448,0.4960624794001978,0.009474018440456002
277,5550.0,-0.48370900016503954,0.9991165268379514,1.0,0,2,0.00021735184528238175,4.954821950389325,WB,-0.22446021042534792,34.02389385721526,-118.34513226316392,12823.034084360997,Farmdale,-89.0,False,False,0.01268298360960146,0.48657986461692065,0.0061712844476985015
278,5570.0,,,,0,1,0.0017177599894212404,4.278292136417278,WB,-0.8650501595620488,34.02391692216033,-118.34534725190659,12823.034084360997,Farmdale,-69.0,False,False,,0.48361717511735397,
279,5590.0,0.2091797711774288,0.9450248286321478,1.0,0,2,0.016946306402699042,4.077025364536355,WB,-0.9445519532092476,34.02393964538976,-118.34556229252657,12823.034084360997,Farmdale,-49.0,False,False,0.07402542381064364,0.4828195734837352,0.0357409235512077
280,5610.0,-0.17564963665988126,0.9991165268379514,1.0,0,2,0.0006746855985476527,3.3270128509612076,WB,-0.5565043504098119,34.023961977916564,-118.34577739211159,12823.034084360997,Farmdale,-29.0,False,False,0.02678766880891123,0.4801857409538433,0.012863056595433197
281,5630.0,-1.0976591756917484,0.9991165268379514,1.0,0,2,0.001838181240278436,3.622595065554938,WB,-0.5289149953931153,34.02398348247459,-118.3459926130144,12823.034084360997,Farmdale,-9.0,False,False,0.0038594752553975306,0.4811600339891835,0.0018570252450674884
282,5650.0,-0.9149240274622878,0.9991165268379514,1.0,0,2,0.0031804169422452087,4.691516238894467,WB,0.03980223253479349,34.02400498703262,-118.3462078339172,12603.708009480428,Farmdale,11.0,False,False,0.006247874951393611,0.47725184479547367,0.0029818098466040314
283,5670.0,-0.006121440754807639,0.9533181810132746,1.0,0,2,0.0014668503461662526,4.831407835560154,WB,0.28169522053602125,34.024026491590654,-118.34642305482002,12603.708009480428,Farmdale,31.0,False,False,0.04014605726144322,0.47788369327529095,0.019185146114539798
284,5690.0,0.12375148254174448,0.9450248286321478,1.0,0,2,0.001298182748879762,5.376382545283648,WB,-0.07631943823816871,34.02404799005836,-118.34663827659523,12603.708009480428,Farmdale,51.0,False,False,0.05359173994989305,0.4805222053622226,0.02575202106992134
285,5710.0,0.09743985323296,0.9450248286321478,1.0,0,2,0.0003364472871981083,6.851718693751713,WB,-0.08819506701126542,34.0240694196115,-118.346853508242,12603.708009480428,Farmdale,71.0,False,False,0.04997124384883437,0.48907880093154305,0.02443987602264566
286,5730.0,-0.2180248543468703,0.9991165268379514,1.0,0,2,0.0009951528838665579,8.224246643517512,WB,0.10949310816970034,34.02409084916464,-118.34706873988878,12603.708009480428,Farmdale,91.0,False,False,0.024448437365509702,0.4988930556049044,0.012197155622044254
287,5750.0,-0.23272690485022157,0.9991165268379514,1.0,0,2,0.0006362324330127398,10.112116437464437,WB,0.28955956405010697,34.0241122740198,-118.34728397220712,12603.708009480428,Farmdale,111.0,False,False,0.023410096423772248,0.515311659815398,0.012063495644572588
288,5770.0,-0.26986084374122427,0.9991165268379514,1.0,0,2,0.000550736670384373,11.044874207163012,WB,0.4822430568323596,34.02413369213087,-118.34749920548956,12603.708009480428,Farmdale,131.0,False,False,0.021399128110702433,0.5246716149165531,0.011227515103648453
289,5790.0,-0.24474176551681223,0.9991165268379514,1.0,0,2,0.00021820218841762717,12.082092218726437,WB,0.1912034306300078,34.024155110241935,-118.34771443877199,12603.708009480428,Farmdale,151.0,False,False,0.022506900018615043,0.5360489281725318,0.01206479963146493
290,5810.0,-0.392998262301072,0.9991165268379514,1.0,0,2,0.0005572705757255114,13.79317584958881,WB,-0.10606588990474408,34.024176528353,-118.34792967205442,12603.708009480428,Farmdale,171.0,False,False,0.015986925980538948,0.5570483380559912,0.008905490548083369
291,5830.0,-0.3848474340383691,0.9991165268379514,1.0,0,2,0.00013632975049163946,15.170141273441036,WB,-0.6965168924524516,34.024197260915194,-118.34814500021828,12603.708009480428,Farmdale,191.0,False,False,0.016046788023947326,0.5759640342711597,0.009242372767366834
292,5850.0,-0.6237816342320662,0.9991165268379514,1.0,0,2,0.00014940435021370407,16.339688309431132,WB,-1.1119533913050255,34.02421734497731,-118.34836041813595,12603.708009480428,Farmdale,211.0,False,False,0.008996602436195525,0.5934429602474893,0.005338970381905647
293,5870.0,-0.9191104811130505,0.9991165268379514,1.0,0,2,0.000579242315270229,17.43578045200565,WB,-1.328576226858071,34.024237429039424,-118.34857583605363,12603.708009480428,Farmdale,231.0,False,False,0.0046423575518680016,0.6110019467835353,0.0028364895018565955
294,5890.0,0.07755450415709453,0.9450248286321478,1.0,0,2,0.0008993227471165811,18.292273239065892,WB,-1.2746717691584664,34.02425751310154,-118.3487912539713,12603.708009480428,Farmdale,251.0,False,False,0.04811398478874249,0.625515844709254,0.03009605983745846
295,5910.0,0.07651573607891955,0.9450248286321478,1.0,0,2,0.001496466054076441,19.030728719689552,WB,-1.0681289254786432,34.02427759716365,-118.34900667188896,12603.708009480428,Farmdale,271.0,False,False,0.048360038815189396,0.6385881409690028,0.030882147284180615
296,5930.0,-0.13810476645792094,0.9991165268379514,1.0,0,2,0.0026364563057481873,19.706453594813507,WB,-1.0617451917467764,34.0242976000316,-118.34922210060412,12603.708009480428,Farmdale,291.0,False,False,0.03041841868296175,0.651003204046152,0.01980248802462543
297,5950.0,-0.3374059432464517,0.9991165268379514,1.0,0,2,0.0003006707385884168,20.346631905901205,WB,-1.1176666512429898,34.02431741371606,-118.34943755447757,12603.708009480428,Farmdale,311.0,False,False,0.01808719251584661,0.6631647260587675,0.011994788069943607
298,5970.0,-0.5194812309426784,0.9991165268379514,1.0,0,2,0.0004665319955781836,20.87098309398066,WB,-1.1358463153440352,34.02433722740052,-118.34965300835104,12603.708009480428,Farmdale,331.0,False,False,0.011782168093724036,0.6734154871275932,0.00793429446625436
299,5990.0,-0.17180125946711675,0.9991165268379514,1.0,0,2,0.000650593127790253,21.15818689410461,WB,-0.9906706391893968,34.02435704108499,-118.34986846222449,12603.708009480428,Farmdale,351.0,False,False,0.027015331436123377,0.6791407046464879,0.018347211227787246
300,6010.0,0.01064881633348061,0.9533181810132746,1.0,0,2,0.19636739498483885,21.26723876246962,WB,-0.4457226439009791,34.02437685998691,-118.35008391540649,12603.708009480428,Farmdale,371.0,False,False,0.15863692180213573,0.6813350769599577,0.10808489932474893
301,6030.0,-0.035501227713814226,0.9533181810132746,1.0,0,2,0.004474690260816826,21.321469124897504,WB,0.19209281464581104,34.02439680884556,-118.35029935136566,12603.708009480428,Farmdale,391.0,False,False,0.039364343749504344,0.6824305153757901,0.026863429392404013
302,6050.0,0.05782288786056185,0.9451688785481638,1.0,0,2,0.04394066049027612,21.32496391513517,WB,0.5196628779594115,34.024416757704216,-118.35051478732484,12603.708009480428,Farmdale,411.0,False,False,0.07184731059915572,0.6825012048615806,0.04903587604998799
303,6070.0,-0.1753590001752079,0.9991165268379514,1.0,0,2,0.0006349899379867432,21.33580074489869,WB,0.6208420270858025,34.02443670656287,-118.35073022328402,12603.708009480428,Expo/La Brea,-411.0,False,False,0.026782063586849727,0.6827204762076947,0.018284663205838807
304,6090.0,0.22503448182536778,0.9450248286321478,1.0,0,2,0.053855388997053125,21.33667494751076,WB,0.33187066024972134,34.0244566040212,-118.35094566604702,12603.708009480428,Expo/La Brea,-391.0,False,False,0.09842766640789027,0.6827381695930189,0.06720032480063529
305,6110.0,0.1725089511268675,0.9450248286321478,1.0,0,2,0.01026216972801111,21.377843889954697,WB,-0.3323124439399903,34.0244763709276,-118.35116112609114,12603.708009480428,Expo/La Brea,-371.0,False,False,0.06504849071907,0.6835722275417007,0.04446534169906032
306,6130.0,-0.47712014857897495,0.9991165268379514,1.0,0,2,0.0006655382175043424,21.463293044614467,WB,-0.6860061360199265,34.024496137834,-118.35137658613526,12603.708009480428,Expo/La Brea,-351.0,False,False,0.01315530990476067,0.6853085075092299,0.009015445796652925
307,6150.0,-0.824642408508215,0.9991165268379514,1.0,0,2,0.00029285945057031405,21.495135856826238,WB,-0.7531925063670756,34.02451590474039,-118.35159204617938,12603.708009480428,Expo/La Brea,-331.0,False,False,0.005602795181974127,0.6859573074499667,0.003843278297220619
308,6170.0,-0.4428823369349164,0.9991165268379514,1.0,0,2,0.00048508115140061183,21.440773545633032,WB,-0.46847268416705456,34.02453567164679,-118.3518075062235,12603.708009480428,Expo/La Brea,-311.0,False,False,0.014156861637634596,0.6848502514900054,0.009695330252843264
309,6190.0,0.15231046096646317,0.9450248286321478,1.0,0,2,0.0018929880966328957,21.13021761445595,WB,0.1760765092584036,34.024555443103125,-118.35202296566672,12603.708009480428,Expo/La Brea,-291.0,False,False,0.05743803069393553,0.6785797166387872,0.038976282592580735
310,6210.0,0.5065058574178443,0.7958570739408737,1.0,0,2,0.0005769793361722516,20.4873005475361,WB,1.0634795722079962,34.02457530191893,-118.35223841357275,12603.708009480428,Expo/La Brea,-271.0,False,False,0.11874855547024615,0.6658891174287291,0.0790733707980187
311,6230.0,0.8087002959857196,0.506999322418874,1.0,0,2,0.01612227669414522,19.996417896554316,WB,1.9239313479714162,34.024595160734734,-118.35245386147876,12603.708009480428,Expo/La Brea,-251.0,False,False,0.210572817626388,0.6564635159131467,0.13823337221475648
312,6250.0,0.4501539068322873,0.8594030878998173,1.0,0,2,0.00887352262708416,19.172703648168447,WB,2.4876559738554365,34.02461501955053,-118.3526693093848,12603.708009480428,Expo/La Brea,-231.0,False,False,0.11130859853245227,0.6411606981595206,0.0713666987462249
313,6270.0,0.14023056027841563,0.9450248286321478,1.0,0,2,0.00860564546207249,18.30323595876356,WB,2.623573871996144,34.024634878366335,-118.35288475729082,12603.708009480428,Expo/La Brea,-211.0,False,False,0.05996556365902636,0.6257061264432737,0.03752082055707693
314,6290.0,-0.1421135654461176,0.9991165268379514,1.0,0,2,0.015031914385134314,17.42399581457979,WB,2.607538166206575,34.024654478360056,-118.35310023912547,12603.708009480428,Expo/La Brea,-191.0,False,False,0.0375837827102119,0.6108071006389498,0.02295644134826882
315,6310.0,-0.30345340823669786,0.9991165268379514,1.0,0,2,0.0017516574713161929,16.246026855055668,WB,2.217151542942752,34.02467395551472,-118.35331573706291,12603.708009480428,Expo/La Brea,-171.0,False,False,0.020485386814549165,0.5919953916597706,0.012127254590580932
316,6330.0,-0.03544503223759468,0.9533181810132746,1.0,0,2,0.00021624296492606872,14.847389649552557,WB,1.6853565298363273,34.024693432669395,-118.35353123500035,12603.708009480428,Expo/La Brea,-151.0,False,False,0.03681406869825635,0.5713689402829796,0.02103441541962754
317,6350.0,0.22151482912845785,0.9450248286321478,1.0,0,2,0.0001899204760902375,13.265552394324706,WB,1.5666198691723672,34.02471290982406,-118.3537467329378,12603.708009480428,Expo/La Brea,-131.0,False,False,0.06572156817204766,0.5502768756641223,0.03616505919746101
318,6370.0,0.39428024178687515,0.902083336314012,1.0,0,2,0.0010268256653446681,18.737441080627093,WB,1.081517876103196,34.02473238697873,-118.35396223087523,12603.708009480428,Expo/La Brea,-111.0,False,False,0.09527490621801575,0.6333343753319755,0.06034087321439955
319,6390.0,0.6065237450711508,0.681261592448631,1.0,0,2,0.11675830241326522,16.806375119482688,WB,0.5676701080604971,34.02475212549375,-118.35417769426653,12603.708009480428,Expo/La Brea,-91.0,False,False,0.21293903114299315,0.6007797906460337,0.12792946655045667
320,6410.0,0.2175435475539207,0.9450248286321478,1.0,0,2,0.029786200833460695,14.785426877294626,WB,0.3031847927524491,34.02477230730817,-118.35439309906332,12603.708009480428,Expo/La Brea,-71.0,True,False,0.08291148874278123,0.7704980673988773,0.06388314184147671
321,6430.0,0.039239080495164017,0.9451688785481638,1.0,0,2,0.0024561684972513125,12.812187487845948,WB,-0.22846540795187914,34.02479248912259,-118.35460850386009,12603.708009480428,Expo/La Brea,-51.0,True,False,0.04506327072952885,0.7446693813106344,0.03355723793399187
322,6450.0,-0.10582235763871758,0.9868963982877745,1.0,0,2,0.0025063180552165956,12.343525953462485,WB,-0.5553788333024441,34.024812670937,-118.35482390865688,12603.708009480428,Expo/La Brea,-31.0,True,False,0.03262045300760312,0.7390776416285394,0.024109047477713908
323,6470.0,-0.19446232495522414,0.9991165268379514,1.0,0,2,0.00020903838279052496,10.409948685295845,WB,-0.7585179067046508,34.02483285275142,-118.35503931345366,12603.708009480428,Expo/La Brea,-11.0,True,False,0.025354424341158442,0.7182106301874864,0.01820981708410435
324,6490.0,0.06118633319776762,0.9450248286321478,1.0,0,2,0.0013753122191917358,8.533447671371892,WB,-0.5726641607461901,34.02485303456584,-118.35525471825045,12189.934202866349,Expo/La Brea,9.0,True,False,0.04665863313281418,0.6860253957343461,0.03200900725936252
325,6510.0,-0.34557091139872437,0.9991165268379514,1.0,0,2,0.00031046601558458177,6.109670646119909,WB,-0.4909991487020802,34.02487321638026,-118.35547012304723,12189.934202866349,Expo/La Brea,29.0,True,False,0.017743353938395892,0.6691917868611046,0.011873706726944164
326,6530.0,0.6560266080605457,0.6355914805755135,1.0,1,2,0.0020572476070477735,5.511433035602825,WB,-0.8981173424861889,34.02489339819468,-118.35568552784402,12189.934202866349,Expo/La Brea,49.0,True,False,0.15734480156377395,0.6658943834323119,0.10477501962358872
327,6550.0,0.5535064183760838,0.7421310077058553,1.0,1,2,0.0015475376844760142,8.57846969712363,WB,-1.5464980747933388,34.024913576708,-118.35590093308485,12189.934202866349,Expo/La Brea,69.0,True,False,0.13045154267801756,0.6863908009168316,0.0895407388596007
328,6570.0,0.14274754925385866,0.9450248286321478,1.0,0,2,0.0014699567342612541,11.07307690858389,WB,-2.1253713513255352,34.02493374740024,-118.35611633937778,12189.934202866349,Expo/La Brea,89.0,True,False,0.055993765057798565,0.7096422436287406,0.03973554106483675
329,6590.0,-0.05469337076180282,0.9554291498152342,1.0,0,2,0.0007845392309824656,13.135664697451222,WB,-2.8209506914370945,34.02495391809248,-118.35633174567069,12189.934202866349,Expo/La Brea,109.0,True,False,0.03554671418405061,0.7333251857375844,0.02606730078137974
330,6610.0,-0.18585577265140785,0.9991165268379514,1.0,0,2,0.0011942542573334528,14.89007835398136,WB,-3.552387755982932,34.024973648662304,-118.35654721049622,12189.934202866349,Expo/La Brea,129.0,True,False,0.026467358521432602,0.7566458078317368,0.020026415869621575
331,6630.0,-0.20301551139835464,0.9991165268379514,1.0,0,2,0.003286359129625504,16.358232592529212,WB,-4.077563064869618,34.02499337809659,-118.35676267547277,12189.934202866349,Expo/La Brea,149.0,True,False,0.026692204876074384,0.7784053236257336,0.020777354374845063
332,6650.0,-0.271098375039034,0.9991165268379514,1.0,0,2,0.0005976662788578751,17.580477818539087,WB,-4.455035122417625,34.02501309161671,-118.35697814254104,12189.934202866349,Expo/La Brea,169.0,True,False,0.02136480776435571,0.7980798679190648,0.017050822958693215
333,6670.0,0.05694489691634508,0.9451688785481638,1.0,0,2,0.001515842039983226,18.75114874772025,WB,-4.810041320820421,34.02503309168157,-118.35719357055446,12189.934202866349,Expo/La Brea,189.0,True,False,0.04630131728619131,0.8182528764235044,0.03788618605162337
334,6690.0,0.3315578470061441,0.9280757470948244,1.0,0,2,0.0025697097801649646,19.887290040508702,WB,-4.657068743481904,34.025054243802096,-118.35740884161083,12189.934202866349,Expo/La Brea,209.0,True,False,0.08463717647816693,0.8390739400224947,0.07101684913991474
335,6710.0,0.0948409706033306,0.9450248286321478,1.0,0,2,0.0012146079229139427,20.845175825042546,WB,-3.781270167480418,34.02507514303029,-118.35762414711347,12189.934202866349,Expo/La Brea,229.0,True,False,0.050206202246527554,0.8575796361494596,0.04305581665502328
336,6730.0,0.02044461577629758,0.9533181810132746,1.0,0,2,0.000392605261764979,21.749729904572618,WB,-2.8558887639615573,34.02509484389703,-118.35783961584399,12189.934202866349,Expo/La Brea,249.0,True,False,0.041983495915730494,0.8758540389865779,0.03677141446856905
337,6750.0,-0.17749478194241383,0.9991165268379514,1.0,0,2,0.0006646386956698268,22.45444515874796,WB,-1.9179053846749055,34.025114544763774,-118.3580550845745,12189.934202866349,Expo/La Brea,269.0,True,False,0.026666295480238824,0.8906290549442488,0.0237497775424292
338,6770.0,0.019619939752612094,0.9533181810132746,1.0,0,2,0.004920401372056087,23.094454078882357,WB,-1.2174715905101763,34.02513424563052,-118.358270553305,12189.934202866349,Expo/La Brea,289.0,True,False,0.0446210153128525,0.9044556393493222,0.0403577289332019
339,6790.0,0.004426051407623505,0.9533181810132746,1.0,0,2,0.04037566459361017,23.543951023176838,WB,-0.9345210231594857,34.025154078336186,-118.35848600461819,12189.934202866349,Expo/La Brea,309.0,True,False,0.06446010534788581,0.914398730718387,0.05894223851208029
340,6810.0,-0.09845892424730884,0.9766531920323256,1.0,0,2,0.0020454142854497434,23.89250796188901,WB,-0.48775549836292864,34.02517401647894,-118.35870144200202,12189.934202866349,Expo/La Brea,329.0,True,False,0.032887166055910175,0.9222409140586139,0.030329890084200017
341,6830.0,-0.02002857151318256,0.9533181810132746,1.0,0,2,0.0014909062490941966,23.97474223709936,WB,-0.30226071718691516,34.02519395462169,-118.35891687938584,12189.934202866349,Expo/La Brea,349.0,True,False,0.03891592935037403,0.9241079055758135,0.03596251796551047
342,6850.0,0.1575273330271022,0.9450248286321478,1.0,0,2,0.0006489541912313528,24.218400965883767,WB,-0.4709380159352519,34.02521389276445,-118.35913231676967,12189.934202866349,Expo/La Brea,369.0,True,False,0.057350531724073325,0.9296774314072551,0.05331749502307679
343,6870.0,0.055680312940476984,0.9451688785481638,1.0,0,2,0.0019092379215393566,24.330467825432684,WB,-0.45026875403357547,34.02523371066011,-118.35934777007469,12189.934202866349,Expo/La Brea,389.0,True,False,0.04640642917472327,0.9322579519049261,0.043262762617648526
344,6890.0,-0.00784463120058998,0.9533181810132746,1.0,0,2,0.008580923958467332,24.260270728315607,WB,-0.3908461751796797,34.0252534984977,-118.35956322735952,12189.934202866349,Expo/La Brea,409.0,True,False,0.044258282687432246,0.9306401563072686,0.041188535118123225
345,6910.0,-0.12726081153968857,0.9965193632482549,1.0,0,2,0.018891471842299837,24.182441645375924,WB,-0.7023675419517125,34.02527328633529,-118.35977868464435,12189.934202866349,Expo/La Brea,429.0,True,False,0.04091922118602807,0.9288519346052408,0.03800789776118193
346,6930.0,-0.25938869209555476,0.9991165268379514,1.0,0,2,0.0019358227701154716,24.117727556045196,WB,-0.6390849907679786,34.025293074172886,-118.35999414192919,12189.934202866349,Expo/La Brea,449.0,False,False,0.02276605139368134,0.7273694216666267,0.016559329635854696
347,6950.0,-0.17332952471368304,0.9991165268379514,1.0,0,2,0.014748117704674917,24.11458167166547,WB,-0.5975245808623644,34.02531283324891,-118.36020960300173,12189.934202866349,Expo/La Brea,469.0,False,False,0.03537744562481352,0.7272974549302367,0.02572992616485971
348,6970.0,-0.3695724089695268,0.9991165268379514,1.0,0,2,0.026231090435603312,24.2125450060159,WB,-0.7859245017846926,34.02533256074632,-118.36042506823297,12189.934202866349,Expo/La Brea,489.0,False,False,0.0323054883545978,0.7295429159972142,0.023568240176927328
349,6990.0,-0.4018461549017125,0.9991165268379514,1.0,0,2,0.0052973423444106086,24.19656424436659,WB,-0.9741619323355315,34.02535228824373,-118.3606405334642,12189.934202866349,Expo/La Brea,509.0,False,False,0.018498532217500356,0.7291759924682708,0.013488685588902104
350,7010.0,0.12557377908106176,0.9450248286321478,1.0,0,2,0.00374149315118476,24.133290620504408,WB,-0.9137503851105785,34.02537201574114,-118.36085599869544,12189.934202866349,Expo/La Brea,529.0,False,False,0.055274518356064624,0.7277255877778257,0.040224681359803345
351,7030.0,0.19535584159869263,0.9450248286321478,1.0,0,2,0.11314943546116592,24.1157116949449,WB,-0.7651966546108749,34.02539175446711,-118.36107146244939,12189.934202866349,Expo/La Brea,549.0,False,False,0.12983403553006378,0.727323304795878,0.09443131979671145
352,7050.0,-0.38675156869465666,0.9991165268379514,1.0,0,2,0.0001985794372272568,24.109126040845933,WB,-0.6222457894205234,34.02541150433209,-118.36128692473784,12189.934202866349,Expo/La Brea,569.0,False,False,0.01601061468513552,0.7271726716009711,0.011642481454563737
353,7070.0,-0.48144721484144065,0.9991165268379514,1.0,0,2,0.0007748358907632163,24.114432147668005,WB,-0.21725463066660358,34.02543125419707,-118.36150238702628,12189.934202866349,Expo/La Brea,589.0,False,False,0.013086941860852217,0.7272940345823802,0.00951805474632425
354,7090.0,-0.3384301129051508,0.9991165268379514,1.0,0,2,0.00024226651640358126,24.24575246115546,WB,-0.016542183462891682,34.025451004062056,-118.36171784931472,12189.934202866349,Expo/La Brea,609.0,False,False,0.018007917617738654,0.7303061447839934,0.01315129289099847
355,7110.0,-0.042995194572681125,0.9533181810132746,1.0,0,2,0.003387736256817476,24.427722804098185,WB,-0.06677585589100135,34.02547075392704,-118.36193331160315,12189.934202866349,Expo/La Brea,629.0,False,False,0.038078122362643144,0.7345070604730503,0.027968649724918134
356,7130.0,-0.05413444521678723,0.9554291498152342,1.0,0,2,0.003064413353197361,24.57476820876486,WB,-0.22687794584818322,34.025490820227034,-118.36214873164293,12189.934202866349,Expo/La Brea,649.0,False,False,0.036960403947567576,0.7379246555916004,0.02727399335353523
357,7150.0,-0.30626819289461593,0.9991165268379514,1.0,0,2,0.0008538132310300299,24.637620444090434,WB,-0.34000758608001747,34.025511125420294,-118.36236411978697,12189.934202866349,Expo/La Brea,669.0,False,False,0.019815411941549003,0.7393917098258342,0.014651351316365172
358,7170.0,-0.06876296629379725,0.9554291498152342,1.0,0,2,0.0005460001147704049,24.514888141198682,WB,-0.3386528275572314,34.02553143061355,-118.36257950793103,12189.934202866349,Expo/La Brea,689.0,False,False,0.03426965231807019,0.7365304613980024,0.02524064283377736
359,7190.0,0.13110804955135436,0.9450248286321478,1.0,0,2,0.19066397817379166,24.375178666433392,WB,-0.14888575533454326,34.0255517358068,-118.36279489607509,12189.934202866349,Expo/La Brea,709.0,False,False,0.16809125054343094,0.7332908159211275,0.12325977026019515
360,7210.0,0.1142203311344385,0.9450248286321478,1.0,0,2,0.0013294066873312783,24.233634353503355,WB,0.2129114446264364,34.02557204100006,-118.36301028421914,12189.934202866349,Expo/La Brea,729.0,False,False,0.05248937076204886,0.7300275051310785,0.03831868438331871
361,7230.0,0.25508084504657713,0.9450248286321478,1.0,0,2,0.0029206934556215507,24.142916839967054,WB,0.6066333447066686,34.02559708679319,-118.36322493850705,12189.934202866349,Expo/La Brea,749.0,False,False,0.07233102166814616,0.7279460021451185,0.052653078054398936
362,7250.0,0.20244689125035664,0.9450248286321478,1.0,0,2,0.00019261146294186895,24.170568945825522,WB,0.9027126043459032,34.025623119565246,-118.36343944000826,12189.934202866349,Expo/La Brea,769.0,False,False,0.06303507877832729,0.7285796494318993,0.045926075598225855
363,7270.0,0.16868407800868737,0.9450248286321478,1.0,0,2,0.0011085717247481207,24.27176334829644,WB,0.9941834418184936,34.0256491718946,-118.36365393809635,12189.934202866349,La Cienega/Jefferson,-785.0,False,False,0.05905822280268407,0.7309047006852087,0.04316593266059617
364,7290.0,0.5693303892986021,0.7331107478124718,1.0,1,2,0.003754953683652591,24.42311325534625,WB,0.6537886947450494,34.02567527017214,-118.36386842816555,12189.934202866349,La Cienega/Jefferson,-765.0,False,False,0.1356743417990749,0.7344002579752829,0.0996392716178673
365,7310.0,0.7895746432898678,0.5168910182169785,1.0,1,2,0.28472919535639235,24.548568953226045,WB,0.24980912850243683,34.025701368449674,-118.36408291823474,12189.934202866349,La Cienega/Jefferson,-745.0,False,False,0.3658411581043405,0.7373142369196959,0.2697398943215196
366,7330.0,0.15178457602880624,0.9450248286321478,1.0,1,2,0.0019508843049281734,24.541134340721584,WB,-0.038301695717360654,34.02572746672721,-118.36429740830394,12189.934202866349,La Cienega/Jefferson,-725.0,False,False,0.057406719499643315,0.737141135854201,0.042316854417630584
367,7350.0,0.1289433837129596,0.9450248286321478,1.0,1,2,0.0010577932800551306,24.484307196146183,WB,-0.21781121632376363,34.02575366805927,-118.36451188026233,12189.934202866349,La Cienega/Jefferson,-705.0,False,False,0.05406724969549649,0.7358197539828333,0.03978375036946864
368,7370.0,0.4094159534734105,0.8949368472962788,1.0,1,2,0.06443107797515067,24.407781396130577,WB,-0.23153663760112161,34.0257800575706,-118.36472631915011,12189.934202866349,La Cienega/Jefferson,-685.0,False,False,0.13628906076941222,0.734045166292473,0.10004232627632814
369,7390.0,1.2503475524807135,0.2760251973502762,0.991669443518827,1,2,0.04392091084917108,24.36751676532488,WB,-0.14372167128937427,34.02580644708193,-118.36494075803789,12189.934202866349,La Cienega/Jefferson,-665.0,False,False,0.3684174275808902,0.7331136838991918,0.2700918575464901
370,7410.0,1.246194587934671,0.2760251973502762,0.991669443518827,1,2,0.031416700270111744,24.347024968788062,WB,-0.057281066214869655,34.02583283659327,-118.36515519692566,12189.934202866349,La Cienega/Jefferson,-645.0,False,False,0.35967546414524687,0.7326402169667756,0.2635127100889994
371,7430.0,0.6735983651602825,0.6135889598057314,1.0,1,2,0.004703789635672202,24.387846463661425,WB,-0.04419334150040967,34.02585526213465,-118.36537026248942,12189.934202866349,La Cienega/Jefferson,-625.0,False,False,0.16379385676702699,0.7335837991355294,0.1201565197222164
372,7450.0,0.2634225182675201,0.9450248286321478,1.0,0,2,0.004374832468395986,24.400139702202893,WB,-0.2367893145498364,34.025876179441674,-118.3655855664945,12189.934202866349,La Cienega/Jefferson,-605.0,False,False,0.07448723425381715,0.7338682650248369,0.05466381736834739
373,7470.0,1.2792843543845283,0.27571834003027806,0.9886704431856048,1,2,0.11687558801470806,24.362810459295083,WB,-0.31543194769586147,34.02589771378587,-118.36580078186269,12189.934202866349,La Cienega/Jefferson,-585.0,False,False,0.4207156190220269,0.7330049085495896,0.3083866138466248
374,7490.0,1.413663180921305,0.26369334925281684,0.9753415528157281,1,2,0.2091266391534513,24.379587520627013,WB,-0.23403084663169235,34.02591985023545,-118.3660159107389,12189.934202866349,La Cienega/Jefferson,-565.0,False,False,0.5127796172483977,0.7333927674658913,0.3760688625939029
375,7510.0,0.6318161407008258,0.6440627598919565,1.0,0,2,0.0009424357417277249,24.384896348568866,WB,-0.0674708978790833,34.02593949640983,-118.36623138661278,12189.934202866349,La Cienega/Jefferson,-545.0,False,False,0.15011919115066105,0.7335155547174244,0.11011476177060821
376,7530.0,1.4418170846609129,0.26369334925281684,0.9693435521492836,2,2,0.05885770776227718,24.339522860304598,WB,0.04407871050742783,34.0259591392313,-118.36644686295388,12189.934202866349,La Cienega/Jefferson,-525.0,False,False,0.42964753473563205,0.7324669789044053,0.31470263176153396
377,7550.0,1.357314990879742,0.26369334925281684,0.9816727757414195,2,2,0.003863881814522014,24.163601804720493,WB,0.17892115031670333,34.02597871192213,-118.36666234812553,12189.934202866349,La Cienega/Jefferson,-505.0,False,False,0.37484159538557255,0.7284199292211841,0.2730420883799145
378,7570.0,1.3385196672250705,0.26369334925281684,0.9833388870376542,2,2,0.3590112061926001,24.141183413597695,WB,0.2755391839277483,34.025996674381176,-118.36687803494515,12189.934202866349,La Cienega/Jefferson,-485.0,False,False,0.5827965958991733,0.7279063048845464,0.42422131662025947
379,7590.0,1.1051069993574238,0.29969061299637323,0.9950016661112963,1,2,0.09919301540320855,24.14320890333662,WB,0.09240096917943774,34.026014636840216,-118.36709372176477,12189.934202866349,La Cienega/Jefferson,-465.0,False,False,0.35630696234469306,0.727952690979589,0.2593746120535824
380,7610.0,0.5160162218925135,0.7958570739408737,1.0,1,2,0.0011396493081988134,24.10656314081705,WB,-0.1422196275847041,34.026031992821714,-118.36730947653558,12189.934202866349,La Cienega/Jefferson,-445.0,False,False,0.12128060861527766,0.7271140616927998,0.0881848359348293
381,7630.0,0.35531550039342136,0.9171407363237415,1.0,0,2,0.0014635156577115672,24.035381573741045,WB,-0.17527764402499166,34.02604770416391,-118.36752541557571,12189.934202866349,La Cienega/Jefferson,-425.0,False,False,0.08821247085754862,0.7254887293753023,0.06399715339749883
382,7650.0,0.42716251318523707,0.8857148567197906,1.0,0,2,0.004482520163276104,23.9276639315796,WB,-0.2045678037089068,34.0260634155061,-118.36774135461583,12189.934202866349,La Cienega/Jefferson,-405.0,False,False,0.10389516304675862,0.723038286479452,0.07512018066283163
383,7670.0,0.21273084675776693,0.9450248286321478,1.0,0,2,0.0007536423160196215,23.786983835170705,WB,-0.10416286994357686,34.02607912684829,-118.36795729365596,12189.934202866349,La Cienega/Jefferson,-385.0,True,False,0.06480945350944703,0.9198545627413053,0.05961527151943535
384,7690.0,,,,0,1,0.0011157415678650009,23.618834933875114,WB,0.054450635268684516,34.02609474675969,-118.36817324220293,12189.934202866349,La Cienega/Jefferson,-365.0,True,False,,0.9160738238745372,
385,7710.0,,,,1,1,0.00424014601556598,23.423628986211014,WB,0.2692860479207782,34.02611030496174,-118.36838919716628,12189.934202866349,La Cienega/Jefferson,-345.0,True,False,,0.9117183631429782,
386,7730.0,,,,0,1,0.002041332004227769,23.232779985686463,WB,0.4507622138863328,34.02612586191626,-118.3686051522587,12189.934202866349,La Cienega/Jefferson,-325.0,True,False,,0.907495060587459,
387,7750.0,,,,0,1,0.0011902480393626842,23.028038110586305,WB,0.8082485269501847,34.0261414698684,-118.36882110186608,12189.934202866349,La Cienega/Jefferson,-305.0,True,False,,0.9030027375191059,
388,7770.0,,,,0,1,0.0009283265330466757,22.773858205595356,WB,0.6484538713220235,34.02615824951242,-118.36903692545206,12189.934202866349,La Cienega/Jefferson,-285.0,True,False,,0.8974810011411778,
389,7790.0,-0.06497061856343743,0.9554291498152342,1.0,0,2,0.00048751239280126293,22.413146288683897,WB,1.0457551858051715,34.026175029156434,-118.36925274903805,12189.934202866349,La Cienega/Jefferson,-265.0,True,False,0.03453680020303925,0.8897501904443275,0.03072912455799186
390,7810.0,0.37437675517260505,0.9140467954486278,1.0,0,2,0.00042986341225929403,21.679243013474355,WB,1.6063443356752436,34.026191808800455,-118.36946857262406,12189.934202866349,La Cienega/Jefferson,-245.0,True,False,0.09111709835028921,0.8744021316136448,0.079672985023943
391,7830.0,0.3280328617964366,0.9280757470948244,1.0,0,2,0.00038453456478717413,20.538959224859553,WB,2.2683216711271514,34.0262085544349,-118.36968440000003,12189.934202866349,La Cienega/Jefferson,-225.0,True,False,0.08271155333421533,0.8515690945242931,0.07043460257951552
392,7850.0,-0.06084961795840865,0.9554291498152342,1.0,0,2,0.000438214705138156,19.12468129247386,WB,3.0449064940574657,34.0262252692924,-118.36990023080573,12189.934202866349,La Cienega/Jefferson,-205.0,True,False,0.034838492093577346,0.8249631712473395,0.028740472918992933
393,7870.0,,,,0,1,0.0008581871467054851,17.2986019066241,WB,3.914951315341448,34.02624198414989,-118.37011606161143,12189.934202866349,La Cienega/Jefferson,-185.0,True,False,,0.7934167759819977,
394,7890.0,,,,0,1,0.0008674504778819706,15.113201829729164,WB,4.298858184961732,34.026258699007386,-118.37033189241713,12189.934202866349,La Cienega/Jefferson,-165.0,True,False,,0.7598209633399191,
395,7910.0,,,,0,1,0.0011831165360475415,13.188184869280569,WB,4.396737221313943,34.02627541386488,-118.37054772322283,12189.934202866349,La Cienega/Jefferson,-145.0,True,False,,0.7339809179742687,
396,7930.0,,,,0,1,6.880193154140287e-05,12.790894425081172,WB,4.356687306563773,34.02629146637307,-118.3707636256645,12189.934202866349,La Cienega/Jefferson,-125.0,True,False,,0.7290855778572376,
397,7950.0,,,,0,1,0.00017997872156981282,12.949892621128669,WB,4.081192338769405,34.02630726692483,-118.37097955535633,12189.934202866349,La Cienega/Jefferson,-105.0,True,False,,0.731026754311207,
398,7970.0,,,,0,1,0.0017342708716070222,13.722545767397698,WB,3.2021558526573846,34.02632514472789,-118.3711952512841,12189.934202866349,La Cienega/Jefferson,-85.0,True,False,,0.740801338558364,
399,7990.0,,,,0,1,0.00035227417031401633,13.462495356829876,WB,3.082186463186168,34.02634316484135,-118.37141093119695,12189.934202866349,La Cienega/Jefferson,-65.0,True,False,,0.7374483001035312,
400,8010.0,,,,0,1,0.0003803479710585743,12.0703967655327,WB,2.57263388350226,34.02636118495481,-118.37162661110979,12189.934202866349,La Cienega/Jefferson,-45.0,True,False,,0.7205897197425892,
401,8030.0,-0.37866955899067967,0.9991165268379514,1.0,0,2,0.0005305837278186305,10.905008804848482,WB,1.7460502214004057,34.02637817997015,-118.37184240801429,12189.934202866349,La Cienega/Jefferson,-25.0,True,False,0.016524158282005992,0.70789027567089,0.011697290961478642
402,8050.0,-0.48253255676817375,0.9991165268379514,1.0,0,2,0.001335456590843784,9.665396519761149,WB,1.4269674836626198,34.02639445494755,-118.37205828709475,12189.934202866349,La Cienega/Jefferson,-5.0,True,False,0.013389932729395574,0.6957960040790787,0.009316661688001111
403,8070.0,-0.5601994850686345,0.9991165268379514,1.0,0,2,0.0026329403067501507,7.651711764745134,WB,0.8586385438422349,34.026412118254854,-118.37227400884252,11689.560199977781,La Cienega/Jefferson,15.0,True,False,0.011990834306129143,0.6607239725169984,0.007922631676538755
404,8090.0,-0.766864723377558,0.9991165268379514,1.0,0,2,0.0003706728625936116,5.369192593284609,WB,0.407490511561376,34.02642989957565,-118.3724897172164,11689.560199977781,La Cienega/Jefferson,35.0,True,False,0.0064827798027166,0.6466276256114962,0.0041919445111927986
405,8110.0,-0.2544369626569402,0.9991165268379514,1.0,0,2,0.00040685796336923535,6.964020064472772,WB,0.23820915553254904,34.02644768089645,-118.37270542559027,11689.560199977781,La Cienega/Jefferson,55.0,True,False,0.022106578019666936,0.6559567508644942,0.014500959090513169
406,8130.0,0.1324136737107288,0.9450248286321478,1.0,0,2,0.0018426215519785807,9.98822316530457,WB,0.06939819827452137,34.02646657326946,-118.37292099796423,11689.560199977781,La Cienega/Jefferson,75.0,True,False,0.054955973816875225,0.6802725823787983,0.03738504222554733
407,8150.0,0.013361720956986761,0.9533181810132746,1.0,0,2,0.0005781069116307993,12.029245348885329,WB,-0.26433543879465177,34.02648555031208,-118.37313655997407,11689.560199977781,La Cienega/Jefferson,95.0,True,False,0.04141938711628017,0.7015866385075691,0.029059288575954717
408,8170.0,-0.15726105235625118,0.9991165268379514,1.0,0,2,0.00036450774261203325,12.474341201101677,WB,-0.569875344512065,34.02650539563579,-118.37335200763737,11689.560199977781,La Cienega/Jefferson,115.0,True,False,0.027777578384693434,0.7067595398938054,0.019632068518530044
409,8190.0,-0.3304105167545449,0.9991165268379514,1.0,0,2,0.0011140882928282361,13.901837026493652,WB,-0.5847957701144925,34.02652593342989,-118.37356736410716,11689.560199977781,La Cienega/Jefferson,135.0,False,False,0.018880202649379108,0.524617741097038,0.009904889265371579
410,8210.0,-0.13746606874899678,0.9991165268379514,1.0,0,2,0.020305715006380776,15.060103052880827,WB,-0.8653856939519247,34.02654647122399,-118.37378272057694,11689.560199977781,La Cienega/Jefferson,155.0,False,False,0.04106352034939401,0.5405283560204222,0.022195997146869095
411,8230.0,0.134958956260396,0.9450248286321478,1.0,0,2,0.026046408480935913,16.070819519847078,WB,-1.2830814864450015,34.02656700901809,-118.37399807704672,11689.560199977781,La Cienega/Jefferson,175.0,False,False,0.0697865382813606,0.5554519123394596,0.03876306614393264
412,8250.0,0.2306659947194296,0.9450248286321478,1.0,0,2,0.004790962915215374,16.8243280767795,WB,-1.4998419467100328,34.02658740555287,-118.3742134525529,11689.560199977781,La Cienega/Jefferson,195.0,True,False,0.06980689619154025,0.767208222195874,0.05355642472412352
413,8270.0,0.2055629588202789,0.9450248286321478,1.0,0,2,0.0008626198971074165,17.221045482880193,WB,-1.5503219058001365,34.02660729239852,-118.3744288967458,11689.560199977781,La Cienega/Jefferson,215.0,True,False,0.06386977337972706,0.7736142726615212,0.04941056827821374
414,8290.0,0.0637093778221079,0.9450248286321478,1.0,0,2,0.0023201396867049053,16.719580328267718,WB,-1.5367285170146536,34.02662717924418,-118.3746443409387,11689.560199977781,La Cienega/Jefferson,235.0,True,False,0.04749007805191705,0.7655417066990382,0.03635563540313511
415,8310.0,0.03317419199633656,0.952055885346925,1.0,0,2,0.0028190637589346375,16.366157354010795,WB,-1.3759897055913133,34.026647066089836,-118.3748597851316,11689.560199977781,La Cienega/Jefferson,255.0,True,False,0.044678786366622404,0.7599956207496903,0.03395568197904399
416,8330.0,0.31442507126494396,0.9280757470948244,1.0,0,2,0.0016799804954309675,16.333458386087173,WB,-1.1177712535718491,34.02666695293549,-118.37507522932451,11689.560199977781,La Cienega/Jefferson,275.0,True,False,0.08115119347564141,0.759488480954869,0.06163339666048957
417,8350.0,0.3961436725921485,0.902083336314012,1.0,0,2,0.0015990580980771098,16.33270228251608,WB,-1.2938704553374594,34.026686840265576,-118.37529067345318,11689.560199977781,La Cienega/Jefferson,295.0,True,False,0.0959802505713867,0.759476766276235,0.07289477033033953
418,8370.0,0.32942942652131996,0.9280757470948244,1.0,0,2,0.006108754463336627,16.331477595495556,WB,-1.5116182376699392,34.0267067289463,-118.37550611740281,11689.560199977781,La Cienega/Jefferson,315.0,True,False,0.08638910789190103,0.759457792757966,0.06560888119791294
419,8390.0,0.08729499472731543,0.9450248286321478,1.0,0,2,0.0010823859074368559,16.159458627028876,WB,-1.4779570146100964,34.02672664914332,-118.37572155716974,11689.560199977781,La Cienega/Jefferson,335.0,True,False,0.049287892188330754,0.7568069158568957,0.03730141767613778
420,8410.0,0.10678063733370997,0.9450248286321478,1.0,0,2,0.20866092770185582,15.681374620434863,WB,-1.7703600404728186,34.02674657863878,-118.37593699570265,11689.560199977781,La Cienega/Jefferson,355.0,True,False,0.17602796920581187,0.7495868753204242,0.13194825540598437
421,8430.0,-0.33886844417590617,0.9991165268379514,1.0,0,2,0.0010904501632821926,15.068854245854377,WB,-2.0310820690341695,34.026766530393324,-118.37615243126734,11689.560199977781,La Cienega/Jefferson,375.0,True,False,0.018497929158124423,0.7406534113942107,0.013700554334693294
422,8450.0,-0.31269615268321305,0.9991165268379514,1.0,0,2,0.0006267523259261368,14.848936651100669,WB,-2.2607845109761233,34.026786606385706,-118.37636785026531,11689.560199977781,La Cienega/Jefferson,395.0,True,False,0.019382595647795677,0.7375327942108603,0.014295299927178005
423,8470.0,0.01726275642823316,0.9533181810132746,1.0,0,2,0.002748050722351251,14.746213172801657,WB,-2.971390311015397,34.02680668237809,-118.37658326926326,11689.560199977781,La Cienega/Jefferson,415.0,True,False,0.04309210146141854,0.7360908739124905,0.031719702623461285
424,8490.0,-0.07835036904522981,0.9641043306652813,1.0,0,2,0.0006098223823334627,14.53219903461992,WB,-3.5924948325991752,34.02682824742121,-118.37679848011135,11689.560199977781,La Cienega/Jefferson,435.0,True,False,0.03355489585491769,0.7331189274501573,0.02459972925985899
425,8510.0,0.29205474235167367,0.9450248286321478,1.0,0,2,0.038599761294616126,14.069278567601733,WB,-4.001041111466349,34.02685008309803,-118.37701365312837,11689.560199977781,La Cienega/Jefferson,455.0,True,False,0.09957851506833587,0.7268391269243641,0.07237756095269389
426,8530.0,-0.2856211015966321,0.9991165268379514,1.0,0,2,0.0011704829111977956,13.681295157331451,WB,-4.132563010599066,34.02687191877486,-118.3772288261454,11689.560199977781,La Cienega/Jefferson,475.0,True,False,0.02098844937762067,0.7217324766265265,0.015148045549860645
427,8550.0,-0.18158857414574892,0.9991165268379514,1.0,0,2,0.018156523289395217,13.438568399725401,WB,-4.245578196508245,34.02689373282441,-118.37744400230304,11689.560199977781,La Cienega/Jefferson,495.0,True,False,0.03690721548265171,0.7186103094699039,0.026521905539660773
428,8570.0,0.15179901043685878,0.9450248286321478,1.0,0,2,0.08030300374090348,13.30142278682115,WB,-4.096237494185435,34.026915413892134,-118.37765919777173,11689.560199977781,La Cienega/Jefferson,515.0,True,False,0.1044198031512368,0.7168709306573535,0.07485552146408478
429,8590.0,0.20962137008519982,0.9450248286321478,1.0,0,2,0.0013216052477788582,13.229101208772017,WB,-3.629324424038686,34.02693709495985,-118.37787439324043,11689.560199977781,La Cienega/Jefferson,535.0,True,False,0.06471255264300659,0.7159608817812784,0.04633165625260439
430,8610.0,0.08941316622401943,0.9450248286321478,1.0,0,2,0.0083392825880931,12.988538306508396,WB,-3.0878611265637472,34.02695877602756,-118.37808958870913,11689.560199977781,La Cienega/Jefferson,555.0,True,False,0.05387623465448447,0.712969490396566,0.0384121115660936
431,8630.0,0.2888691017711769,0.9450248286321478,1.0,0,2,0.000982698562751665,12.861571434931712,WB,-2.2824947564505806,34.026980457095284,-118.37830478417783,11689.560199977781,La Cienega/Jefferson,575.0,True,False,0.07648972627510549,0.7114127944085875,0.054415769912920756
432,8650.0,0.7394726235787014,0.5507579432716639,1.0,1,2,0.02129581625502301,12.86423754745508,WB,-1.213371847677315,34.02700236918311,-118.37851994563803,11689.560199977781,La Cienega/Jefferson,595.0,True,False,0.19269104762386252,0.7114453254908317,0.13708914509592823
433,8670.0,0.9242870386827811,0.41901308247168817,1.0,1,2,0.03667237576135999,12.800504895069395,WB,-0.4092806717493123,34.0270247935933,-118.37873503167924,11689.560199977781,La Cienega/Jefferson,615.0,True,False,0.25973401874011165,0.7106695252689708,0.1845850517942371
434,8690.0,0.6715573132708745,0.6135889598057314,1.0,1,2,0.004451364057053646,12.816553816648863,WB,0.12708559441292544,34.02704721800348,-118.37895011772044,11689.560199977781,La Cienega/Jefferson,635.0,True,False,0.16307343063381022,0.7108645214539797,0.11592311622936226
435,8710.0,0.5118126016620479,0.7958570739408737,1.0,0,2,0.0027715194456903788,12.776779626470514,WB,0.4157459937770982,34.02706834823985,-118.37916538910336,11689.560199977781,La Cienega/Jefferson,655.0,True,False,0.12128626928813256,0.710381708185134,0.08615954715630576
436,8730.0,0.298026596719052,0.9408385835027244,1.0,0,2,0.0015388776036919462,12.581529312845126,WB,0.6452052239352042,34.02708360268206,-118.3793813751862,11689.560199977781,La Cienega/Jefferson,675.0,True,False,0.07832198617889151,0.7080333571047115,0.05545457880934937
437,8750.0,-0.03479223426753622,0.9533181810132746,1.0,0,2,0.0016863748190750517,12.321849397339069,WB,0.8288761344197575,34.027101104878504,-118.37959709138096,11689.560199977781,La Cienega/Jefferson,695.0,True,False,0.03775187222913649,0.7049661180150002,0.026613790813172646
438,8770.0,0.5885377015024778,0.7118595975988034,1.0,0,2,0.003027631748579574,12.047698484604368,WB,0.8405991655493326,34.0271219101621,-118.37981241097366,11689.560199977781,La Cienega/Jefferson,715.0,True,False,0.14007259840946182,0.7017973666465136,0.09830258070309493
439,8790.0,0.5641796958430181,0.7333992319038718,1.0,1,2,0.004400291102619281,11.927519277221421,WB,0.8773706081550943,34.02714271544569,-118.38002773056637,11689.560199977781,La Cienega/Jefferson,735.0,True,False,0.1347841880156536,0.70043076200321,0.09440699151778817
440,8810.0,0.9716122048130397,0.38378774670193067,1.0,1,2,0.10478464360989748,11.665759647234712,WB,0.8273558700477697,34.027162514206644,-118.38024318509034,11689.560199977781,La Cienega/Jefferson,755.0,False,False,0.3160599485088835,0.49750160961517187,0.1572403331180579
441,8830.0,0.9776685524821844,0.3820802349446513,1.0,1,2,0.06881132833984395,11.333519851670921,WB,0.7804418112727504,34.02718193174619,-118.38045869073848,11689.560199977781,La Cienega/Jefferson,775.0,True,False,0.29646119341289734,0.6938773702096346,0.20570771325455106
442,8850.0,0.6304644160604289,0.6440627598919565,1.0,1,2,0.1127780155073061,11.031390500542013,WB,0.7943734047112541,34.027201975413874,-118.38067411405929,11689.560199977781,Culver City,-771.0,True,False,0.21685938042443656,0.6906724953540818,0.1497788094186857
443,8870.0,0.517541098434608,0.7958570739408737,1.0,1,2,0.020346567438970144,10.971340124646634,WB,0.9698496331982375,34.02722201908156,-118.3808895373801,11689.560199977781,Culver City,-751.0,True,False,0.13315925685546448,0.6900458189997929,0.09188598845423278
444,8890.0,0.09809236195316491,0.9450248286321478,1.0,0,2,0.0008515803646270322,10.985501143597126,WB,1.07278935758296,34.027242062749245,-118.38110496070092,11689.560199977781,Culver City,-731.0,True,False,0.05035386319991897,0.6901932929666503,0.034753898655544305
445,8910.0,0.3185584153045558,0.9280757470948244,1.0,0,2,0.001847696391793531,10.997014712559878,WB,1.0320547530819704,34.02726210641693,-118.38132038402173,11689.560199977781,Culver City,-711.0,True,False,0.08195607311037065,0.690313336386092,0.056575370265922444
446,8930.0,0.1815704997046808,0.9450248286321478,1.0,0,2,0.00022269279867550993,11.160872612803715,WB,0.9402440619328227,34.02728215008461,-118.38153580734254,11689.560199977781,Culver City,-691.0,True,False,0.06021971263673856,0.6920353902479204,0.04167417233518299
447,8950.0,-0.11248272038213841,0.9913550118411183,1.0,0,2,0.00018394193879849805,11.389783180264875,WB,1.158283402195494,34.0273021937523,-118.38175123066335,11689.560199977781,Culver City,-671.0,True,False,0.03074317755619626,0.6944837544116009,0.021350637371769645
448,8970.0,-0.2150385724972827,0.9991165268379514,1.0,0,2,0.0004715733155331493,11.500495849512795,WB,1.7400968737962332,34.02732432115884,-118.38196634927866,11689.560199977781,Culver City,-651.0,True,False,0.02430484495295744,0.6956857403981498,0.016908534056360433
449,8990.0,0.6436532239168062,0.6440627598919565,1.0,1,2,0.005420937848870927,11.6978981787568,WB,2.398107534866708,34.027348091444175,-118.38218122765547,11689.560199977781,Culver City,-631.0,True,False,0.15599131346091838,0.6978577472435661,0.10885974660140146
450,9010.0,0.6409069213757657,0.6440627598919565,1.0,1,2,0.3721556264303976,11.996572535483509,WB,3.1794374292678875,34.02737186228968,-118.38239610594113,11689.560199977781,Culver City,-611.0,True,False,0.37528961799247873,0.7012143190704225,0.263158453934795
451,9030.0,0.4760634262475848,0.8335595016156663,1.0,1,2,0.19081614148757517,12.981738871189313,WB,4.027268689438319,34.02739676777682,-118.3826107995836,11689.560199977781,Culver City,-591.0,True,False,0.22605920891898762,0.7128857373858548,0.1611543858430755
452,9050.0,0.245697702696956,0.9450248286321478,1.0,0,2,0.002131497076963513,14.00731475704687,WB,4.311797252550539,34.027421673263966,-118.3828254932261,11689.560199977781,Culver City,-571.0,True,False,0.07043670447438637,0.7260139757442581,0.051138031853772616
453,9070.0,0.35717774452715856,0.9171407363237415,1.0,0,2,0.0034932936646132483,14.864020904890697,WB,4.666165589413184,34.027446438262224,-118.38304021002276,11689.560199977781,Culver City,-551.0,True,False,0.08976982162676668,0.7377453733820312,0.06622727057447732
454,9090.0,0.27030623262137465,0.9450248286321478,1.0,0,2,0.041765763076116104,15.575871908754426,WB,4.966523108170714,34.0274708190718,-118.38325499013807,11689.560199977781,Culver City,-531.0,True,False,0.09799589746998513,0.7480227723657049,0.07330316290596364
455,9110.0,-0.042487680408943185,0.9533181810132746,1.0,0,2,0.0008674069249653131,16.10224918082924,WB,5.043954267516748,34.027495199881386,-118.3834697702534,11689.560199977781,Culver City,-511.0,True,False,0.036608542055034145,0.7559315167617788,0.02767355072209933
456,9130.0,0.08081541972278775,0.9450248286321478,1.0,0,2,0.0008717386510016169,16.479873204494815,WB,5.053211240519654,34.027519580690964,-118.38368455036873,11689.560199977781,Culver City,-491.0,True,False,0.048451308314095005,0.7617671767795975,0.03690861634570599
457,9150.0,0.3226696642796915,0.9280757470948244,1.0,1,2,0.19534080851284943,16.776211496289527,WB,5.139955955181542,34.02754396150054,-118.38389933048404,11689.560199977781,Culver City,-471.0,True,False,0.19875743934933374,0.7664414047175059,0.15233593101295784
458,9170.0,0.2537424991176319,0.9450248286321478,1.0,1,2,0.18699450596566297,16.903883653625048,WB,4.982290316767654,34.02756141937301,-118.38411503975078,11689.560199977781,Culver City,-451.0,True,False,0.1825711590479251,0.7684808896578499,0.14030244673101427
459,9190.0,0.22482778602758569,0.9450248286321478,1.0,0,2,0.0006558984118336443,16.730100753969353,WB,4.3042602587445735,34.02757728948412,-118.38433096211648,11689.560199977781,Culver City,-431.0,True,False,0.06647811623151487,0.7657086143677581,0.05090286626541202
460,9210.0,0.38276061058787936,0.9140467954486278,1.0,1,2,0.001495256602626771,16.712421334754964,WB,3.510854825188339,34.02759315959523,-118.38454688448219,11689.560199977781,Culver City,-411.0,True,False,0.09334193607186285,0.7654281885386041,0.07144654904217217
461,9230.0,0.1595739996867624,0.9450248286321478,1.0,0,2,0.006916466160480968,16.710274738450885,WB,2.6770631497857593,34.027608955205594,-118.38476281463949,11689.560199977781,Culver City,-391.0,True,False,0.061371389414504054,0.7653941600348713,0.04697330305108732
462,9250.0,0.0779959263944965,0.9450248286321478,1.0,0,2,0.003429135736715701,16.587319249740457,WB,1.6289268976555193,34.02762453550787,-118.38497876731459,11689.560199977781,Culver City,-371.0,True,False,0.049679637613782565,0.7634523275150409,0.03792803496634607
463,9270.0,-0.02135055336324676,0.9533181810132746,1.0,0,2,0.03267570722872402,16.390593906899902,WB,0.9625930043245486,34.02764011581014,-118.38519471998971,11689.560199977781,Culver City,-351.0,True,False,0.05751041600273578,0.7603752780557067,0.04372949855917958
464,9290.0,-0.29966691191899475,0.9991165268379514,1.0,0,2,0.0006074169718470455,16.358128696173424,WB,0.7626433941023368,34.02765566229706,-118.38541067591603,11689.560199977781,Culver City,-331.0,True,False,0.019976781471857157,0.7598710075274564,0.015179777064175922
465,9310.0,-0.24989289139683743,0.9991165268379514,1.0,0,2,0.00016339283614376954,16.44814418434634,WB,0.649954771013381,34.0276690112323,-118.38562684312775,11689.560199977781,Culver City,-311.0,True,False,0.022199761226697527,0.761271643029457,0.01690004870390966
466,9330.0,0.13935976368326705,0.9450248286321478,1.0,0,2,0.0014198332470232342,16.444943391127723,WB,0.632117652888512,34.02768236016754,-118.38584301033947,11689.560199977781,Culver City,-291.0,True,False,0.05554731799261023,0.7612217070864442,0.04228382422640831
467,9350.0,0.1824713816556564,0.9450248286321478,1.0,0,2,0.0008124452521817939,16.31060607867597,WB,0.8069075972477043,34.02769570910279,-118.38605917755119,11689.560199977781,Culver City,-271.0,True,False,0.06069350636501126,0.7591346585902832,0.04607454423305
468,9370.0,0.18212043408962694,0.9450248286321478,1.0,0,2,0.0002179104333273075,16.12767178782721,WB,0.8184324559075716,34.02770986585223,-118.38627526998376,11689.560199977781,Culver City,-251.0,True,False,0.06029003600829543,0.756320141390882,0.045598568558255365
469,9390.0,0.383172967217232,0.9140467954486278,1.0,0,2,0.0015212331810561326,16.026867199590274,WB,0.5165972403235995,34.027724377043924,-118.3864913296057,11689.560199977781,Culver City,-231.0,True,False,0.09343606776159592,0.7547827884484251,0.07052393576675337
470,9410.0,0.3766817451912038,0.9140467954486278,1.0,0,2,0.00124110986904953,15.978774057153398,WB,0.270090649722722,34.02773888823562,-118.38670738922765,11689.560199977781,Culver City,-211.0,False,False,0.09203762365226556,0.5540527248675667,0.05099369617487334
471,9430.0,-0.20025873527224464,0.9991165268379514,1.0,0,2,0.004109924569682839,15.779483667051727,WB,0.0754021951384618,34.02775339942731,-118.3869234488496,11689.560199977781,Culver City,-191.0,False,False,0.027349201106467307,0.5510508400648747,0.01507080024482201
472,9450.0,0.072875547626641,0.9450248286321478,1.0,0,2,0.0022638632317717325,15.49899362445662,WB,-0.35238158546497506,34.027771497011294,-118.38713911476027,11689.560199977781,Culver City,-171.0,False,False,0.04842905889971625,0.5468896835919158,0.026485352698320076
473,9470.0,-0.03950424810359757,0.9533181810132746,1.0,0,2,0.000270010570506078,15.172326411229427,WB,-0.37209124016786704,34.02778998378474,-118.38735473794603,11689.560199977781,Culver City,-151.0,False,False,0.0365015756865168,0.5421375459478959,0.019788874665919602
474,9490.0,-0.6912129266404688,0.9991165268379514,1.0,0,2,0.0002616797995755716,14.867906716350504,WB,-0.36185096488825247,34.027808470558185,-118.38757036113178,11689.560199977781,Culver City,-131.0,False,False,0.007702046222901712,0.5378001702565102,0.004142161770000052
475,9510.0,,,,0,1,0.0008576116341039356,13.892350788406816,WB,-0.36759446077516006,34.027826957331634,-118.38778598431753,11689.560199977781,Culver City,-111.0,False,True,,0.5244926866890953,
476,9530.0,,,,0,1,0.000627270286729003,12.867275310291738,WB,0.0597325166335596,34.02784585562773,-118.38800155549035,11689.560199977781,Culver City,-91.0,False,True,,0.5114823995536724,
477,9550.0,,,,0,1,0.0008034560920249971,11.640165656743608,WB,0.44047465681478404,34.02786531103171,-118.38821705624946,11689.560199977781,Culver City,-71.0,False,True,,0.4972186950213636,
478,9570.0,,,,0,1,0.0028020179646303335,10.457195506998222,WB,0.6005362409453104,34.02788476643569,-118.38843255700858,11689.560199977781,Culver City,-51.0,False,True,,0.4848203077938625,
479,9590.0,,,,0,1,0.0005726043510627392,9.504983279690697,WB,0.9662467432779299,34.02790422183967,-118.3886480577677,11689.560199977781,Culver City,-31.0,False,True,,0.47580474814745766,
480,9610.0,,,,0,1,0.0005425083660993365,8.19798458099186,WB,0.7940898718602863,34.02792367724365,-118.38886355852682,11689.560199977781,Culver City,-11.0,False,True,,0.4648305642826295,
481,9630.0,,,,0,1,0.00016743995206247602,6.148865387206005,WB,0.4717330465572589,34.02794313264763,-118.38907905928593,10877.532706736289,Culver City,9.0,False,True,,0.4208113353792773,
482,9645.0,,,,0,1,0.00021620423934754445,3.6950929530392957,WB,0.4789562400371046,34.027957762270646,-118.38924067973062,10877.532706736289,Culver City,24.0,False,True,,0.4093547539439454,
