{"type":"FeatureCollection","features":[{"type":"Feature","properties":{"bin":614,"direction":"westbound","start_m":15350,"end_m":15375,"median_score":1.002,"hot_fraction":0.0,"recordings":1,"rides_rough":0,"rides_covering":1,"location_precision":"approximate corridor location; physical track not resolved"},"geometry":{"type":"LineString","coordinates":[[-118.286483,34.018251],[-118.286754,34.018252]]},"id":"WB-614"},{"type":"Feature","properties":{"bin":615,"direction":"westbound","start_m":15375,"end_m":15400,"median_score":1.893,"hot_fraction":1.0,"recordings":1,"rides_rough":1,"rides_covering":1,"location_precision":"approximate corridor location; physical track not resolved"},"geometry":{"type":"LineString","coordinates":[[-118.286754,34.018252],[-118.287025,34.018253]]},"id":"WB-615"},{"type":"Feature","properties":{"bin":616,"direction":"westbound","start_m":15400,"end_m":15425,"median_score":1.656,"hot_fraction":0.0,"recordings":2,"rides_rough":0,"rides_covering":1,"location_precision":"approximate corridor location; physical track not resolved"},"geometry":{"type":"LineString","coordinates":[[-118.287025,34.018253],[-118.287187,34.018253],[-118.287296,34.018254]]},"id":"WB-616"},{"type":"Feature","properties":{"bin":617,"direction":"westbound","start_m":15425,"end_m":15450,"median_score":1.947,"hot_fraction":0.5,"recordings":3,"rides_rough":1,"rides_covering":2,"location_precision":"approximate corridor location; physical track not resolved"},"geometry":{"type":"LineString","coordinates":[[-118.287296,34.018254],[-118.287567,34.018255]]},"id":"WB-617"},{"type":"Feature","properties":{"bin":618,"direction":"westbound","start_m":15450,"end_m":15475,"median_score":1.936,"hot_fraction":0.5,"recordings":3,"rides_rough":1,"rides_covering":2,"location_precision":"approximate corridor location; physical track not resolved"},"geometry":{"type":"LineString","coordinates":[[-118.287567,34.018255],[-118.287838,34.018257]]},"id":"WB-618"},{"type":"Feature","properties":{"bin":619,"direction":"westbound","start_m":15475,"end_m":15500,"median_score":1.306,"hot_fraction":0.0,"recordings":2,"rides_rough":0,"rides_covering":2,"location_precision":"approximate corridor location; physical track not resolved"},"geometry":{"type":"LineString","coordinates":[[-118.287838,34.018257],[-118.287874,34.018257],[-118.288109,34.018258]]},"id":"WB-619"},{"type":"Feature","properties":{"bin":620,"direction":"westbound","start_m":15500,"end_m":15525,"median_score":1.406,"hot_fraction":0.0,"recordings":3,"rides_rough":0,"rides_covering":2,"location_precision":"approximate corridor location; physical track not resolved"},"geometry":{"type":"LineString","coordinates":[[-118.288109,34.018258],[-118.28838,34.018259]]},"id":"WB-620"},{"type":"Feature","properties":{"bin":621,"direction":"westbound","start_m":15525,"end_m":15550,"median_score":1.586,"hot_fraction":0.5,"recordings":3,"rides_rough":1,"rides_covering":2,"location_precision":"approximate corridor location; physical track not resolved"},"geometry":{"type":"LineString","coordinates":[[-118.28838,34.018259],[-118.288651,34.01826]]},"id":"WB-621"},{"type":"Feature","properties":{"bin":622,"direction":"westbound","start_m":15550,"end_m":15575,"median_score":1.839,"hot_fraction":1.0,"recordings":2,"rides_rough":1,"rides_covering":1,"location_precision":"approximate corridor location; physical track not resolved"},"geometry":{"type":"LineString","coordinates":[[-118.288651,34.01826],[-118.288668,34.01826],[-118.288922,34.01826]]},"id":"WB-622"},{"type":"Feature","properties":{"bin":623,"direction":"westbound","start_m":15575,"end_m":15600,"median_score":1.802,"hot_fraction":0.5,"recordings":2,"rides_rough":1,"rides_covering":2,"location_precision":"approximate corridor location; physical track not resolved"},"geometry":{"type":"LineString","coordinates":[[-118.288922,34.01826],[-118.289193,34.018261]]},"id":"WB-623"},{"type":"Feature","properties":{"bin":624,"direction":"westbound","start_m":15600,"end_m":15625,"median_score":1.131,"hot_fraction":0.0,"recordings":2,"rides_rough":0,"rides_covering":1,"location_precision":"approximate corridor location; physical track not resolved"},"geometry":{"type":"LineString","coordinates":[[-118.289193,34.018261],[-118.28927,34.018261],[-118.289464,34.018261]]},"id":"WB-624"},{"type":"Feature","properties":{"bin":625,"direction":"westbound","start_m":15625,"end_m":15650,"median_score":1.052,"hot_fraction":0.0,"recordings":1,"rides_rough":0,"rides_covering":1,"location_precision":"approximate corridor location; physical track not resolved"},"geometry":{"type":"LineString","coordinates":[[-118.289464,34.018261],[-118.289735,34.01826]]},"id":"WB-625"},{"type":"Feature","properties":{"bin":626,"direction":"westbound","start_m":15650,"end_m":15675,"median_score":2.157,"hot_fraction":1.0,"recordings":1,"rides_rough":1,"rides_covering":1,"location_precision":"approximate corridor location; physical track not resolved"},"geometry":{"type":"LineString","coordinates":[[-118.289735,34.01826],[-118.290006,34.01826]]},"id":"WB-626"},{"type":"Feature","properties":{"bin":627,"direction":"westbound","start_m":15675,"end_m":15700,"median_score":1.034,"hot_fraction":0.0,"recordings":1,"rides_rough":0,"rides_covering":1,"location_precision":"approximate corridor location; physical track not resolved"},"geometry":{"type":"LineString","coordinates":[[-118.290006,34.01826],[-118.290126,34.01826],[-118.290277,34.01826]]},"id":"WB-627"},{"type":"Feature","properties":{"bin":628,"direction":"westbound","start_m":15700,"end_m":15725,"median_score":1.168,"hot_fraction":0.0,"recordings":1,"rides_rough":0,"rides_covering":1,"location_precision":"approximate corridor location; physical track not resolved"},"geometry":{"type":"LineString","coordinates":[[-118.290277,34.01826],[-118.290548,34.018261]]},"id":"WB-628"},{"type":"Feature","properties":{"bin":629,"direction":"westbound","start_m":15725,"end_m":15750,"median_score":0.573,"hot_fraction":0.0,"recordings":1,"rides_rough":0,"rides_covering":1,"location_precision":"approximate corridor location; physical track not resolved"},"geometry":{"type":"LineString","coordinates":[[-118.290548,34.018261],[-118.290819,34.018262]]},"id":"WB-629"},{"type":"Feature","properties":{"bin":631,"direction":"westbound","start_m":15775,"end_m":15800,"median_score":0.82,"hot_fraction":0.0,"recordings":1,"rides_rough":0,"rides_covering":1,"location_precision":"approximate corridor location; physical track not resolved"},"geometry":{"type":"LineString","coordinates":[[-118.29109,34.018264],[-118.291361,34.018267]]},"id":"WB-631"},{"type":"Feature","properties":{"bin":632,"direction":"westbound","start_m":15800,"end_m":15825,"median_score":0.753,"hot_fraction":0.0,"recordings":1,"rides_rough":0,"rides_covering":1,"location_precision":"approximate corridor location; physical track not resolved"},"geometry":{"type":"LineString","coordinates":[[-118.291361,34.018267],[-118.291544,34.018269],[-118.291632,34.018269]]},"id":"WB-632"},{"type":"Feature","properties":{"bin":633,"direction":"westbound","start_m":15825,"end_m":15850,"median_score":1.204,"hot_fraction":0.0,"recordings":2,"rides_rough":0,"rides_covering":1,"location_precision":"approximate corridor location; physical track not resolved"},"geometry":{"type":"LineString","coordinates":[[-118.291632,34.018269],[-118.291903,34.01827]]},"id":"WB-633"},{"type":"Feature","properties":{"bin":634,"direction":"westbound","start_m":15850,"end_m":15875,"median_score":0.893,"hot_fraction":0.0,"recordings":2,"rides_rough":0,"rides_covering":2,"location_precision":"approximate corridor location; physical track not resolved"},"geometry":{"type":"LineString","coordinates":[[-118.291903,34.01827],[-118.292174,34.018272]]},"id":"WB-634"},{"type":"Feature","properties":{"bin":635,"direction":"westbound","start_m":15875,"end_m":15900,"median_score":1.192,"hot_fraction":0.0,"recordings":2,"rides_rough":0,"rides_covering":1,"location_precision":"approximate corridor location; physical track not resolved"},"geometry":{"type":"LineString","coordinates":[[-118.292174,34.018272],[-118.292445,34.018273]]},"id":"WB-635"},{"type":"Feature","properties":{"bin":636,"direction":"westbound","start_m":15900,"end_m":15925,"median_score":1.052,"hot_fraction":0.0,"recordings":3,"rides_rough":0,"rides_covering":1,"location_precision":"approximate corridor location; physical track not resolved"},"geometry":{"type":"LineString","coordinates":[[-118.292445,34.018273],[-118.29252,34.018273],[-118.292716,34.018274]]},"id":"WB-636"},{"type":"Feature","properties":{"bin":637,"direction":"westbound","start_m":15925,"end_m":15950,"median_score":0.981,"hot_fraction":0.0,"recordings":2,"rides_rough":0,"rides_covering":1,"location_precision":"approximate corridor location; physical track not resolved"},"geometry":{"type":"LineString","coordinates":[[-118.292716,34.018274],[-118.292987,34.018275]]},"id":"WB-637"},{"type":"Feature","properties":{"bin":643,"direction":"westbound","start_m":16075,"end_m":16100,"median_score":1.602,"hot_fraction":0.5,"recordings":3,"rides_rough":1,"rides_covering":2,"location_precision":"approximate corridor location; physical track not resolved"},"geometry":{"type":"LineString","coordinates":[[-118.294342,34.018288],[-118.294613,34.018289]]},"id":"WB-643"},{"type":"Feature","properties":{"bin":644,"direction":"westbound","start_m":16100,"end_m":16125,"median_score":1.326,"hot_fraction":0.0,"recordings":4,"rides_rough":0,"rides_covering":2,"location_precision":"approximate corridor location; physical track not resolved"},"geometry":{"type":"LineString","coordinates":[[-118.294613,34.018289],[-118.294884,34.018289]]},"id":"WB-644"},{"type":"Feature","properties":{"bin":645,"direction":"westbound","start_m":16125,"end_m":16150,"median_score":2.249,"hot_fraction":1.0,"recordings":3,"rides_rough":2,"rides_covering":2,"location_precision":"approximate corridor location; physical track not resolved"},"geometry":{"type":"LineString","coordinates":[[-118.294884,34.018289],[-118.294919,34.018289],[-118.295155,34.01829]]},"id":"WB-645"},{"type":"Feature","properties":{"bin":646,"direction":"westbound","start_m":16150,"end_m":16175,"median_score":1.674,"hot_fraction":0.5,"recordings":4,"rides_rough":1,"rides_covering":2,"location_precision":"approximate corridor location; physical track not resolved"},"geometry":{"type":"LineString","coordinates":[[-118.295155,34.01829],[-118.295426,34.018291]]},"id":"WB-646"},{"type":"Feature","properties":{"bin":647,"direction":"westbound","start_m":16175,"end_m":16200,"median_score":1.448,"hot_fraction":0.0,"recordings":6,"rides_rough":0,"rides_covering":2,"location_precision":"approximate corridor location; physical track not resolved"},"geometry":{"type":"LineString","coordinates":[[-118.295426,34.018291],[-118.295667,34.018292],[-118.295697,34.018292]]},"id":"WB-647"},{"type":"Feature","properties":{"bin":648,"direction":"westbound","start_m":16200,"end_m":16225,"median_score":1.554,"hot_fraction":0.0,"recordings":6,"rides_rough":0,"rides_covering":2,"location_precision":"approximate corridor location; physical track not resolved"},"geometry":{"type":"LineString","coordinates":[[-118.295697,34.018292],[-118.295968,34.018292]]},"id":"WB-648"},{"type":"Feature","properties":{"bin":649,"direction":"westbound","start_m":16225,"end_m":16250,"median_score":3.736,"hot_fraction":1.0,"recordings":6,"rides_rough":2,"rides_covering":2,"location_precision":"approximate corridor location; physical track not resolved"},"geometry":{"type":"LineString","coordinates":[[-118.295968,34.018292],[-118.296239,34.018292]]},"id":"WB-649"},{"type":"Feature","properties":{"bin":650,"direction":"westbound","start_m":16250,"end_m":16275,"median_score":2.145,"hot_fraction":1.0,"recordings":6,"rides_rough":2,"rides_covering":2,"location_precision":"approximate corridor location; physical track not resolved"},"geometry":{"type":"LineString","coordinates":[[-118.296239,34.018292],[-118.296323,34.018292],[-118.29651,34.018293]]},"id":"WB-650"},{"type":"Feature","properties":{"bin":651,"direction":"westbound","start_m":16275,"end_m":16300,"median_score":1.034,"hot_fraction":0.0,"recordings":5,"rides_rough":0,"rides_covering":2,"location_precision":"approximate corridor location; physical track not resolved"},"geometry":{"type":"LineString","coordinates":[[-118.29651,34.018293],[-118.296781,34.018294]]},"id":"WB-651"},{"type":"Feature","properties":{"bin":652,"direction":"westbound","start_m":16300,"end_m":16325,"median_score":0.623,"hot_fraction":0.0,"recordings":6,"rides_rough":0,"rides_covering":2,"location_precision":"approximate corridor location; physical track not resolved"},"geometry":{"type":"LineString","coordinates":[[-118.296781,34.018294],[-118.297052,34.018295]]},"id":"WB-652"},{"type":"Feature","properties":{"bin":653,"direction":"westbound","start_m":16325,"end_m":16350,"median_score":0.803,"hot_fraction":0.0,"recordings":6,"rides_rough":0,"rides_covering":2,"location_precision":"approximate corridor location; physical track not resolved"},"geometry":{"type":"LineString","coordinates":[[-118.297052,34.018295],[-118.297053,34.018295],[-118.297323,34.018295]]},"id":"WB-653"},{"type":"Feature","properties":{"bin":654,"direction":"westbound","start_m":16350,"end_m":16375,"median_score":1.05,"hot_fraction":0.0,"recordings":4,"rides_rough":0,"rides_covering":2,"location_precision":"approximate corridor location; physical track not resolved"},"geometry":{"type":"LineString","coordinates":[[-118.297323,34.018295],[-118.297594,34.018295]]},"id":"WB-654"},{"type":"Feature","properties":{"bin":655,"direction":"westbound","start_m":16375,"end_m":16400,"median_score":0.97,"hot_fraction":0.0,"recordings":3,"rides_rough":0,"rides_covering":1,"location_precision":"approximate corridor location; physical track not resolved"},"geometry":{"type":"LineString","coordinates":[[-118.297594,34.018295],[-118.297731,34.018295],[-118.297865,34.018295]]},"id":"WB-655"},{"type":"Feature","properties":{"bin":656,"direction":"westbound","start_m":16400,"end_m":16425,"median_score":1.357,"hot_fraction":0.0,"recordings":5,"rides_rough":0,"rides_covering":2,"location_precision":"approximate corridor location; physical track not resolved"},"geometry":{"type":"LineString","coordinates":[[-118.297865,34.018295],[-118.298136,34.018295]]},"id":"WB-656"},{"type":"Feature","properties":{"bin":657,"direction":"westbound","start_m":16425,"end_m":16450,"median_score":1.372,"hot_fraction":0.0,"recordings":3,"rides_rough":0,"rides_covering":2,"location_precision":"approximate corridor location; physical track not resolved"},"geometry":{"type":"LineString","coordinates":[[-118.298136,34.018295],[-118.298407,34.018295]]},"id":"WB-657"},{"type":"Feature","properties":{"bin":658,"direction":"westbound","start_m":16450,"end_m":16475,"median_score":0.748,"hot_fraction":0.0,"recordings":4,"rides_rough":0,"rides_covering":2,"location_precision":"approximate corridor location; physical track not resolved"},"geometry":{"type":"LineString","coordinates":[[-118.298407,34.018295],[-118.298532,34.018295],[-118.298678,34.018296]]},"id":"WB-658"},{"type":"Feature","properties":{"bin":659,"direction":"westbound","start_m":16475,"end_m":16500,"median_score":0.783,"hot_fraction":0.0,"recordings":6,"rides_rough":0,"rides_covering":2,"location_precision":"approximate corridor location; physical track not resolved"},"geometry":{"type":"LineString","coordinates":[[-118.298678,34.018296],[-118.298948,34.018297]]},"id":"WB-659"},{"type":"Feature","properties":{"bin":660,"direction":"westbound","start_m":16500,"end_m":16525,"median_score":1.165,"hot_fraction":0.0,"recordings":6,"rides_rough":0,"rides_covering":2,"location_precision":"approximate corridor location; physical track not resolved"},"geometry":{"type":"LineString","coordinates":[[-118.298948,34.018297],[-118.299219,34.018298]]},"id":"WB-660"},{"type":"Feature","properties":{"bin":661,"direction":"westbound","start_m":16525,"end_m":16550,"median_score":1.267,"hot_fraction":0.0,"recordings":6,"rides_rough":0,"rides_covering":2,"location_precision":"approximate corridor location; physical track not resolved"},"geometry":{"type":"LineString","coordinates":[[-118.299219,34.018298],[-118.299248,34.018298],[-118.29949,34.0183]]},"id":"WB-661"},{"type":"Feature","properties":{"bin":662,"direction":"westbound","start_m":16550,"end_m":16575,"median_score":0.857,"hot_fraction":0.0,"recordings":6,"rides_rough":0,"rides_covering":2,"location_precision":"approximate corridor location; physical track not resolved"},"geometry":{"type":"LineString","coordinates":[[-118.29949,34.0183],[-118.299761,34.018302]]},"id":"WB-662"},{"type":"Feature","properties":{"bin":663,"direction":"westbound","start_m":16575,"end_m":16600,"median_score":1.321,"hot_fraction":0.0,"recordings":6,"rides_rough":0,"rides_covering":2,"location_precision":"approximate corridor location; physical track not resolved"},"geometry":{"type":"LineString","coordinates":[[-118.299761,34.018302],[-118.300032,34.018304]]},"id":"WB-663"},{"type":"Feature","properties":{"bin":664,"direction":"westbound","start_m":16600,"end_m":16625,"median_score":1.018,"hot_fraction":0.0,"recordings":6,"rides_rough":0,"rides_covering":2,"location_precision":"approximate corridor location; physical track not resolved"},"geometry":{"type":"LineString","coordinates":[[-118.300032,34.018304],[-118.300071,34.018304],[-118.300303,34.018304]]},"id":"WB-664"},{"type":"Feature","properties":{"bin":665,"direction":"westbound","start_m":16625,"end_m":16650,"median_score":1.009,"hot_fraction":0.0,"recordings":6,"rides_rough":0,"rides_covering":2,"location_precision":"approximate corridor location; physical track not resolved"},"geometry":{"type":"LineString","coordinates":[[-118.300303,34.018304],[-118.300574,34.018303]]},"id":"WB-665"},{"type":"Feature","properties":{"bin":666,"direction":"westbound","start_m":16650,"end_m":16675,"median_score":2.035,"hot_fraction":1.0,"recordings":6,"rides_rough":2,"rides_covering":2,"location_precision":"approximate corridor location; physical track not resolved"},"geometry":{"type":"LineString","coordinates":[[-118.300574,34.018303],[-118.300834,34.018303],[-118.300845,34.018303]]},"id":"WB-666"},{"type":"Feature","properties":{"bin":667,"direction":"westbound","start_m":16675,"end_m":16700,"median_score":1.862,"hot_fraction":0.5,"recordings":6,"rides_rough":1,"rides_covering":2,"location_precision":"approximate corridor location; physical track not resolved"},"geometry":{"type":"LineString","coordinates":[[-118.300845,34.018303],[-118.301116,34.018304]]},"id":"WB-667"},{"type":"Feature","properties":{"bin":668,"direction":"westbound","start_m":16700,"end_m":16725,"median_score":1.105,"hot_fraction":0.0,"recordings":6,"rides_rough":0,"rides_covering":2,"location_precision":"approximate corridor location; physical track not resolved"},"geometry":{"type":"LineString","coordinates":[[-118.301116,34.018304],[-118.301387,34.018305]]},"id":"WB-668"},{"type":"Feature","properties":{"bin":669,"direction":"westbound","start_m":16725,"end_m":16750,"median_score":0.983,"hot_fraction":0.0,"recordings":4,"rides_rough":0,"rides_covering":2,"location_precision":"approximate corridor location; physical track not resolved"},"geometry":{"type":"LineString","coordinates":[[-118.301387,34.018305],[-118.301504,34.018305],[-118.301658,34.018305]]},"id":"WB-669"},{"type":"Feature","properties":{"bin":670,"direction":"westbound","start_m":16750,"end_m":16775,"median_score":0.568,"hot_fraction":0.0,"recordings":3,"rides_rough":0,"rides_covering":1,"location_precision":"approximate corridor location; physical track not resolved"},"geometry":{"type":"LineString","coordinates":[[-118.301658,34.018305],[-118.301929,34.018304]]},"id":"WB-670"},{"type":"Feature","properties":{"bin":671,"direction":"westbound","start_m":16775,"end_m":16800,"median_score":0.745,"hot_fraction":0.0,"recordings":3,"rides_rough":0,"rides_covering":1,"location_precision":"approximate corridor location; physical track not resolved"},"geometry":{"type":"LineString","coordinates":[[-118.301929,34.018304],[-118.3022,34.018303]]},"id":"WB-671"},{"type":"Feature","properties":{"bin":672,"direction":"westbound","start_m":16800,"end_m":16825,"median_score":1.326,"hot_fraction":0.0,"recordings":3,"rides_rough":0,"rides_covering":1,"location_precision":"approximate corridor location; physical track not resolved"},"geometry":{"type":"LineString","coordinates":[[-118.3022,34.018303],[-118.302351,34.018303],[-118.302471,34.018303]]},"id":"WB-672"},{"type":"Feature","properties":{"bin":673,"direction":"westbound","start_m":16825,"end_m":16850,"median_score":1.289,"hot_fraction":0.5,"recordings":4,"rides_rough":1,"rides_covering":2,"location_precision":"approximate corridor location; physical track not resolved"},"geometry":{"type":"LineString","coordinates":[[-118.302471,34.018303],[-118.302742,34.018304]]},"id":"WB-673"},{"type":"Feature","properties":{"bin":674,"direction":"westbound","start_m":16850,"end_m":16875,"median_score":1.964,"hot_fraction":1.0,"recordings":3,"rides_rough":1,"rides_covering":1,"location_precision":"approximate corridor location; physical track not resolved"},"geometry":{"type":"LineString","coordinates":[[-118.302742,34.018304],[-118.302912,34.018305],[-118.303013,34.018305]]},"id":"WB-674"},{"type":"Feature","properties":{"bin":675,"direction":"westbound","start_m":16875,"end_m":16900,"median_score":1.136,"hot_fraction":0.0,"recordings":5,"rides_rough":0,"rides_covering":2,"location_precision":"approximate corridor location; physical track not resolved"},"geometry":{"type":"LineString","coordinates":[[-118.303013,34.018305],[-118.303284,34.018305]]},"id":"WB-675"},{"type":"Feature","properties":{"bin":676,"direction":"westbound","start_m":16900,"end_m":16925,"median_score":1.104,"hot_fraction":0.0,"recordings":4,"rides_rough":0,"rides_covering":2,"location_precision":"approximate corridor location; physical track not resolved"},"geometry":{"type":"LineString","coordinates":[[-118.303284,34.018305],[-118.303555,34.018305]]},"id":"WB-676"},{"type":"Feature","properties":{"bin":677,"direction":"westbound","start_m":16925,"end_m":16950,"median_score":0.981,"hot_fraction":0.0,"recordings":3,"rides_rough":0,"rides_covering":1,"location_precision":"approximate corridor location; physical track not resolved"},"geometry":{"type":"LineString","coordinates":[[-118.303555,34.018305],[-118.303826,34.018306]]},"id":"WB-677"},{"type":"Feature","properties":{"bin":678,"direction":"westbound","start_m":16950,"end_m":16975,"median_score":0.937,"hot_fraction":0.0,"recordings":3,"rides_rough":0,"rides_covering":1,"location_precision":"approximate corridor location; physical track not resolved"},"geometry":{"type":"LineString","coordinates":[[-118.303826,34.018306],[-118.304097,34.018306]]},"id":"WB-678"},{"type":"Feature","properties":{"bin":679,"direction":"westbound","start_m":16975,"end_m":17000,"median_score":1.548,"hot_fraction":0.0,"recordings":3,"rides_rough":0,"rides_covering":1,"location_precision":"approximate corridor location; physical track not resolved"},"geometry":{"type":"LineString","coordinates":[[-118.304097,34.018306],[-118.304368,34.018306]]},"id":"WB-679"},{"type":"Feature","properties":{"bin":680,"direction":"westbound","start_m":17000,"end_m":17025,"median_score":2.556,"hot_fraction":1.0,"recordings":3,"rides_rough":1,"rides_covering":1,"location_precision":"approximate corridor location; physical track not resolved"},"geometry":{"type":"LineString","coordinates":[[-118.304368,34.018306],[-118.304533,34.018306],[-118.304639,34.018307]]},"id":"WB-680"},{"type":"Feature","properties":{"bin":681,"direction":"westbound","start_m":17025,"end_m":17050,"median_score":1.714,"hot_fraction":0.0,"recordings":3,"rides_rough":0,"rides_covering":1,"location_precision":"approximate corridor location; physical track not resolved"},"geometry":{"type":"LineString","coordinates":[[-118.304639,34.018307],[-118.30491,34.01831]]},"id":"WB-681"},{"type":"Feature","properties":{"bin":682,"direction":"westbound","start_m":17050,"end_m":17075,"median_score":0.788,"hot_fraction":0.0,"recordings":3,"rides_rough":0,"rides_covering":1,"location_precision":"approximate corridor location; physical track not resolved"},"geometry":{"type":"LineString","coordinates":[[-118.30491,34.01831],[-118.305181,34.018312]]},"id":"WB-682"},{"type":"Feature","properties":{"bin":683,"direction":"westbound","start_m":17075,"end_m":17100,"median_score":0.81,"hot_fraction":0.0,"recordings":3,"rides_rough":0,"rides_covering":1,"location_precision":"approximate corridor location; physical track not resolved"},"geometry":{"type":"LineString","coordinates":[[-118.305181,34.018312],[-118.305452,34.018315]]},"id":"WB-683"},{"type":"Feature","properties":{"bin":684,"direction":"westbound","start_m":17100,"end_m":17125,"median_score":1.088,"hot_fraction":0.0,"recordings":3,"rides_rough":0,"rides_covering":1,"location_precision":"approximate corridor location; physical track not resolved"},"geometry":{"type":"LineString","coordinates":[[-118.305452,34.018315],[-118.305551,34.018316],[-118.305723,34.018317]]},"id":"WB-684"},{"type":"Feature","properties":{"bin":685,"direction":"westbound","start_m":17125,"end_m":17150,"median_score":0.963,"hot_fraction":0.0,"recordings":5,"rides_rough":0,"rides_covering":2,"location_precision":"approximate corridor location; physical track not resolved"},"geometry":{"type":"LineString","coordinates":[[-118.305723,34.018317],[-118.305994,34.018319]]},"id":"WB-685"},{"type":"Feature","properties":{"bin":686,"direction":"westbound","start_m":17150,"end_m":17175,"median_score":1.175,"hot_fraction":0.0,"recordings":6,"rides_rough":0,"rides_covering":2,"location_precision":"approximate corridor location; physical track not resolved"},"geometry":{"type":"LineString","coordinates":[[-118.305994,34.018319],[-118.306265,34.018321]]},"id":"WB-686"},{"type":"Feature","properties":{"bin":687,"direction":"westbound","start_m":17175,"end_m":17200,"median_score":0.68,"hot_fraction":0.0,"recordings":6,"rides_rough":0,"rides_covering":2,"location_precision":"approximate corridor location; physical track not resolved"},"geometry":{"type":"LineString","coordinates":[[-118.306265,34.018321],[-118.30648,34.018322],[-118.306536,34.018323]]},"id":"WB-687"},{"type":"Feature","properties":{"bin":688,"direction":"westbound","start_m":17200,"end_m":17225,"median_score":2.231,"hot_fraction":1.0,"recordings":5,"rides_rough":2,"rides_covering":2,"location_precision":"approximate corridor location; physical track not resolved"},"geometry":{"type":"LineString","coordinates":[[-118.306536,34.018323],[-118.306807,34.018325]]},"id":"WB-688"},{"type":"Feature","properties":{"bin":689,"direction":"westbound","start_m":17225,"end_m":17250,"median_score":1.601,"hot_fraction":0.0,"recordings":4,"rides_rough":0,"rides_covering":2,"location_precision":"approximate corridor location; physical track not resolved"},"geometry":{"type":"LineString","coordinates":[[-118.306807,34.018325],[-118.307078,34.018328]]},"id":"WB-689"},{"type":"Feature","properties":{"bin":690,"direction":"westbound","start_m":17250,"end_m":17275,"median_score":1.19,"hot_fraction":0.0,"recordings":2,"rides_rough":0,"rides_covering":1,"location_precision":"approximate corridor location; physical track not resolved"},"geometry":{"type":"LineString","coordinates":[[-118.307078,34.018328],[-118.307266,34.01833],[-118.307349,34.018331]]},"id":"WB-690"},{"type":"Feature","properties":{"bin":691,"direction":"westbound","start_m":17275,"end_m":17300,"median_score":1.832,"hot_fraction":1.0,"recordings":2,"rides_rough":1,"rides_covering":1,"location_precision":"approximate corridor location; physical track not resolved"},"geometry":{"type":"LineString","coordinates":[[-118.307349,34.018331],[-118.30762,34.018333]]},"id":"WB-691"},{"type":"Feature","properties":{"bin":692,"direction":"westbound","start_m":17300,"end_m":17325,"median_score":0.631,"hot_fraction":0.0,"recordings":3,"rides_rough":0,"rides_covering":1,"location_precision":"approximate corridor location; physical track not resolved"},"geometry":{"type":"LineString","coordinates":[[-118.30762,34.018333],[-118.307891,34.018335]]},"id":"WB-692"},{"type":"Feature","properties":{"bin":693,"direction":"westbound","start_m":17325,"end_m":17350,"median_score":0.585,"hot_fraction":0.0,"recordings":3,"rides_rough":0,"rides_covering":2,"location_precision":"approximate corridor location; physical track not resolved"},"geometry":{"type":"LineString","coordinates":[[-118.307891,34.018335],[-118.30791,34.018335],[-118.308162,34.018338]]},"id":"WB-693"},{"type":"Feature","properties":{"bin":694,"direction":"westbound","start_m":17350,"end_m":17375,"median_score":0.733,"hot_fraction":0.0,"recordings":1,"rides_rough":0,"rides_covering":1,"location_precision":"approximate corridor location; physical track not resolved"},"geometry":{"type":"LineString","coordinates":[[-118.308162,34.018338],[-118.308433,34.018341]]},"id":"WB-694"},{"type":"Feature","properties":{"bin":699,"direction":"westbound","start_m":17475,"end_m":17500,"median_score":1.058,"hot_fraction":0.0,"recordings":2,"rides_rough":0,"rides_covering":1,"location_precision":"approximate corridor location; physical track not resolved"},"geometry":{"type":"LineString","coordinates":[[-118.309517,34.018349],[-118.309788,34.018351]]},"id":"WB-699"},{"type":"Feature","properties":{"bin":700,"direction":"westbound","start_m":17500,"end_m":17525,"median_score":1.025,"hot_fraction":0.0,"recordings":3,"rides_rough":0,"rides_covering":1,"location_precision":"approximate corridor location; physical track not resolved"},"geometry":{"type":"LineString","coordinates":[[-118.309788,34.018351],[-118.309948,34.018352],[-118.310059,34.018354]]},"id":"WB-700"},{"type":"Feature","properties":{"bin":701,"direction":"westbound","start_m":17525,"end_m":17550,"median_score":0.808,"hot_fraction":0.0,"recordings":1,"rides_rough":0,"rides_covering":1,"location_precision":"approximate corridor location; physical track not resolved"},"geometry":{"type":"LineString","coordinates":[[-118.310059,34.018354],[-118.310329,34.01836]]},"id":"WB-701"},{"type":"Feature","properties":{"bin":706,"direction":"westbound","start_m":17650,"end_m":17675,"median_score":1.08,"hot_fraction":0.0,"recordings":2,"rides_rough":0,"rides_covering":2,"location_precision":"approximate corridor location; physical track not resolved"},"geometry":{"type":"LineString","coordinates":[[-118.311413,34.018384],[-118.311644,34.018389],[-118.311684,34.018389]]},"id":"WB-706"},{"type":"Feature","properties":{"bin":707,"direction":"westbound","start_m":17675,"end_m":17700,"median_score":1.089,"hot_fraction":0.0,"recordings":3,"rides_rough":0,"rides_covering":2,"location_precision":"approximate corridor location; physical track not resolved"},"geometry":{"type":"LineString","coordinates":[[-118.311684,34.018389],[-118.311955,34.018389]]},"id":"WB-707"},{"type":"Feature","properties":{"bin":708,"direction":"westbound","start_m":17700,"end_m":17725,"median_score":0.893,"hot_fraction":0.0,"recordings":4,"rides_rough":0,"rides_covering":2,"location_precision":"approximate corridor location; physical track not resolved"},"geometry":{"type":"LineString","coordinates":[[-118.311955,34.018389],[-118.312226,34.018388]]},"id":"WB-708"},{"type":"Feature","properties":{"bin":709,"direction":"westbound","start_m":17725,"end_m":17750,"median_score":1.302,"hot_fraction":0.0,"recordings":5,"rides_rough":0,"rides_covering":2,"location_precision":"approximate corridor location; physical track not resolved"},"geometry":{"type":"LineString","coordinates":[[-118.312226,34.018388],[-118.31236,34.018388],[-118.312497,34.018388]]},"id":"WB-709"},{"type":"Feature","properties":{"bin":710,"direction":"westbound","start_m":17750,"end_m":17775,"median_score":1.468,"hot_fraction":0.5,"recordings":6,"rides_rough":1,"rides_covering":2,"location_precision":"approximate corridor location; physical track not resolved"},"geometry":{"type":"LineString","coordinates":[[-118.312497,34.018388],[-118.312768,34.018389]]},"id":"WB-710"},{"type":"Feature","properties":{"bin":711,"direction":"westbound","start_m":17775,"end_m":17800,"median_score":1.392,"hot_fraction":0.0,"recordings":4,"rides_rough":0,"rides_covering":2,"location_precision":"approximate corridor location; physical track not resolved"},"geometry":{"type":"LineString","coordinates":[[-118.312768,34.018389],[-118.313039,34.018389]]},"id":"WB-711"},{"type":"Feature","properties":{"bin":712,"direction":"westbound","start_m":17800,"end_m":17825,"median_score":0.716,"hot_fraction":0.0,"recordings":3,"rides_rough":0,"rides_covering":1,"location_precision":"approximate corridor location; physical track not resolved"},"geometry":{"type":"LineString","coordinates":[[-118.313039,34.018389],[-118.313085,34.018389],[-118.31331,34.018393]]},"id":"WB-712"},{"type":"Feature","properties":{"bin":713,"direction":"westbound","start_m":17825,"end_m":17850,"median_score":1.055,"hot_fraction":0.0,"recordings":1,"rides_rough":0,"rides_covering":1,"location_precision":"approximate corridor location; physical track not resolved"},"geometry":{"type":"LineString","coordinates":[[-118.31331,34.018393],[-118.313341,34.018393],[-118.313581,34.018398]]},"id":"WB-713"},{"type":"Feature","properties":{"bin":715,"direction":"westbound","start_m":17875,"end_m":17900,"median_score":2.14,"hot_fraction":1.0,"recordings":3,"rides_rough":2,"rides_covering":2,"location_precision":"approximate corridor location; physical track not resolved"},"geometry":{"type":"LineString","coordinates":[[-118.313852,34.018403],[-118.314122,34.018408]]},"id":"WB-715"},{"type":"Feature","properties":{"bin":716,"direction":"westbound","start_m":17900,"end_m":17925,"median_score":2.078,"hot_fraction":1.0,"recordings":1,"rides_rough":1,"rides_covering":1,"location_precision":"approximate corridor location; physical track not resolved"},"geometry":{"type":"LineString","coordinates":[[-118.314122,34.018408],[-118.314393,34.018413]]},"id":"WB-716"},{"type":"Feature","properties":{"bin":719,"direction":"westbound","start_m":17975,"end_m":18000,"median_score":1.101,"hot_fraction":0.0,"recordings":1,"rides_rough":0,"rides_covering":1,"location_precision":"approximate corridor location; physical track not resolved"},"geometry":{"type":"LineString","coordinates":[[-118.314935,34.018433],[-118.314981,34.018435],[-118.315205,34.018447]]},"id":"WB-719"},{"type":"Feature","properties":{"bin":720,"direction":"westbound","start_m":18000,"end_m":18025,"median_score":1.109,"hot_fraction":0.0,"recordings":1,"rides_rough":0,"rides_covering":1,"location_precision":"approximate corridor location; physical track not resolved"},"geometry":{"type":"LineString","coordinates":[[-118.315205,34.018447],[-118.315223,34.018448],[-118.315475,34.01847]]},"id":"WB-720"},{"type":"Feature","properties":{"bin":724,"direction":"westbound","start_m":18100,"end_m":18125,"median_score":1.644,"hot_fraction":1.0,"recordings":2,"rides_rough":1,"rides_covering":1,"location_precision":"approximate corridor location; physical track not resolved"},"geometry":{"type":"LineString","coordinates":[[-118.316278,34.018574],[-118.316545,34.018614]]},"id":"WB-724"},{"type":"Feature","properties":{"bin":725,"direction":"westbound","start_m":18125,"end_m":18150,"median_score":1.791,"hot_fraction":1.0,"recordings":3,"rides_rough":1,"rides_covering":1,"location_precision":"approximate corridor location; physical track not resolved"},"geometry":{"type":"LineString","coordinates":[[-118.316545,34.018614],[-118.316811,34.018654]]},"id":"WB-725"},{"type":"Feature","properties":{"bin":726,"direction":"westbound","start_m":18150,"end_m":18175,"median_score":1.202,"hot_fraction":0.5,"recordings":4,"rides_rough":1,"rides_covering":2,"location_precision":"approximate corridor location; physical track not resolved"},"geometry":{"type":"LineString","coordinates":[[-118.316811,34.018654],[-118.316847,34.018659],[-118.317078,34.018696]]},"id":"WB-726"},{"type":"Feature","properties":{"bin":727,"direction":"westbound","start_m":18175,"end_m":18200,"median_score":1.204,"hot_fraction":0.5,"recordings":5,"rides_rough":1,"rides_covering":2,"location_precision":"approximate corridor location; physical track not resolved"},"geometry":{"type":"LineString","coordinates":[[-118.317078,34.018696],[-118.317192,34.018714],[-118.317344,34.018736]]},"id":"WB-727"},{"type":"Feature","properties":{"bin":728,"direction":"westbound","start_m":18200,"end_m":18225,"median_score":1.73,"hot_fraction":0.5,"recordings":3,"rides_rough":1,"rides_covering":2,"location_precision":"approximate corridor location; physical track not resolved"},"geometry":{"type":"LineString","coordinates":[[-118.317344,34.018736],[-118.317488,34.018757],[-118.31761,34.018778]]},"id":"WB-728"},{"type":"Feature","properties":{"bin":729,"direction":"westbound","start_m":18225,"end_m":18250,"median_score":1.069,"hot_fraction":0.0,"recordings":3,"rides_rough":0,"rides_covering":1,"location_precision":"approximate corridor location; physical track not resolved"},"geometry":{"type":"LineString","coordinates":[[-118.31761,34.018778],[-118.317794,34.018809],[-118.317876,34.018824]]},"id":"WB-729"},{"type":"Feature","properties":{"bin":730,"direction":"westbound","start_m":18250,"end_m":18275,"median_score":0.979,"hot_fraction":0.0,"recordings":3,"rides_rough":0,"rides_covering":1,"location_precision":"approximate corridor location; physical track not resolved"},"geometry":{"type":"LineString","coordinates":[[-118.317876,34.018824],[-118.31814,34.018872]]},"id":"WB-730"},{"type":"Feature","properties":{"bin":731,"direction":"westbound","start_m":18275,"end_m":18300,"median_score":0.957,"hot_fraction":0.0,"recordings":3,"rides_rough":0,"rides_covering":1,"location_precision":"approximate corridor location; physical track not resolved"},"geometry":{"type":"LineString","coordinates":[[-118.31814,34.018872],[-118.318405,34.01892]]},"id":"WB-731"},{"type":"Feature","properties":{"bin":732,"direction":"westbound","start_m":18300,"end_m":18325,"median_score":0.783,"hot_fraction":0.0,"recordings":3,"rides_rough":0,"rides_covering":1,"location_precision":"approximate corridor location; physical track not resolved"},"geometry":{"type":"LineString","coordinates":[[-118.318405,34.01892],[-118.31867,34.018968]]},"id":"WB-732"},{"type":"Feature","properties":{"bin":733,"direction":"westbound","start_m":18325,"end_m":18350,"median_score":0.817,"hot_fraction":0.0,"recordings":3,"rides_rough":0,"rides_covering":1,"location_precision":"approximate corridor location; physical track not resolved"},"geometry":{"type":"LineString","coordinates":[[-118.31867,34.018968],[-118.31887,34.019004],[-118.318934,34.019017]]},"id":"WB-733"},{"type":"Feature","properties":{"bin":734,"direction":"westbound","start_m":18350,"end_m":18375,"median_score":0.988,"hot_fraction":0.0,"recordings":5,"rides_rough":0,"rides_covering":2,"location_precision":"approximate corridor location; physical track not resolved"},"geometry":{"type":"LineString","coordinates":[[-118.318934,34.019017],[-118.318991,34.019028],[-118.319197,34.019074]]},"id":"WB-734"},{"type":"Feature","properties":{"bin":735,"direction":"westbound","start_m":18375,"end_m":18400,"median_score":0.866,"hot_fraction":0.0,"recordings":6,"rides_rough":0,"rides_covering":2,"location_precision":"approximate corridor location; physical track not resolved"},"geometry":{"type":"LineString","coordinates":[[-118.319197,34.019074],[-118.319458,34.019132]]},"id":"WB-735"},{"type":"Feature","properties":{"bin":736,"direction":"westbound","start_m":18400,"end_m":18425,"median_score":1.075,"hot_fraction":0.0,"recordings":6,"rides_rough":0,"rides_covering":2,"location_precision":"approximate corridor location; physical track not resolved"},"geometry":{"type":"LineString","coordinates":[[-118.319458,34.019132],[-118.31972,34.01919]]},"id":"WB-736"},{"type":"Feature","properties":{"bin":737,"direction":"westbound","start_m":18425,"end_m":18450,"median_score":0.773,"hot_fraction":0.0,"recordings":6,"rides_rough":0,"rides_covering":2,"location_precision":"approximate corridor location; physical track not resolved"},"geometry":{"type":"LineString","coordinates":[[-118.31972,34.01919],[-118.319982,34.019248]]},"id":"WB-737"},{"type":"Feature","properties":{"bin":738,"direction":"westbound","start_m":18450,"end_m":18475,"median_score":0.824,"hot_fraction":0.0,"recordings":6,"rides_rough":0,"rides_covering":2,"location_precision":"approximate corridor location; physical track not resolved"},"geometry":{"type":"LineString","coordinates":[[-118.319982,34.019248],[-118.320175,34.019291],[-118.320244,34.019307]]},"id":"WB-738"},{"type":"Feature","properties":{"bin":739,"direction":"westbound","start_m":18475,"end_m":18500,"median_score":0.706,"hot_fraction":0.0,"recordings":6,"rides_rough":0,"rides_covering":2,"location_precision":"approximate corridor location; physical track not resolved"},"geometry":{"type":"LineString","coordinates":[[-118.320244,34.019307],[-118.320504,34.01937]]},"id":"WB-739"},{"type":"Feature","properties":{"bin":740,"direction":"westbound","start_m":18500,"end_m":18525,"median_score":0.583,"hot_fraction":0.0,"recordings":6,"rides_rough":0,"rides_covering":2,"location_precision":"approximate corridor location; physical track not resolved"},"geometry":{"type":"LineString","coordinates":[[-118.320504,34.01937],[-118.320672,34.01941],[-118.320764,34.019432]]},"id":"WB-740"},{"type":"Feature","properties":{"bin":741,"direction":"westbound","start_m":18525,"end_m":18550,"median_score":0.678,"hot_fraction":0.0,"recordings":6,"rides_rough":0,"rides_covering":2,"location_precision":"approximate corridor location; physical track not resolved"},"geometry":{"type":"LineString","coordinates":[[-118.320764,34.019432],[-118.321025,34.019495]]},"id":"WB-741"},{"type":"Feature","properties":{"bin":742,"direction":"westbound","start_m":18550,"end_m":18575,"median_score":0.881,"hot_fraction":0.0,"recordings":6,"rides_rough":0,"rides_covering":2,"location_precision":"approximate corridor location; physical track not resolved"},"geometry":{"type":"LineString","coordinates":[[-118.321025,34.019495],[-118.321285,34.019557]]},"id":"WB-742"},{"type":"Feature","properties":{"bin":743,"direction":"westbound","start_m":18575,"end_m":18600,"median_score":0.801,"hot_fraction":0.0,"recordings":6,"rides_rough":0,"rides_covering":2,"location_precision":"approximate corridor location; physical track not resolved"},"geometry":{"type":"LineString","coordinates":[[-118.321285,34.019557],[-118.321545,34.01962]]},"id":"WB-743"},{"type":"Feature","properties":{"bin":744,"direction":"westbound","start_m":18600,"end_m":18625,"median_score":0.62,"hot_fraction":0.0,"recordings":6,"rides_rough":0,"rides_covering":2,"location_precision":"approximate corridor location; physical track not resolved"},"geometry":{"type":"LineString","coordinates":[[-118.321545,34.01962],[-118.321624,34.019639],[-118.321806,34.019681]]},"id":"WB-744"},{"type":"Feature","properties":{"bin":745,"direction":"westbound","start_m":18625,"end_m":18650,"median_score":0.764,"hot_fraction":0.0,"recordings":4,"rides_rough":0,"rides_covering":2,"location_precision":"approximate corridor location; physical track not resolved"},"geometry":{"type":"LineString","coordinates":[[-118.321806,34.019681],[-118.322067,34.019742]]},"id":"WB-745"},{"type":"Feature","properties":{"bin":746,"direction":"westbound","start_m":18650,"end_m":18675,"median_score":1.149,"hot_fraction":0.0,"recordings":3,"rides_rough":0,"rides_covering":1,"location_precision":"approximate corridor location; physical track not resolved"},"geometry":{"type":"LineString","coordinates":[[-118.322067,34.019742],[-118.322328,34.019803]]},"id":"WB-746"},{"type":"Feature","properties":{"bin":747,"direction":"westbound","start_m":18675,"end_m":18700,"median_score":0.638,"hot_fraction":0.0,"recordings":2,"rides_rough":0,"rides_covering":1,"location_precision":"approximate corridor location; physical track not resolved"},"geometry":{"type":"LineString","coordinates":[[-118.322328,34.019803],[-118.322589,34.019863]]},"id":"WB-747"},{"type":"Feature","properties":{"bin":748,"direction":"westbound","start_m":18700,"end_m":18725,"median_score":1.243,"hot_fraction":0.5,"recordings":5,"rides_rough":1,"rides_covering":2,"location_precision":"approximate corridor location; physical track not resolved"},"geometry":{"type":"LineString","coordinates":[[-118.322589,34.019863],[-118.322841,34.019922],[-118.32285,34.019924]]},"id":"WB-748"},{"type":"Feature","properties":{"bin":749,"direction":"westbound","start_m":18725,"end_m":18750,"median_score":1.175,"hot_fraction":0.5,"recordings":4,"rides_rough":1,"rides_covering":2,"location_precision":"approximate corridor location; physical track not resolved"},"geometry":{"type":"LineString","coordinates":[[-118.32285,34.019924],[-118.323111,34.019985]]},"id":"WB-749"},{"type":"Feature","properties":{"bin":750,"direction":"westbound","start_m":18750,"end_m":18775,"median_score":1.152,"hot_fraction":0.0,"recordings":4,"rides_rough":0,"rides_covering":2,"location_precision":"approximate corridor location; physical track not resolved"},"geometry":{"type":"LineString","coordinates":[[-118.323111,34.019985],[-118.323372,34.020045]]},"id":"WB-750"},{"type":"Feature","properties":{"bin":751,"direction":"westbound","start_m":18775,"end_m":18800,"median_score":1.039,"hot_fraction":0.0,"recordings":6,"rides_rough":0,"rides_covering":2,"location_precision":"approximate corridor location; physical track not resolved"},"geometry":{"type":"LineString","coordinates":[[-118.323372,34.020045],[-118.323633,34.020106]]},"id":"WB-751"},{"type":"Feature","properties":{"bin":752,"direction":"westbound","start_m":18800,"end_m":18825,"median_score":1.123,"hot_fraction":0.0,"recordings":6,"rides_rough":0,"rides_covering":2,"location_precision":"approximate corridor location; physical track not resolved"},"geometry":{"type":"LineString","coordinates":[[-118.323633,34.020106],[-118.323894,34.020167]]},"id":"WB-752"},{"type":"Feature","properties":{"bin":753,"direction":"westbound","start_m":18825,"end_m":18850,"median_score":1.142,"hot_fraction":0.0,"recordings":4,"rides_rough":0,"rides_covering":2,"location_precision":"approximate corridor location; physical track not resolved"},"geometry":{"type":"LineString","coordinates":[[-118.323894,34.020167],[-118.324155,34.020227]]},"id":"WB-753"},{"type":"Feature","properties":{"bin":754,"direction":"westbound","start_m":18850,"end_m":18875,"median_score":0.978,"hot_fraction":0.0,"recordings":6,"rides_rough":0,"rides_covering":2,"location_precision":"approximate corridor location; physical track not resolved"},"geometry":{"type":"LineString","coordinates":[[-118.324155,34.020227],[-118.324373,34.020278],[-118.324416,34.020288]]},"id":"WB-754"},{"type":"Feature","properties":{"bin":755,"direction":"westbound","start_m":18875,"end_m":18900,"median_score":1.043,"hot_fraction":0.0,"recordings":6,"rides_rough":0,"rides_covering":2,"location_precision":"approximate corridor location; physical track not resolved"},"geometry":{"type":"LineString","coordinates":[[-118.324416,34.020288],[-118.324677,34.020349]]},"id":"WB-755"},{"type":"Feature","properties":{"bin":756,"direction":"westbound","start_m":18900,"end_m":18925,"median_score":0.875,"hot_fraction":0.0,"recordings":6,"rides_rough":0,"rides_covering":2,"location_precision":"approximate corridor location; physical track not resolved"},"geometry":{"type":"LineString","coordinates":[[-118.324677,34.020349],[-118.324937,34.02041]]},"id":"WB-756"},{"type":"Feature","properties":{"bin":757,"direction":"westbound","start_m":18925,"end_m":18950,"median_score":0.84,"hot_fraction":0.0,"recordings":6,"rides_rough":0,"rides_covering":2,"location_precision":"approximate corridor location; physical track not resolved"},"geometry":{"type":"LineString","coordinates":[[-118.324937,34.02041],[-118.325198,34.020471]]},"id":"WB-757"},{"type":"Feature","properties":{"bin":758,"direction":"westbound","start_m":18950,"end_m":18975,"median_score":0.818,"hot_fraction":0.0,"recordings":6,"rides_rough":0,"rides_covering":2,"location_precision":"approximate corridor location; physical track not resolved"},"geometry":{"type":"LineString","coordinates":[[-118.325198,34.020471],[-118.325337,34.020504],[-118.325459,34.020532]]},"id":"WB-758"},{"type":"Feature","properties":{"bin":759,"direction":"westbound","start_m":18975,"end_m":19000,"median_score":0.919,"hot_fraction":0.0,"recordings":6,"rides_rough":0,"rides_covering":2,"location_precision":"approximate corridor location; physical track not resolved"},"geometry":{"type":"LineString","coordinates":[[-118.325459,34.020532],[-118.32572,34.020593]]},"id":"WB-759"},{"type":"Feature","properties":{"bin":760,"direction":"westbound","start_m":19000,"end_m":19025,"median_score":0.791,"hot_fraction":0.0,"recordings":6,"rides_rough":0,"rides_covering":2,"location_precision":"approximate corridor location; physical track not resolved"},"geometry":{"type":"LineString","coordinates":[[-118.32572,34.020593],[-118.325981,34.020653]]},"id":"WB-760"},{"type":"Feature","properties":{"bin":761,"direction":"westbound","start_m":19025,"end_m":19050,"median_score":0.765,"hot_fraction":0.0,"recordings":5,"rides_rough":0,"rides_covering":2,"location_precision":"approximate corridor location; physical track not resolved"},"geometry":{"type":"LineString","coordinates":[[-118.325981,34.020653],[-118.326242,34.020714]]},"id":"WB-761"},{"type":"Feature","properties":{"bin":762,"direction":"westbound","start_m":19050,"end_m":19075,"median_score":0.778,"hot_fraction":0.0,"recordings":6,"rides_rough":0,"rides_covering":2,"location_precision":"approximate corridor location; physical track not resolved"},"geometry":{"type":"LineString","coordinates":[[-118.326242,34.020714],[-118.326279,34.020722],[-118.326503,34.020774]]},"id":"WB-762"},{"type":"Feature","properties":{"bin":763,"direction":"westbound","start_m":19075,"end_m":19100,"median_score":1.396,"hot_fraction":0.0,"recordings":4,"rides_rough":0,"rides_covering":2,"location_precision":"approximate corridor location; physical track not resolved"},"geometry":{"type":"LineString","coordinates":[[-118.326503,34.020774],[-118.326764,34.020835]]},"id":"WB-763"},{"type":"Feature","properties":{"bin":764,"direction":"westbound","start_m":19100,"end_m":19125,"median_score":1.056,"hot_fraction":0.0,"recordings":4,"rides_rough":0,"rides_covering":2,"location_precision":"approximate corridor location; physical track not resolved"},"geometry":{"type":"LineString","coordinates":[[-118.326764,34.020835],[-118.327025,34.020895]]},"id":"WB-764"},{"type":"Feature","properties":{"bin":765,"direction":"westbound","start_m":19125,"end_m":19150,"median_score":1.003,"hot_fraction":0.0,"recordings":5,"rides_rough":0,"rides_covering":2,"location_precision":"approximate corridor location; physical track not resolved"},"geometry":{"type":"LineString","coordinates":[[-118.327025,34.020895],[-118.327114,34.020916],[-118.327286,34.020956]]},"id":"WB-765"},{"type":"Feature","properties":{"bin":766,"direction":"westbound","start_m":19150,"end_m":19175,"median_score":0.894,"hot_fraction":0.0,"recordings":6,"rides_rough":0,"rides_covering":2,"location_precision":"approximate corridor location; physical track not resolved"},"geometry":{"type":"LineString","coordinates":[[-118.327286,34.020956],[-118.327547,34.021018]]},"id":"WB-766"},{"type":"Feature","properties":{"bin":767,"direction":"westbound","start_m":19175,"end_m":19200,"median_score":0.85,"hot_fraction":0.0,"recordings":6,"rides_rough":0,"rides_covering":2,"location_precision":"approximate corridor location; physical track not resolved"},"geometry":{"type":"LineString","coordinates":[[-118.327547,34.021018],[-118.327808,34.021079]]},"id":"WB-767"},{"type":"Feature","properties":{"bin":768,"direction":"westbound","start_m":19200,"end_m":19225,"median_score":0.823,"hot_fraction":0.0,"recordings":6,"rides_rough":0,"rides_covering":2,"location_precision":"approximate corridor location; physical track not resolved"},"geometry":{"type":"LineString","coordinates":[[-118.327808,34.021079],[-118.328037,34.021133],[-118.328069,34.02114]]},"id":"WB-768"},{"type":"Feature","properties":{"bin":769,"direction":"westbound","start_m":19225,"end_m":19250,"median_score":0.924,"hot_fraction":0.0,"recordings":6,"rides_rough":0,"rides_covering":2,"location_precision":"approximate corridor location; physical track not resolved"},"geometry":{"type":"LineString","coordinates":[[-118.328069,34.02114],[-118.328331,34.021196]]},"id":"WB-769"},{"type":"Feature","properties":{"bin":770,"direction":"westbound","start_m":19250,"end_m":19275,"median_score":1.015,"hot_fraction":0.0,"recordings":6,"rides_rough":0,"rides_covering":2,"location_precision":"approximate corridor location; physical track not resolved"},"geometry":{"type":"LineString","coordinates":[[-118.328331,34.021196],[-118.328521,34.021237],[-118.328593,34.021253]]},"id":"WB-770"},{"type":"Feature","properties":{"bin":771,"direction":"westbound","start_m":19275,"end_m":19300,"median_score":0.93,"hot_fraction":0.0,"recordings":5,"rides_rough":0,"rides_covering":2,"location_precision":"approximate corridor location; physical track not resolved"},"geometry":{"type":"LineString","coordinates":[[-118.328593,34.021253],[-118.328855,34.02131]]},"id":"WB-771"},{"type":"Feature","properties":{"bin":772,"direction":"westbound","start_m":19300,"end_m":19325,"median_score":1.013,"hot_fraction":0.0,"recordings":5,"rides_rough":0,"rides_covering":2,"location_precision":"approximate corridor location; physical track not resolved"},"geometry":{"type":"LineString","coordinates":[[-118.328855,34.02131],[-118.329118,34.021367]]},"id":"WB-772"},{"type":"Feature","properties":{"bin":773,"direction":"westbound","start_m":19325,"end_m":19350,"median_score":1.223,"hot_fraction":0.0,"recordings":5,"rides_rough":0,"rides_covering":2,"location_precision":"approximate corridor location; physical track not resolved"},"geometry":{"type":"LineString","coordinates":[[-118.329118,34.021367],[-118.32938,34.021424]]},"id":"WB-773"},{"type":"Feature","properties":{"bin":774,"direction":"westbound","start_m":19350,"end_m":19375,"median_score":1.273,"hot_fraction":0.0,"recordings":5,"rides_rough":0,"rides_covering":2,"location_precision":"approximate corridor location; physical track not resolved"},"geometry":{"type":"LineString","coordinates":[[-118.32938,34.021424],[-118.329594,34.021471],[-118.329642,34.021481]]},"id":"WB-774"},{"type":"Feature","properties":{"bin":775,"direction":"westbound","start_m":19375,"end_m":19400,"median_score":1.328,"hot_fraction":0.0,"recordings":4,"rides_rough":0,"rides_covering":2,"location_precision":"approximate corridor location; physical track not resolved"},"geometry":{"type":"LineString","coordinates":[[-118.329642,34.021481],[-118.329905,34.021534]]},"id":"WB-775"},{"type":"Feature","properties":{"bin":776,"direction":"westbound","start_m":19400,"end_m":19425,"median_score":1.156,"hot_fraction":0.0,"recordings":5,"rides_rough":0,"rides_covering":2,"location_precision":"approximate corridor location; physical track not resolved"},"geometry":{"type":"LineString","coordinates":[[-118.329905,34.021534],[-118.330169,34.021587]]},"id":"WB-776"},{"type":"Feature","properties":{"bin":777,"direction":"westbound","start_m":19425,"end_m":19450,"median_score":1.332,"hot_fraction":0.0,"recordings":6,"rides_rough":0,"rides_covering":2,"location_precision":"approximate corridor location; physical track not resolved"},"geometry":{"type":"LineString","coordinates":[[-118.330169,34.021587],[-118.330379,34.02163],[-118.330432,34.021641]]},"id":"WB-777"},{"type":"Feature","properties":{"bin":778,"direction":"westbound","start_m":19450,"end_m":19475,"median_score":1.366,"hot_fraction":0.0,"recordings":2,"rides_rough":0,"rides_covering":1,"location_precision":"approximate corridor location; physical track not resolved"},"geometry":{"type":"LineString","coordinates":[[-118.330432,34.021641],[-118.330695,34.021694]]},"id":"WB-778"},{"type":"Feature","properties":{"bin":779,"direction":"westbound","start_m":19475,"end_m":19500,"median_score":1.431,"hot_fraction":0.0,"recordings":3,"rides_rough":0,"rides_covering":2,"location_precision":"approximate corridor location; physical track not resolved"},"geometry":{"type":"LineString","coordinates":[[-118.330695,34.021694],[-118.330958,34.021748]]},"id":"WB-779"},{"type":"Feature","properties":{"bin":780,"direction":"westbound","start_m":19500,"end_m":19525,"median_score":2.279,"hot_fraction":1.0,"recordings":1,"rides_rough":1,"rides_covering":1,"location_precision":"approximate corridor location; physical track not resolved"},"geometry":{"type":"LineString","coordinates":[[-118.330958,34.021748],[-118.331012,34.021759],[-118.331221,34.021802]]},"id":"WB-780"},{"type":"Feature","properties":{"bin":781,"direction":"westbound","start_m":19525,"end_m":19550,"median_score":1.289,"hot_fraction":0.0,"recordings":1,"rides_rough":0,"rides_covering":1,"location_precision":"approximate corridor location; physical track not resolved"},"geometry":{"type":"LineString","coordinates":[[-118.331221,34.021802],[-118.331256,34.021809],[-118.331485,34.021854]]},"id":"WB-781"},{"type":"Feature","properties":{"bin":783,"direction":"westbound","start_m":19575,"end_m":19600,"median_score":1.273,"hot_fraction":0.0,"recordings":2,"rides_rough":0,"rides_covering":1,"location_precision":"approximate corridor location; physical track not resolved"},"geometry":{"type":"LineString","coordinates":[[-118.331748,34.021907],[-118.33176,34.021909],[-118.332011,34.021962]]},"id":"WB-783"},{"type":"Feature","properties":{"bin":784,"direction":"westbound","start_m":19600,"end_m":19625,"median_score":1.301,"hot_fraction":0.0,"recordings":2,"rides_rough":0,"rides_covering":1,"location_precision":"approximate corridor location; physical track not resolved"},"geometry":{"type":"LineString","coordinates":[[-118.332011,34.021962],[-118.332033,34.021967],[-118.332275,34.022014]]},"id":"WB-784"},{"type":"Feature","properties":{"bin":785,"direction":"westbound","start_m":19625,"end_m":19650,"median_score":0.964,"hot_fraction":0.0,"recordings":2,"rides_rough":0,"rides_covering":1,"location_precision":"approximate corridor location; physical track not resolved"},"geometry":{"type":"LineString","coordinates":[[-118.332275,34.022014],[-118.332539,34.022065]]},"id":"WB-785"},{"type":"Feature","properties":{"bin":786,"direction":"westbound","start_m":19650,"end_m":19675,"median_score":0.956,"hot_fraction":0.0,"recordings":1,"rides_rough":0,"rides_covering":1,"location_precision":"approximate corridor location; physical track not resolved"},"geometry":{"type":"LineString","coordinates":[[-118.332539,34.022065],[-118.332803,34.022117]]},"id":"WB-786"},{"type":"Feature","properties":{"bin":787,"direction":"westbound","start_m":19675,"end_m":19700,"median_score":0.794,"hot_fraction":0.0,"recordings":2,"rides_rough":0,"rides_covering":1,"location_precision":"approximate corridor location; physical track not resolved"},"geometry":{"type":"LineString","coordinates":[[-118.332803,34.022117],[-118.332948,34.022145],[-118.333067,34.022168]]},"id":"WB-787"},{"type":"Feature","properties":{"bin":788,"direction":"westbound","start_m":19700,"end_m":19725,"median_score":0.664,"hot_fraction":0.0,"recordings":5,"rides_rough":0,"rides_covering":2,"location_precision":"approximate corridor location; physical track not resolved"},"geometry":{"type":"LineString","coordinates":[[-118.333067,34.022168],[-118.333331,34.022218]]},"id":"WB-788"},{"type":"Feature","properties":{"bin":789,"direction":"westbound","start_m":19725,"end_m":19750,"median_score":0.769,"hot_fraction":0.0,"recordings":4,"rides_rough":0,"rides_covering":2,"location_precision":"approximate corridor location; physical track not resolved"},"geometry":{"type":"LineString","coordinates":[[-118.333331,34.022218],[-118.333595,34.022269]]},"id":"WB-789"},{"type":"Feature","properties":{"bin":790,"direction":"westbound","start_m":19750,"end_m":19775,"median_score":0.538,"hot_fraction":0.0,"recordings":3,"rides_rough":0,"rides_covering":1,"location_precision":"approximate corridor location; physical track not resolved"},"geometry":{"type":"LineString","coordinates":[[-118.333595,34.022269],[-118.333859,34.022319]]},"id":"WB-790"},{"type":"Feature","properties":{"bin":798,"direction":"westbound","start_m":19950,"end_m":19975,"median_score":1.53,"hot_fraction":0.0,"recordings":1,"rides_rough":0,"rides_covering":1,"location_precision":"approximate corridor location; physical track not resolved"},"geometry":{"type":"LineString","coordinates":[[-118.335709,34.022666],[-118.335974,34.022715]]},"id":"WB-798"},{"type":"Feature","properties":{"bin":799,"direction":"westbound","start_m":19975,"end_m":20000,"median_score":0.889,"hot_fraction":0.0,"recordings":3,"rides_rough":0,"rides_covering":2,"location_precision":"approximate corridor location; physical track not resolved"},"geometry":{"type":"LineString","coordinates":[[-118.335974,34.022715],[-118.336056,34.02273],[-118.33624,34.022757]]},"id":"WB-799"},{"type":"Feature","properties":{"bin":800,"direction":"westbound","start_m":20000,"end_m":20025,"median_score":0.819,"hot_fraction":0.0,"recordings":5,"rides_rough":0,"rides_covering":2,"location_precision":"approximate corridor location; physical track not resolved"},"geometry":{"type":"LineString","coordinates":[[-118.33624,34.022757],[-118.336507,34.022796]]},"id":"WB-800"},{"type":"Feature","properties":{"bin":803,"direction":"westbound","start_m":20075,"end_m":20100,"median_score":0.697,"hot_fraction":0.0,"recordings":2,"rides_rough":0,"rides_covering":1,"location_precision":"approximate corridor location; physical track not resolved"},"geometry":{"type":"LineString","coordinates":[[-118.33704,34.022879],[-118.337306,34.02292]]},"id":"WB-803"},{"type":"Feature","properties":{"bin":804,"direction":"westbound","start_m":20100,"end_m":20125,"median_score":0.702,"hot_fraction":0.0,"recordings":6,"rides_rough":0,"rides_covering":2,"location_precision":"approximate corridor location; physical track not resolved"},"geometry":{"type":"LineString","coordinates":[[-118.337306,34.02292],[-118.337572,34.022961]]},"id":"WB-804"},{"type":"Feature","properties":{"bin":805,"direction":"westbound","start_m":20125,"end_m":20150,"median_score":0.826,"hot_fraction":0.0,"recordings":2,"rides_rough":0,"rides_covering":1,"location_precision":"approximate corridor location; physical track not resolved"},"geometry":{"type":"LineString","coordinates":[[-118.337572,34.022961],[-118.337654,34.022974],[-118.337839,34.023003]]},"id":"WB-805"},{"type":"Feature","properties":{"bin":806,"direction":"westbound","start_m":20150,"end_m":20175,"median_score":0.615,"hot_fraction":0.0,"recordings":5,"rides_rough":0,"rides_covering":2,"location_precision":"approximate corridor location; physical track not resolved"},"geometry":{"type":"LineString","coordinates":[[-118.337839,34.023003],[-118.338105,34.023044]]},"id":"WB-806"},{"type":"Feature","properties":{"bin":807,"direction":"westbound","start_m":20175,"end_m":20200,"median_score":0.755,"hot_fraction":0.0,"recordings":5,"rides_rough":0,"rides_covering":2,"location_precision":"approximate corridor location; physical track not resolved"},"geometry":{"type":"LineString","coordinates":[[-118.338105,34.023044],[-118.338372,34.023085]]},"id":"WB-807"},{"type":"Feature","properties":{"bin":808,"direction":"westbound","start_m":20200,"end_m":20225,"median_score":0.696,"hot_fraction":0.0,"recordings":5,"rides_rough":0,"rides_covering":2,"location_precision":"approximate corridor location; physical track not resolved"},"geometry":{"type":"LineString","coordinates":[[-118.338372,34.023085],[-118.338638,34.023126]]},"id":"WB-808"},{"type":"Feature","properties":{"bin":810,"direction":"westbound","start_m":20250,"end_m":20275,"median_score":0.645,"hot_fraction":0.0,"recordings":2,"rides_rough":0,"rides_covering":1,"location_precision":"approximate corridor location; physical track not resolved"},"geometry":{"type":"LineString","coordinates":[[-118.338905,34.023166],[-118.338908,34.023167],[-118.339173,34.023199]]},"id":"WB-810"},{"type":"Feature","properties":{"bin":811,"direction":"westbound","start_m":20275,"end_m":20300,"median_score":0.885,"hot_fraction":0.0,"recordings":2,"rides_rough":0,"rides_covering":1,"location_precision":"approximate corridor location; physical track not resolved"},"geometry":{"type":"LineString","coordinates":[[-118.339173,34.023199],[-118.339441,34.023232]]},"id":"WB-811"},{"type":"Feature","properties":{"bin":812,"direction":"westbound","start_m":20300,"end_m":20325,"median_score":1.097,"hot_fraction":0.0,"recordings":2,"rides_rough":0,"rides_covering":1,"location_precision":"approximate corridor location; physical track not resolved"},"geometry":{"type":"LineString","coordinates":[[-118.339441,34.023232],[-118.339699,34.023264],[-118.339709,34.023265]]},"id":"WB-812"},{"type":"Feature","properties":{"bin":813,"direction":"westbound","start_m":20325,"end_m":20350,"median_score":1.766,"hot_fraction":0.0,"recordings":1,"rides_rough":0,"rides_covering":1,"location_precision":"approximate corridor location; physical track not resolved"},"geometry":{"type":"LineString","coordinates":[[-118.339709,34.023265],[-118.339977,34.023299]]},"id":"WB-813"},{"type":"Feature","properties":{"bin":818,"direction":"westbound","start_m":20450,"end_m":20475,"median_score":0.754,"hot_fraction":0.0,"recordings":2,"rides_rough":0,"rides_covering":1,"location_precision":"approximate corridor location; physical track not resolved"},"geometry":{"type":"LineString","coordinates":[[-118.341049,34.02343],[-118.341317,34.023462]]},"id":"WB-818"},{"type":"Feature","properties":{"bin":819,"direction":"westbound","start_m":20475,"end_m":20500,"median_score":0.97,"hot_fraction":0.0,"recordings":4,"rides_rough":0,"rides_covering":2,"location_precision":"approximate corridor location; physical track not resolved"},"geometry":{"type":"LineString","coordinates":[[-118.341317,34.023462],[-118.341586,34.023495]]},"id":"WB-819"},{"type":"Feature","properties":{"bin":820,"direction":"westbound","start_m":20500,"end_m":20525,"median_score":0.837,"hot_fraction":0.0,"recordings":1,"rides_rough":0,"rides_covering":1,"location_precision":"approximate corridor location; physical track not resolved"},"geometry":{"type":"LineString","coordinates":[[-118.341586,34.023495],[-118.341854,34.023527]]},"id":"WB-820"},{"type":"Feature","properties":{"bin":822,"direction":"westbound","start_m":20550,"end_m":20575,"median_score":0.789,"hot_fraction":0.0,"recordings":2,"rides_rough":0,"rides_covering":1,"location_precision":"approximate corridor location; physical track not resolved"},"geometry":{"type":"LineString","coordinates":[[-118.342122,34.023559],[-118.34239,34.023591]]},"id":"WB-822"},{"type":"Feature","properties":{"bin":823,"direction":"westbound","start_m":20575,"end_m":20600,"median_score":1.038,"hot_fraction":0.0,"recordings":2,"rides_rough":0,"rides_covering":1,"location_precision":"approximate corridor location; physical track not resolved"},"geometry":{"type":"LineString","coordinates":[[-118.34239,34.023591],[-118.342658,34.023623]]},"id":"WB-823"},{"type":"Feature","properties":{"bin":824,"direction":"westbound","start_m":20600,"end_m":20625,"median_score":0.74,"hot_fraction":0.0,"recordings":3,"rides_rough":0,"rides_covering":1,"location_precision":"approximate corridor location; physical track not resolved"},"geometry":{"type":"LineString","coordinates":[[-118.342658,34.023623],[-118.342927,34.023655]]},"id":"WB-824"},{"type":"Feature","properties":{"bin":825,"direction":"westbound","start_m":20625,"end_m":20650,"median_score":0.827,"hot_fraction":0.0,"recordings":6,"rides_rough":0,"rides_covering":2,"location_precision":"approximate corridor location; physical track not resolved"},"geometry":{"type":"LineString","coordinates":[[-118.342927,34.023655],[-118.343195,34.023687]]},"id":"WB-825"},{"type":"Feature","properties":{"bin":826,"direction":"westbound","start_m":20650,"end_m":20675,"median_score":0.732,"hot_fraction":0.0,"recordings":3,"rides_rough":0,"rides_covering":1,"location_precision":"approximate corridor location; physical track not resolved"},"geometry":{"type":"LineString","coordinates":[[-118.343195,34.023687],[-118.343203,34.023688],[-118.343464,34.023716]]},"id":"WB-826"},{"type":"Feature","properties":{"bin":827,"direction":"westbound","start_m":20675,"end_m":20700,"median_score":1.219,"hot_fraction":0.0,"recordings":6,"rides_rough":0,"rides_covering":2,"location_precision":"approximate corridor location; physical track not resolved"},"geometry":{"type":"LineString","coordinates":[[-118.343464,34.023716],[-118.343733,34.023745]]},"id":"WB-827"},{"type":"Feature","properties":{"bin":828,"direction":"westbound","start_m":20700,"end_m":20725,"median_score":1.107,"hot_fraction":0.0,"recordings":5,"rides_rough":0,"rides_covering":2,"location_precision":"approximate corridor location; physical track not resolved"},"geometry":{"type":"LineString","coordinates":[[-118.343733,34.023745],[-118.344001,34.023773]]},"id":"WB-828"},{"type":"Feature","properties":{"bin":829,"direction":"westbound","start_m":20725,"end_m":20750,"median_score":0.965,"hot_fraction":0.0,"recordings":3,"rides_rough":0,"rides_covering":1,"location_precision":"approximate corridor location; physical track not resolved"},"geometry":{"type":"LineString","coordinates":[[-118.344001,34.023773],[-118.34427,34.023802]]},"id":"WB-829"},{"type":"Feature","properties":{"bin":831,"direction":"westbound","start_m":20775,"end_m":20800,"median_score":1.179,"hot_fraction":0.0,"recordings":2,"rides_rough":0,"rides_covering":1,"location_precision":"approximate corridor location; physical track not resolved"},"geometry":{"type":"LineString","coordinates":[[-118.344539,34.023831],[-118.344808,34.023859]]},"id":"WB-831"},{"type":"Feature","properties":{"bin":832,"direction":"westbound","start_m":20800,"end_m":20825,"median_score":1.318,"hot_fraction":0.0,"recordings":3,"rides_rough":0,"rides_covering":1,"location_precision":"approximate corridor location; physical track not resolved"},"geometry":{"type":"LineString","coordinates":[[-118.344808,34.023859],[-118.345076,34.023888]]},"id":"WB-832"},{"type":"Feature","properties":{"bin":833,"direction":"westbound","start_m":20825,"end_m":20850,"median_score":1.307,"hot_fraction":0.0,"recordings":3,"rides_rough":0,"rides_covering":1,"location_precision":"approximate corridor location; physical track not resolved"},"geometry":{"type":"LineString","coordinates":[[-118.345076,34.023888],[-118.345345,34.023917]]},"id":"WB-833"},{"type":"Feature","properties":{"bin":834,"direction":"westbound","start_m":20850,"end_m":20875,"median_score":0.993,"hot_fraction":0.0,"recordings":4,"rides_rough":0,"rides_covering":2,"location_precision":"approximate corridor location; physical track not resolved"},"geometry":{"type":"LineString","coordinates":[[-118.345345,34.023917],[-118.345452,34.023928],[-118.345614,34.023945]]},"id":"WB-834"},{"type":"Feature","properties":{"bin":836,"direction":"westbound","start_m":20900,"end_m":20925,"median_score":1.862,"hot_fraction":1.0,"recordings":1,"rides_rough":1,"rides_covering":1,"location_precision":"approximate corridor location; physical track not resolved"},"geometry":{"type":"LineString","coordinates":[[-118.345883,34.023972],[-118.346152,34.023999]]},"id":"WB-836"},{"type":"Feature","properties":{"bin":837,"direction":"westbound","start_m":20925,"end_m":20950,"median_score":1.567,"hot_fraction":0.5,"recordings":4,"rides_rough":1,"rides_covering":2,"location_precision":"approximate corridor location; physical track not resolved"},"geometry":{"type":"LineString","coordinates":[[-118.346152,34.023999],[-118.346421,34.024026]]},"id":"WB-837"},{"type":"Feature","properties":{"bin":838,"direction":"westbound","start_m":20950,"end_m":20975,"median_score":1.358,"hot_fraction":0.0,"recordings":4,"rides_rough":0,"rides_covering":2,"location_precision":"approximate corridor location; physical track not resolved"},"geometry":{"type":"LineString","coordinates":[[-118.346421,34.024026],[-118.346621,34.024046],[-118.34669,34.024053]]},"id":"WB-838"},{"type":"Feature","properties":{"bin":839,"direction":"westbound","start_m":20975,"end_m":21000,"median_score":1.23,"hot_fraction":0.0,"recordings":4,"rides_rough":0,"rides_covering":2,"location_precision":"approximate corridor location; physical track not resolved"},"geometry":{"type":"LineString","coordinates":[[-118.34669,34.024053],[-118.346959,34.02408]]},"id":"WB-839"},{"type":"Feature","properties":{"bin":840,"direction":"westbound","start_m":21000,"end_m":21025,"median_score":1.385,"hot_fraction":0.5,"recordings":4,"rides_rough":1,"rides_covering":2,"location_precision":"approximate corridor location; physical track not resolved"},"geometry":{"type":"LineString","coordinates":[[-118.346959,34.02408],[-118.347196,34.024103],[-118.347228,34.024106]]},"id":"WB-840"},{"type":"Feature","properties":{"bin":841,"direction":"westbound","start_m":21025,"end_m":21050,"median_score":0.6,"hot_fraction":0.0,"recordings":3,"rides_rough":0,"rides_covering":1,"location_precision":"approximate corridor location; physical track not resolved"},"geometry":{"type":"LineString","coordinates":[[-118.347228,34.024106],[-118.347497,34.024133]]},"id":"WB-841"},{"type":"Feature","properties":{"bin":842,"direction":"westbound","start_m":21050,"end_m":21075,"median_score":0.457,"hot_fraction":0.0,"recordings":3,"rides_rough":0,"rides_covering":1,"location_precision":"approximate corridor location; physical track not resolved"},"geometry":{"type":"LineString","coordinates":[[-118.347497,34.024133],[-118.347766,34.02416]]},"id":"WB-842"},{"type":"Feature","properties":{"bin":855,"direction":"westbound","start_m":21375,"end_m":21400,"median_score":0.779,"hot_fraction":0.0,"recordings":1,"rides_rough":0,"rides_covering":1,"location_precision":"approximate corridor location; physical track not resolved"},"geometry":{"type":"LineString","coordinates":[[-118.350998,34.024461],[-118.351267,34.024486]]},"id":"WB-855"},{"type":"Feature","properties":{"bin":856,"direction":"westbound","start_m":21400,"end_m":21425,"median_score":0.83,"hot_fraction":0.0,"recordings":2,"rides_rough":0,"rides_covering":1,"location_precision":"approximate corridor location; physical track not resolved"},"geometry":{"type":"LineString","coordinates":[[-118.351267,34.024486],[-118.351537,34.024511]]},"id":"WB-856"},{"type":"Feature","properties":{"bin":857,"direction":"westbound","start_m":21425,"end_m":21450,"median_score":0.737,"hot_fraction":0.0,"recordings":3,"rides_rough":0,"rides_covering":1,"location_precision":"approximate corridor location; physical track not resolved"},"geometry":{"type":"LineString","coordinates":[[-118.351537,34.024511],[-118.351806,34.024535]]},"id":"WB-857"},{"type":"Feature","properties":{"bin":858,"direction":"westbound","start_m":21450,"end_m":21475,"median_score":1.223,"hot_fraction":0.0,"recordings":2,"rides_rough":0,"rides_covering":1,"location_precision":"approximate corridor location; physical track not resolved"},"geometry":{"type":"LineString","coordinates":[[-118.351806,34.024535],[-118.352012,34.024554],[-118.352075,34.02456]]},"id":"WB-858"},{"type":"Feature","properties":{"bin":859,"direction":"westbound","start_m":21475,"end_m":21500,"median_score":1.044,"hot_fraction":0.0,"recordings":5,"rides_rough":0,"rides_covering":2,"location_precision":"approximate corridor location; physical track not resolved"},"geometry":{"type":"LineString","coordinates":[[-118.352075,34.02456],[-118.352345,34.024585]]},"id":"WB-859"},{"type":"Feature","properties":{"bin":860,"direction":"westbound","start_m":21500,"end_m":21525,"median_score":1.299,"hot_fraction":0.0,"recordings":5,"rides_rough":0,"rides_covering":2,"location_precision":"approximate corridor location; physical track not resolved"},"geometry":{"type":"LineString","coordinates":[[-118.352345,34.024585],[-118.352614,34.02461]]},"id":"WB-860"},{"type":"Feature","properties":{"bin":861,"direction":"westbound","start_m":21525,"end_m":21550,"median_score":1.283,"hot_fraction":0.0,"recordings":4,"rides_rough":0,"rides_covering":2,"location_precision":"approximate corridor location; physical track not resolved"},"geometry":{"type":"LineString","coordinates":[[-118.352614,34.02461],[-118.352883,34.024634]]},"id":"WB-861"},{"type":"Feature","properties":{"bin":862,"direction":"westbound","start_m":21550,"end_m":21575,"median_score":1.131,"hot_fraction":0.0,"recordings":2,"rides_rough":0,"rides_covering":2,"location_precision":"approximate corridor location; physical track not resolved"},"geometry":{"type":"LineString","coordinates":[[-118.352883,34.024634],[-118.352954,34.024641],[-118.353153,34.024659]]},"id":"WB-862"},{"type":"Feature","properties":{"bin":884,"direction":"westbound","start_m":22100,"end_m":22125,"median_score":1.315,"hot_fraction":0.0,"recordings":1,"rides_rough":0,"rides_covering":1,"location_precision":"approximate corridor location; physical track not resolved"},"geometry":{"type":"LineString","coordinates":[[-118.358808,34.025184],[-118.359078,34.025209]]},"id":"WB-884"},{"type":"Feature","properties":{"bin":885,"direction":"westbound","start_m":22125,"end_m":22150,"median_score":1.559,"hot_fraction":0.0,"recordings":2,"rides_rough":0,"rides_covering":1,"location_precision":"approximate corridor location; physical track not resolved"},"geometry":{"type":"LineString","coordinates":[[-118.359078,34.025209],[-118.359175,34.025218],[-118.359347,34.025234]]},"id":"WB-885"},{"type":"Feature","properties":{"bin":886,"direction":"westbound","start_m":22150,"end_m":22175,"median_score":1.216,"hot_fraction":0.0,"recordings":3,"rides_rough":0,"rides_covering":2,"location_precision":"approximate corridor location; physical track not resolved"},"geometry":{"type":"LineString","coordinates":[[-118.359347,34.025234],[-118.359616,34.025258]]},"id":"WB-886"},{"type":"Feature","properties":{"bin":887,"direction":"westbound","start_m":22175,"end_m":22200,"median_score":1.018,"hot_fraction":0.0,"recordings":4,"rides_rough":0,"rides_covering":2,"location_precision":"approximate corridor location; physical track not resolved"},"geometry":{"type":"LineString","coordinates":[[-118.359616,34.025258],[-118.359886,34.025283]]},"id":"WB-887"},{"type":"Feature","properties":{"bin":888,"direction":"westbound","start_m":22200,"end_m":22225,"median_score":0.995,"hot_fraction":0.0,"recordings":5,"rides_rough":0,"rides_covering":2,"location_precision":"approximate corridor location; physical track not resolved"},"geometry":{"type":"LineString","coordinates":[[-118.359886,34.025283],[-118.360107,34.025303],[-118.360155,34.025307]]},"id":"WB-888"},{"type":"Feature","properties":{"bin":889,"direction":"westbound","start_m":22225,"end_m":22250,"median_score":1.431,"hot_fraction":0.0,"recordings":4,"rides_rough":0,"rides_covering":2,"location_precision":"approximate corridor location; physical track not resolved"},"geometry":{"type":"LineString","coordinates":[[-118.360155,34.025307],[-118.360424,34.025332]]},"id":"WB-889"},{"type":"Feature","properties":{"bin":890,"direction":"westbound","start_m":22250,"end_m":22275,"median_score":1.326,"hot_fraction":0.0,"recordings":3,"rides_rough":0,"rides_covering":1,"location_precision":"approximate corridor location; physical track not resolved"},"geometry":{"type":"LineString","coordinates":[[-118.360424,34.025332],[-118.360694,34.025357]]},"id":"WB-890"},{"type":"Feature","properties":{"bin":891,"direction":"westbound","start_m":22275,"end_m":22300,"median_score":1.3,"hot_fraction":0.0,"recordings":3,"rides_rough":0,"rides_covering":1,"location_precision":"approximate corridor location; physical track not resolved"},"geometry":{"type":"LineString","coordinates":[[-118.360694,34.025357],[-118.360963,34.025382],[-118.360963,34.025382]]},"id":"WB-891"},{"type":"Feature","properties":{"bin":892,"direction":"westbound","start_m":22300,"end_m":22325,"median_score":0.896,"hot_fraction":0.0,"recordings":4,"rides_rough":0,"rides_covering":2,"location_precision":"approximate corridor location; physical track not resolved"},"geometry":{"type":"LineString","coordinates":[[-118.360963,34.025382],[-118.361232,34.025407]]},"id":"WB-892"},{"type":"Feature","properties":{"bin":893,"direction":"westbound","start_m":22325,"end_m":22350,"median_score":0.876,"hot_fraction":0.0,"recordings":4,"rides_rough":0,"rides_covering":2,"location_precision":"approximate corridor location; physical track not resolved"},"geometry":{"type":"LineString","coordinates":[[-118.361232,34.025407],[-118.361502,34.025431]]},"id":"WB-893"},{"type":"Feature","properties":{"bin":894,"direction":"westbound","start_m":22350,"end_m":22375,"median_score":0.846,"hot_fraction":0.0,"recordings":3,"rides_rough":0,"rides_covering":2,"location_precision":"approximate corridor location; physical track not resolved"},"geometry":{"type":"LineString","coordinates":[[-118.361502,34.025431],[-118.361771,34.025456]]},"id":"WB-894"},{"type":"Feature","properties":{"bin":895,"direction":"westbound","start_m":22375,"end_m":22400,"median_score":0.886,"hot_fraction":0.0,"recordings":4,"rides_rough":0,"rides_covering":2,"location_precision":"approximate corridor location; physical track not resolved"},"geometry":{"type":"LineString","coordinates":[[-118.361771,34.025456],[-118.362026,34.025479],[-118.362041,34.02548]]},"id":"WB-895"},{"type":"Feature","properties":{"bin":896,"direction":"westbound","start_m":22400,"end_m":22425,"median_score":0.846,"hot_fraction":0.0,"recordings":5,"rides_rough":0,"rides_covering":2,"location_precision":"approximate corridor location; physical track not resolved"},"geometry":{"type":"LineString","coordinates":[[-118.362041,34.02548],[-118.36231,34.025506]]},"id":"WB-896"},{"type":"Feature","properties":{"bin":897,"direction":"westbound","start_m":22425,"end_m":22450,"median_score":0.687,"hot_fraction":0.0,"recordings":4,"rides_rough":0,"rides_covering":2,"location_precision":"approximate corridor location; physical track not resolved"},"geometry":{"type":"LineString","coordinates":[[-118.36231,34.025506],[-118.362579,34.025532]]},"id":"WB-897"},{"type":"Feature","properties":{"bin":898,"direction":"westbound","start_m":22450,"end_m":22475,"median_score":1.708,"hot_fraction":0.5,"recordings":4,"rides_rough":1,"rides_covering":2,"location_precision":"approximate corridor location; physical track not resolved"},"geometry":{"type":"LineString","coordinates":[[-118.362579,34.025532],[-118.362848,34.025557]]},"id":"WB-898"},{"type":"Feature","properties":{"bin":899,"direction":"westbound","start_m":22475,"end_m":22500,"median_score":1.434,"hot_fraction":0.0,"recordings":4,"rides_rough":0,"rides_covering":2,"location_precision":"approximate corridor location; physical track not resolved"},"geometry":{"type":"LineString","coordinates":[[-118.362848,34.025557],[-118.363047,34.025576],[-118.363117,34.025584]]},"id":"WB-899"},{"type":"Feature","properties":{"bin":900,"direction":"westbound","start_m":22500,"end_m":22525,"median_score":0.881,"hot_fraction":0.0,"recordings":4,"rides_rough":0,"rides_covering":2,"location_precision":"approximate corridor location; physical track not resolved"},"geometry":{"type":"LineString","coordinates":[[-118.363117,34.025584],[-118.363385,34.025617]]},"id":"WB-900"},{"type":"Feature","properties":{"bin":901,"direction":"westbound","start_m":22525,"end_m":22550,"median_score":0.947,"hot_fraction":0.0,"recordings":4,"rides_rough":0,"rides_covering":2,"location_precision":"approximate corridor location; physical track not resolved"},"geometry":{"type":"LineString","coordinates":[[-118.363385,34.025617],[-118.36359,34.025641],[-118.363654,34.025649]]},"id":"WB-901"},{"type":"Feature","properties":{"bin":902,"direction":"westbound","start_m":22550,"end_m":22575,"median_score":0.792,"hot_fraction":0.0,"recordings":5,"rides_rough":0,"rides_covering":2,"location_precision":"approximate corridor location; physical track not resolved"},"geometry":{"type":"LineString","coordinates":[[-118.363654,34.025649],[-118.363922,34.025681]]},"id":"WB-902"},{"type":"Feature","properties":{"bin":903,"direction":"westbound","start_m":22575,"end_m":22600,"median_score":0.805,"hot_fraction":0.0,"recordings":5,"rides_rough":0,"rides_covering":2,"location_precision":"approximate corridor location; physical track not resolved"},"geometry":{"type":"LineString","coordinates":[[-118.363922,34.025681],[-118.36419,34.025714]]},"id":"WB-903"},{"type":"Feature","properties":{"bin":904,"direction":"westbound","start_m":22600,"end_m":22625,"median_score":0.631,"hot_fraction":0.0,"recordings":5,"rides_rough":0,"rides_covering":2,"location_precision":"approximate corridor location; physical track not resolved"},"geometry":{"type":"LineString","coordinates":[[-118.36419,34.025714],[-118.364436,34.025744],[-118.364458,34.025747]]},"id":"WB-904"},{"type":"Feature","properties":{"bin":905,"direction":"westbound","start_m":22625,"end_m":22650,"median_score":0.692,"hot_fraction":0.0,"recordings":5,"rides_rough":0,"rides_covering":2,"location_precision":"approximate corridor location; physical track not resolved"},"geometry":{"type":"LineString","coordinates":[[-118.364458,34.025747],[-118.364726,34.02578]]},"id":"WB-905"},{"type":"Feature","properties":{"bin":906,"direction":"westbound","start_m":22650,"end_m":22675,"median_score":1.051,"hot_fraction":0.0,"recordings":5,"rides_rough":0,"rides_covering":2,"location_precision":"approximate corridor location; physical track not resolved"},"geometry":{"type":"LineString","coordinates":[[-118.364726,34.02578],[-118.364994,34.025813]]},"id":"WB-906"},{"type":"Feature","properties":{"bin":907,"direction":"westbound","start_m":22675,"end_m":22700,"median_score":1.416,"hot_fraction":0.0,"recordings":5,"rides_rough":0,"rides_covering":2,"location_precision":"approximate corridor location; physical track not resolved"},"geometry":{"type":"LineString","coordinates":[[-118.364994,34.025813],[-118.365214,34.02584],[-118.365262,34.025845]]},"id":"WB-907"},{"type":"Feature","properties":{"bin":908,"direction":"westbound","start_m":22700,"end_m":22725,"median_score":1.237,"hot_fraction":0.0,"recordings":4,"rides_rough":0,"rides_covering":2,"location_precision":"approximate corridor location; physical track not resolved"},"geometry":{"type":"LineString","coordinates":[[-118.365262,34.025845],[-118.365531,34.025871]]},"id":"WB-908"},{"type":"Feature","properties":{"bin":909,"direction":"westbound","start_m":22725,"end_m":22750,"median_score":1.382,"hot_fraction":0.0,"recordings":5,"rides_rough":0,"rides_covering":2,"location_precision":"approximate corridor location; physical track not resolved"},"geometry":{"type":"LineString","coordinates":[[-118.365531,34.025871],[-118.365692,34.025887],[-118.365801,34.025898]]},"id":"WB-909"},{"type":"Feature","properties":{"bin":910,"direction":"westbound","start_m":22750,"end_m":22775,"median_score":2.359,"hot_fraction":1.0,"recordings":5,"rides_rough":2,"rides_covering":2,"location_precision":"approximate corridor location; physical track not resolved"},"geometry":{"type":"LineString","coordinates":[[-118.365801,34.025898],[-118.366016,34.02592],[-118.36607,34.025925]]},"id":"WB-910"},{"type":"Feature","properties":{"bin":911,"direction":"westbound","start_m":22775,"end_m":22800,"median_score":0.952,"hot_fraction":0.0,"recordings":5,"rides_rough":0,"rides_covering":2,"location_precision":"approximate corridor location; physical track not resolved"},"geometry":{"type":"LineString","coordinates":[[-118.36607,34.025925],[-118.366339,34.025949]]},"id":"WB-911"},{"type":"Feature","properties":{"bin":912,"direction":"westbound","start_m":22800,"end_m":22825,"median_score":1.596,"hot_fraction":0.5,"recordings":4,"rides_rough":1,"rides_covering":2,"location_precision":"approximate corridor location; physical track not resolved"},"geometry":{"type":"LineString","coordinates":[[-118.366339,34.025949],[-118.366498,34.025964],[-118.366608,34.025974]]},"id":"WB-912"},{"type":"Feature","properties":{"bin":913,"direction":"westbound","start_m":22825,"end_m":22850,"median_score":1.559,"hot_fraction":0.0,"recordings":4,"rides_rough":0,"rides_covering":2,"location_precision":"approximate corridor location; physical track not resolved"},"geometry":{"type":"LineString","coordinates":[[-118.366608,34.025974],[-118.366654,34.025978],[-118.366878,34.025997]]},"id":"WB-913"},{"type":"Feature","properties":{"bin":914,"direction":"westbound","start_m":22850,"end_m":22875,"median_score":1.386,"hot_fraction":0.0,"recordings":5,"rides_rough":0,"rides_covering":2,"location_precision":"approximate corridor location; physical track not resolved"},"geometry":{"type":"LineString","coordinates":[[-118.366878,34.025997],[-118.367148,34.026019]]},"id":"WB-914"},{"type":"Feature","properties":{"bin":915,"direction":"westbound","start_m":22875,"end_m":22900,"median_score":0.964,"hot_fraction":0.0,"recordings":5,"rides_rough":0,"rides_covering":2,"location_precision":"approximate corridor location; physical track not resolved"},"geometry":{"type":"LineString","coordinates":[[-118.367148,34.026019],[-118.367251,34.026028],[-118.367417,34.02604]]},"id":"WB-915"},{"type":"Feature","properties":{"bin":916,"direction":"westbound","start_m":22900,"end_m":22925,"median_score":1.07,"hot_fraction":0.0,"recordings":5,"rides_rough":0,"rides_covering":2,"location_precision":"approximate corridor location; physical track not resolved"},"geometry":{"type":"LineString","coordinates":[[-118.367417,34.02604],[-118.367687,34.026059]]},"id":"WB-916"},{"type":"Feature","properties":{"bin":917,"direction":"westbound","start_m":22925,"end_m":22950,"median_score":0.995,"hot_fraction":0.0,"recordings":5,"rides_rough":0,"rides_covering":2,"location_precision":"approximate corridor location; physical track not resolved"},"geometry":{"type":"LineString","coordinates":[[-118.367687,34.026059],[-118.367957,34.026079]]},"id":"WB-917"},{"type":"Feature","properties":{"bin":918,"direction":"westbound","start_m":22950,"end_m":22975,"median_score":0.934,"hot_fraction":0.0,"recordings":5,"rides_rough":0,"rides_covering":2,"location_precision":"approximate corridor location; physical track not resolved"},"geometry":{"type":"LineString","coordinates":[[-118.367957,34.026079],[-118.368044,34.026085],[-118.368227,34.026099]]},"id":"WB-918"},{"type":"Feature","properties":{"bin":919,"direction":"westbound","start_m":22975,"end_m":23000,"median_score":1.768,"hot_fraction":0.5,"recordings":5,"rides_rough":1,"rides_covering":2,"location_precision":"approximate corridor location; physical track not resolved"},"geometry":{"type":"LineString","coordinates":[[-118.368227,34.026099],[-118.368369,34.026109],[-118.368497,34.026118]]},"id":"WB-919"},{"type":"Feature","properties":{"bin":920,"direction":"westbound","start_m":23000,"end_m":23025,"median_score":1.626,"hot_fraction":0.5,"recordings":5,"rides_rough":1,"rides_covering":2,"location_precision":"approximate corridor location; physical track not resolved"},"geometry":{"type":"LineString","coordinates":[[-118.368497,34.026118],[-118.368767,34.026138]]},"id":"WB-920"},{"type":"Feature","properties":{"bin":921,"direction":"westbound","start_m":23025,"end_m":23050,"median_score":1.732,"hot_fraction":0.5,"recordings":4,"rides_rough":1,"rides_covering":2,"location_precision":"approximate corridor location; physical track not resolved"},"geometry":{"type":"LineString","coordinates":[[-118.368767,34.026138],[-118.368812,34.026141],[-118.369037,34.026158]]},"id":"WB-921"},{"type":"Feature","properties":{"bin":922,"direction":"westbound","start_m":23050,"end_m":23075,"median_score":1.354,"hot_fraction":0.0,"recordings":2,"rides_rough":0,"rides_covering":2,"location_precision":"approximate corridor location; physical track not resolved"},"geometry":{"type":"LineString","coordinates":[[-118.369037,34.026158],[-118.369307,34.026179]]},"id":"WB-922"},{"type":"Feature","properties":{"bin":927,"direction":"westbound","start_m":23175,"end_m":23200,"median_score":1.898,"hot_fraction":1.0,"recordings":1,"rides_rough":1,"rides_covering":1,"location_precision":"approximate corridor location; physical track not resolved"},"geometry":{"type":"LineString","coordinates":[[-118.370386,34.026263],[-118.370607,34.02628],[-118.370656,34.026284]]},"id":"WB-927"},{"type":"Feature","properties":{"bin":928,"direction":"westbound","start_m":23200,"end_m":23225,"median_score":1.251,"hot_fraction":0.0,"recordings":4,"rides_rough":0,"rides_covering":2,"location_precision":"approximate corridor location; physical track not resolved"},"geometry":{"type":"LineString","coordinates":[[-118.370656,34.026284],[-118.370926,34.026303]]},"id":"WB-928"},{"type":"Feature","properties":{"bin":929,"direction":"westbound","start_m":23225,"end_m":23250,"median_score":1.195,"hot_fraction":0.0,"recordings":1,"rides_rough":0,"rides_covering":1,"location_precision":"approximate corridor location; physical track not resolved"},"geometry":{"type":"LineString","coordinates":[[-118.370926,34.026303],[-118.370993,34.026308],[-118.371196,34.026325]]},"id":"WB-929"},{"type":"Feature","properties":{"bin":930,"direction":"westbound","start_m":23250,"end_m":23275,"median_score":0.798,"hot_fraction":0.0,"recordings":4,"rides_rough":0,"rides_covering":2,"location_precision":"approximate corridor location; physical track not resolved"},"geometry":{"type":"LineString","coordinates":[[-118.371196,34.026325],[-118.371465,34.026348]]},"id":"WB-930"},{"type":"Feature","properties":{"bin":931,"direction":"westbound","start_m":23275,"end_m":23300,"median_score":0.606,"hot_fraction":0.0,"recordings":1,"rides_rough":0,"rides_covering":1,"location_precision":"approximate corridor location; physical track not resolved"},"geometry":{"type":"LineString","coordinates":[[-118.371465,34.026348],[-118.371716,34.026369],[-118.371735,34.02637]]},"id":"WB-931"},{"type":"Feature","properties":{"bin":938,"direction":"westbound","start_m":23450,"end_m":23475,"median_score":0.753,"hot_fraction":0.0,"recordings":1,"rides_rough":0,"rides_covering":1,"location_precision":"approximate corridor location; physical track not resolved"},"geometry":{"type":"LineString","coordinates":[[-118.373353,34.026505],[-118.373622,34.026531]]},"id":"WB-938"},{"type":"Feature","properties":{"bin":939,"direction":"westbound","start_m":23475,"end_m":23500,"median_score":0.783,"hot_fraction":0.0,"recordings":2,"rides_rough":0,"rides_covering":1,"location_precision":"approximate corridor location; physical track not resolved"},"geometry":{"type":"LineString","coordinates":[[-118.373622,34.026531],[-118.373891,34.026557]]},"id":"WB-939"},{"type":"Feature","properties":{"bin":940,"direction":"westbound","start_m":23500,"end_m":23525,"median_score":0.78,"hot_fraction":0.0,"recordings":2,"rides_rough":0,"rides_covering":1,"location_precision":"approximate corridor location; physical track not resolved"},"geometry":{"type":"LineString","coordinates":[[-118.373891,34.026557],[-118.37416,34.026582]]},"id":"WB-940"},{"type":"Feature","properties":{"bin":941,"direction":"westbound","start_m":23525,"end_m":23550,"median_score":0.79,"hot_fraction":0.0,"recordings":5,"rides_rough":0,"rides_covering":2,"location_precision":"approximate corridor location; physical track not resolved"},"geometry":{"type":"LineString","coordinates":[[-118.37416,34.026582],[-118.374167,34.026583],[-118.37443,34.026607]]},"id":"WB-941"},{"type":"Feature","properties":{"bin":942,"direction":"westbound","start_m":23550,"end_m":23575,"median_score":0.979,"hot_fraction":0.0,"recordings":4,"rides_rough":0,"rides_covering":2,"location_precision":"approximate corridor location; physical track not resolved"},"geometry":{"type":"LineString","coordinates":[[-118.37443,34.026607],[-118.374699,34.026632]]},"id":"WB-942"},{"type":"Feature","properties":{"bin":943,"direction":"westbound","start_m":23575,"end_m":23600,"median_score":0.865,"hot_fraction":0.0,"recordings":3,"rides_rough":0,"rides_covering":2,"location_precision":"approximate corridor location; physical track not resolved"},"geometry":{"type":"LineString","coordinates":[[-118.374699,34.026632],[-118.374968,34.026657]]},"id":"WB-943"},{"type":"Feature","properties":{"bin":944,"direction":"westbound","start_m":23600,"end_m":23625,"median_score":1.223,"hot_fraction":0.0,"recordings":5,"rides_rough":0,"rides_covering":2,"location_precision":"approximate corridor location; physical track not resolved"},"geometry":{"type":"LineString","coordinates":[[-118.374968,34.026657],[-118.375234,34.026682],[-118.375238,34.026682]]},"id":"WB-944"},{"type":"Feature","properties":{"bin":945,"direction":"westbound","start_m":23625,"end_m":23650,"median_score":1.685,"hot_fraction":0.5,"recordings":5,"rides_rough":1,"rides_covering":2,"location_precision":"approximate corridor location; physical track not resolved"},"geometry":{"type":"LineString","coordinates":[[-118.375238,34.026682],[-118.375507,34.026707]]},"id":"WB-945"},{"type":"Feature","properties":{"bin":946,"direction":"westbound","start_m":23650,"end_m":23675,"median_score":1.309,"hot_fraction":0.0,"recordings":5,"rides_rough":0,"rides_covering":2,"location_precision":"approximate corridor location; physical track not resolved"},"geometry":{"type":"LineString","coordinates":[[-118.375507,34.026707],[-118.375555,34.026711],[-118.375776,34.026731]]},"id":"WB-946"},{"type":"Feature","properties":{"bin":947,"direction":"westbound","start_m":23675,"end_m":23700,"median_score":1.02,"hot_fraction":0.0,"recordings":4,"rides_rough":0,"rides_covering":2,"location_precision":"approximate corridor location; physical track not resolved"},"geometry":{"type":"LineString","coordinates":[[-118.375776,34.026731],[-118.376046,34.026756]]},"id":"WB-947"},{"type":"Feature","properties":{"bin":948,"direction":"westbound","start_m":23700,"end_m":23725,"median_score":1.07,"hot_fraction":0.0,"recordings":3,"rides_rough":0,"rides_covering":2,"location_precision":"approximate corridor location; physical track not resolved"},"geometry":{"type":"LineString","coordinates":[[-118.376046,34.026756],[-118.37612,34.026763],[-118.376315,34.026781]]},"id":"WB-948"},{"type":"Feature","properties":{"bin":949,"direction":"westbound","start_m":23725,"end_m":23750,"median_score":0.752,"hot_fraction":0.0,"recordings":5,"rides_rough":0,"rides_covering":2,"location_precision":"approximate corridor location; physical track not resolved"},"geometry":{"type":"LineString","coordinates":[[-118.376315,34.026781],[-118.376584,34.026807]]},"id":"WB-949"},{"type":"Feature","properties":{"bin":950,"direction":"westbound","start_m":23750,"end_m":23775,"median_score":0.78,"hot_fraction":0.0,"recordings":5,"rides_rough":0,"rides_covering":2,"location_precision":"approximate corridor location; physical track not resolved"},"geometry":{"type":"LineString","coordinates":[[-118.376584,34.026807],[-118.376616,34.02681],[-118.376853,34.026834]]},"id":"WB-950"},{"type":"Feature","properties":{"bin":951,"direction":"westbound","start_m":23775,"end_m":23800,"median_score":1.093,"hot_fraction":0.0,"recordings":3,"rides_rough":0,"rides_covering":2,"location_precision":"approximate corridor location; physical track not resolved"},"geometry":{"type":"LineString","coordinates":[[-118.376853,34.026834],[-118.377122,34.026861]]},"id":"WB-951"},{"type":"Feature","properties":{"bin":952,"direction":"westbound","start_m":23800,"end_m":23825,"median_score":1.135,"hot_fraction":0.0,"recordings":5,"rides_rough":0,"rides_covering":2,"location_precision":"approximate corridor location; physical track not resolved"},"geometry":{"type":"LineString","coordinates":[[-118.377122,34.026861],[-118.377391,34.026889]]},"id":"WB-952"},{"type":"Feature","properties":{"bin":953,"direction":"westbound","start_m":23825,"end_m":23850,"median_score":1.548,"hot_fraction":0.5,"recordings":5,"rides_rough":1,"rides_covering":2,"location_precision":"approximate corridor location; physical track not resolved"},"geometry":{"type":"LineString","coordinates":[[-118.377391,34.026889],[-118.377414,34.026891],[-118.37766,34.026916]]},"id":"WB-953"},{"type":"Feature","properties":{"bin":954,"direction":"westbound","start_m":23850,"end_m":23875,"median_score":0.869,"hot_fraction":0.0,"recordings":5,"rides_rough":0,"rides_covering":2,"location_precision":"approximate corridor location; physical track not resolved"},"geometry":{"type":"LineString","coordinates":[[-118.37766,34.026916],[-118.377929,34.026943]]},"id":"WB-954"},{"type":"Feature","properties":{"bin":955,"direction":"westbound","start_m":23875,"end_m":23900,"median_score":0.877,"hot_fraction":0.0,"recordings":5,"rides_rough":0,"rides_covering":2,"location_precision":"approximate corridor location; physical track not resolved"},"geometry":{"type":"LineString","coordinates":[[-118.377929,34.026943],[-118.378198,34.02697]]},"id":"WB-955"},{"type":"Feature","properties":{"bin":956,"direction":"westbound","start_m":23900,"end_m":23925,"median_score":0.929,"hot_fraction":0.0,"recordings":5,"rides_rough":0,"rides_covering":2,"location_precision":"approximate corridor location; physical track not resolved"},"geometry":{"type":"LineString","coordinates":[[-118.378198,34.02697],[-118.378453,34.026995],[-118.378467,34.026997]]},"id":"WB-956"},{"type":"Feature","properties":{"bin":957,"direction":"westbound","start_m":23925,"end_m":23950,"median_score":0.849,"hot_fraction":0.0,"recordings":5,"rides_rough":0,"rides_covering":2,"location_precision":"approximate corridor location; physical track not resolved"},"geometry":{"type":"LineString","coordinates":[[-118.378467,34.026997],[-118.378736,34.027025]]},"id":"WB-957"},{"type":"Feature","properties":{"bin":958,"direction":"westbound","start_m":23950,"end_m":23975,"median_score":0.849,"hot_fraction":0.0,"recordings":5,"rides_rough":0,"rides_covering":2,"location_precision":"approximate corridor location; physical track not resolved"},"geometry":{"type":"LineString","coordinates":[[-118.378736,34.027025],[-118.378956,34.027048],[-118.379005,34.027053]]},"id":"WB-958"},{"type":"Feature","properties":{"bin":959,"direction":"westbound","start_m":23975,"end_m":24000,"median_score":0.961,"hot_fraction":0.0,"recordings":5,"rides_rough":0,"rides_covering":2,"location_precision":"approximate corridor location; physical track not resolved"},"geometry":{"type":"LineString","coordinates":[[-118.379005,34.027053],[-118.379161,34.027068],[-118.379275,34.027076]]},"id":"WB-959"},{"type":"Feature","properties":{"bin":960,"direction":"westbound","start_m":24000,"end_m":24025,"median_score":0.973,"hot_fraction":0.0,"recordings":5,"rides_rough":0,"rides_covering":2,"location_precision":"approximate corridor location; physical track not resolved"},"geometry":{"type":"LineString","coordinates":[[-118.379275,34.027076],[-118.37951,34.027093],[-118.379544,34.027096]]},"id":"WB-960"},{"type":"Feature","properties":{"bin":961,"direction":"westbound","start_m":24025,"end_m":24050,"median_score":0.801,"hot_fraction":0.0,"recordings":5,"rides_rough":0,"rides_covering":2,"location_precision":"approximate corridor location; physical track not resolved"},"geometry":{"type":"LineString","coordinates":[[-118.379544,34.027096],[-118.379814,34.027122]]},"id":"WB-961"},{"type":"Feature","properties":{"bin":962,"direction":"westbound","start_m":24050,"end_m":24075,"median_score":1.047,"hot_fraction":0.0,"recordings":5,"rides_rough":0,"rides_covering":2,"location_precision":"approximate corridor location; physical track not resolved"},"geometry":{"type":"LineString","coordinates":[[-118.379814,34.027122],[-118.380083,34.027148]]},"id":"WB-962"},{"type":"Feature","properties":{"bin":963,"direction":"westbound","start_m":24075,"end_m":24100,"median_score":1.379,"hot_fraction":0.0,"recordings":5,"rides_rough":0,"rides_covering":2,"location_precision":"approximate corridor location; physical track not resolved"},"geometry":{"type":"LineString","coordinates":[[-118.380083,34.027148],[-118.380088,34.027149],[-118.380352,34.027173]]},"id":"WB-963"},{"type":"Feature","properties":{"bin":964,"direction":"westbound","start_m":24100,"end_m":24125,"median_score":1.341,"hot_fraction":0.0,"recordings":5,"rides_rough":0,"rides_covering":2,"location_precision":"approximate corridor location; physical track not resolved"},"geometry":{"type":"LineString","coordinates":[[-118.380352,34.027173],[-118.380456,34.027182],[-118.380622,34.027197]]},"id":"WB-964"},{"type":"Feature","properties":{"bin":965,"direction":"westbound","start_m":24125,"end_m":24150,"median_score":1.413,"hot_fraction":0.0,"recordings":5,"rides_rough":0,"rides_covering":2,"location_precision":"approximate corridor location; physical track not resolved"},"geometry":{"type":"LineString","coordinates":[[-118.380622,34.027197],[-118.380891,34.027222]]},"id":"WB-965"},{"type":"Feature","properties":{"bin":966,"direction":"westbound","start_m":24150,"end_m":24175,"median_score":0.886,"hot_fraction":0.0,"recordings":5,"rides_rough":0,"rides_covering":2,"location_precision":"approximate corridor location; physical track not resolved"},"geometry":{"type":"LineString","coordinates":[[-118.380891,34.027222],[-118.38116,34.027247]]},"id":"WB-966"},{"type":"Feature","properties":{"bin":967,"direction":"westbound","start_m":24175,"end_m":24200,"median_score":1.111,"hot_fraction":0.0,"recordings":5,"rides_rough":0,"rides_covering":2,"location_precision":"approximate corridor location; physical track not resolved"},"geometry":{"type":"LineString","coordinates":[[-118.38116,34.027247],[-118.381429,34.027272]]},"id":"WB-967"},{"type":"Feature","properties":{"bin":968,"direction":"westbound","start_m":24200,"end_m":24225,"median_score":0.778,"hot_fraction":0.0,"recordings":5,"rides_rough":0,"rides_covering":2,"location_precision":"approximate corridor location; physical track not resolved"},"geometry":{"type":"LineString","coordinates":[[-118.381429,34.027272],[-118.381699,34.027297]]},"id":"WB-968"},{"type":"Feature","properties":{"bin":969,"direction":"westbound","start_m":24225,"end_m":24250,"median_score":0.861,"hot_fraction":0.0,"recordings":5,"rides_rough":0,"rides_covering":2,"location_precision":"approximate corridor location; physical track not resolved"},"geometry":{"type":"LineString","coordinates":[[-118.381699,34.027297],[-118.381846,34.027311],[-118.381968,34.027325]]},"id":"WB-969"},{"type":"Feature","properties":{"bin":970,"direction":"westbound","start_m":24250,"end_m":24275,"median_score":0.891,"hot_fraction":0.0,"recordings":5,"rides_rough":0,"rides_covering":2,"location_precision":"approximate corridor location; physical track not resolved"},"geometry":{"type":"LineString","coordinates":[[-118.381968,34.027325],[-118.382236,34.027354]]},"id":"WB-970"},{"type":"Feature","properties":{"bin":971,"direction":"westbound","start_m":24275,"end_m":24300,"median_score":0.886,"hot_fraction":0.0,"recordings":3,"rides_rough":0,"rides_covering":2,"location_precision":"approximate corridor location; physical track not resolved"},"geometry":{"type":"LineString","coordinates":[[-118.382236,34.027354],[-118.382396,34.027372],[-118.382505,34.027385]]},"id":"WB-971"},{"type":"Feature","properties":{"bin":972,"direction":"westbound","start_m":24300,"end_m":24325,"median_score":0.822,"hot_fraction":0.0,"recordings":2,"rides_rough":0,"rides_covering":1,"location_precision":"approximate corridor location; physical track not resolved"},"geometry":{"type":"LineString","coordinates":[[-118.382505,34.027385],[-118.382773,34.027416]]},"id":"WB-972"},{"type":"Feature","properties":{"bin":973,"direction":"westbound","start_m":24325,"end_m":24350,"median_score":0.832,"hot_fraction":0.0,"recordings":2,"rides_rough":0,"rides_covering":1,"location_precision":"approximate corridor location; physical track not resolved"},"geometry":{"type":"LineString","coordinates":[[-118.382773,34.027416],[-118.382983,34.02744],[-118.383042,34.027447]]},"id":"WB-973"},{"type":"Feature","properties":{"bin":974,"direction":"westbound","start_m":24350,"end_m":24375,"median_score":0.711,"hot_fraction":0.0,"recordings":2,"rides_rough":0,"rides_covering":1,"location_precision":"approximate corridor location; physical track not resolved"},"geometry":{"type":"LineString","coordinates":[[-118.383042,34.027447],[-118.38331,34.027477]]},"id":"WB-974"},{"type":"Feature","properties":{"bin":975,"direction":"westbound","start_m":24375,"end_m":24400,"median_score":0.854,"hot_fraction":0.0,"recordings":2,"rides_rough":0,"rides_covering":1,"location_precision":"approximate corridor location; physical track not resolved"},"geometry":{"type":"LineString","coordinates":[[-118.38331,34.027477],[-118.383579,34.027508]]},"id":"WB-975"},{"type":"Feature","properties":{"bin":976,"direction":"westbound","start_m":24400,"end_m":24425,"median_score":1.635,"hot_fraction":0.0,"recordings":4,"rides_rough":0,"rides_covering":2,"location_precision":"approximate corridor location; physical track not resolved"},"geometry":{"type":"LineString","coordinates":[[-118.383579,34.027508],[-118.383847,34.027539]]},"id":"WB-976"},{"type":"Feature","properties":{"bin":977,"direction":"westbound","start_m":24425,"end_m":24450,"median_score":2.428,"hot_fraction":1.0,"recordings":5,"rides_rough":2,"rides_covering":2,"location_precision":"approximate corridor location; physical track not resolved"},"geometry":{"type":"LineString","coordinates":[[-118.383847,34.027539],[-118.383939,34.027549],[-118.384117,34.027562]]},"id":"WB-977"},{"type":"Feature","properties":{"bin":978,"direction":"westbound","start_m":24450,"end_m":24475,"median_score":1.359,"hot_fraction":0.0,"recordings":4,"rides_rough":0,"rides_covering":2,"location_precision":"approximate corridor location; physical track not resolved"},"geometry":{"type":"LineString","coordinates":[[-118.384117,34.027562],[-118.384387,34.027582]]},"id":"WB-978"},{"type":"Feature","properties":{"bin":979,"direction":"westbound","start_m":24475,"end_m":24500,"median_score":1.097,"hot_fraction":0.0,"recordings":4,"rides_rough":0,"rides_covering":2,"location_precision":"approximate corridor location; physical track not resolved"},"geometry":{"type":"LineString","coordinates":[[-118.384387,34.027582],[-118.384656,34.027601]]},"id":"WB-979"},{"type":"Feature","properties":{"bin":980,"direction":"westbound","start_m":24500,"end_m":24525,"median_score":1.033,"hot_fraction":0.0,"recordings":5,"rides_rough":0,"rides_covering":2,"location_precision":"approximate corridor location; physical track not resolved"},"geometry":{"type":"LineString","coordinates":[[-118.384656,34.027601],[-118.384707,34.027605],[-118.384926,34.027621]]},"id":"WB-980"},{"type":"Feature","properties":{"bin":981,"direction":"westbound","start_m":24525,"end_m":24550,"median_score":0.929,"hot_fraction":0.0,"recordings":5,"rides_rough":0,"rides_covering":2,"location_precision":"approximate corridor location; physical track not resolved"},"geometry":{"type":"LineString","coordinates":[[-118.384926,34.027621],[-118.385196,34.02764]]},"id":"WB-981"},{"type":"Feature","properties":{"bin":982,"direction":"westbound","start_m":24550,"end_m":24575,"median_score":0.769,"hot_fraction":0.0,"recordings":5,"rides_rough":0,"rides_covering":2,"location_precision":"approximate corridor location; physical track not resolved"},"geometry":{"type":"LineString","coordinates":[[-118.385196,34.02764],[-118.385407,34.027655],[-118.385466,34.027659]]},"id":"WB-982"},{"type":"Feature","properties":{"bin":983,"direction":"westbound","start_m":24575,"end_m":24600,"median_score":0.783,"hot_fraction":0.0,"recordings":4,"rides_rough":0,"rides_covering":2,"location_precision":"approximate corridor location; physical track not resolved"},"geometry":{"type":"LineString","coordinates":[[-118.385466,34.027659],[-118.385737,34.027676]]},"id":"WB-983"},{"type":"Feature","properties":{"bin":984,"direction":"westbound","start_m":24600,"end_m":24625,"median_score":1.038,"hot_fraction":0.0,"recordings":5,"rides_rough":0,"rides_covering":2,"location_precision":"approximate corridor location; physical track not resolved"},"geometry":{"type":"LineString","coordinates":[[-118.385737,34.027676],[-118.386007,34.027693]]},"id":"WB-984"},{"type":"Feature","properties":{"bin":985,"direction":"westbound","start_m":24625,"end_m":24650,"median_score":1.086,"hot_fraction":0.0,"recordings":4,"rides_rough":0,"rides_covering":2,"location_precision":"approximate corridor location; physical track not resolved"},"geometry":{"type":"LineString","coordinates":[[-118.386007,34.027693],[-118.386125,34.0277],[-118.386277,34.02771]]},"id":"WB-985"},{"type":"Feature","properties":{"bin":986,"direction":"westbound","start_m":24650,"end_m":24675,"median_score":1.118,"hot_fraction":0.0,"recordings":5,"rides_rough":0,"rides_covering":2,"location_precision":"approximate corridor location; physical track not resolved"},"geometry":{"type":"LineString","coordinates":[[-118.386277,34.02771],[-118.386547,34.027728]]},"id":"WB-986"},{"type":"Feature","properties":{"bin":987,"direction":"westbound","start_m":24675,"end_m":24700,"median_score":1.178,"hot_fraction":0.0,"recordings":5,"rides_rough":0,"rides_covering":2,"location_precision":"approximate corridor location; physical track not resolved"},"geometry":{"type":"LineString","coordinates":[[-118.386547,34.027728],[-118.386817,34.027746]]},"id":"WB-987"},{"type":"Feature","properties":{"bin":988,"direction":"westbound","start_m":24700,"end_m":24725,"median_score":1.317,"hot_fraction":0.0,"recordings":4,"rides_rough":0,"rides_covering":2,"location_precision":"approximate corridor location; physical track not resolved"},"geometry":{"type":"LineString","coordinates":[[-118.386817,34.027746],[-118.386945,34.027755],[-118.387087,34.027767]]},"id":"WB-988"},{"type":"Feature","properties":{"bin":989,"direction":"westbound","start_m":24725,"end_m":24750,"median_score":0.882,"hot_fraction":0.0,"recordings":4,"rides_rough":0,"rides_covering":2,"location_precision":"approximate corridor location; physical track not resolved"},"geometry":{"type":"LineString","coordinates":[[-118.387087,34.027767],[-118.387357,34.02779]]},"id":"WB-989"},{"type":"Feature","properties":{"bin":990,"direction":"westbound","start_m":24750,"end_m":24775,"median_score":0.896,"hot_fraction":0.0,"recordings":3,"rides_rough":0,"rides_covering":2,"location_precision":"approximate corridor location; physical track not resolved"},"geometry":{"type":"LineString","coordinates":[[-118.387357,34.02779],[-118.387626,34.027814]]},"id":"WB-990"},{"type":"Feature","properties":{"bin":991,"direction":"westbound","start_m":24775,"end_m":24800,"median_score":1.06,"hot_fraction":0.0,"recordings":2,"rides_rough":0,"rides_covering":1,"location_precision":"approximate corridor location; physical track not resolved"},"geometry":{"type":"LineString","coordinates":[[-118.387626,34.027814],[-118.387896,34.027837]]},"id":"WB-991"},{"type":"Feature","properties":{"bin":992,"direction":"westbound","start_m":24800,"end_m":24825,"median_score":0.743,"hot_fraction":0.0,"recordings":1,"rides_rough":0,"rides_covering":1,"location_precision":"approximate corridor location; physical track not resolved"},"geometry":{"type":"LineString","coordinates":[[-118.387896,34.027837],[-118.38791,34.027838],[-118.388165,34.027861]]},"id":"WB-992"},{"type":"Feature","properties":{"bin":993,"direction":"westbound","start_m":24825,"end_m":24850,"median_score":0.818,"hot_fraction":0.0,"recordings":2,"rides_rough":0,"rides_covering":1,"location_precision":"approximate corridor location; physical track not resolved"},"geometry":{"type":"LineString","coordinates":[[-118.388165,34.027861],[-118.388435,34.027885]]},"id":"WB-993"},{"type":"Feature","properties":{"bin":994,"direction":"westbound","start_m":24850,"end_m":24875,"median_score":0.743,"hot_fraction":0.0,"recordings":2,"rides_rough":0,"rides_covering":1,"location_precision":"approximate corridor location; physical track not resolved"},"geometry":{"type":"LineString","coordinates":[[-118.388435,34.027885],[-118.388704,34.027909]]},"id":"WB-994"},{"type":"Feature","properties":{"bin":610,"direction":"eastbound","start_m":15250,"end_m":15275,"median_score":1.188,"hot_fraction":0.0,"recordings":1,"rides_rough":0,"rides_covering":1,"location_precision":"approximate corridor location; physical track not resolved"},"geometry":{"type":"LineString","coordinates":[[-118.2854,34.018256],[-118.285403,34.018256],[-118.285671,34.018256]]},"id":"EB-610"},{"type":"Feature","properties":{"bin":611,"direction":"eastbound","start_m":15275,"end_m":15300,"median_score":0.834,"hot_fraction":0.0,"recordings":1,"rides_rough":0,"rides_covering":1,"location_precision":"approximate corridor location; physical track not resolved"},"geometry":{"type":"LineString","coordinates":[[-118.285671,34.018256],[-118.285707,34.018256],[-118.285942,34.018254]]},"id":"EB-611"},{"type":"Feature","properties":{"bin":612,"direction":"eastbound","start_m":15300,"end_m":15325,"median_score":0.949,"hot_fraction":0.0,"recordings":1,"rides_rough":0,"rides_covering":1,"location_precision":"approximate corridor location; physical track not resolved"},"geometry":{"type":"LineString","coordinates":[[-118.285942,34.018254],[-118.286212,34.018253]]},"id":"EB-612"},{"type":"Feature","properties":{"bin":613,"direction":"eastbound","start_m":15325,"end_m":15350,"median_score":0.904,"hot_fraction":0.0,"recordings":2,"rides_rough":0,"rides_covering":2,"location_precision":"approximate corridor location; physical track not resolved"},"geometry":{"type":"LineString","coordinates":[[-118.286212,34.018253],[-118.286473,34.018251],[-118.286483,34.018251]]},"id":"EB-613"},{"type":"Feature","properties":{"bin":614,"direction":"eastbound","start_m":15350,"end_m":15375,"median_score":1.048,"hot_fraction":0.0,"recordings":2,"rides_rough":0,"rides_covering":1,"location_precision":"approximate corridor location; physical track not resolved"},"geometry":{"type":"LineString","coordinates":[[-118.286483,34.018251],[-118.286754,34.018252]]},"id":"EB-614"},{"type":"Feature","properties":{"bin":615,"direction":"eastbound","start_m":15375,"end_m":15400,"median_score":0.957,"hot_fraction":0.0,"recordings":2,"rides_rough":0,"rides_covering":1,"location_precision":"approximate corridor location; physical track not resolved"},"geometry":{"type":"LineString","coordinates":[[-118.286754,34.018252],[-118.287025,34.018253]]},"id":"EB-615"},{"type":"Feature","properties":{"bin":616,"direction":"eastbound","start_m":15400,"end_m":15425,"median_score":1.194,"hot_fraction":0.0,"recordings":1,"rides_rough":0,"rides_covering":1,"location_precision":"approximate corridor location; physical track not resolved"},"geometry":{"type":"LineString","coordinates":[[-118.287025,34.018253],[-118.287187,34.018253],[-118.287296,34.018254]]},"id":"EB-616"},{"type":"Feature","properties":{"bin":617,"direction":"eastbound","start_m":15425,"end_m":15450,"median_score":1.323,"hot_fraction":0.0,"recordings":2,"rides_rough":0,"rides_covering":2,"location_precision":"approximate corridor location; physical track not resolved"},"geometry":{"type":"LineString","coordinates":[[-118.287296,34.018254],[-118.287567,34.018255]]},"id":"EB-617"},{"type":"Feature","properties":{"bin":618,"direction":"eastbound","start_m":15450,"end_m":15475,"median_score":0.974,"hot_fraction":0.0,"recordings":1,"rides_rough":0,"rides_covering":1,"location_precision":"approximate corridor location; physical track not resolved"},"geometry":{"type":"LineString","coordinates":[[-118.287567,34.018255],[-118.287838,34.018257]]},"id":"EB-618"},{"type":"Feature","properties":{"bin":619,"direction":"eastbound","start_m":15475,"end_m":15500,"median_score":0.886,"hot_fraction":0.0,"recordings":1,"rides_rough":0,"rides_covering":1,"location_precision":"approximate corridor location; physical track not resolved"},"geometry":{"type":"LineString","coordinates":[[-118.287838,34.018257],[-118.287874,34.018257],[-118.288109,34.018258]]},"id":"EB-619"},{"type":"Feature","properties":{"bin":620,"direction":"eastbound","start_m":15500,"end_m":15525,"median_score":2.055,"hot_fraction":1.0,"recordings":3,"rides_rough":2,"rides_covering":2,"location_precision":"approximate corridor location; physical track not resolved"},"geometry":{"type":"LineString","coordinates":[[-118.288109,34.018258],[-118.28838,34.018259]]},"id":"EB-620"},{"type":"Feature","properties":{"bin":621,"direction":"eastbound","start_m":15525,"end_m":15550,"median_score":2.105,"hot_fraction":0.5,"recordings":3,"rides_rough":1,"rides_covering":2,"location_precision":"approximate corridor location; physical track not resolved"},"geometry":{"type":"LineString","coordinates":[[-118.28838,34.018259],[-118.288651,34.01826]]},"id":"EB-621"},{"type":"Feature","properties":{"bin":622,"direction":"eastbound","start_m":15550,"end_m":15575,"median_score":2.157,"hot_fraction":1.0,"recordings":3,"rides_rough":2,"rides_covering":2,"location_precision":"approximate corridor location; physical track not resolved"},"geometry":{"type":"LineString","coordinates":[[-118.288651,34.01826],[-118.288668,34.01826],[-118.288922,34.01826]]},"id":"EB-622"},{"type":"Feature","properties":{"bin":623,"direction":"eastbound","start_m":15575,"end_m":15600,"median_score":1.244,"hot_fraction":0.0,"recordings":3,"rides_rough":0,"rides_covering":2,"location_precision":"approximate corridor location; physical track not resolved"},"geometry":{"type":"LineString","coordinates":[[-118.288922,34.01826],[-118.289193,34.018261]]},"id":"EB-623"},{"type":"Feature","properties":{"bin":624,"direction":"eastbound","start_m":15600,"end_m":15625,"median_score":2.198,"hot_fraction":1.0,"recordings":2,"rides_rough":1,"rides_covering":1,"location_precision":"approximate corridor location; physical track not resolved"},"geometry":{"type":"LineString","coordinates":[[-118.289193,34.018261],[-118.28927,34.018261],[-118.289464,34.018261]]},"id":"EB-624"},{"type":"Feature","properties":{"bin":625,"direction":"eastbound","start_m":15625,"end_m":15650,"median_score":1.05,"hot_fraction":0.0,"recordings":1,"rides_rough":0,"rides_covering":1,"location_precision":"approximate corridor location; physical track not resolved"},"geometry":{"type":"LineString","coordinates":[[-118.289464,34.018261],[-118.289735,34.01826]]},"id":"EB-625"},{"type":"Feature","properties":{"bin":626,"direction":"eastbound","start_m":15650,"end_m":15675,"median_score":0.985,"hot_fraction":0.0,"recordings":1,"rides_rough":0,"rides_covering":1,"location_precision":"approximate corridor location; physical track not resolved"},"geometry":{"type":"LineString","coordinates":[[-118.289735,34.01826],[-118.290006,34.01826]]},"id":"EB-626"},{"type":"Feature","properties":{"bin":632,"direction":"eastbound","start_m":15800,"end_m":15825,"median_score":0.82,"hot_fraction":0.0,"recordings":2,"rides_rough":0,"rides_covering":2,"location_precision":"approximate corridor location; physical track not resolved"},"geometry":{"type":"LineString","coordinates":[[-118.291361,34.018267],[-118.291544,34.018269],[-118.291632,34.018269]]},"id":"EB-632"},{"type":"Feature","properties":{"bin":633,"direction":"eastbound","start_m":15825,"end_m":15850,"median_score":0.618,"hot_fraction":0.0,"recordings":3,"rides_rough":0,"rides_covering":2,"location_precision":"approximate corridor location; physical track not resolved"},"geometry":{"type":"LineString","coordinates":[[-118.291632,34.018269],[-118.291903,34.01827]]},"id":"EB-633"},{"type":"Feature","properties":{"bin":634,"direction":"eastbound","start_m":15850,"end_m":15875,"median_score":0.635,"hot_fraction":0.0,"recordings":3,"rides_rough":0,"rides_covering":2,"location_precision":"approximate corridor location; physical track not resolved"},"geometry":{"type":"LineString","coordinates":[[-118.291903,34.01827],[-118.292174,34.018272]]},"id":"EB-634"},{"type":"Feature","properties":{"bin":635,"direction":"eastbound","start_m":15875,"end_m":15900,"median_score":0.842,"hot_fraction":0.0,"recordings":3,"rides_rough":0,"rides_covering":2,"location_precision":"approximate corridor location; physical track not resolved"},"geometry":{"type":"LineString","coordinates":[[-118.292174,34.018272],[-118.292445,34.018273]]},"id":"EB-635"},{"type":"Feature","properties":{"bin":637,"direction":"eastbound","start_m":15925,"end_m":15950,"median_score":0.715,"hot_fraction":0.0,"recordings":1,"rides_rough":0,"rides_covering":1,"location_precision":"approximate corridor location; physical track not resolved"},"geometry":{"type":"LineString","coordinates":[[-118.292716,34.018274],[-118.292987,34.018275]]},"id":"EB-637"},{"type":"Feature","properties":{"bin":638,"direction":"eastbound","start_m":15950,"end_m":15975,"median_score":1.068,"hot_fraction":0.0,"recordings":1,"rides_rough":0,"rides_covering":1,"location_precision":"approximate corridor location; physical track not resolved"},"geometry":{"type":"LineString","coordinates":[[-118.292987,34.018275],[-118.29311,34.018275],[-118.293258,34.018276]]},"id":"EB-638"},{"type":"Feature","properties":{"bin":639,"direction":"eastbound","start_m":15975,"end_m":16000,"median_score":1.217,"hot_fraction":0.0,"recordings":1,"rides_rough":0,"rides_covering":1,"location_precision":"approximate corridor location; physical track not resolved"},"geometry":{"type":"LineString","coordinates":[[-118.293258,34.018276],[-118.293529,34.018279]]},"id":"EB-639"},{"type":"Feature","properties":{"bin":640,"direction":"eastbound","start_m":16000,"end_m":16025,"median_score":1.224,"hot_fraction":0.0,"recordings":2,"rides_rough":0,"rides_covering":2,"location_precision":"approximate corridor location; physical track not resolved"},"geometry":{"type":"LineString","coordinates":[[-118.293529,34.018279],[-118.293756,34.018281],[-118.2938,34.018282]]},"id":"EB-640"},{"type":"Feature","properties":{"bin":641,"direction":"eastbound","start_m":16025,"end_m":16050,"median_score":1.08,"hot_fraction":0.0,"recordings":3,"rides_rough":0,"rides_covering":2,"location_precision":"approximate corridor location; physical track not resolved"},"geometry":{"type":"LineString","coordinates":[[-118.2938,34.018282],[-118.293981,34.018287],[-118.294011,34.018288],[-118.294071,34.018288]]},"id":"EB-641"},{"type":"Feature","properties":{"bin":642,"direction":"eastbound","start_m":16050,"end_m":16075,"median_score":1.36,"hot_fraction":0.0,"recordings":4,"rides_rough":0,"rides_covering":3,"location_precision":"approximate corridor location; physical track not resolved"},"geometry":{"type":"LineString","coordinates":[[-118.294071,34.018288],[-118.294342,34.018288]]},"id":"EB-642"},{"type":"Feature","properties":{"bin":643,"direction":"eastbound","start_m":16075,"end_m":16100,"median_score":1.674,"hot_fraction":0.0,"recordings":1,"rides_rough":0,"rides_covering":1,"location_precision":"approximate corridor location; physical track not resolved"},"geometry":{"type":"LineString","coordinates":[[-118.294342,34.018288],[-118.294613,34.018289]]},"id":"EB-643"},{"type":"Feature","properties":{"bin":644,"direction":"eastbound","start_m":16100,"end_m":16125,"median_score":2.166,"hot_fraction":1.0,"recordings":4,"rides_rough":3,"rides_covering":3,"location_precision":"approximate corridor location; physical track not resolved"},"geometry":{"type":"LineString","coordinates":[[-118.294613,34.018289],[-118.294884,34.018289]]},"id":"EB-644"},{"type":"Feature","properties":{"bin":645,"direction":"eastbound","start_m":16125,"end_m":16150,"median_score":1.482,"hot_fraction":0.3333333333333333,"recordings":4,"rides_rough":1,"rides_covering":3,"location_precision":"approximate corridor location; physical track not resolved"},"geometry":{"type":"LineString","coordinates":[[-118.294884,34.018289],[-118.294919,34.018289],[-118.295155,34.01829]]},"id":"EB-645"},{"type":"Feature","properties":{"bin":646,"direction":"eastbound","start_m":16150,"end_m":16175,"median_score":1.116,"hot_fraction":0.0,"recordings":4,"rides_rough":0,"rides_covering":3,"location_precision":"approximate corridor location; physical track not resolved"},"geometry":{"type":"LineString","coordinates":[[-118.295155,34.01829],[-118.295426,34.018291]]},"id":"EB-646"},{"type":"Feature","properties":{"bin":647,"direction":"eastbound","start_m":16175,"end_m":16200,"median_score":1.585,"hot_fraction":0.3333333333333333,"recordings":4,"rides_rough":1,"rides_covering":3,"location_precision":"approximate corridor location; physical track not resolved"},"geometry":{"type":"LineString","coordinates":[[-118.295426,34.018291],[-118.295667,34.018292],[-118.295697,34.018292]]},"id":"EB-647"},{"type":"Feature","properties":{"bin":648,"direction":"eastbound","start_m":16200,"end_m":16225,"median_score":2.348,"hot_fraction":1.0,"recordings":4,"rides_rough":3,"rides_covering":3,"location_precision":"approximate corridor location; physical track not resolved"},"geometry":{"type":"LineString","coordinates":[[-118.295697,34.018292],[-118.295968,34.018292]]},"id":"EB-648"},{"type":"Feature","properties":{"bin":649,"direction":"eastbound","start_m":16225,"end_m":16250,"median_score":2.822,"hot_fraction":1.0,"recordings":4,"rides_rough":3,"rides_covering":3,"location_precision":"approximate corridor location; physical track not resolved"},"geometry":{"type":"LineString","coordinates":[[-118.295968,34.018292],[-118.296239,34.018292]]},"id":"EB-649"},{"type":"Feature","properties":{"bin":650,"direction":"eastbound","start_m":16250,"end_m":16275,"median_score":1.059,"hot_fraction":0.0,"recordings":4,"rides_rough":0,"rides_covering":3,"location_precision":"approximate corridor location; physical track not resolved"},"geometry":{"type":"LineString","coordinates":[[-118.296239,34.018292],[-118.296323,34.018292],[-118.29651,34.018293]]},"id":"EB-650"},{"type":"Feature","properties":{"bin":651,"direction":"eastbound","start_m":16275,"end_m":16300,"median_score":1.001,"hot_fraction":0.0,"recordings":4,"rides_rough":0,"rides_covering":3,"location_precision":"approximate corridor location; physical track not resolved"},"geometry":{"type":"LineString","coordinates":[[-118.29651,34.018293],[-118.296781,34.018294]]},"id":"EB-651"},{"type":"Feature","properties":{"bin":652,"direction":"eastbound","start_m":16300,"end_m":16325,"median_score":1.056,"hot_fraction":0.0,"recordings":4,"rides_rough":0,"rides_covering":3,"location_precision":"approximate corridor location; physical track not resolved"},"geometry":{"type":"LineString","coordinates":[[-118.296781,34.018294],[-118.297052,34.018295]]},"id":"EB-652"},{"type":"Feature","properties":{"bin":653,"direction":"eastbound","start_m":16325,"end_m":16350,"median_score":1.243,"hot_fraction":0.0,"recordings":4,"rides_rough":0,"rides_covering":3,"location_precision":"approximate corridor location; physical track not resolved"},"geometry":{"type":"LineString","coordinates":[[-118.297052,34.018295],[-118.297053,34.018295],[-118.297323,34.018295]]},"id":"EB-653"},{"type":"Feature","properties":{"bin":654,"direction":"eastbound","start_m":16350,"end_m":16375,"median_score":1.555,"hot_fraction":0.5,"recordings":3,"rides_rough":1,"rides_covering":2,"location_precision":"approximate corridor location; physical track not resolved"},"geometry":{"type":"LineString","coordinates":[[-118.297323,34.018295],[-118.297594,34.018295]]},"id":"EB-654"},{"type":"Feature","properties":{"bin":655,"direction":"eastbound","start_m":16375,"end_m":16400,"median_score":1.472,"hot_fraction":0.0,"recordings":3,"rides_rough":0,"rides_covering":2,"location_precision":"approximate corridor location; physical track not resolved"},"geometry":{"type":"LineString","coordinates":[[-118.297594,34.018295],[-118.297731,34.018295],[-118.297865,34.018295]]},"id":"EB-655"},{"type":"Feature","properties":{"bin":656,"direction":"eastbound","start_m":16400,"end_m":16425,"median_score":1.383,"hot_fraction":0.0,"recordings":4,"rides_rough":0,"rides_covering":2,"location_precision":"approximate corridor location; physical track not resolved"},"geometry":{"type":"LineString","coordinates":[[-118.297865,34.018295],[-118.298136,34.018295]]},"id":"EB-656"},{"type":"Feature","properties":{"bin":657,"direction":"eastbound","start_m":16425,"end_m":16450,"median_score":1.258,"hot_fraction":0.0,"recordings":5,"rides_rough":0,"rides_covering":3,"location_precision":"approximate corridor location; physical track not resolved"},"geometry":{"type":"LineString","coordinates":[[-118.298136,34.018295],[-118.298407,34.018295]]},"id":"EB-657"},{"type":"Feature","properties":{"bin":658,"direction":"eastbound","start_m":16450,"end_m":16475,"median_score":1.044,"hot_fraction":0.0,"recordings":4,"rides_rough":0,"rides_covering":3,"location_precision":"approximate corridor location; physical track not resolved"},"geometry":{"type":"LineString","coordinates":[[-118.298407,34.018295],[-118.298532,34.018295],[-118.298678,34.018296]]},"id":"EB-658"},{"type":"Feature","properties":{"bin":659,"direction":"eastbound","start_m":16475,"end_m":16500,"median_score":1.249,"hot_fraction":0.0,"recordings":4,"rides_rough":0,"rides_covering":3,"location_precision":"approximate corridor location; physical track not resolved"},"geometry":{"type":"LineString","coordinates":[[-118.298678,34.018296],[-118.298948,34.018297]]},"id":"EB-659"},{"type":"Feature","properties":{"bin":660,"direction":"eastbound","start_m":16500,"end_m":16525,"median_score":0.923,"hot_fraction":0.0,"recordings":4,"rides_rough":0,"rides_covering":3,"location_precision":"approximate corridor location; physical track not resolved"},"geometry":{"type":"LineString","coordinates":[[-118.298948,34.018297],[-118.299219,34.018298]]},"id":"EB-660"},{"type":"Feature","properties":{"bin":661,"direction":"eastbound","start_m":16525,"end_m":16550,"median_score":1.439,"hot_fraction":0.0,"recordings":3,"rides_rough":0,"rides_covering":2,"location_precision":"approximate corridor location; physical track not resolved"},"geometry":{"type":"LineString","coordinates":[[-118.299219,34.018298],[-118.299248,34.018298],[-118.29949,34.0183]]},"id":"EB-661"},{"type":"Feature","properties":{"bin":662,"direction":"eastbound","start_m":16550,"end_m":16575,"median_score":1.463,"hot_fraction":0.0,"recordings":3,"rides_rough":0,"rides_covering":2,"location_precision":"approximate corridor location; physical track not resolved"},"geometry":{"type":"LineString","coordinates":[[-118.29949,34.0183],[-118.299761,34.018302]]},"id":"EB-662"},{"type":"Feature","properties":{"bin":663,"direction":"eastbound","start_m":16575,"end_m":16600,"median_score":1.126,"hot_fraction":0.0,"recordings":3,"rides_rough":0,"rides_covering":2,"location_precision":"approximate corridor location; physical track not resolved"},"geometry":{"type":"LineString","coordinates":[[-118.299761,34.018302],[-118.300032,34.018304]]},"id":"EB-663"},{"type":"Feature","properties":{"bin":664,"direction":"eastbound","start_m":16600,"end_m":16625,"median_score":0.655,"hot_fraction":0.0,"recordings":2,"rides_rough":0,"rides_covering":1,"location_precision":"approximate corridor location; physical track not resolved"},"geometry":{"type":"LineString","coordinates":[[-118.300032,34.018304],[-118.300071,34.018304],[-118.300303,34.018304]]},"id":"EB-664"},{"type":"Feature","properties":{"bin":665,"direction":"eastbound","start_m":16625,"end_m":16650,"median_score":0.848,"hot_fraction":0.0,"recordings":2,"rides_rough":0,"rides_covering":1,"location_precision":"approximate corridor location; physical track not resolved"},"geometry":{"type":"LineString","coordinates":[[-118.300303,34.018304],[-118.300574,34.018303]]},"id":"EB-665"},{"type":"Feature","properties":{"bin":666,"direction":"eastbound","start_m":16650,"end_m":16675,"median_score":0.727,"hot_fraction":0.0,"recordings":2,"rides_rough":0,"rides_covering":1,"location_precision":"approximate corridor location; physical track not resolved"},"geometry":{"type":"LineString","coordinates":[[-118.300574,34.018303],[-118.300834,34.018303],[-118.300845,34.018303]]},"id":"EB-666"},{"type":"Feature","properties":{"bin":667,"direction":"eastbound","start_m":16675,"end_m":16700,"median_score":0.645,"hot_fraction":0.0,"recordings":2,"rides_rough":0,"rides_covering":1,"location_precision":"approximate corridor location; physical track not resolved"},"geometry":{"type":"LineString","coordinates":[[-118.300845,34.018303],[-118.301116,34.018304]]},"id":"EB-667"},{"type":"Feature","properties":{"bin":668,"direction":"eastbound","start_m":16700,"end_m":16725,"median_score":0.829,"hot_fraction":0.0,"recordings":2,"rides_rough":0,"rides_covering":1,"location_precision":"approximate corridor location; physical track not resolved"},"geometry":{"type":"LineString","coordinates":[[-118.301116,34.018304],[-118.301387,34.018305]]},"id":"EB-668"},{"type":"Feature","properties":{"bin":669,"direction":"eastbound","start_m":16725,"end_m":16750,"median_score":0.817,"hot_fraction":0.0,"recordings":3,"rides_rough":0,"rides_covering":2,"location_precision":"approximate corridor location; physical track not resolved"},"geometry":{"type":"LineString","coordinates":[[-118.301387,34.018305],[-118.301504,34.018305],[-118.301658,34.018305]]},"id":"EB-669"},{"type":"Feature","properties":{"bin":670,"direction":"eastbound","start_m":16750,"end_m":16775,"median_score":0.744,"hot_fraction":0.0,"recordings":3,"rides_rough":0,"rides_covering":2,"location_precision":"approximate corridor location; physical track not resolved"},"geometry":{"type":"LineString","coordinates":[[-118.301658,34.018305],[-118.301929,34.018304]]},"id":"EB-670"},{"type":"Feature","properties":{"bin":671,"direction":"eastbound","start_m":16775,"end_m":16800,"median_score":1.086,"hot_fraction":0.0,"recordings":3,"rides_rough":0,"rides_covering":2,"location_precision":"approximate corridor location; physical track not resolved"},"geometry":{"type":"LineString","coordinates":[[-118.301929,34.018304],[-118.3022,34.018303]]},"id":"EB-671"},{"type":"Feature","properties":{"bin":672,"direction":"eastbound","start_m":16800,"end_m":16825,"median_score":1.451,"hot_fraction":0.0,"recordings":2,"rides_rough":0,"rides_covering":1,"location_precision":"approximate corridor location; physical track not resolved"},"geometry":{"type":"LineString","coordinates":[[-118.3022,34.018303],[-118.302351,34.018303],[-118.302471,34.018303]]},"id":"EB-672"},{"type":"Feature","properties":{"bin":673,"direction":"eastbound","start_m":16825,"end_m":16850,"median_score":1.77,"hot_fraction":0.6666666666666666,"recordings":4,"rides_rough":2,"rides_covering":3,"location_precision":"approximate corridor location; physical track not resolved"},"geometry":{"type":"LineString","coordinates":[[-118.302471,34.018303],[-118.302742,34.018304]]},"id":"EB-673"},{"type":"Feature","properties":{"bin":674,"direction":"eastbound","start_m":16850,"end_m":16875,"median_score":1.705,"hot_fraction":0.5,"recordings":3,"rides_rough":1,"rides_covering":2,"location_precision":"approximate corridor location; physical track not resolved"},"geometry":{"type":"LineString","coordinates":[[-118.302742,34.018304],[-118.302912,34.018305],[-118.303013,34.018305]]},"id":"EB-674"},{"type":"Feature","properties":{"bin":675,"direction":"eastbound","start_m":16875,"end_m":16900,"median_score":1.434,"hot_fraction":0.3333333333333333,"recordings":4,"rides_rough":1,"rides_covering":3,"location_precision":"approximate corridor location; physical track not resolved"},"geometry":{"type":"LineString","coordinates":[[-118.303013,34.018305],[-118.303284,34.018305]]},"id":"EB-675"},{"type":"Feature","properties":{"bin":676,"direction":"eastbound","start_m":16900,"end_m":16925,"median_score":2.37,"hot_fraction":0.6666666666666666,"recordings":4,"rides_rough":2,"rides_covering":3,"location_precision":"approximate corridor location; physical track not resolved"},"geometry":{"type":"LineString","coordinates":[[-118.303284,34.018305],[-118.303555,34.018305]]},"id":"EB-676"},{"type":"Feature","properties":{"bin":677,"direction":"eastbound","start_m":16925,"end_m":16950,"median_score":1.18,"hot_fraction":0.0,"recordings":4,"rides_rough":0,"rides_covering":3,"location_precision":"approximate corridor location; physical track not resolved"},"geometry":{"type":"LineString","coordinates":[[-118.303555,34.018305],[-118.303826,34.018306]]},"id":"EB-677"},{"type":"Feature","properties":{"bin":678,"direction":"eastbound","start_m":16950,"end_m":16975,"median_score":0.592,"hot_fraction":0.0,"recordings":3,"rides_rough":0,"rides_covering":2,"location_precision":"approximate corridor location; physical track not resolved"},"geometry":{"type":"LineString","coordinates":[[-118.303826,34.018306],[-118.304097,34.018306]]},"id":"EB-678"},{"type":"Feature","properties":{"bin":679,"direction":"eastbound","start_m":16975,"end_m":17000,"median_score":1.324,"hot_fraction":0.0,"recordings":5,"rides_rough":0,"rides_covering":3,"location_precision":"approximate corridor location; physical track not resolved"},"geometry":{"type":"LineString","coordinates":[[-118.304097,34.018306],[-118.304368,34.018306]]},"id":"EB-679"},{"type":"Feature","properties":{"bin":680,"direction":"eastbound","start_m":17000,"end_m":17025,"median_score":1.159,"hot_fraction":0.0,"recordings":5,"rides_rough":0,"rides_covering":3,"location_precision":"approximate corridor location; physical track not resolved"},"geometry":{"type":"LineString","coordinates":[[-118.304368,34.018306],[-118.304533,34.018306],[-118.304639,34.018307]]},"id":"EB-680"},{"type":"Feature","properties":{"bin":681,"direction":"eastbound","start_m":17025,"end_m":17050,"median_score":1.3,"hot_fraction":0.0,"recordings":4,"rides_rough":0,"rides_covering":3,"location_precision":"approximate corridor location; physical track not resolved"},"geometry":{"type":"LineString","coordinates":[[-118.304639,34.018307],[-118.30491,34.01831]]},"id":"EB-681"},{"type":"Feature","properties":{"bin":682,"direction":"eastbound","start_m":17050,"end_m":17075,"median_score":1.04,"hot_fraction":0.0,"recordings":5,"rides_rough":0,"rides_covering":3,"location_precision":"approximate corridor location; physical track not resolved"},"geometry":{"type":"LineString","coordinates":[[-118.30491,34.01831],[-118.305181,34.018312]]},"id":"EB-682"},{"type":"Feature","properties":{"bin":683,"direction":"eastbound","start_m":17075,"end_m":17100,"median_score":0.892,"hot_fraction":0.3333333333333333,"recordings":5,"rides_rough":1,"rides_covering":3,"location_precision":"approximate corridor location; physical track not resolved"},"geometry":{"type":"LineString","coordinates":[[-118.305181,34.018312],[-118.305452,34.018315]]},"id":"EB-683"},{"type":"Feature","properties":{"bin":684,"direction":"eastbound","start_m":17100,"end_m":17125,"median_score":0.97,"hot_fraction":0.3333333333333333,"recordings":5,"rides_rough":1,"rides_covering":3,"location_precision":"approximate corridor location; physical track not resolved"},"geometry":{"type":"LineString","coordinates":[[-118.305452,34.018315],[-118.305551,34.018316],[-118.305723,34.018317]]},"id":"EB-684"},{"type":"Feature","properties":{"bin":685,"direction":"eastbound","start_m":17125,"end_m":17150,"median_score":0.782,"hot_fraction":0.3333333333333333,"recordings":5,"rides_rough":1,"rides_covering":3,"location_precision":"approximate corridor location; physical track not resolved"},"geometry":{"type":"LineString","coordinates":[[-118.305723,34.018317],[-118.305994,34.018319]]},"id":"EB-685"},{"type":"Feature","properties":{"bin":686,"direction":"eastbound","start_m":17150,"end_m":17175,"median_score":1.124,"hot_fraction":0.0,"recordings":5,"rides_rough":0,"rides_covering":3,"location_precision":"approximate corridor location; physical track not resolved"},"geometry":{"type":"LineString","coordinates":[[-118.305994,34.018319],[-118.306265,34.018321]]},"id":"EB-686"},{"type":"Feature","properties":{"bin":687,"direction":"eastbound","start_m":17175,"end_m":17200,"median_score":1.904,"hot_fraction":1.0,"recordings":2,"rides_rough":1,"rides_covering":1,"location_precision":"approximate corridor location; physical track not resolved"},"geometry":{"type":"LineString","coordinates":[[-118.306265,34.018321],[-118.30648,34.018322],[-118.306536,34.018323]]},"id":"EB-687"},{"type":"Feature","properties":{"bin":688,"direction":"eastbound","start_m":17200,"end_m":17225,"median_score":3.561,"hot_fraction":1.0,"recordings":2,"rides_rough":1,"rides_covering":1,"location_precision":"approximate corridor location; physical track not resolved"},"geometry":{"type":"LineString","coordinates":[[-118.306536,34.018323],[-118.306807,34.018325]]},"id":"EB-688"},{"type":"Feature","properties":{"bin":689,"direction":"eastbound","start_m":17225,"end_m":17250,"median_score":1.873,"hot_fraction":1.0,"recordings":1,"rides_rough":1,"rides_covering":1,"location_precision":"approximate corridor location; physical track not resolved"},"geometry":{"type":"LineString","coordinates":[[-118.306807,34.018325],[-118.307078,34.018328]]},"id":"EB-689"},{"type":"Feature","properties":{"bin":690,"direction":"eastbound","start_m":17250,"end_m":17275,"median_score":2.108,"hot_fraction":1.0,"recordings":1,"rides_rough":1,"rides_covering":1,"location_precision":"approximate corridor location; physical track not resolved"},"geometry":{"type":"LineString","coordinates":[[-118.307078,34.018328],[-118.307266,34.01833],[-118.307349,34.018331]]},"id":"EB-690"},{"type":"Feature","properties":{"bin":691,"direction":"eastbound","start_m":17275,"end_m":17300,"median_score":1.34,"hot_fraction":0.0,"recordings":1,"rides_rough":0,"rides_covering":1,"location_precision":"approximate corridor location; physical track not resolved"},"geometry":{"type":"LineString","coordinates":[[-118.307349,34.018331],[-118.30762,34.018333]]},"id":"EB-691"},{"type":"Feature","properties":{"bin":695,"direction":"eastbound","start_m":17375,"end_m":17400,"median_score":1.008,"hot_fraction":0.0,"recordings":1,"rides_rough":0,"rides_covering":1,"location_precision":"approximate corridor location; physical track not resolved"},"geometry":{"type":"LineString","coordinates":[[-118.308433,34.018341],[-118.308704,34.018344]]},"id":"EB-695"},{"type":"Feature","properties":{"bin":696,"direction":"eastbound","start_m":17400,"end_m":17425,"median_score":1.562,"hot_fraction":0.0,"recordings":2,"rides_rough":0,"rides_covering":1,"location_precision":"approximate corridor location; physical track not resolved"},"geometry":{"type":"LineString","coordinates":[[-118.308704,34.018344],[-118.308914,34.018346],[-118.308975,34.018346]]},"id":"EB-696"},{"type":"Feature","properties":{"bin":697,"direction":"eastbound","start_m":17425,"end_m":17450,"median_score":1.833,"hot_fraction":1.0,"recordings":2,"rides_rough":1,"rides_covering":1,"location_precision":"approximate corridor location; physical track not resolved"},"geometry":{"type":"LineString","coordinates":[[-118.308975,34.018346],[-118.309246,34.018348]]},"id":"EB-697"},{"type":"Feature","properties":{"bin":698,"direction":"eastbound","start_m":17450,"end_m":17475,"median_score":2.257,"hot_fraction":0.5,"recordings":3,"rides_rough":1,"rides_covering":2,"location_precision":"approximate corridor location; physical track not resolved"},"geometry":{"type":"LineString","coordinates":[[-118.309246,34.018348],[-118.309517,34.018349]]},"id":"EB-698"},{"type":"Feature","properties":{"bin":699,"direction":"eastbound","start_m":17475,"end_m":17500,"median_score":1.014,"hot_fraction":0.0,"recordings":4,"rides_rough":0,"rides_covering":2,"location_precision":"approximate corridor location; physical track not resolved"},"geometry":{"type":"LineString","coordinates":[[-118.309517,34.018349],[-118.309788,34.018351]]},"id":"EB-699"},{"type":"Feature","properties":{"bin":700,"direction":"eastbound","start_m":17500,"end_m":17525,"median_score":1.101,"hot_fraction":0.0,"recordings":4,"rides_rough":0,"rides_covering":2,"location_precision":"approximate corridor location; physical track not resolved"},"geometry":{"type":"LineString","coordinates":[[-118.309788,34.018351],[-118.309948,34.018352],[-118.310059,34.018354]]},"id":"EB-700"},{"type":"Feature","properties":{"bin":701,"direction":"eastbound","start_m":17525,"end_m":17550,"median_score":0.927,"hot_fraction":0.0,"recordings":3,"rides_rough":0,"rides_covering":2,"location_precision":"approximate corridor location; physical track not resolved"},"geometry":{"type":"LineString","coordinates":[[-118.310059,34.018354],[-118.310329,34.01836]]},"id":"EB-701"},{"type":"Feature","properties":{"bin":702,"direction":"eastbound","start_m":17550,"end_m":17575,"median_score":0.775,"hot_fraction":0.0,"recordings":2,"rides_rough":0,"rides_covering":1,"location_precision":"approximate corridor location; physical track not resolved"},"geometry":{"type":"LineString","coordinates":[[-118.310329,34.01836],[-118.3106,34.018366]]},"id":"EB-702"},{"type":"Feature","properties":{"bin":703,"direction":"eastbound","start_m":17575,"end_m":17600,"median_score":1.015,"hot_fraction":0.0,"recordings":2,"rides_rough":0,"rides_covering":1,"location_precision":"approximate corridor location; physical track not resolved"},"geometry":{"type":"LineString","coordinates":[[-118.3106,34.018366],[-118.310818,34.018371],[-118.310871,34.018372]]},"id":"EB-703"},{"type":"Feature","properties":{"bin":704,"direction":"eastbound","start_m":17600,"end_m":17625,"median_score":0.608,"hot_fraction":0.0,"recordings":2,"rides_rough":0,"rides_covering":1,"location_precision":"approximate corridor location; physical track not resolved"},"geometry":{"type":"LineString","coordinates":[[-118.310871,34.018372],[-118.311142,34.018378]]},"id":"EB-704"},{"type":"Feature","properties":{"bin":705,"direction":"eastbound","start_m":17625,"end_m":17650,"median_score":0.694,"hot_fraction":0.0,"recordings":4,"rides_rough":0,"rides_covering":2,"location_precision":"approximate corridor location; physical track not resolved"},"geometry":{"type":"LineString","coordinates":[[-118.311142,34.018378],[-118.311413,34.018384]]},"id":"EB-705"},{"type":"Feature","properties":{"bin":706,"direction":"eastbound","start_m":17650,"end_m":17675,"median_score":0.677,"hot_fraction":0.0,"recordings":4,"rides_rough":0,"rides_covering":2,"location_precision":"approximate corridor location; physical track not resolved"},"geometry":{"type":"LineString","coordinates":[[-118.311413,34.018384],[-118.311644,34.018389],[-118.311684,34.018389]]},"id":"EB-706"},{"type":"Feature","properties":{"bin":707,"direction":"eastbound","start_m":17675,"end_m":17700,"median_score":0.846,"hot_fraction":0.0,"recordings":4,"rides_rough":0,"rides_covering":2,"location_precision":"approximate corridor location; physical track not resolved"},"geometry":{"type":"LineString","coordinates":[[-118.311684,34.018389],[-118.311955,34.018389]]},"id":"EB-707"},{"type":"Feature","properties":{"bin":708,"direction":"eastbound","start_m":17700,"end_m":17725,"median_score":1.006,"hot_fraction":0.0,"recordings":4,"rides_rough":0,"rides_covering":2,"location_precision":"approximate corridor location; physical track not resolved"},"geometry":{"type":"LineString","coordinates":[[-118.311955,34.018389],[-118.312226,34.018388]]},"id":"EB-708"},{"type":"Feature","properties":{"bin":709,"direction":"eastbound","start_m":17725,"end_m":17750,"median_score":1.04,"hot_fraction":0.0,"recordings":4,"rides_rough":0,"rides_covering":2,"location_precision":"approximate corridor location; physical track not resolved"},"geometry":{"type":"LineString","coordinates":[[-118.312226,34.018388],[-118.31236,34.018388],[-118.312497,34.018388]]},"id":"EB-709"},{"type":"Feature","properties":{"bin":710,"direction":"eastbound","start_m":17750,"end_m":17775,"median_score":1.126,"hot_fraction":0.0,"recordings":4,"rides_rough":0,"rides_covering":2,"location_precision":"approximate corridor location; physical track not resolved"},"geometry":{"type":"LineString","coordinates":[[-118.312497,34.018388],[-118.312768,34.018389]]},"id":"EB-710"},{"type":"Feature","properties":{"bin":711,"direction":"eastbound","start_m":17775,"end_m":17800,"median_score":1.396,"hot_fraction":0.0,"recordings":4,"rides_rough":0,"rides_covering":2,"location_precision":"approximate corridor location; physical track not resolved"},"geometry":{"type":"LineString","coordinates":[[-118.312768,34.018389],[-118.313039,34.018389]]},"id":"EB-711"},{"type":"Feature","properties":{"bin":712,"direction":"eastbound","start_m":17800,"end_m":17825,"median_score":1.192,"hot_fraction":0.0,"recordings":4,"rides_rough":0,"rides_covering":2,"location_precision":"approximate corridor location; physical track not resolved"},"geometry":{"type":"LineString","coordinates":[[-118.313039,34.018389],[-118.313085,34.018389],[-118.31331,34.018393]]},"id":"EB-712"},{"type":"Feature","properties":{"bin":713,"direction":"eastbound","start_m":17825,"end_m":17850,"median_score":0.995,"hot_fraction":0.0,"recordings":4,"rides_rough":0,"rides_covering":2,"location_precision":"approximate corridor location; physical track not resolved"},"geometry":{"type":"LineString","coordinates":[[-118.31331,34.018393],[-118.313341,34.018393],[-118.313581,34.018398]]},"id":"EB-713"},{"type":"Feature","properties":{"bin":714,"direction":"eastbound","start_m":17850,"end_m":17875,"median_score":1.741,"hot_fraction":0.5,"recordings":3,"rides_rough":1,"rides_covering":2,"location_precision":"approximate corridor location; physical track not resolved"},"geometry":{"type":"LineString","coordinates":[[-118.313581,34.018398],[-118.313593,34.018398],[-118.313852,34.018403]]},"id":"EB-714"},{"type":"Feature","properties":{"bin":715,"direction":"eastbound","start_m":17875,"end_m":17900,"median_score":2.106,"hot_fraction":1.0,"recordings":3,"rides_rough":2,"rides_covering":2,"location_precision":"approximate corridor location; physical track not resolved"},"geometry":{"type":"LineString","coordinates":[[-118.313852,34.018403],[-118.314122,34.018408]]},"id":"EB-715"},{"type":"Feature","properties":{"bin":716,"direction":"eastbound","start_m":17900,"end_m":17925,"median_score":1.1,"hot_fraction":0.0,"recordings":4,"rides_rough":0,"rides_covering":2,"location_precision":"approximate corridor location; physical track not resolved"},"geometry":{"type":"LineString","coordinates":[[-118.314122,34.018408],[-118.314393,34.018413]]},"id":"EB-716"},{"type":"Feature","properties":{"bin":717,"direction":"eastbound","start_m":17925,"end_m":17950,"median_score":0.851,"hot_fraction":0.0,"recordings":2,"rides_rough":0,"rides_covering":1,"location_precision":"approximate corridor location; physical track not resolved"},"geometry":{"type":"LineString","coordinates":[[-118.314393,34.018413],[-118.314603,34.018417],[-118.314664,34.01842]]},"id":"EB-717"},{"type":"Feature","properties":{"bin":718,"direction":"eastbound","start_m":17950,"end_m":17975,"median_score":0.914,"hot_fraction":0.0,"recordings":2,"rides_rough":0,"rides_covering":1,"location_precision":"approximate corridor location; physical track not resolved"},"geometry":{"type":"LineString","coordinates":[[-118.314664,34.01842],[-118.314838,34.018428],[-118.314935,34.018433]]},"id":"EB-718"},{"type":"Feature","properties":{"bin":719,"direction":"eastbound","start_m":17975,"end_m":18000,"median_score":1.174,"hot_fraction":0.0,"recordings":2,"rides_rough":0,"rides_covering":1,"location_precision":"approximate corridor location; physical track not resolved"},"geometry":{"type":"LineString","coordinates":[[-118.314935,34.018433],[-118.314981,34.018435],[-118.315205,34.018447]]},"id":"EB-719"},{"type":"Feature","properties":{"bin":720,"direction":"eastbound","start_m":18000,"end_m":18025,"median_score":2.103,"hot_fraction":1.0,"recordings":2,"rides_rough":1,"rides_covering":1,"location_precision":"approximate corridor location; physical track not resolved"},"geometry":{"type":"LineString","coordinates":[[-118.315205,34.018447],[-118.315223,34.018448],[-118.315475,34.01847]]},"id":"EB-720"},{"type":"Feature","properties":{"bin":721,"direction":"eastbound","start_m":18025,"end_m":18050,"median_score":2.309,"hot_fraction":1.0,"recordings":2,"rides_rough":1,"rides_covering":1,"location_precision":"approximate corridor location; physical track not resolved"},"geometry":{"type":"LineString","coordinates":[[-118.315475,34.01847],[-118.315615,34.018483],[-118.315743,34.0185]]},"id":"EB-721"},{"type":"Feature","properties":{"bin":722,"direction":"eastbound","start_m":18050,"end_m":18075,"median_score":1.645,"hot_fraction":0.0,"recordings":2,"rides_rough":0,"rides_covering":1,"location_precision":"approximate corridor location; physical track not resolved"},"geometry":{"type":"LineString","coordinates":[[-118.315743,34.0185],[-118.316011,34.018536]]},"id":"EB-722"},{"type":"Feature","properties":{"bin":723,"direction":"eastbound","start_m":18075,"end_m":18100,"median_score":1.277,"hot_fraction":0.5,"recordings":3,"rides_rough":1,"rides_covering":2,"location_precision":"approximate corridor location; physical track not resolved"},"geometry":{"type":"LineString","coordinates":[[-118.316011,34.018536],[-118.316143,34.018554],[-118.316278,34.018574]]},"id":"EB-723"},{"type":"Feature","properties":{"bin":724,"direction":"eastbound","start_m":18100,"end_m":18125,"median_score":1.045,"hot_fraction":0.0,"recordings":3,"rides_rough":0,"rides_covering":2,"location_precision":"approximate corridor location; physical track not resolved"},"geometry":{"type":"LineString","coordinates":[[-118.316278,34.018574],[-118.316545,34.018614]]},"id":"EB-724"},{"type":"Feature","properties":{"bin":725,"direction":"eastbound","start_m":18125,"end_m":18150,"median_score":0.971,"hot_fraction":0.0,"recordings":4,"rides_rough":0,"rides_covering":2,"location_precision":"approximate corridor location; physical track not resolved"},"geometry":{"type":"LineString","coordinates":[[-118.316545,34.018614],[-118.316811,34.018654]]},"id":"EB-725"},{"type":"Feature","properties":{"bin":726,"direction":"eastbound","start_m":18150,"end_m":18175,"median_score":0.824,"hot_fraction":0.0,"recordings":4,"rides_rough":0,"rides_covering":2,"location_precision":"approximate corridor location; physical track not resolved"},"geometry":{"type":"LineString","coordinates":[[-118.316811,34.018654],[-118.316847,34.018659],[-118.317078,34.018696]]},"id":"EB-726"},{"type":"Feature","properties":{"bin":727,"direction":"eastbound","start_m":18175,"end_m":18200,"median_score":0.623,"hot_fraction":0.0,"recordings":5,"rides_rough":0,"rides_covering":3,"location_precision":"approximate corridor location; physical track not resolved"},"geometry":{"type":"LineString","coordinates":[[-118.317078,34.018696],[-118.317192,34.018714],[-118.317344,34.018736]]},"id":"EB-727"},{"type":"Feature","properties":{"bin":728,"direction":"eastbound","start_m":18200,"end_m":18225,"median_score":0.781,"hot_fraction":0.0,"recordings":5,"rides_rough":0,"rides_covering":3,"location_precision":"approximate corridor location; physical track not resolved"},"geometry":{"type":"LineString","coordinates":[[-118.317344,34.018736],[-118.317488,34.018757],[-118.31761,34.018778]]},"id":"EB-728"},{"type":"Feature","properties":{"bin":729,"direction":"eastbound","start_m":18225,"end_m":18250,"median_score":0.964,"hot_fraction":0.0,"recordings":5,"rides_rough":0,"rides_covering":3,"location_precision":"approximate corridor location; physical track not resolved"},"geometry":{"type":"LineString","coordinates":[[-118.31761,34.018778],[-118.317794,34.018809],[-118.317876,34.018824]]},"id":"EB-729"},{"type":"Feature","properties":{"bin":730,"direction":"eastbound","start_m":18250,"end_m":18275,"median_score":1.185,"hot_fraction":0.0,"recordings":4,"rides_rough":0,"rides_covering":2,"location_precision":"approximate corridor location; physical track not resolved"},"geometry":{"type":"LineString","coordinates":[[-118.317876,34.018824],[-118.31814,34.018872]]},"id":"EB-730"},{"type":"Feature","properties":{"bin":731,"direction":"eastbound","start_m":18275,"end_m":18300,"median_score":0.867,"hot_fraction":0.0,"recordings":4,"rides_rough":0,"rides_covering":2,"location_precision":"approximate corridor location; physical track not resolved"},"geometry":{"type":"LineString","coordinates":[[-118.31814,34.018872],[-118.318405,34.01892]]},"id":"EB-731"},{"type":"Feature","properties":{"bin":732,"direction":"eastbound","start_m":18300,"end_m":18325,"median_score":0.781,"hot_fraction":0.0,"recordings":4,"rides_rough":0,"rides_covering":2,"location_precision":"approximate corridor location; physical track not resolved"},"geometry":{"type":"LineString","coordinates":[[-118.318405,34.01892],[-118.31867,34.018968]]},"id":"EB-732"},{"type":"Feature","properties":{"bin":733,"direction":"eastbound","start_m":18325,"end_m":18350,"median_score":0.556,"hot_fraction":0.0,"recordings":2,"rides_rough":0,"rides_covering":1,"location_precision":"approximate corridor location; physical track not resolved"},"geometry":{"type":"LineString","coordinates":[[-118.31867,34.018968],[-118.31887,34.019004],[-118.318934,34.019017]]},"id":"EB-733"},{"type":"Feature","properties":{"bin":734,"direction":"eastbound","start_m":18350,"end_m":18375,"median_score":0.518,"hot_fraction":0.0,"recordings":2,"rides_rough":0,"rides_covering":1,"location_precision":"approximate corridor location; physical track not resolved"},"geometry":{"type":"LineString","coordinates":[[-118.318934,34.019017],[-118.318991,34.019028],[-118.319197,34.019074]]},"id":"EB-734"},{"type":"Feature","properties":{"bin":735,"direction":"eastbound","start_m":18375,"end_m":18400,"median_score":0.489,"hot_fraction":0.0,"recordings":2,"rides_rough":0,"rides_covering":1,"location_precision":"approximate corridor location; physical track not resolved"},"geometry":{"type":"LineString","coordinates":[[-118.319197,34.019074],[-118.319458,34.019132]]},"id":"EB-735"},{"type":"Feature","properties":{"bin":736,"direction":"eastbound","start_m":18400,"end_m":18425,"median_score":0.38,"hot_fraction":0.0,"recordings":2,"rides_rough":0,"rides_covering":1,"location_precision":"approximate corridor location; physical track not resolved"},"geometry":{"type":"LineString","coordinates":[[-118.319458,34.019132],[-118.31972,34.01919]]},"id":"EB-736"},{"type":"Feature","properties":{"bin":737,"direction":"eastbound","start_m":18425,"end_m":18450,"median_score":0.524,"hot_fraction":0.0,"recordings":2,"rides_rough":0,"rides_covering":1,"location_precision":"approximate corridor location; physical track not resolved"},"geometry":{"type":"LineString","coordinates":[[-118.31972,34.01919],[-118.319982,34.019248]]},"id":"EB-737"},{"type":"Feature","properties":{"bin":738,"direction":"eastbound","start_m":18450,"end_m":18475,"median_score":0.439,"hot_fraction":0.0,"recordings":2,"rides_rough":0,"rides_covering":1,"location_precision":"approximate corridor location; physical track not resolved"},"geometry":{"type":"LineString","coordinates":[[-118.319982,34.019248],[-118.320175,34.019291],[-118.320244,34.019307]]},"id":"EB-738"},{"type":"Feature","properties":{"bin":739,"direction":"eastbound","start_m":18475,"end_m":18500,"median_score":0.422,"hot_fraction":0.0,"recordings":2,"rides_rough":0,"rides_covering":1,"location_precision":"approximate corridor location; physical track not resolved"},"geometry":{"type":"LineString","coordinates":[[-118.320244,34.019307],[-118.320504,34.01937]]},"id":"EB-739"},{"type":"Feature","properties":{"bin":740,"direction":"eastbound","start_m":18500,"end_m":18525,"median_score":0.403,"hot_fraction":0.0,"recordings":2,"rides_rough":0,"rides_covering":1,"location_precision":"approximate corridor location; physical track not resolved"},"geometry":{"type":"LineString","coordinates":[[-118.320504,34.01937],[-118.320672,34.01941],[-118.320764,34.019432]]},"id":"EB-740"},{"type":"Feature","properties":{"bin":741,"direction":"eastbound","start_m":18525,"end_m":18550,"median_score":0.523,"hot_fraction":0.0,"recordings":4,"rides_rough":0,"rides_covering":2,"location_precision":"approximate corridor location; physical track not resolved"},"geometry":{"type":"LineString","coordinates":[[-118.320764,34.019432],[-118.321025,34.019495]]},"id":"EB-741"},{"type":"Feature","properties":{"bin":742,"direction":"eastbound","start_m":18550,"end_m":18575,"median_score":0.727,"hot_fraction":0.0,"recordings":3,"rides_rough":0,"rides_covering":2,"location_precision":"approximate corridor location; physical track not resolved"},"geometry":{"type":"LineString","coordinates":[[-118.321025,34.019495],[-118.321285,34.019557]]},"id":"EB-742"},{"type":"Feature","properties":{"bin":743,"direction":"eastbound","start_m":18575,"end_m":18600,"median_score":0.483,"hot_fraction":0.0,"recordings":4,"rides_rough":0,"rides_covering":3,"location_precision":"approximate corridor location; physical track not resolved"},"geometry":{"type":"LineString","coordinates":[[-118.321285,34.019557],[-118.321545,34.01962]]},"id":"EB-743"},{"type":"Feature","properties":{"bin":744,"direction":"eastbound","start_m":18600,"end_m":18625,"median_score":0.643,"hot_fraction":0.0,"recordings":5,"rides_rough":0,"rides_covering":3,"location_precision":"approximate corridor location; physical track not resolved"},"geometry":{"type":"LineString","coordinates":[[-118.321545,34.01962],[-118.321624,34.019639],[-118.321806,34.019681]]},"id":"EB-744"},{"type":"Feature","properties":{"bin":745,"direction":"eastbound","start_m":18625,"end_m":18650,"median_score":0.596,"hot_fraction":0.0,"recordings":4,"rides_rough":0,"rides_covering":2,"location_precision":"approximate corridor location; physical track not resolved"},"geometry":{"type":"LineString","coordinates":[[-118.321806,34.019681],[-118.322067,34.019742]]},"id":"EB-745"},{"type":"Feature","properties":{"bin":746,"direction":"eastbound","start_m":18650,"end_m":18675,"median_score":0.71,"hot_fraction":0.0,"recordings":4,"rides_rough":0,"rides_covering":2,"location_precision":"approximate corridor location; physical track not resolved"},"geometry":{"type":"LineString","coordinates":[[-118.322067,34.019742],[-118.322328,34.019803]]},"id":"EB-746"},{"type":"Feature","properties":{"bin":747,"direction":"eastbound","start_m":18675,"end_m":18700,"median_score":0.739,"hot_fraction":0.0,"recordings":3,"rides_rough":0,"rides_covering":2,"location_precision":"approximate corridor location; physical track not resolved"},"geometry":{"type":"LineString","coordinates":[[-118.322328,34.019803],[-118.322589,34.019863]]},"id":"EB-747"},{"type":"Feature","properties":{"bin":748,"direction":"eastbound","start_m":18700,"end_m":18725,"median_score":0.619,"hot_fraction":0.0,"recordings":2,"rides_rough":0,"rides_covering":1,"location_precision":"approximate corridor location; physical track not resolved"},"geometry":{"type":"LineString","coordinates":[[-118.322589,34.019863],[-118.322841,34.019922],[-118.32285,34.019924]]},"id":"EB-748"},{"type":"Feature","properties":{"bin":749,"direction":"eastbound","start_m":18725,"end_m":18750,"median_score":0.523,"hot_fraction":0.0,"recordings":2,"rides_rough":0,"rides_covering":1,"location_precision":"approximate corridor location; physical track not resolved"},"geometry":{"type":"LineString","coordinates":[[-118.32285,34.019924],[-118.323111,34.019985]]},"id":"EB-749"},{"type":"Feature","properties":{"bin":750,"direction":"eastbound","start_m":18750,"end_m":18775,"median_score":0.686,"hot_fraction":0.0,"recordings":3,"rides_rough":0,"rides_covering":2,"location_precision":"approximate corridor location; physical track not resolved"},"geometry":{"type":"LineString","coordinates":[[-118.323111,34.019985],[-118.323372,34.020045]]},"id":"EB-750"},{"type":"Feature","properties":{"bin":751,"direction":"eastbound","start_m":18775,"end_m":18800,"median_score":0.692,"hot_fraction":0.0,"recordings":3,"rides_rough":0,"rides_covering":2,"location_precision":"approximate corridor location; physical track not resolved"},"geometry":{"type":"LineString","coordinates":[[-118.323372,34.020045],[-118.323633,34.020106]]},"id":"EB-751"},{"type":"Feature","properties":{"bin":752,"direction":"eastbound","start_m":18800,"end_m":18825,"median_score":0.692,"hot_fraction":0.0,"recordings":4,"rides_rough":0,"rides_covering":2,"location_precision":"approximate corridor location; physical track not resolved"},"geometry":{"type":"LineString","coordinates":[[-118.323633,34.020106],[-118.323894,34.020167]]},"id":"EB-752"},{"type":"Feature","properties":{"bin":753,"direction":"eastbound","start_m":18825,"end_m":18850,"median_score":0.844,"hot_fraction":0.0,"recordings":4,"rides_rough":0,"rides_covering":2,"location_precision":"approximate corridor location; physical track not resolved"},"geometry":{"type":"LineString","coordinates":[[-118.323894,34.020167],[-118.324155,34.020227]]},"id":"EB-753"},{"type":"Feature","properties":{"bin":754,"direction":"eastbound","start_m":18850,"end_m":18875,"median_score":1.055,"hot_fraction":0.0,"recordings":4,"rides_rough":0,"rides_covering":2,"location_precision":"approximate corridor location; physical track not resolved"},"geometry":{"type":"LineString","coordinates":[[-118.324155,34.020227],[-118.324373,34.020278],[-118.324416,34.020288]]},"id":"EB-754"},{"type":"Feature","properties":{"bin":755,"direction":"eastbound","start_m":18875,"end_m":18900,"median_score":0.992,"hot_fraction":0.0,"recordings":3,"rides_rough":0,"rides_covering":2,"location_precision":"approximate corridor location; physical track not resolved"},"geometry":{"type":"LineString","coordinates":[[-118.324416,34.020288],[-118.324677,34.020349]]},"id":"EB-755"},{"type":"Feature","properties":{"bin":756,"direction":"eastbound","start_m":18900,"end_m":18925,"median_score":0.752,"hot_fraction":0.0,"recordings":3,"rides_rough":0,"rides_covering":2,"location_precision":"approximate corridor location; physical track not resolved"},"geometry":{"type":"LineString","coordinates":[[-118.324677,34.020349],[-118.324937,34.02041]]},"id":"EB-756"},{"type":"Feature","properties":{"bin":757,"direction":"eastbound","start_m":18925,"end_m":18950,"median_score":0.663,"hot_fraction":0.0,"recordings":3,"rides_rough":0,"rides_covering":2,"location_precision":"approximate corridor location; physical track not resolved"},"geometry":{"type":"LineString","coordinates":[[-118.324937,34.02041],[-118.325198,34.020471]]},"id":"EB-757"},{"type":"Feature","properties":{"bin":758,"direction":"eastbound","start_m":18950,"end_m":18975,"median_score":0.622,"hot_fraction":0.0,"recordings":3,"rides_rough":0,"rides_covering":2,"location_precision":"approximate corridor location; physical track not resolved"},"geometry":{"type":"LineString","coordinates":[[-118.325198,34.020471],[-118.325337,34.020504],[-118.325459,34.020532]]},"id":"EB-758"},{"type":"Feature","properties":{"bin":759,"direction":"eastbound","start_m":18975,"end_m":19000,"median_score":0.568,"hot_fraction":0.0,"recordings":3,"rides_rough":0,"rides_covering":2,"location_precision":"approximate corridor location; physical track not resolved"},"geometry":{"type":"LineString","coordinates":[[-118.325459,34.020532],[-118.32572,34.020593]]},"id":"EB-759"},{"type":"Feature","properties":{"bin":760,"direction":"eastbound","start_m":19000,"end_m":19025,"median_score":0.688,"hot_fraction":0.0,"recordings":3,"rides_rough":0,"rides_covering":2,"location_precision":"approximate corridor location; physical track not resolved"},"geometry":{"type":"LineString","coordinates":[[-118.32572,34.020593],[-118.325981,34.020653]]},"id":"EB-760"},{"type":"Feature","properties":{"bin":761,"direction":"eastbound","start_m":19025,"end_m":19050,"median_score":0.777,"hot_fraction":0.0,"recordings":4,"rides_rough":0,"rides_covering":2,"location_precision":"approximate corridor location; physical track not resolved"},"geometry":{"type":"LineString","coordinates":[[-118.325981,34.020653],[-118.326242,34.020714]]},"id":"EB-761"},{"type":"Feature","properties":{"bin":762,"direction":"eastbound","start_m":19050,"end_m":19075,"median_score":0.732,"hot_fraction":0.0,"recordings":4,"rides_rough":0,"rides_covering":2,"location_precision":"approximate corridor location; physical track not resolved"},"geometry":{"type":"LineString","coordinates":[[-118.326242,34.020714],[-118.326279,34.020722],[-118.326503,34.020774]]},"id":"EB-762"},{"type":"Feature","properties":{"bin":763,"direction":"eastbound","start_m":19075,"end_m":19100,"median_score":1.075,"hot_fraction":0.0,"recordings":4,"rides_rough":0,"rides_covering":2,"location_precision":"approximate corridor location; physical track not resolved"},"geometry":{"type":"LineString","coordinates":[[-118.326503,34.020774],[-118.326764,34.020835]]},"id":"EB-763"},{"type":"Feature","properties":{"bin":764,"direction":"eastbound","start_m":19100,"end_m":19125,"median_score":0.77,"hot_fraction":0.0,"recordings":4,"rides_rough":0,"rides_covering":2,"location_precision":"approximate corridor location; physical track not resolved"},"geometry":{"type":"LineString","coordinates":[[-118.326764,34.020835],[-118.327025,34.020895]]},"id":"EB-764"},{"type":"Feature","properties":{"bin":765,"direction":"eastbound","start_m":19125,"end_m":19150,"median_score":0.914,"hot_fraction":0.0,"recordings":3,"rides_rough":0,"rides_covering":2,"location_precision":"approximate corridor location; physical track not resolved"},"geometry":{"type":"LineString","coordinates":[[-118.327025,34.020895],[-118.327114,34.020916],[-118.327286,34.020956]]},"id":"EB-765"},{"type":"Feature","properties":{"bin":766,"direction":"eastbound","start_m":19150,"end_m":19175,"median_score":1.025,"hot_fraction":0.0,"recordings":3,"rides_rough":0,"rides_covering":2,"location_precision":"approximate corridor location; physical track not resolved"},"geometry":{"type":"LineString","coordinates":[[-118.327286,34.020956],[-118.327547,34.021018]]},"id":"EB-766"},{"type":"Feature","properties":{"bin":767,"direction":"eastbound","start_m":19175,"end_m":19200,"median_score":0.814,"hot_fraction":0.0,"recordings":3,"rides_rough":0,"rides_covering":2,"location_precision":"approximate corridor location; physical track not resolved"},"geometry":{"type":"LineString","coordinates":[[-118.327547,34.021018],[-118.327808,34.021079]]},"id":"EB-767"},{"type":"Feature","properties":{"bin":768,"direction":"eastbound","start_m":19200,"end_m":19225,"median_score":1.034,"hot_fraction":0.0,"recordings":2,"rides_rough":0,"rides_covering":1,"location_precision":"approximate corridor location; physical track not resolved"},"geometry":{"type":"LineString","coordinates":[[-118.327808,34.021079],[-118.328037,34.021133],[-118.328069,34.02114]]},"id":"EB-768"},{"type":"Feature","properties":{"bin":769,"direction":"eastbound","start_m":19225,"end_m":19250,"median_score":0.463,"hot_fraction":0.0,"recordings":3,"rides_rough":0,"rides_covering":2,"location_precision":"approximate corridor location; physical track not resolved"},"geometry":{"type":"LineString","coordinates":[[-118.328069,34.02114],[-118.328331,34.021196]]},"id":"EB-769"},{"type":"Feature","properties":{"bin":770,"direction":"eastbound","start_m":19250,"end_m":19275,"median_score":0.515,"hot_fraction":0.0,"recordings":1,"rides_rough":0,"rides_covering":1,"location_precision":"approximate corridor location; physical track not resolved"},"geometry":{"type":"LineString","coordinates":[[-118.328331,34.021196],[-118.328521,34.021237],[-118.328593,34.021253]]},"id":"EB-770"},{"type":"Feature","properties":{"bin":771,"direction":"eastbound","start_m":19275,"end_m":19300,"median_score":1.049,"hot_fraction":0.0,"recordings":2,"rides_rough":0,"rides_covering":1,"location_precision":"approximate corridor location; physical track not resolved"},"geometry":{"type":"LineString","coordinates":[[-118.328593,34.021253],[-118.328855,34.02131]]},"id":"EB-771"},{"type":"Feature","properties":{"bin":772,"direction":"eastbound","start_m":19300,"end_m":19325,"median_score":1.588,"hot_fraction":0.0,"recordings":2,"rides_rough":0,"rides_covering":1,"location_precision":"approximate corridor location; physical track not resolved"},"geometry":{"type":"LineString","coordinates":[[-118.328855,34.02131],[-118.329118,34.021367]]},"id":"EB-772"},{"type":"Feature","properties":{"bin":773,"direction":"eastbound","start_m":19325,"end_m":19350,"median_score":1.263,"hot_fraction":0.0,"recordings":4,"rides_rough":0,"rides_covering":2,"location_precision":"approximate corridor location; physical track not resolved"},"geometry":{"type":"LineString","coordinates":[[-118.329118,34.021367],[-118.32938,34.021424]]},"id":"EB-773"},{"type":"Feature","properties":{"bin":774,"direction":"eastbound","start_m":19350,"end_m":19375,"median_score":1.824,"hot_fraction":0.0,"recordings":2,"rides_rough":0,"rides_covering":1,"location_precision":"approximate corridor location; physical track not resolved"},"geometry":{"type":"LineString","coordinates":[[-118.32938,34.021424],[-118.329594,34.021471],[-118.329642,34.021481]]},"id":"EB-774"},{"type":"Feature","properties":{"bin":775,"direction":"eastbound","start_m":19375,"end_m":19400,"median_score":2.418,"hot_fraction":1.0,"recordings":2,"rides_rough":1,"rides_covering":1,"location_precision":"approximate corridor location; physical track not resolved"},"geometry":{"type":"LineString","coordinates":[[-118.329642,34.021481],[-118.329905,34.021534]]},"id":"EB-775"},{"type":"Feature","properties":{"bin":776,"direction":"eastbound","start_m":19400,"end_m":19425,"median_score":2.228,"hot_fraction":1.0,"recordings":1,"rides_rough":1,"rides_covering":1,"location_precision":"approximate corridor location; physical track not resolved"},"geometry":{"type":"LineString","coordinates":[[-118.329905,34.021534],[-118.330169,34.021587]]},"id":"EB-776"},{"type":"Feature","properties":{"bin":778,"direction":"eastbound","start_m":19450,"end_m":19475,"median_score":1.045,"hot_fraction":0.0,"recordings":2,"rides_rough":0,"rides_covering":1,"location_precision":"approximate corridor location; physical track not resolved"},"geometry":{"type":"LineString","coordinates":[[-118.330432,34.021641],[-118.330695,34.021694]]},"id":"EB-778"},{"type":"Feature","properties":{"bin":779,"direction":"eastbound","start_m":19475,"end_m":19500,"median_score":0.923,"hot_fraction":0.0,"recordings":1,"rides_rough":0,"rides_covering":1,"location_precision":"approximate corridor location; physical track not resolved"},"geometry":{"type":"LineString","coordinates":[[-118.330695,34.021694],[-118.330958,34.021748]]},"id":"EB-779"},{"type":"Feature","properties":{"bin":783,"direction":"eastbound","start_m":19575,"end_m":19600,"median_score":2.557,"hot_fraction":1.0,"recordings":1,"rides_rough":1,"rides_covering":1,"location_precision":"approximate corridor location; physical track not resolved"},"geometry":{"type":"LineString","coordinates":[[-118.331748,34.021907],[-118.33176,34.021909],[-118.332011,34.021962]]},"id":"EB-783"},{"type":"Feature","properties":{"bin":784,"direction":"eastbound","start_m":19600,"end_m":19625,"median_score":1.132,"hot_fraction":0.0,"recordings":1,"rides_rough":0,"rides_covering":1,"location_precision":"approximate corridor location; physical track not resolved"},"geometry":{"type":"LineString","coordinates":[[-118.332011,34.021962],[-118.332033,34.021967],[-118.332275,34.022014]]},"id":"EB-784"},{"type":"Feature","properties":{"bin":785,"direction":"eastbound","start_m":19625,"end_m":19650,"median_score":0.708,"hot_fraction":0.0,"recordings":2,"rides_rough":0,"rides_covering":1,"location_precision":"approximate corridor location; physical track not resolved"},"geometry":{"type":"LineString","coordinates":[[-118.332275,34.022014],[-118.332539,34.022065]]},"id":"EB-785"},{"type":"Feature","properties":{"bin":786,"direction":"eastbound","start_m":19650,"end_m":19675,"median_score":0.585,"hot_fraction":0.0,"recordings":2,"rides_rough":0,"rides_covering":1,"location_precision":"approximate corridor location; physical track not resolved"},"geometry":{"type":"LineString","coordinates":[[-118.332539,34.022065],[-118.332803,34.022117]]},"id":"EB-786"},{"type":"Feature","properties":{"bin":787,"direction":"eastbound","start_m":19675,"end_m":19700,"median_score":0.511,"hot_fraction":0.0,"recordings":2,"rides_rough":0,"rides_covering":1,"location_precision":"approximate corridor location; physical track not resolved"},"geometry":{"type":"LineString","coordinates":[[-118.332803,34.022117],[-118.332948,34.022145],[-118.333067,34.022168]]},"id":"EB-787"},{"type":"Feature","properties":{"bin":788,"direction":"eastbound","start_m":19700,"end_m":19725,"median_score":0.66,"hot_fraction":0.0,"recordings":4,"rides_rough":0,"rides_covering":2,"location_precision":"approximate corridor location; physical track not resolved"},"geometry":{"type":"LineString","coordinates":[[-118.333067,34.022168],[-118.333331,34.022218]]},"id":"EB-788"},{"type":"Feature","properties":{"bin":789,"direction":"eastbound","start_m":19725,"end_m":19750,"median_score":0.597,"hot_fraction":0.0,"recordings":4,"rides_rough":0,"rides_covering":2,"location_precision":"approximate corridor location; physical track not resolved"},"geometry":{"type":"LineString","coordinates":[[-118.333331,34.022218],[-118.333595,34.022269]]},"id":"EB-789"},{"type":"Feature","properties":{"bin":790,"direction":"eastbound","start_m":19750,"end_m":19775,"median_score":0.57,"hot_fraction":0.0,"recordings":4,"rides_rough":0,"rides_covering":2,"location_precision":"approximate corridor location; physical track not resolved"},"geometry":{"type":"LineString","coordinates":[[-118.333595,34.022269],[-118.333859,34.022319]]},"id":"EB-790"},{"type":"Feature","properties":{"bin":791,"direction":"eastbound","start_m":19775,"end_m":19800,"median_score":0.539,"hot_fraction":0.0,"recordings":4,"rides_rough":0,"rides_covering":2,"location_precision":"approximate corridor location; physical track not resolved"},"geometry":{"type":"LineString","coordinates":[[-118.333859,34.022319],[-118.334123,34.02237]]},"id":"EB-791"},{"type":"Feature","properties":{"bin":792,"direction":"eastbound","start_m":19800,"end_m":19825,"median_score":0.58,"hot_fraction":0.0,"recordings":4,"rides_rough":0,"rides_covering":2,"location_precision":"approximate corridor location; physical track not resolved"},"geometry":{"type":"LineString","coordinates":[[-118.334123,34.02237],[-118.334261,34.022396],[-118.334387,34.02242]]},"id":"EB-792"},{"type":"Feature","properties":{"bin":793,"direction":"eastbound","start_m":19825,"end_m":19850,"median_score":0.587,"hot_fraction":0.0,"recordings":4,"rides_rough":0,"rides_covering":2,"location_precision":"approximate corridor location; physical track not resolved"},"geometry":{"type":"LineString","coordinates":[[-118.334387,34.02242],[-118.334651,34.02247]]},"id":"EB-793"},{"type":"Feature","properties":{"bin":794,"direction":"eastbound","start_m":19850,"end_m":19875,"median_score":1.031,"hot_fraction":0.0,"recordings":4,"rides_rough":0,"rides_covering":2,"location_precision":"approximate corridor location; physical track not resolved"},"geometry":{"type":"LineString","coordinates":[[-118.334651,34.02247],[-118.334916,34.02252]]},"id":"EB-794"},{"type":"Feature","properties":{"bin":795,"direction":"eastbound","start_m":19875,"end_m":19900,"median_score":1.23,"hot_fraction":0.0,"recordings":3,"rides_rough":0,"rides_covering":2,"location_precision":"approximate corridor location; physical track not resolved"},"geometry":{"type":"LineString","coordinates":[[-118.334916,34.02252],[-118.335108,34.022556],[-118.33518,34.022569]]},"id":"EB-795"},{"type":"Feature","properties":{"bin":796,"direction":"eastbound","start_m":19900,"end_m":19925,"median_score":1.437,"hot_fraction":0.0,"recordings":2,"rides_rough":0,"rides_covering":1,"location_precision":"approximate corridor location; physical track not resolved"},"geometry":{"type":"LineString","coordinates":[[-118.33518,34.022569],[-118.335445,34.022618]]},"id":"EB-796"},{"type":"Feature","properties":{"bin":800,"direction":"eastbound","start_m":20000,"end_m":20025,"median_score":0.668,"hot_fraction":0.0,"recordings":1,"rides_rough":0,"rides_covering":1,"location_precision":"approximate corridor location; physical track not resolved"},"geometry":{"type":"LineString","coordinates":[[-118.33624,34.022757],[-118.336507,34.022796]]},"id":"EB-800"},{"type":"Feature","properties":{"bin":801,"direction":"eastbound","start_m":20025,"end_m":20050,"median_score":0.694,"hot_fraction":0.0,"recordings":1,"rides_rough":0,"rides_covering":1,"location_precision":"approximate corridor location; physical track not resolved"},"geometry":{"type":"LineString","coordinates":[[-118.336507,34.022796],[-118.336533,34.0228],[-118.336773,34.022837]]},"id":"EB-801"},{"type":"Feature","properties":{"bin":803,"direction":"eastbound","start_m":20075,"end_m":20100,"median_score":0.715,"hot_fraction":0.0,"recordings":1,"rides_rough":0,"rides_covering":1,"location_precision":"approximate corridor location; physical track not resolved"},"geometry":{"type":"LineString","coordinates":[[-118.33704,34.022879],[-118.337306,34.02292]]},"id":"EB-803"},{"type":"Feature","properties":{"bin":804,"direction":"eastbound","start_m":20100,"end_m":20125,"median_score":0.856,"hot_fraction":0.0,"recordings":1,"rides_rough":0,"rides_covering":1,"location_precision":"approximate corridor location; physical track not resolved"},"geometry":{"type":"LineString","coordinates":[[-118.337306,34.02292],[-118.337572,34.022961]]},"id":"EB-804"},{"type":"Feature","properties":{"bin":806,"direction":"eastbound","start_m":20150,"end_m":20175,"median_score":1.029,"hot_fraction":0.0,"recordings":1,"rides_rough":0,"rides_covering":1,"location_precision":"approximate corridor location; physical track not resolved"},"geometry":{"type":"LineString","coordinates":[[-118.337839,34.023003],[-118.338105,34.023044]]},"id":"EB-806"},{"type":"Feature","properties":{"bin":807,"direction":"eastbound","start_m":20175,"end_m":20200,"median_score":1.125,"hot_fraction":0.0,"recordings":1,"rides_rough":0,"rides_covering":1,"location_precision":"approximate corridor location; physical track not resolved"},"geometry":{"type":"LineString","coordinates":[[-118.338105,34.023044],[-118.338372,34.023085]]},"id":"EB-807"},{"type":"Feature","properties":{"bin":808,"direction":"eastbound","start_m":20200,"end_m":20225,"median_score":0.971,"hot_fraction":0.0,"recordings":3,"rides_rough":0,"rides_covering":2,"location_precision":"approximate corridor location; physical track not resolved"},"geometry":{"type":"LineString","coordinates":[[-118.338372,34.023085],[-118.338638,34.023126]]},"id":"EB-808"},{"type":"Feature","properties":{"bin":809,"direction":"eastbound","start_m":20225,"end_m":20250,"median_score":0.644,"hot_fraction":0.0,"recordings":1,"rides_rough":0,"rides_covering":1,"location_precision":"approximate corridor location; physical track not resolved"},"geometry":{"type":"LineString","coordinates":[[-118.338638,34.023126],[-118.338681,34.023133],[-118.338905,34.023166]]},"id":"EB-809"},{"type":"Feature","properties":{"bin":810,"direction":"eastbound","start_m":20250,"end_m":20275,"median_score":1.034,"hot_fraction":0.0,"recordings":2,"rides_rough":0,"rides_covering":2,"location_precision":"approximate corridor location; physical track not resolved"},"geometry":{"type":"LineString","coordinates":[[-118.338905,34.023166],[-118.338908,34.023167],[-118.339173,34.023199]]},"id":"EB-810"},{"type":"Feature","properties":{"bin":811,"direction":"eastbound","start_m":20275,"end_m":20300,"median_score":0.89,"hot_fraction":0.0,"recordings":2,"rides_rough":0,"rides_covering":2,"location_precision":"approximate corridor location; physical track not resolved"},"geometry":{"type":"LineString","coordinates":[[-118.339173,34.023199],[-118.339441,34.023232]]},"id":"EB-811"},{"type":"Feature","properties":{"bin":812,"direction":"eastbound","start_m":20300,"end_m":20325,"median_score":0.716,"hot_fraction":0.0,"recordings":1,"rides_rough":0,"rides_covering":1,"location_precision":"approximate corridor location; physical track not resolved"},"geometry":{"type":"LineString","coordinates":[[-118.339441,34.023232],[-118.339699,34.023264],[-118.339709,34.023265]]},"id":"EB-812"},{"type":"Feature","properties":{"bin":813,"direction":"eastbound","start_m":20325,"end_m":20350,"median_score":0.933,"hot_fraction":0.0,"recordings":1,"rides_rough":0,"rides_covering":1,"location_precision":"approximate corridor location; physical track not resolved"},"geometry":{"type":"LineString","coordinates":[[-118.339709,34.023265],[-118.339977,34.023299]]},"id":"EB-813"},{"type":"Feature","properties":{"bin":814,"direction":"eastbound","start_m":20350,"end_m":20375,"median_score":1.112,"hot_fraction":0.0,"recordings":1,"rides_rough":0,"rides_covering":1,"location_precision":"approximate corridor location; physical track not resolved"},"geometry":{"type":"LineString","coordinates":[[-118.339977,34.023299],[-118.340245,34.023332]]},"id":"EB-814"},{"type":"Feature","properties":{"bin":815,"direction":"eastbound","start_m":20375,"end_m":20400,"median_score":0.937,"hot_fraction":0.0,"recordings":3,"rides_rough":0,"rides_covering":2,"location_precision":"approximate corridor location; physical track not resolved"},"geometry":{"type":"LineString","coordinates":[[-118.340245,34.023332],[-118.340489,34.023363],[-118.340513,34.023366]]},"id":"EB-815"},{"type":"Feature","properties":{"bin":816,"direction":"eastbound","start_m":20400,"end_m":20425,"median_score":0.798,"hot_fraction":0.0,"recordings":3,"rides_rough":0,"rides_covering":2,"location_precision":"approximate corridor location; physical track not resolved"},"geometry":{"type":"LineString","coordinates":[[-118.340513,34.023366],[-118.340781,34.023398]]},"id":"EB-816"},{"type":"Feature","properties":{"bin":817,"direction":"eastbound","start_m":20425,"end_m":20450,"median_score":0.794,"hot_fraction":0.0,"recordings":3,"rides_rough":0,"rides_covering":2,"location_precision":"approximate corridor location; physical track not resolved"},"geometry":{"type":"LineString","coordinates":[[-118.340781,34.023398],[-118.340869,34.023408],[-118.341049,34.02343]]},"id":"EB-817"},{"type":"Feature","properties":{"bin":818,"direction":"eastbound","start_m":20450,"end_m":20475,"median_score":0.964,"hot_fraction":0.0,"recordings":3,"rides_rough":0,"rides_covering":2,"location_precision":"approximate corridor location; physical track not resolved"},"geometry":{"type":"LineString","coordinates":[[-118.341049,34.02343],[-118.341317,34.023462]]},"id":"EB-818"},{"type":"Feature","properties":{"bin":819,"direction":"eastbound","start_m":20475,"end_m":20500,"median_score":0.779,"hot_fraction":0.0,"recordings":3,"rides_rough":0,"rides_covering":2,"location_precision":"approximate corridor location; physical track not resolved"},"geometry":{"type":"LineString","coordinates":[[-118.341317,34.023462],[-118.341586,34.023495]]},"id":"EB-819"},{"type":"Feature","properties":{"bin":820,"direction":"eastbound","start_m":20500,"end_m":20525,"median_score":0.814,"hot_fraction":0.0,"recordings":3,"rides_rough":0,"rides_covering":2,"location_precision":"approximate corridor location; physical track not resolved"},"geometry":{"type":"LineString","coordinates":[[-118.341586,34.023495],[-118.341854,34.023527]]},"id":"EB-820"},{"type":"Feature","properties":{"bin":821,"direction":"eastbound","start_m":20525,"end_m":20550,"median_score":0.787,"hot_fraction":0.0,"recordings":2,"rides_rough":0,"rides_covering":1,"location_precision":"approximate corridor location; physical track not resolved"},"geometry":{"type":"LineString","coordinates":[[-118.341854,34.023527],[-118.342052,34.023551],[-118.342122,34.023559]]},"id":"EB-821"},{"type":"Feature","properties":{"bin":822,"direction":"eastbound","start_m":20550,"end_m":20575,"median_score":0.685,"hot_fraction":0.0,"recordings":2,"rides_rough":0,"rides_covering":1,"location_precision":"approximate corridor location; physical track not resolved"},"geometry":{"type":"LineString","coordinates":[[-118.342122,34.023559],[-118.34239,34.023591]]},"id":"EB-822"},{"type":"Feature","properties":{"bin":823,"direction":"eastbound","start_m":20575,"end_m":20600,"median_score":0.564,"hot_fraction":0.0,"recordings":3,"rides_rough":0,"rides_covering":2,"location_precision":"approximate corridor location; physical track not resolved"},"geometry":{"type":"LineString","coordinates":[[-118.34239,34.023591],[-118.342658,34.023623]]},"id":"EB-823"},{"type":"Feature","properties":{"bin":824,"direction":"eastbound","start_m":20600,"end_m":20625,"median_score":0.618,"hot_fraction":0.0,"recordings":2,"rides_rough":0,"rides_covering":1,"location_precision":"approximate corridor location; physical track not resolved"},"geometry":{"type":"LineString","coordinates":[[-118.342658,34.023623],[-118.342927,34.023655]]},"id":"EB-824"},{"type":"Feature","properties":{"bin":825,"direction":"eastbound","start_m":20625,"end_m":20650,"median_score":0.655,"hot_fraction":0.0,"recordings":2,"rides_rough":0,"rides_covering":1,"location_precision":"approximate corridor location; physical track not resolved"},"geometry":{"type":"LineString","coordinates":[[-118.342927,34.023655],[-118.343195,34.023687]]},"id":"EB-825"},{"type":"Feature","properties":{"bin":826,"direction":"eastbound","start_m":20650,"end_m":20675,"median_score":0.728,"hot_fraction":0.0,"recordings":2,"rides_rough":0,"rides_covering":1,"location_precision":"approximate corridor location; physical track not resolved"},"geometry":{"type":"LineString","coordinates":[[-118.343195,34.023687],[-118.343203,34.023688],[-118.343464,34.023716]]},"id":"EB-826"},{"type":"Feature","properties":{"bin":827,"direction":"eastbound","start_m":20675,"end_m":20700,"median_score":1.024,"hot_fraction":0.0,"recordings":2,"rides_rough":0,"rides_covering":1,"location_precision":"approximate corridor location; physical track not resolved"},"geometry":{"type":"LineString","coordinates":[[-118.343464,34.023716],[-118.343733,34.023745]]},"id":"EB-827"},{"type":"Feature","properties":{"bin":828,"direction":"eastbound","start_m":20700,"end_m":20725,"median_score":0.995,"hot_fraction":0.0,"recordings":2,"rides_rough":0,"rides_covering":1,"location_precision":"approximate corridor location; physical track not resolved"},"geometry":{"type":"LineString","coordinates":[[-118.343733,34.023745],[-118.344001,34.023773]]},"id":"EB-828"},{"type":"Feature","properties":{"bin":832,"direction":"eastbound","start_m":20800,"end_m":20825,"median_score":1.326,"hot_fraction":0.0,"recordings":2,"rides_rough":0,"rides_covering":2,"location_precision":"approximate corridor location; physical track not resolved"},"geometry":{"type":"LineString","coordinates":[[-118.344808,34.023859],[-118.345076,34.023888]]},"id":"EB-832"},{"type":"Feature","properties":{"bin":833,"direction":"eastbound","start_m":20825,"end_m":20850,"median_score":1.267,"hot_fraction":0.0,"recordings":3,"rides_rough":0,"rides_covering":3,"location_precision":"approximate corridor location; physical track not resolved"},"geometry":{"type":"LineString","coordinates":[[-118.345076,34.023888],[-118.345345,34.023917]]},"id":"EB-833"},{"type":"Feature","properties":{"bin":834,"direction":"eastbound","start_m":20850,"end_m":20875,"median_score":0.93,"hot_fraction":0.0,"recordings":2,"rides_rough":0,"rides_covering":2,"location_precision":"approximate corridor location; physical track not resolved"},"geometry":{"type":"LineString","coordinates":[[-118.345345,34.023917],[-118.345452,34.023928],[-118.345614,34.023945]]},"id":"EB-834"},{"type":"Feature","properties":{"bin":835,"direction":"eastbound","start_m":20875,"end_m":20900,"median_score":0.761,"hot_fraction":0.0,"recordings":2,"rides_rough":0,"rides_covering":2,"location_precision":"approximate corridor location; physical track not resolved"},"geometry":{"type":"LineString","coordinates":[[-118.345614,34.023945],[-118.345762,34.02396],[-118.345883,34.023972]]},"id":"EB-835"},{"type":"Feature","properties":{"bin":836,"direction":"eastbound","start_m":20900,"end_m":20925,"median_score":0.732,"hot_fraction":0.0,"recordings":1,"rides_rough":0,"rides_covering":1,"location_precision":"approximate corridor location; physical track not resolved"},"geometry":{"type":"LineString","coordinates":[[-118.345883,34.023972],[-118.346152,34.023999]]},"id":"EB-836"},{"type":"Feature","properties":{"bin":837,"direction":"eastbound","start_m":20925,"end_m":20950,"median_score":0.43,"hot_fraction":0.0,"recordings":1,"rides_rough":0,"rides_covering":1,"location_precision":"approximate corridor location; physical track not resolved"},"geometry":{"type":"LineString","coordinates":[[-118.346152,34.023999],[-118.346421,34.024026]]},"id":"EB-837"},{"type":"Feature","properties":{"bin":838,"direction":"eastbound","start_m":20950,"end_m":20975,"median_score":0.213,"hot_fraction":0.0,"recordings":1,"rides_rough":0,"rides_covering":1,"location_precision":"approximate corridor location; physical track not resolved"},"geometry":{"type":"LineString","coordinates":[[-118.346421,34.024026],[-118.346621,34.024046],[-118.34669,34.024053]]},"id":"EB-838"},{"type":"Feature","properties":{"bin":839,"direction":"eastbound","start_m":20975,"end_m":21000,"median_score":1.461,"hot_fraction":0.0,"recordings":1,"rides_rough":0,"rides_covering":1,"location_precision":"approximate corridor location; physical track not resolved"},"geometry":{"type":"LineString","coordinates":[[-118.34669,34.024053],[-118.346959,34.02408]]},"id":"EB-839"},{"type":"Feature","properties":{"bin":840,"direction":"eastbound","start_m":21000,"end_m":21025,"median_score":1.068,"hot_fraction":0.0,"recordings":2,"rides_rough":0,"rides_covering":2,"location_precision":"approximate corridor location; physical track not resolved"},"geometry":{"type":"LineString","coordinates":[[-118.346959,34.02408],[-118.347196,34.024103],[-118.347228,34.024106]]},"id":"EB-840"},{"type":"Feature","properties":{"bin":841,"direction":"eastbound","start_m":21025,"end_m":21050,"median_score":1.148,"hot_fraction":0.0,"recordings":1,"rides_rough":0,"rides_covering":1,"location_precision":"approximate corridor location; physical track not resolved"},"geometry":{"type":"LineString","coordinates":[[-118.347228,34.024106],[-118.347497,34.024133]]},"id":"EB-841"},{"type":"Feature","properties":{"bin":842,"direction":"eastbound","start_m":21050,"end_m":21075,"median_score":0.738,"hot_fraction":0.0,"recordings":2,"rides_rough":0,"rides_covering":1,"location_precision":"approximate corridor location; physical track not resolved"},"geometry":{"type":"LineString","coordinates":[[-118.347497,34.024133],[-118.347766,34.02416]]},"id":"EB-842"},{"type":"Feature","properties":{"bin":843,"direction":"eastbound","start_m":21075,"end_m":21100,"median_score":0.935,"hot_fraction":0.0,"recordings":3,"rides_rough":0,"rides_covering":2,"location_precision":"approximate corridor location; physical track not resolved"},"geometry":{"type":"LineString","coordinates":[[-118.347766,34.02416],[-118.348034,34.024187],[-118.348035,34.024187]]},"id":"EB-843"},{"type":"Feature","properties":{"bin":844,"direction":"eastbound","start_m":21100,"end_m":21125,"median_score":0.938,"hot_fraction":0.0,"recordings":3,"rides_rough":0,"rides_covering":2,"location_precision":"approximate corridor location; physical track not resolved"},"geometry":{"type":"LineString","coordinates":[[-118.348035,34.024187],[-118.348305,34.024212]]},"id":"EB-844"},{"type":"Feature","properties":{"bin":845,"direction":"eastbound","start_m":21125,"end_m":21150,"median_score":0.969,"hot_fraction":0.0,"recordings":2,"rides_rough":0,"rides_covering":1,"location_precision":"approximate corridor location; physical track not resolved"},"geometry":{"type":"LineString","coordinates":[[-118.348305,34.024212],[-118.348574,34.024237]]},"id":"EB-845"},{"type":"Feature","properties":{"bin":846,"direction":"eastbound","start_m":21150,"end_m":21175,"median_score":0.692,"hot_fraction":0.0,"recordings":2,"rides_rough":0,"rides_covering":1,"location_precision":"approximate corridor location; physical track not resolved"},"geometry":{"type":"LineString","coordinates":[[-118.348574,34.024237],[-118.348843,34.024263]]},"id":"EB-846"},{"type":"Feature","properties":{"bin":847,"direction":"eastbound","start_m":21175,"end_m":21200,"median_score":0.734,"hot_fraction":0.0,"recordings":3,"rides_rough":0,"rides_covering":2,"location_precision":"approximate corridor location; physical track not resolved"},"geometry":{"type":"LineString","coordinates":[[-118.348843,34.024263],[-118.349113,34.024288]]},"id":"EB-847"},{"type":"Feature","properties":{"bin":848,"direction":"eastbound","start_m":21200,"end_m":21225,"median_score":0.91,"hot_fraction":0.0,"recordings":4,"rides_rough":0,"rides_covering":2,"location_precision":"approximate corridor location; physical track not resolved"},"geometry":{"type":"LineString","coordinates":[[-118.349113,34.024288],[-118.349157,34.024292],[-118.349382,34.024313]]},"id":"EB-848"},{"type":"Feature","properties":{"bin":849,"direction":"eastbound","start_m":21225,"end_m":21250,"median_score":0.961,"hot_fraction":0.0,"recordings":4,"rides_rough":0,"rides_covering":2,"location_precision":"approximate corridor location; physical track not resolved"},"geometry":{"type":"LineString","coordinates":[[-118.349382,34.024313],[-118.349651,34.024337]]},"id":"EB-849"},{"type":"Feature","properties":{"bin":850,"direction":"eastbound","start_m":21250,"end_m":21275,"median_score":0.561,"hot_fraction":0.0,"recordings":4,"rides_rough":0,"rides_covering":2,"location_precision":"approximate corridor location; physical track not resolved"},"geometry":{"type":"LineString","coordinates":[[-118.349651,34.024337],[-118.349921,34.024362]]},"id":"EB-850"},{"type":"Feature","properties":{"bin":851,"direction":"eastbound","start_m":21275,"end_m":21300,"median_score":0.769,"hot_fraction":0.0,"recordings":3,"rides_rough":0,"rides_covering":2,"location_precision":"approximate corridor location; physical track not resolved"},"geometry":{"type":"LineString","coordinates":[[-118.349921,34.024362],[-118.350076,34.024376],[-118.35019,34.024387]]},"id":"EB-851"},{"type":"Feature","properties":{"bin":852,"direction":"eastbound","start_m":21300,"end_m":21325,"median_score":0.797,"hot_fraction":0.0,"recordings":3,"rides_rough":0,"rides_covering":2,"location_precision":"approximate corridor location; physical track not resolved"},"geometry":{"type":"LineString","coordinates":[[-118.35019,34.024387],[-118.350459,34.024412]]},"id":"EB-852"},{"type":"Feature","properties":{"bin":853,"direction":"eastbound","start_m":21325,"end_m":21350,"median_score":0.764,"hot_fraction":0.0,"recordings":4,"rides_rough":0,"rides_covering":2,"location_precision":"approximate corridor location; physical track not resolved"},"geometry":{"type":"LineString","coordinates":[[-118.350459,34.024412],[-118.350729,34.024437]]},"id":"EB-853"},{"type":"Feature","properties":{"bin":854,"direction":"eastbound","start_m":21350,"end_m":21375,"median_score":0.809,"hot_fraction":0.0,"recordings":4,"rides_rough":0,"rides_covering":2,"location_precision":"approximate corridor location; physical track not resolved"},"geometry":{"type":"LineString","coordinates":[[-118.350729,34.024437],[-118.350885,34.024451],[-118.350998,34.024461]]},"id":"EB-854"},{"type":"Feature","properties":{"bin":855,"direction":"eastbound","start_m":21375,"end_m":21400,"median_score":0.749,"hot_fraction":0.0,"recordings":4,"rides_rough":0,"rides_covering":2,"location_precision":"approximate corridor location; physical track not resolved"},"geometry":{"type":"LineString","coordinates":[[-118.350998,34.024461],[-118.351267,34.024486]]},"id":"EB-855"},{"type":"Feature","properties":{"bin":856,"direction":"eastbound","start_m":21400,"end_m":21425,"median_score":0.882,"hot_fraction":0.0,"recordings":3,"rides_rough":0,"rides_covering":2,"location_precision":"approximate corridor location; physical track not resolved"},"geometry":{"type":"LineString","coordinates":[[-118.351267,34.024486],[-118.351537,34.024511]]},"id":"EB-856"},{"type":"Feature","properties":{"bin":857,"direction":"eastbound","start_m":21425,"end_m":21450,"median_score":0.882,"hot_fraction":0.0,"recordings":3,"rides_rough":0,"rides_covering":2,"location_precision":"approximate corridor location; physical track not resolved"},"geometry":{"type":"LineString","coordinates":[[-118.351537,34.024511],[-118.351806,34.024535]]},"id":"EB-857"},{"type":"Feature","properties":{"bin":858,"direction":"eastbound","start_m":21450,"end_m":21475,"median_score":0.845,"hot_fraction":0.0,"recordings":3,"rides_rough":0,"rides_covering":2,"location_precision":"approximate corridor location; physical track not resolved"},"geometry":{"type":"LineString","coordinates":[[-118.351806,34.024535],[-118.352012,34.024554],[-118.352075,34.02456]]},"id":"EB-858"},{"type":"Feature","properties":{"bin":859,"direction":"eastbound","start_m":21475,"end_m":21500,"median_score":0.636,"hot_fraction":0.0,"recordings":2,"rides_rough":0,"rides_covering":1,"location_precision":"approximate corridor location; physical track not resolved"},"geometry":{"type":"LineString","coordinates":[[-118.352075,34.02456],[-118.352345,34.024585]]},"id":"EB-859"},{"type":"Feature","properties":{"bin":860,"direction":"eastbound","start_m":21500,"end_m":21525,"median_score":0.91,"hot_fraction":0.0,"recordings":2,"rides_rough":0,"rides_covering":2,"location_precision":"approximate corridor location; physical track not resolved"},"geometry":{"type":"LineString","coordinates":[[-118.352345,34.024585],[-118.352614,34.02461]]},"id":"EB-860"},{"type":"Feature","properties":{"bin":861,"direction":"eastbound","start_m":21525,"end_m":21550,"median_score":1.045,"hot_fraction":0.0,"recordings":3,"rides_rough":0,"rides_covering":2,"location_precision":"approximate corridor location; physical track not resolved"},"geometry":{"type":"LineString","coordinates":[[-118.352614,34.02461],[-118.352883,34.024634]]},"id":"EB-861"},{"type":"Feature","properties":{"bin":862,"direction":"eastbound","start_m":21550,"end_m":21575,"median_score":1.318,"hot_fraction":0.0,"recordings":2,"rides_rough":0,"rides_covering":1,"location_precision":"approximate corridor location; physical track not resolved"},"geometry":{"type":"LineString","coordinates":[[-118.352883,34.024634],[-118.352954,34.024641],[-118.353153,34.024659]]},"id":"EB-862"},{"type":"Feature","properties":{"bin":863,"direction":"eastbound","start_m":21575,"end_m":21600,"median_score":1.169,"hot_fraction":0.0,"recordings":2,"rides_rough":0,"rides_covering":1,"location_precision":"approximate corridor location; physical track not resolved"},"geometry":{"type":"LineString","coordinates":[[-118.353153,34.024659],[-118.353422,34.024684]]},"id":"EB-863"},{"type":"Feature","properties":{"bin":864,"direction":"eastbound","start_m":21600,"end_m":21625,"median_score":1.349,"hot_fraction":0.0,"recordings":2,"rides_rough":0,"rides_covering":1,"location_precision":"approximate corridor location; physical track not resolved"},"geometry":{"type":"LineString","coordinates":[[-118.353422,34.024684],[-118.353692,34.024708]]},"id":"EB-864"},{"type":"Feature","properties":{"bin":865,"direction":"eastbound","start_m":21625,"end_m":21650,"median_score":1.673,"hot_fraction":0.0,"recordings":2,"rides_rough":0,"rides_covering":1,"location_precision":"approximate corridor location; physical track not resolved"},"geometry":{"type":"LineString","coordinates":[[-118.353692,34.024708],[-118.353961,34.024733]]},"id":"EB-865"},{"type":"Feature","properties":{"bin":877,"direction":"eastbound","start_m":21925,"end_m":21950,"median_score":0.936,"hot_fraction":0.0,"recordings":1,"rides_rough":0,"rides_covering":1,"location_precision":"approximate corridor location; physical track not resolved"},"geometry":{"type":"LineString","coordinates":[[-118.356923,34.025008],[-118.35715,34.025029],[-118.357193,34.025033]]},"id":"EB-877"},{"type":"Feature","properties":{"bin":878,"direction":"eastbound","start_m":21950,"end_m":21975,"median_score":1.121,"hot_fraction":0.0,"recordings":2,"rides_rough":0,"rides_covering":1,"location_precision":"approximate corridor location; physical track not resolved"},"geometry":{"type":"LineString","coordinates":[[-118.357193,34.025033],[-118.357462,34.02506]]},"id":"EB-878"},{"type":"Feature","properties":{"bin":879,"direction":"eastbound","start_m":21975,"end_m":22000,"median_score":0.925,"hot_fraction":0.0,"recordings":1,"rides_rough":0,"rides_covering":1,"location_precision":"approximate corridor location; physical track not resolved"},"geometry":{"type":"LineString","coordinates":[[-118.357462,34.02506],[-118.357587,34.025072],[-118.357731,34.025085]]},"id":"EB-879"},{"type":"Feature","properties":{"bin":880,"direction":"eastbound","start_m":22000,"end_m":22025,"median_score":0.892,"hot_fraction":0.0,"recordings":4,"rides_rough":0,"rides_covering":2,"location_precision":"approximate corridor location; physical track not resolved"},"geometry":{"type":"LineString","coordinates":[[-118.357731,34.025085],[-118.358,34.02511]]},"id":"EB-880"},{"type":"Feature","properties":{"bin":881,"direction":"eastbound","start_m":22025,"end_m":22050,"median_score":1.097,"hot_fraction":0.0,"recordings":4,"rides_rough":0,"rides_covering":2,"location_precision":"approximate corridor location; physical track not resolved"},"geometry":{"type":"LineString","coordinates":[[-118.358,34.02511],[-118.35827,34.025134]]},"id":"EB-881"},{"type":"Feature","properties":{"bin":882,"direction":"eastbound","start_m":22050,"end_m":22075,"median_score":1.147,"hot_fraction":0.0,"recordings":3,"rides_rough":0,"rides_covering":2,"location_precision":"approximate corridor location; physical track not resolved"},"geometry":{"type":"LineString","coordinates":[[-118.35827,34.025134],[-118.358366,34.025143],[-118.358539,34.025159]]},"id":"EB-882"},{"type":"Feature","properties":{"bin":883,"direction":"eastbound","start_m":22075,"end_m":22100,"median_score":0.576,"hot_fraction":0.0,"recordings":3,"rides_rough":0,"rides_covering":2,"location_precision":"approximate corridor location; physical track not resolved"},"geometry":{"type":"LineString","coordinates":[[-118.358539,34.025159],[-118.358808,34.025184]]},"id":"EB-883"},{"type":"Feature","properties":{"bin":884,"direction":"eastbound","start_m":22100,"end_m":22125,"median_score":0.956,"hot_fraction":0.0,"recordings":3,"rides_rough":0,"rides_covering":2,"location_precision":"approximate corridor location; physical track not resolved"},"geometry":{"type":"LineString","coordinates":[[-118.358808,34.025184],[-118.359078,34.025209]]},"id":"EB-884"},{"type":"Feature","properties":{"bin":885,"direction":"eastbound","start_m":22125,"end_m":22150,"median_score":1.254,"hot_fraction":0.0,"recordings":1,"rides_rough":0,"rides_covering":1,"location_precision":"approximate corridor location; physical track not resolved"},"geometry":{"type":"LineString","coordinates":[[-118.359078,34.025209],[-118.359175,34.025218],[-118.359347,34.025234]]},"id":"EB-885"},{"type":"Feature","properties":{"bin":886,"direction":"eastbound","start_m":22150,"end_m":22175,"median_score":0.953,"hot_fraction":0.0,"recordings":3,"rides_rough":0,"rides_covering":2,"location_precision":"approximate corridor location; physical track not resolved"},"geometry":{"type":"LineString","coordinates":[[-118.359347,34.025234],[-118.359616,34.025258]]},"id":"EB-886"},{"type":"Feature","properties":{"bin":887,"direction":"eastbound","start_m":22175,"end_m":22200,"median_score":0.811,"hot_fraction":0.0,"recordings":4,"rides_rough":0,"rides_covering":2,"location_precision":"approximate corridor location; physical track not resolved"},"geometry":{"type":"LineString","coordinates":[[-118.359616,34.025258],[-118.359886,34.025283]]},"id":"EB-887"},{"type":"Feature","properties":{"bin":888,"direction":"eastbound","start_m":22200,"end_m":22225,"median_score":1.394,"hot_fraction":0.0,"recordings":4,"rides_rough":0,"rides_covering":2,"location_precision":"approximate corridor location; physical track not resolved"},"geometry":{"type":"LineString","coordinates":[[-118.359886,34.025283],[-118.360107,34.025303],[-118.360155,34.025307]]},"id":"EB-888"},{"type":"Feature","properties":{"bin":889,"direction":"eastbound","start_m":22225,"end_m":22250,"median_score":1.128,"hot_fraction":0.0,"recordings":4,"rides_rough":0,"rides_covering":2,"location_precision":"approximate corridor location; physical track not resolved"},"geometry":{"type":"LineString","coordinates":[[-118.360155,34.025307],[-118.360424,34.025332]]},"id":"EB-889"},{"type":"Feature","properties":{"bin":890,"direction":"eastbound","start_m":22250,"end_m":22275,"median_score":0.923,"hot_fraction":0.0,"recordings":4,"rides_rough":0,"rides_covering":2,"location_precision":"approximate corridor location; physical track not resolved"},"geometry":{"type":"LineString","coordinates":[[-118.360424,34.025332],[-118.360694,34.025357]]},"id":"EB-890"},{"type":"Feature","properties":{"bin":891,"direction":"eastbound","start_m":22275,"end_m":22300,"median_score":1.144,"hot_fraction":0.0,"recordings":3,"rides_rough":0,"rides_covering":2,"location_precision":"approximate corridor location; physical track not resolved"},"geometry":{"type":"LineString","coordinates":[[-118.360694,34.025357],[-118.360963,34.025382],[-118.360963,34.025382]]},"id":"EB-891"},{"type":"Feature","properties":{"bin":892,"direction":"eastbound","start_m":22300,"end_m":22325,"median_score":0.976,"hot_fraction":0.0,"recordings":4,"rides_rough":0,"rides_covering":2,"location_precision":"approximate corridor location; physical track not resolved"},"geometry":{"type":"LineString","coordinates":[[-118.360963,34.025382],[-118.361232,34.025407]]},"id":"EB-892"},{"type":"Feature","properties":{"bin":893,"direction":"eastbound","start_m":22325,"end_m":22350,"median_score":0.88,"hot_fraction":0.0,"recordings":4,"rides_rough":0,"rides_covering":2,"location_precision":"approximate corridor location; physical track not resolved"},"geometry":{"type":"LineString","coordinates":[[-118.361232,34.025407],[-118.361502,34.025431]]},"id":"EB-893"},{"type":"Feature","properties":{"bin":894,"direction":"eastbound","start_m":22350,"end_m":22375,"median_score":0.873,"hot_fraction":0.0,"recordings":5,"rides_rough":0,"rides_covering":3,"location_precision":"approximate corridor location; physical track not resolved"},"geometry":{"type":"LineString","coordinates":[[-118.361502,34.025431],[-118.361771,34.025456]]},"id":"EB-894"},{"type":"Feature","properties":{"bin":895,"direction":"eastbound","start_m":22375,"end_m":22400,"median_score":0.796,"hot_fraction":0.0,"recordings":5,"rides_rough":0,"rides_covering":3,"location_precision":"approximate corridor location; physical track not resolved"},"geometry":{"type":"LineString","coordinates":[[-118.361771,34.025456],[-118.362026,34.025479],[-118.362041,34.02548]]},"id":"EB-895"},{"type":"Feature","properties":{"bin":896,"direction":"eastbound","start_m":22400,"end_m":22425,"median_score":0.918,"hot_fraction":0.0,"recordings":5,"rides_rough":0,"rides_covering":3,"location_precision":"approximate corridor location; physical track not resolved"},"geometry":{"type":"LineString","coordinates":[[-118.362041,34.02548],[-118.36231,34.025506]]},"id":"EB-896"},{"type":"Feature","properties":{"bin":897,"direction":"eastbound","start_m":22425,"end_m":22450,"median_score":1.106,"hot_fraction":0.0,"recordings":4,"rides_rough":0,"rides_covering":3,"location_precision":"approximate corridor location; physical track not resolved"},"geometry":{"type":"LineString","coordinates":[[-118.36231,34.025506],[-118.362579,34.025532]]},"id":"EB-897"},{"type":"Feature","properties":{"bin":898,"direction":"eastbound","start_m":22450,"end_m":22475,"median_score":1.358,"hot_fraction":0.0,"recordings":5,"rides_rough":0,"rides_covering":3,"location_precision":"approximate corridor location; physical track not resolved"},"geometry":{"type":"LineString","coordinates":[[-118.362579,34.025532],[-118.362848,34.025557]]},"id":"EB-898"},{"type":"Feature","properties":{"bin":899,"direction":"eastbound","start_m":22475,"end_m":22500,"median_score":0.953,"hot_fraction":0.0,"recordings":5,"rides_rough":0,"rides_covering":3,"location_precision":"approximate corridor location; physical track not resolved"},"geometry":{"type":"LineString","coordinates":[[-118.362848,34.025557],[-118.363047,34.025576],[-118.363117,34.025584]]},"id":"EB-899"},{"type":"Feature","properties":{"bin":900,"direction":"eastbound","start_m":22500,"end_m":22525,"median_score":0.828,"hot_fraction":0.0,"recordings":4,"rides_rough":0,"rides_covering":2,"location_precision":"approximate corridor location; physical track not resolved"},"geometry":{"type":"LineString","coordinates":[[-118.363117,34.025584],[-118.363385,34.025617]]},"id":"EB-900"},{"type":"Feature","properties":{"bin":901,"direction":"eastbound","start_m":22525,"end_m":22550,"median_score":0.958,"hot_fraction":0.0,"recordings":4,"rides_rough":0,"rides_covering":2,"location_precision":"approximate corridor location; physical track not resolved"},"geometry":{"type":"LineString","coordinates":[[-118.363385,34.025617],[-118.36359,34.025641],[-118.363654,34.025649]]},"id":"EB-901"},{"type":"Feature","properties":{"bin":902,"direction":"eastbound","start_m":22550,"end_m":22575,"median_score":1.292,"hot_fraction":0.0,"recordings":4,"rides_rough":0,"rides_covering":2,"location_precision":"approximate corridor location; physical track not resolved"},"geometry":{"type":"LineString","coordinates":[[-118.363654,34.025649],[-118.363922,34.025681]]},"id":"EB-902"},{"type":"Feature","properties":{"bin":903,"direction":"eastbound","start_m":22575,"end_m":22600,"median_score":1.322,"hot_fraction":0.0,"recordings":4,"rides_rough":0,"rides_covering":2,"location_precision":"approximate corridor location; physical track not resolved"},"geometry":{"type":"LineString","coordinates":[[-118.363922,34.025681],[-118.36419,34.025714]]},"id":"EB-903"},{"type":"Feature","properties":{"bin":904,"direction":"eastbound","start_m":22600,"end_m":22625,"median_score":1.247,"hot_fraction":0.0,"recordings":4,"rides_rough":0,"rides_covering":2,"location_precision":"approximate corridor location; physical track not resolved"},"geometry":{"type":"LineString","coordinates":[[-118.36419,34.025714],[-118.364436,34.025744],[-118.364458,34.025747]]},"id":"EB-904"},{"type":"Feature","properties":{"bin":905,"direction":"eastbound","start_m":22625,"end_m":22650,"median_score":1.445,"hot_fraction":0.0,"recordings":4,"rides_rough":0,"rides_covering":3,"location_precision":"approximate corridor location; physical track not resolved"},"geometry":{"type":"LineString","coordinates":[[-118.364458,34.025747],[-118.364726,34.02578]]},"id":"EB-905"},{"type":"Feature","properties":{"bin":906,"direction":"eastbound","start_m":22650,"end_m":22675,"median_score":1.525,"hot_fraction":0.0,"recordings":5,"rides_rough":0,"rides_covering":3,"location_precision":"approximate corridor location; physical track not resolved"},"geometry":{"type":"LineString","coordinates":[[-118.364726,34.02578],[-118.364994,34.025813]]},"id":"EB-906"},{"type":"Feature","properties":{"bin":907,"direction":"eastbound","start_m":22675,"end_m":22700,"median_score":1.181,"hot_fraction":0.3333333333333333,"recordings":5,"rides_rough":1,"rides_covering":3,"location_precision":"approximate corridor location; physical track not resolved"},"geometry":{"type":"LineString","coordinates":[[-118.364994,34.025813],[-118.365214,34.02584],[-118.365262,34.025845]]},"id":"EB-907"},{"type":"Feature","properties":{"bin":908,"direction":"eastbound","start_m":22700,"end_m":22725,"median_score":0.871,"hot_fraction":0.0,"recordings":5,"rides_rough":0,"rides_covering":3,"location_precision":"approximate corridor location; physical track not resolved"},"geometry":{"type":"LineString","coordinates":[[-118.365262,34.025845],[-118.365531,34.025871]]},"id":"EB-908"},{"type":"Feature","properties":{"bin":909,"direction":"eastbound","start_m":22725,"end_m":22750,"median_score":0.826,"hot_fraction":0.0,"recordings":5,"rides_rough":0,"rides_covering":3,"location_precision":"approximate corridor location; physical track not resolved"},"geometry":{"type":"LineString","coordinates":[[-118.365531,34.025871],[-118.365692,34.025887],[-118.365801,34.025898]]},"id":"EB-909"},{"type":"Feature","properties":{"bin":910,"direction":"eastbound","start_m":22750,"end_m":22775,"median_score":0.852,"hot_fraction":0.0,"recordings":5,"rides_rough":0,"rides_covering":3,"location_precision":"approximate corridor location; physical track not resolved"},"geometry":{"type":"LineString","coordinates":[[-118.365801,34.025898],[-118.366016,34.02592],[-118.36607,34.025925]]},"id":"EB-910"},{"type":"Feature","properties":{"bin":911,"direction":"eastbound","start_m":22775,"end_m":22800,"median_score":1.468,"hot_fraction":0.0,"recordings":4,"rides_rough":0,"rides_covering":2,"location_precision":"approximate corridor location; physical track not resolved"},"geometry":{"type":"LineString","coordinates":[[-118.36607,34.025925],[-118.366339,34.025949]]},"id":"EB-911"},{"type":"Feature","properties":{"bin":912,"direction":"eastbound","start_m":22800,"end_m":22825,"median_score":1.368,"hot_fraction":0.0,"recordings":4,"rides_rough":0,"rides_covering":2,"location_precision":"approximate corridor location; physical track not resolved"},"geometry":{"type":"LineString","coordinates":[[-118.366339,34.025949],[-118.366498,34.025964],[-118.366608,34.025974]]},"id":"EB-912"},{"type":"Feature","properties":{"bin":913,"direction":"eastbound","start_m":22825,"end_m":22850,"median_score":2.362,"hot_fraction":1.0,"recordings":4,"rides_rough":2,"rides_covering":2,"location_precision":"approximate corridor location; physical track not resolved"},"geometry":{"type":"LineString","coordinates":[[-118.366608,34.025974],[-118.366654,34.025978],[-118.366878,34.025997]]},"id":"EB-913"},{"type":"Feature","properties":{"bin":914,"direction":"eastbound","start_m":22850,"end_m":22875,"median_score":2.98,"hot_fraction":1.0,"recordings":4,"rides_rough":2,"rides_covering":2,"location_precision":"approximate corridor location; physical track not resolved"},"geometry":{"type":"LineString","coordinates":[[-118.366878,34.025997],[-118.367148,34.026019]]},"id":"EB-914"},{"type":"Feature","properties":{"bin":915,"direction":"eastbound","start_m":22875,"end_m":22900,"median_score":2.898,"hot_fraction":1.0,"recordings":4,"rides_rough":2,"rides_covering":2,"location_precision":"approximate corridor location; physical track not resolved"},"geometry":{"type":"LineString","coordinates":[[-118.367148,34.026019],[-118.367251,34.026028],[-118.367417,34.02604]]},"id":"EB-915"},{"type":"Feature","properties":{"bin":916,"direction":"eastbound","start_m":22900,"end_m":22925,"median_score":3.235,"hot_fraction":1.0,"recordings":4,"rides_rough":2,"rides_covering":2,"location_precision":"approximate corridor location; physical track not resolved"},"geometry":{"type":"LineString","coordinates":[[-118.367417,34.02604],[-118.367687,34.026059]]},"id":"EB-916"},{"type":"Feature","properties":{"bin":917,"direction":"eastbound","start_m":22925,"end_m":22950,"median_score":1.674,"hot_fraction":0.5,"recordings":4,"rides_rough":1,"rides_covering":2,"location_precision":"approximate corridor location; physical track not resolved"},"geometry":{"type":"LineString","coordinates":[[-118.367687,34.026059],[-118.367957,34.026079]]},"id":"EB-917"},{"type":"Feature","properties":{"bin":918,"direction":"eastbound","start_m":22950,"end_m":22975,"median_score":2.242,"hot_fraction":1.0,"recordings":3,"rides_rough":2,"rides_covering":2,"location_precision":"approximate corridor location; physical track not resolved"},"geometry":{"type":"LineString","coordinates":[[-118.367957,34.026079],[-118.368044,34.026085],[-118.368227,34.026099]]},"id":"EB-918"},{"type":"Feature","properties":{"bin":919,"direction":"eastbound","start_m":22975,"end_m":23000,"median_score":0.94,"hot_fraction":0.0,"recordings":3,"rides_rough":0,"rides_covering":2,"location_precision":"approximate corridor location; physical track not resolved"},"geometry":{"type":"LineString","coordinates":[[-118.368227,34.026099],[-118.368369,34.026109],[-118.368497,34.026118]]},"id":"EB-919"},{"type":"Feature","properties":{"bin":920,"direction":"eastbound","start_m":23000,"end_m":23025,"median_score":0.812,"hot_fraction":0.0,"recordings":4,"rides_rough":0,"rides_covering":2,"location_precision":"approximate corridor location; physical track not resolved"},"geometry":{"type":"LineString","coordinates":[[-118.368497,34.026118],[-118.368767,34.026138]]},"id":"EB-920"},{"type":"Feature","properties":{"bin":921,"direction":"eastbound","start_m":23025,"end_m":23050,"median_score":1.011,"hot_fraction":0.0,"recordings":4,"rides_rough":0,"rides_covering":2,"location_precision":"approximate corridor location; physical track not resolved"},"geometry":{"type":"LineString","coordinates":[[-118.368767,34.026138],[-118.368812,34.026141],[-118.369037,34.026158]]},"id":"EB-921"},{"type":"Feature","properties":{"bin":922,"direction":"eastbound","start_m":23050,"end_m":23075,"median_score":0.985,"hot_fraction":0.0,"recordings":5,"rides_rough":0,"rides_covering":3,"location_precision":"approximate corridor location; physical track not resolved"},"geometry":{"type":"LineString","coordinates":[[-118.369037,34.026158],[-118.369307,34.026179]]},"id":"EB-922"},{"type":"Feature","properties":{"bin":923,"direction":"eastbound","start_m":23075,"end_m":23100,"median_score":1.229,"hot_fraction":0.0,"recordings":3,"rides_rough":0,"rides_covering":2,"location_precision":"approximate corridor location; physical track not resolved"},"geometry":{"type":"LineString","coordinates":[[-118.369307,34.026179],[-118.369571,34.0262],[-118.369577,34.0262]]},"id":"EB-923"},{"type":"Feature","properties":{"bin":924,"direction":"eastbound","start_m":23100,"end_m":23125,"median_score":1.467,"hot_fraction":0.0,"recordings":4,"rides_rough":0,"rides_covering":3,"location_precision":"approximate corridor location; physical track not resolved"},"geometry":{"type":"LineString","coordinates":[[-118.369577,34.0262],[-118.369846,34.026221]]},"id":"EB-924"},{"type":"Feature","properties":{"bin":925,"direction":"eastbound","start_m":23125,"end_m":23150,"median_score":1.151,"hot_fraction":0.0,"recordings":3,"rides_rough":0,"rides_covering":2,"location_precision":"approximate corridor location; physical track not resolved"},"geometry":{"type":"LineString","coordinates":[[-118.369846,34.026221],[-118.370116,34.026242]]},"id":"EB-925"},{"type":"Feature","properties":{"bin":926,"direction":"eastbound","start_m":23150,"end_m":23175,"median_score":1.266,"hot_fraction":0.0,"recordings":4,"rides_rough":0,"rides_covering":3,"location_precision":"approximate corridor location; physical track not resolved"},"geometry":{"type":"LineString","coordinates":[[-118.370116,34.026242],[-118.370386,34.026263]]},"id":"EB-926"},{"type":"Feature","properties":{"bin":927,"direction":"eastbound","start_m":23175,"end_m":23200,"median_score":1.992,"hot_fraction":1.0,"recordings":4,"rides_rough":3,"rides_covering":3,"location_precision":"approximate corridor location; physical track not resolved"},"geometry":{"type":"LineString","coordinates":[[-118.370386,34.026263],[-118.370607,34.02628],[-118.370656,34.026284]]},"id":"EB-927"},{"type":"Feature","properties":{"bin":928,"direction":"eastbound","start_m":23200,"end_m":23225,"median_score":2.309,"hot_fraction":0.6666666666666666,"recordings":4,"rides_rough":2,"rides_covering":3,"location_precision":"approximate corridor location; physical track not resolved"},"geometry":{"type":"LineString","coordinates":[[-118.370656,34.026284],[-118.370926,34.026303]]},"id":"EB-928"},{"type":"Feature","properties":{"bin":929,"direction":"eastbound","start_m":23225,"end_m":23250,"median_score":2.814,"hot_fraction":1.0,"recordings":1,"rides_rough":1,"rides_covering":1,"location_precision":"approximate corridor location; physical track not resolved"},"geometry":{"type":"LineString","coordinates":[[-118.370926,34.026303],[-118.370993,34.026308],[-118.371196,34.026325]]},"id":"EB-929"},{"type":"Feature","properties":{"bin":932,"direction":"eastbound","start_m":23300,"end_m":23325,"median_score":0.664,"hot_fraction":0.0,"recordings":1,"rides_rough":0,"rides_covering":1,"location_precision":"approximate corridor location; physical track not resolved"},"geometry":{"type":"LineString","coordinates":[[-118.371735,34.02637],[-118.372005,34.026391]]},"id":"EB-932"},{"type":"Feature","properties":{"bin":933,"direction":"eastbound","start_m":23325,"end_m":23350,"median_score":0.503,"hot_fraction":0.0,"recordings":1,"rides_rough":0,"rides_covering":1,"location_precision":"approximate corridor location; physical track not resolved"},"geometry":{"type":"LineString","coordinates":[[-118.372005,34.026391],[-118.372075,34.026396],[-118.372274,34.026412]]},"id":"EB-933"},{"type":"Feature","properties":{"bin":934,"direction":"eastbound","start_m":23350,"end_m":23375,"median_score":0.503,"hot_fraction":0.0,"recordings":1,"rides_rough":0,"rides_covering":1,"location_precision":"approximate corridor location; physical track not resolved"},"geometry":{"type":"LineString","coordinates":[[-118.372274,34.026412],[-118.372544,34.026434]]},"id":"EB-934"},{"type":"Feature","properties":{"bin":935,"direction":"eastbound","start_m":23375,"end_m":23400,"median_score":0.692,"hot_fraction":0.0,"recordings":1,"rides_rough":0,"rides_covering":1,"location_precision":"approximate corridor location; physical track not resolved"},"geometry":{"type":"LineString","coordinates":[[-118.372544,34.026434],[-118.372721,34.026449],[-118.372814,34.026457]]},"id":"EB-935"},{"type":"Feature","properties":{"bin":936,"direction":"eastbound","start_m":23400,"end_m":23425,"median_score":0.778,"hot_fraction":0.0,"recordings":2,"rides_rough":0,"rides_covering":2,"location_precision":"approximate corridor location; physical track not resolved"},"geometry":{"type":"LineString","coordinates":[[-118.372814,34.026457],[-118.373083,34.026481]]},"id":"EB-936"},{"type":"Feature","properties":{"bin":937,"direction":"eastbound","start_m":23425,"end_m":23450,"median_score":1.065,"hot_fraction":0.0,"recordings":3,"rides_rough":0,"rides_covering":2,"location_precision":"approximate corridor location; physical track not resolved"},"geometry":{"type":"LineString","coordinates":[[-118.373083,34.026481],[-118.373232,34.026494],[-118.373353,34.026505]]},"id":"EB-937"},{"type":"Feature","properties":{"bin":938,"direction":"eastbound","start_m":23450,"end_m":23475,"median_score":0.949,"hot_fraction":0.0,"recordings":5,"rides_rough":0,"rides_covering":3,"location_precision":"approximate corridor location; physical track not resolved"},"geometry":{"type":"LineString","coordinates":[[-118.373353,34.026505],[-118.373622,34.026531]]},"id":"EB-938"},{"type":"Feature","properties":{"bin":939,"direction":"eastbound","start_m":23475,"end_m":23500,"median_score":0.883,"hot_fraction":0.0,"recordings":5,"rides_rough":0,"rides_covering":3,"location_precision":"approximate corridor location; physical track not resolved"},"geometry":{"type":"LineString","coordinates":[[-118.373622,34.026531],[-118.373891,34.026557]]},"id":"EB-939"},{"type":"Feature","properties":{"bin":940,"direction":"eastbound","start_m":23500,"end_m":23525,"median_score":0.783,"hot_fraction":0.0,"recordings":4,"rides_rough":0,"rides_covering":3,"location_precision":"approximate corridor location; physical track not resolved"},"geometry":{"type":"LineString","coordinates":[[-118.373891,34.026557],[-118.37416,34.026582]]},"id":"EB-940"},{"type":"Feature","properties":{"bin":941,"direction":"eastbound","start_m":23525,"end_m":23550,"median_score":0.664,"hot_fraction":0.0,"recordings":4,"rides_rough":0,"rides_covering":3,"location_precision":"approximate corridor location; physical track not resolved"},"geometry":{"type":"LineString","coordinates":[[-118.37416,34.026582],[-118.374167,34.026583],[-118.37443,34.026607]]},"id":"EB-941"},{"type":"Feature","properties":{"bin":942,"direction":"eastbound","start_m":23550,"end_m":23575,"median_score":1.061,"hot_fraction":0.0,"recordings":4,"rides_rough":0,"rides_covering":3,"location_precision":"approximate corridor location; physical track not resolved"},"geometry":{"type":"LineString","coordinates":[[-118.37443,34.026607],[-118.374699,34.026632]]},"id":"EB-942"},{"type":"Feature","properties":{"bin":943,"direction":"eastbound","start_m":23575,"end_m":23600,"median_score":0.795,"hot_fraction":0.0,"recordings":5,"rides_rough":0,"rides_covering":3,"location_precision":"approximate corridor location; physical track not resolved"},"geometry":{"type":"LineString","coordinates":[[-118.374699,34.026632],[-118.374968,34.026657]]},"id":"EB-943"},{"type":"Feature","properties":{"bin":944,"direction":"eastbound","start_m":23600,"end_m":23625,"median_score":0.944,"hot_fraction":0.3333333333333333,"recordings":5,"rides_rough":1,"rides_covering":3,"location_precision":"approximate corridor location; physical track not resolved"},"geometry":{"type":"LineString","coordinates":[[-118.374968,34.026657],[-118.375234,34.026682],[-118.375238,34.026682]]},"id":"EB-944"},{"type":"Feature","properties":{"bin":945,"direction":"eastbound","start_m":23625,"end_m":23650,"median_score":0.775,"hot_fraction":0.0,"recordings":4,"rides_rough":0,"rides_covering":3,"location_precision":"approximate corridor location; physical track not resolved"},"geometry":{"type":"LineString","coordinates":[[-118.375238,34.026682],[-118.375507,34.026707]]},"id":"EB-945"},{"type":"Feature","properties":{"bin":946,"direction":"eastbound","start_m":23650,"end_m":23675,"median_score":0.919,"hot_fraction":0.0,"recordings":4,"rides_rough":0,"rides_covering":3,"location_precision":"approximate corridor location; physical track not resolved"},"geometry":{"type":"LineString","coordinates":[[-118.375507,34.026707],[-118.375555,34.026711],[-118.375776,34.026731]]},"id":"EB-946"},{"type":"Feature","properties":{"bin":947,"direction":"eastbound","start_m":23675,"end_m":23700,"median_score":0.945,"hot_fraction":0.3333333333333333,"recordings":5,"rides_rough":1,"rides_covering":3,"location_precision":"approximate corridor location; physical track not resolved"},"geometry":{"type":"LineString","coordinates":[[-118.375776,34.026731],[-118.376046,34.026756]]},"id":"EB-947"},{"type":"Feature","properties":{"bin":948,"direction":"eastbound","start_m":23700,"end_m":23725,"median_score":0.723,"hot_fraction":0.0,"recordings":5,"rides_rough":0,"rides_covering":3,"location_precision":"approximate corridor location; physical track not resolved"},"geometry":{"type":"LineString","coordinates":[[-118.376046,34.026756],[-118.37612,34.026763],[-118.376315,34.026781]]},"id":"EB-948"},{"type":"Feature","properties":{"bin":949,"direction":"eastbound","start_m":23725,"end_m":23750,"median_score":0.818,"hot_fraction":0.0,"recordings":5,"rides_rough":0,"rides_covering":3,"location_precision":"approximate corridor location; physical track not resolved"},"geometry":{"type":"LineString","coordinates":[[-118.376315,34.026781],[-118.376584,34.026807]]},"id":"EB-949"},{"type":"Feature","properties":{"bin":950,"direction":"eastbound","start_m":23750,"end_m":23775,"median_score":1.048,"hot_fraction":0.0,"recordings":3,"rides_rough":0,"rides_covering":2,"location_precision":"approximate corridor location; physical track not resolved"},"geometry":{"type":"LineString","coordinates":[[-118.376584,34.026807],[-118.376616,34.02681],[-118.376853,34.026834]]},"id":"EB-950"},{"type":"Feature","properties":{"bin":951,"direction":"eastbound","start_m":23775,"end_m":23800,"median_score":1.114,"hot_fraction":0.0,"recordings":4,"rides_rough":0,"rides_covering":3,"location_precision":"approximate corridor location; physical track not resolved"},"geometry":{"type":"LineString","coordinates":[[-118.376853,34.026834],[-118.377122,34.026861]]},"id":"EB-951"},{"type":"Feature","properties":{"bin":952,"direction":"eastbound","start_m":23800,"end_m":23825,"median_score":1.614,"hot_fraction":0.3333333333333333,"recordings":5,"rides_rough":1,"rides_covering":3,"location_precision":"approximate corridor location; physical track not resolved"},"geometry":{"type":"LineString","coordinates":[[-118.377122,34.026861],[-118.377391,34.026889]]},"id":"EB-952"},{"type":"Feature","properties":{"bin":953,"direction":"eastbound","start_m":23825,"end_m":23850,"median_score":1.125,"hot_fraction":0.0,"recordings":5,"rides_rough":0,"rides_covering":3,"location_precision":"approximate corridor location; physical track not resolved"},"geometry":{"type":"LineString","coordinates":[[-118.377391,34.026889],[-118.377414,34.026891],[-118.37766,34.026916]]},"id":"EB-953"},{"type":"Feature","properties":{"bin":954,"direction":"eastbound","start_m":23850,"end_m":23875,"median_score":0.976,"hot_fraction":0.0,"recordings":5,"rides_rough":0,"rides_covering":3,"location_precision":"approximate corridor location; physical track not resolved"},"geometry":{"type":"LineString","coordinates":[[-118.37766,34.026916],[-118.377929,34.026943]]},"id":"EB-954"},{"type":"Feature","properties":{"bin":955,"direction":"eastbound","start_m":23875,"end_m":23900,"median_score":0.819,"hot_fraction":0.0,"recordings":5,"rides_rough":0,"rides_covering":3,"location_precision":"approximate corridor location; physical track not resolved"},"geometry":{"type":"LineString","coordinates":[[-118.377929,34.026943],[-118.378198,34.02697]]},"id":"EB-955"},{"type":"Feature","properties":{"bin":956,"direction":"eastbound","start_m":23900,"end_m":23925,"median_score":0.885,"hot_fraction":0.0,"recordings":4,"rides_rough":0,"rides_covering":2,"location_precision":"approximate corridor location; physical track not resolved"},"geometry":{"type":"LineString","coordinates":[[-118.378198,34.02697],[-118.378453,34.026995],[-118.378467,34.026997]]},"id":"EB-956"},{"type":"Feature","properties":{"bin":957,"direction":"eastbound","start_m":23925,"end_m":23950,"median_score":0.692,"hot_fraction":0.0,"recordings":4,"rides_rough":0,"rides_covering":3,"location_precision":"approximate corridor location; physical track not resolved"},"geometry":{"type":"LineString","coordinates":[[-118.378467,34.026997],[-118.378736,34.027025]]},"id":"EB-957"},{"type":"Feature","properties":{"bin":958,"direction":"eastbound","start_m":23950,"end_m":23975,"median_score":1.021,"hot_fraction":0.0,"recordings":5,"rides_rough":0,"rides_covering":3,"location_precision":"approximate corridor location; physical track not resolved"},"geometry":{"type":"LineString","coordinates":[[-118.378736,34.027025],[-118.378956,34.027048],[-118.379005,34.027053]]},"id":"EB-958"},{"type":"Feature","properties":{"bin":959,"direction":"eastbound","start_m":23975,"end_m":24000,"median_score":1.665,"hot_fraction":0.6666666666666666,"recordings":5,"rides_rough":2,"rides_covering":3,"location_precision":"approximate corridor location; physical track not resolved"},"geometry":{"type":"LineString","coordinates":[[-118.379005,34.027053],[-118.379161,34.027068],[-118.379275,34.027076]]},"id":"EB-959"},{"type":"Feature","properties":{"bin":960,"direction":"eastbound","start_m":24000,"end_m":24025,"median_score":1.691,"hot_fraction":0.0,"recordings":5,"rides_rough":0,"rides_covering":3,"location_precision":"approximate corridor location; physical track not resolved"},"geometry":{"type":"LineString","coordinates":[[-118.379275,34.027076],[-118.37951,34.027093],[-118.379544,34.027096]]},"id":"EB-960"},{"type":"Feature","properties":{"bin":961,"direction":"eastbound","start_m":24025,"end_m":24050,"median_score":1.157,"hot_fraction":0.0,"recordings":5,"rides_rough":0,"rides_covering":3,"location_precision":"approximate corridor location; physical track not resolved"},"geometry":{"type":"LineString","coordinates":[[-118.379544,34.027096],[-118.379814,34.027122]]},"id":"EB-961"},{"type":"Feature","properties":{"bin":962,"direction":"eastbound","start_m":24050,"end_m":24075,"median_score":1.318,"hot_fraction":0.0,"recordings":4,"rides_rough":0,"rides_covering":2,"location_precision":"approximate corridor location; physical track not resolved"},"geometry":{"type":"LineString","coordinates":[[-118.379814,34.027122],[-118.380083,34.027148]]},"id":"EB-962"},{"type":"Feature","properties":{"bin":963,"direction":"eastbound","start_m":24075,"end_m":24100,"median_score":1.61,"hot_fraction":0.3333333333333333,"recordings":5,"rides_rough":1,"rides_covering":3,"location_precision":"approximate corridor location; physical track not resolved"},"geometry":{"type":"LineString","coordinates":[[-118.380083,34.027148],[-118.380088,34.027149],[-118.380352,34.027173]]},"id":"EB-963"},{"type":"Feature","properties":{"bin":964,"direction":"eastbound","start_m":24100,"end_m":24125,"median_score":1.109,"hot_fraction":0.0,"recordings":5,"rides_rough":0,"rides_covering":3,"location_precision":"approximate corridor location; physical track not resolved"},"geometry":{"type":"LineString","coordinates":[[-118.380352,34.027173],[-118.380456,34.027182],[-118.380622,34.027197]]},"id":"EB-964"},{"type":"Feature","properties":{"bin":965,"direction":"eastbound","start_m":24125,"end_m":24150,"median_score":1.181,"hot_fraction":0.0,"recordings":5,"rides_rough":0,"rides_covering":3,"location_precision":"approximate corridor location; physical track not resolved"},"geometry":{"type":"LineString","coordinates":[[-118.380622,34.027197],[-118.380891,34.027222]]},"id":"EB-965"},{"type":"Feature","properties":{"bin":966,"direction":"eastbound","start_m":24150,"end_m":24175,"median_score":1.898,"hot_fraction":0.6666666666666666,"recordings":5,"rides_rough":2,"rides_covering":3,"location_precision":"approximate corridor location; physical track not resolved"},"geometry":{"type":"LineString","coordinates":[[-118.380891,34.027222],[-118.38116,34.027247]]},"id":"EB-966"},{"type":"Feature","properties":{"bin":967,"direction":"eastbound","start_m":24175,"end_m":24200,"median_score":1.145,"hot_fraction":0.0,"recordings":5,"rides_rough":0,"rides_covering":3,"location_precision":"approximate corridor location; physical track not resolved"},"geometry":{"type":"LineString","coordinates":[[-118.38116,34.027247],[-118.381429,34.027272]]},"id":"EB-967"},{"type":"Feature","properties":{"bin":968,"direction":"eastbound","start_m":24200,"end_m":24225,"median_score":0.841,"hot_fraction":0.0,"recordings":5,"rides_rough":0,"rides_covering":3,"location_precision":"approximate corridor location; physical track not resolved"},"geometry":{"type":"LineString","coordinates":[[-118.381429,34.027272],[-118.381699,34.027297]]},"id":"EB-968"},{"type":"Feature","properties":{"bin":969,"direction":"eastbound","start_m":24225,"end_m":24250,"median_score":0.852,"hot_fraction":0.0,"recordings":5,"rides_rough":0,"rides_covering":3,"location_precision":"approximate corridor location; physical track not resolved"},"geometry":{"type":"LineString","coordinates":[[-118.381699,34.027297],[-118.381846,34.027311],[-118.381968,34.027325]]},"id":"EB-969"},{"type":"Feature","properties":{"bin":970,"direction":"eastbound","start_m":24250,"end_m":24275,"median_score":0.897,"hot_fraction":0.0,"recordings":5,"rides_rough":0,"rides_covering":3,"location_precision":"approximate corridor location; physical track not resolved"},"geometry":{"type":"LineString","coordinates":[[-118.381968,34.027325],[-118.382236,34.027354]]},"id":"EB-970"},{"type":"Feature","properties":{"bin":971,"direction":"eastbound","start_m":24275,"end_m":24300,"median_score":1.046,"hot_fraction":0.0,"recordings":5,"rides_rough":0,"rides_covering":3,"location_precision":"approximate corridor location; physical track not resolved"},"geometry":{"type":"LineString","coordinates":[[-118.382236,34.027354],[-118.382396,34.027372],[-118.382505,34.027385]]},"id":"EB-971"},{"type":"Feature","properties":{"bin":972,"direction":"eastbound","start_m":24300,"end_m":24325,"median_score":1.045,"hot_fraction":0.0,"recordings":4,"rides_rough":0,"rides_covering":2,"location_precision":"approximate corridor location; physical track not resolved"},"geometry":{"type":"LineString","coordinates":[[-118.382505,34.027385],[-118.382773,34.027416]]},"id":"EB-972"},{"type":"Feature","properties":{"bin":973,"direction":"eastbound","start_m":24325,"end_m":24350,"median_score":1.09,"hot_fraction":0.0,"recordings":5,"rides_rough":0,"rides_covering":3,"location_precision":"approximate corridor location; physical track not resolved"},"geometry":{"type":"LineString","coordinates":[[-118.382773,34.027416],[-118.382983,34.02744],[-118.383042,34.027447]]},"id":"EB-973"},{"type":"Feature","properties":{"bin":974,"direction":"eastbound","start_m":24350,"end_m":24375,"median_score":1.369,"hot_fraction":0.0,"recordings":5,"rides_rough":0,"rides_covering":3,"location_precision":"approximate corridor location; physical track not resolved"},"geometry":{"type":"LineString","coordinates":[[-118.383042,34.027447],[-118.38331,34.027477]]},"id":"EB-974"},{"type":"Feature","properties":{"bin":975,"direction":"eastbound","start_m":24375,"end_m":24400,"median_score":1.109,"hot_fraction":0.0,"recordings":5,"rides_rough":0,"rides_covering":3,"location_precision":"approximate corridor location; physical track not resolved"},"geometry":{"type":"LineString","coordinates":[[-118.38331,34.027477],[-118.383579,34.027508]]},"id":"EB-975"},{"type":"Feature","properties":{"bin":976,"direction":"eastbound","start_m":24400,"end_m":24425,"median_score":1.176,"hot_fraction":0.3333333333333333,"recordings":5,"rides_rough":1,"rides_covering":3,"location_precision":"approximate corridor location; physical track not resolved"},"geometry":{"type":"LineString","coordinates":[[-118.383579,34.027508],[-118.383847,34.027539]]},"id":"EB-976"},{"type":"Feature","properties":{"bin":977,"direction":"eastbound","start_m":24425,"end_m":24450,"median_score":1.31,"hot_fraction":0.3333333333333333,"recordings":5,"rides_rough":1,"rides_covering":3,"location_precision":"approximate corridor location; physical track not resolved"},"geometry":{"type":"LineString","coordinates":[[-118.383847,34.027539],[-118.383939,34.027549],[-118.384117,34.027562]]},"id":"EB-977"},{"type":"Feature","properties":{"bin":978,"direction":"eastbound","start_m":24450,"end_m":24475,"median_score":0.941,"hot_fraction":0.0,"recordings":5,"rides_rough":0,"rides_covering":3,"location_precision":"approximate corridor location; physical track not resolved"},"geometry":{"type":"LineString","coordinates":[[-118.384117,34.027562],[-118.384387,34.027582]]},"id":"EB-978"},{"type":"Feature","properties":{"bin":979,"direction":"eastbound","start_m":24475,"end_m":24500,"median_score":0.714,"hot_fraction":0.0,"recordings":5,"rides_rough":0,"rides_covering":3,"location_precision":"approximate corridor location; physical track not resolved"},"geometry":{"type":"LineString","coordinates":[[-118.384387,34.027582],[-118.384656,34.027601]]},"id":"EB-979"},{"type":"Feature","properties":{"bin":980,"direction":"eastbound","start_m":24500,"end_m":24525,"median_score":0.705,"hot_fraction":0.0,"recordings":4,"rides_rough":0,"rides_covering":3,"location_precision":"approximate corridor location; physical track not resolved"},"geometry":{"type":"LineString","coordinates":[[-118.384656,34.027601],[-118.384707,34.027605],[-118.384926,34.027621]]},"id":"EB-980"},{"type":"Feature","properties":{"bin":981,"direction":"eastbound","start_m":24525,"end_m":24550,"median_score":0.645,"hot_fraction":0.0,"recordings":3,"rides_rough":0,"rides_covering":2,"location_precision":"approximate corridor location; physical track not resolved"},"geometry":{"type":"LineString","coordinates":[[-118.384926,34.027621],[-118.385196,34.02764]]},"id":"EB-981"},{"type":"Feature","properties":{"bin":982,"direction":"eastbound","start_m":24550,"end_m":24575,"median_score":0.75,"hot_fraction":0.0,"recordings":3,"rides_rough":0,"rides_covering":2,"location_precision":"approximate corridor location; physical track not resolved"},"geometry":{"type":"LineString","coordinates":[[-118.385196,34.02764],[-118.385407,34.027655],[-118.385466,34.027659]]},"id":"EB-982"},{"type":"Feature","properties":{"bin":983,"direction":"eastbound","start_m":24575,"end_m":24600,"median_score":0.813,"hot_fraction":0.0,"recordings":3,"rides_rough":0,"rides_covering":2,"location_precision":"approximate corridor location; physical track not resolved"},"geometry":{"type":"LineString","coordinates":[[-118.385466,34.027659],[-118.385737,34.027676]]},"id":"EB-983"},{"type":"Feature","properties":{"bin":984,"direction":"eastbound","start_m":24600,"end_m":24625,"median_score":0.968,"hot_fraction":0.0,"recordings":3,"rides_rough":0,"rides_covering":2,"location_precision":"approximate corridor location; physical track not resolved"},"geometry":{"type":"LineString","coordinates":[[-118.385737,34.027676],[-118.386007,34.027693]]},"id":"EB-984"},{"type":"Feature","properties":{"bin":985,"direction":"eastbound","start_m":24625,"end_m":24650,"median_score":1.092,"hot_fraction":0.0,"recordings":3,"rides_rough":0,"rides_covering":2,"location_precision":"approximate corridor location; physical track not resolved"},"geometry":{"type":"LineString","coordinates":[[-118.386007,34.027693],[-118.386125,34.0277],[-118.386277,34.02771]]},"id":"EB-985"},{"type":"Feature","properties":{"bin":986,"direction":"eastbound","start_m":24650,"end_m":24675,"median_score":0.8,"hot_fraction":0.0,"recordings":3,"rides_rough":0,"rides_covering":2,"location_precision":"approximate corridor location; physical track not resolved"},"geometry":{"type":"LineString","coordinates":[[-118.386277,34.02771],[-118.386547,34.027728]]},"id":"EB-986"},{"type":"Feature","properties":{"bin":987,"direction":"eastbound","start_m":24675,"end_m":24700,"median_score":0.698,"hot_fraction":0.0,"recordings":3,"rides_rough":0,"rides_covering":2,"location_precision":"approximate corridor location; physical track not resolved"},"geometry":{"type":"LineString","coordinates":[[-118.386547,34.027728],[-118.386817,34.027746]]},"id":"EB-987"},{"type":"Feature","properties":{"bin":988,"direction":"eastbound","start_m":24700,"end_m":24725,"median_score":0.858,"hot_fraction":0.0,"recordings":3,"rides_rough":0,"rides_covering":2,"location_precision":"approximate corridor location; physical track not resolved"},"geometry":{"type":"LineString","coordinates":[[-118.386817,34.027746],[-118.386945,34.027755],[-118.387087,34.027767]]},"id":"EB-988"},{"type":"Feature","properties":{"bin":989,"direction":"eastbound","start_m":24725,"end_m":24750,"median_score":0.932,"hot_fraction":0.0,"recordings":3,"rides_rough":0,"rides_covering":2,"location_precision":"approximate corridor location; physical track not resolved"},"geometry":{"type":"LineString","coordinates":[[-118.387087,34.027767],[-118.387357,34.02779]]},"id":"EB-989"},{"type":"Feature","properties":{"bin":990,"direction":"eastbound","start_m":24750,"end_m":24775,"median_score":0.78,"hot_fraction":0.0,"recordings":3,"rides_rough":0,"rides_covering":2,"location_precision":"approximate corridor location; physical track not resolved"},"geometry":{"type":"LineString","coordinates":[[-118.387357,34.02779],[-118.387626,34.027814]]},"id":"EB-990"},{"type":"Feature","properties":{"bin":991,"direction":"eastbound","start_m":24775,"end_m":24800,"median_score":0.918,"hot_fraction":0.0,"recordings":3,"rides_rough":0,"rides_covering":2,"location_precision":"approximate corridor location; physical track not resolved"},"geometry":{"type":"LineString","coordinates":[[-118.387626,34.027814],[-118.387896,34.027837]]},"id":"EB-991"},{"type":"Feature","properties":{"bin":992,"direction":"eastbound","start_m":24800,"end_m":24825,"median_score":0.897,"hot_fraction":0.0,"recordings":3,"rides_rough":0,"rides_covering":2,"location_precision":"approximate corridor location; physical track not resolved"},"geometry":{"type":"LineString","coordinates":[[-118.387896,34.027837],[-118.38791,34.027838],[-118.388165,34.027861]]},"id":"EB-992"}]}