{"type":"FeatureCollection","features":[{"type":"Feature","properties":{"bin":614,"direction":"westbound","start_m":15350,"end_m":15375,"median_score":1.002,"hot_fraction":0.0,"recordings":1,"rides_rough":0,"rides_covering":1,"location_precision":"approximate corridor location; physical track not resolved"},"geometry":{"type":"Polygon","coordinates":[[[-118.2864832,34.0182149],[-118.2867542,34.0182159],[-118.2867538,34.0182881],[-118.2864828,34.0182871],[-118.2864832,34.0182149]]]},"id":"WB-614"},{"type":"Feature","properties":{"bin":615,"direction":"westbound","start_m":15375,"end_m":15400,"median_score":1.893,"hot_fraction":1.0,"recordings":1,"rides_rough":1,"rides_covering":1,"location_precision":"approximate corridor location; physical track not resolved"},"geometry":{"type":"Polygon","coordinates":[[[-118.2867542,34.0182159],[-118.2870252,34.0182169],[-118.2870248,34.0182891],[-118.2867538,34.0182881],[-118.2867542,34.0182159]]]},"id":"WB-615"},{"type":"Feature","properties":{"bin":616,"direction":"westbound","start_m":15400,"end_m":15425,"median_score":1.656,"hot_fraction":0.0,"recordings":2,"rides_rough":0,"rides_covering":1,"location_precision":"approximate corridor location; physical track not resolved"},"geometry":{"type":"Polygon","coordinates":[[[-118.287025,34.0182169],[-118.2871872,34.0182169],[-118.2872965,34.0182179],[-118.2872955,34.0182901],[-118.2871868,34.0182891],[-118.287025,34.0182891],[-118.287025,34.0182169]]]},"id":"WB-616"},{"type":"Feature","properties":{"bin":617,"direction":"westbound","start_m":15425,"end_m":15450,"median_score":1.947,"hot_fraction":0.5,"recordings":3,"rides_rough":1,"rides_covering":2,"location_precision":"approximate corridor location; physical track not resolved"},"geometry":{"type":"Polygon","coordinates":[[[-118.2872962,34.0182179],[-118.2875672,34.0182189],[-118.2875668,34.0182911],[-118.2872958,34.0182901],[-118.2872962,34.0182179]]]},"id":"WB-617"},{"type":"Feature","properties":{"bin":618,"direction":"westbound","start_m":15450,"end_m":15475,"median_score":1.936,"hot_fraction":0.5,"recordings":3,"rides_rough":1,"rides_covering":2,"location_precision":"approximate corridor location; physical track not resolved"},"geometry":{"type":"Polygon","coordinates":[[[-118.2875674,34.0182189],[-118.2878384,34.0182209],[-118.2878376,34.0182931],[-118.2875666,34.0182911],[-118.2875674,34.0182189]]]},"id":"WB-618"},{"type":"Feature","properties":{"bin":619,"direction":"westbound","start_m":15475,"end_m":15500,"median_score":1.306,"hot_fraction":0.0,"recordings":2,"rides_rough":0,"rides_covering":2,"location_precision":"approximate corridor location; physical track not resolved"},"geometry":{"type":"Polygon","coordinates":[[[-118.287838,34.0182209],[-118.2878742,34.0182209],[-118.2881092,34.0182219],[-118.2881088,34.0182941],[-118.2878738,34.0182931],[-118.287838,34.0182931],[-118.287838,34.0182209]]]},"id":"WB-619"},{"type":"Feature","properties":{"bin":620,"direction":"westbound","start_m":15500,"end_m":15525,"median_score":1.406,"hot_fraction":0.0,"recordings":3,"rides_rough":0,"rides_covering":2,"location_precision":"approximate corridor location; physical track not resolved"},"geometry":{"type":"Polygon","coordinates":[[[-118.2881092,34.0182219],[-118.2883802,34.0182229],[-118.2883798,34.0182951],[-118.2881088,34.0182941],[-118.2881092,34.0182219]]]},"id":"WB-620"},{"type":"Feature","properties":{"bin":621,"direction":"westbound","start_m":15525,"end_m":15550,"median_score":1.586,"hot_fraction":0.5,"recordings":3,"rides_rough":1,"rides_covering":2,"location_precision":"approximate corridor location; physical track not resolved"},"geometry":{"type":"Polygon","coordinates":[[[-118.2883802,34.0182229],[-118.2886512,34.0182239],[-118.2886508,34.0182961],[-118.2883798,34.0182951],[-118.2883802,34.0182229]]]},"id":"WB-621"},{"type":"Feature","properties":{"bin":622,"direction":"westbound","start_m":15550,"end_m":15575,"median_score":1.839,"hot_fraction":1.0,"recordings":2,"rides_rough":1,"rides_covering":1,"location_precision":"approximate corridor location; physical track not resolved"},"geometry":{"type":"Polygon","coordinates":[[[-118.288651,34.0182239],[-118.288668,34.0182239],[-118.288922,34.0182239],[-118.288922,34.0182961],[-118.288668,34.0182961],[-118.288651,34.0182961],[-118.288651,34.0182239]]]},"id":"WB-622"},{"type":"Feature","properties":{"bin":623,"direction":"westbound","start_m":15575,"end_m":15600,"median_score":1.802,"hot_fraction":0.5,"recordings":2,"rides_rough":1,"rides_covering":2,"location_precision":"approximate corridor location; physical track not resolved"},"geometry":{"type":"Polygon","coordinates":[[[-118.2889222,34.0182239],[-118.2891932,34.0182249],[-118.2891928,34.0182971],[-118.2889218,34.0182961],[-118.2889222,34.0182239]]]},"id":"WB-623"},{"type":"Feature","properties":{"bin":624,"direction":"westbound","start_m":15600,"end_m":15625,"median_score":1.131,"hot_fraction":0.0,"recordings":2,"rides_rough":0,"rides_covering":1,"location_precision":"approximate corridor location; physical track not resolved"},"geometry":{"type":"Polygon","coordinates":[[[-118.289193,34.0182249],[-118.28927,34.0182249],[-118.289464,34.0182249],[-118.289464,34.0182971],[-118.28927,34.0182971],[-118.289193,34.0182971],[-118.289193,34.0182249]]]},"id":"WB-624"},{"type":"Feature","properties":{"bin":625,"direction":"westbound","start_m":15625,"end_m":15650,"median_score":1.052,"hot_fraction":0.0,"recordings":1,"rides_rough":0,"rides_covering":1,"location_precision":"approximate corridor location; physical track not resolved"},"geometry":{"type":"Polygon","coordinates":[[[-118.2894638,34.0182249],[-118.2897348,34.0182239],[-118.2897352,34.0182961],[-118.2894642,34.0182971],[-118.2894638,34.0182249]]]},"id":"WB-625"},{"type":"Feature","properties":{"bin":626,"direction":"westbound","start_m":15650,"end_m":15675,"median_score":2.157,"hot_fraction":1.0,"recordings":1,"rides_rough":1,"rides_covering":1,"location_precision":"approximate corridor location; physical track not resolved"},"geometry":{"type":"Polygon","coordinates":[[[-118.289735,34.0182239],[-118.290006,34.0182239],[-118.290006,34.0182961],[-118.289735,34.0182961],[-118.289735,34.0182239]]]},"id":"WB-626"},{"type":"Feature","properties":{"bin":627,"direction":"westbound","start_m":15675,"end_m":15700,"median_score":1.034,"hot_fraction":0.0,"recordings":1,"rides_rough":0,"rides_covering":1,"location_precision":"approximate corridor location; physical track not resolved"},"geometry":{"type":"Polygon","coordinates":[[[-118.290006,34.0182239],[-118.290126,34.0182239],[-118.290277,34.0182239],[-118.290277,34.0182961],[-118.290126,34.0182961],[-118.290006,34.0182961],[-118.290006,34.0182239]]]},"id":"WB-627"},{"type":"Feature","properties":{"bin":628,"direction":"westbound","start_m":15700,"end_m":15725,"median_score":1.168,"hot_fraction":0.0,"recordings":1,"rides_rough":0,"rides_covering":1,"location_precision":"approximate corridor location; physical track not resolved"},"geometry":{"type":"Polygon","coordinates":[[[-118.2902772,34.0182239],[-118.2905482,34.0182249],[-118.2905478,34.0182971],[-118.2902768,34.0182961],[-118.2902772,34.0182239]]]},"id":"WB-628"},{"type":"Feature","properties":{"bin":629,"direction":"westbound","start_m":15725,"end_m":15750,"median_score":0.573,"hot_fraction":0.0,"recordings":1,"rides_rough":0,"rides_covering":1,"location_precision":"approximate corridor location; physical track not resolved"},"geometry":{"type":"Polygon","coordinates":[[[-118.2905482,34.0182249],[-118.2908192,34.0182259],[-118.2908188,34.0182981],[-118.2905478,34.0182971],[-118.2905482,34.0182249]]]},"id":"WB-629"},{"type":"Feature","properties":{"bin":631,"direction":"westbound","start_m":15775,"end_m":15800,"median_score":0.82,"hot_fraction":0.0,"recordings":1,"rides_rough":0,"rides_covering":1,"location_precision":"approximate corridor location; physical track not resolved"},"geometry":{"type":"Polygon","coordinates":[[[-118.2910906,34.018228],[-118.2913616,34.018231],[-118.2913604,34.018303],[-118.2910894,34.0183],[-118.2910906,34.018228]]]},"id":"WB-631"},{"type":"Feature","properties":{"bin":632,"direction":"westbound","start_m":15800,"end_m":15825,"median_score":0.753,"hot_fraction":0.0,"recordings":1,"rides_rough":0,"rides_covering":1,"location_precision":"approximate corridor location; physical track not resolved"},"geometry":{"type":"Polygon","coordinates":[[[-118.2913616,34.018231],[-118.2915444,34.0182329],[-118.291632,34.0182329],[-118.291632,34.0183051],[-118.2915436,34.0183051],[-118.2913604,34.018303],[-118.2913616,34.018231]]]},"id":"WB-632"},{"type":"Feature","properties":{"bin":633,"direction":"westbound","start_m":15825,"end_m":15850,"median_score":1.204,"hot_fraction":0.0,"recordings":2,"rides_rough":0,"rides_covering":1,"location_precision":"approximate corridor location; physical track not resolved"},"geometry":{"type":"Polygon","coordinates":[[[-118.2916322,34.0182329],[-118.2919032,34.0182339],[-118.2919028,34.0183061],[-118.2916318,34.0183051],[-118.2916322,34.0182329]]]},"id":"WB-633"},{"type":"Feature","properties":{"bin":634,"direction":"westbound","start_m":15850,"end_m":15875,"median_score":0.893,"hot_fraction":0.0,"recordings":2,"rides_rough":0,"rides_covering":2,"location_precision":"approximate corridor location; physical track not resolved"},"geometry":{"type":"Polygon","coordinates":[[[-118.2919034,34.0182339],[-118.2921744,34.0182359],[-118.2921736,34.0183081],[-118.2919026,34.0183061],[-118.2919034,34.0182339]]]},"id":"WB-634"},{"type":"Feature","properties":{"bin":635,"direction":"westbound","start_m":15875,"end_m":15900,"median_score":1.192,"hot_fraction":0.0,"recordings":2,"rides_rough":0,"rides_covering":1,"location_precision":"approximate corridor location; physical track not resolved"},"geometry":{"type":"Polygon","coordinates":[[[-118.2921742,34.0182359],[-118.2924452,34.0182369],[-118.2924448,34.0183091],[-118.2921738,34.0183081],[-118.2921742,34.0182359]]]},"id":"WB-635"},{"type":"Feature","properties":{"bin":636,"direction":"westbound","start_m":15900,"end_m":15925,"median_score":1.052,"hot_fraction":0.0,"recordings":3,"rides_rough":0,"rides_covering":1,"location_precision":"approximate corridor location; physical track not resolved"},"geometry":{"type":"Polygon","coordinates":[[[-118.292445,34.0182369],[-118.2925202,34.0182369],[-118.2927163,34.0182379],[-118.2927157,34.0183101],[-118.2925198,34.0183091],[-118.292445,34.0183091],[-118.292445,34.0182369]]]},"id":"WB-636"},{"type":"Feature","properties":{"bin":637,"direction":"westbound","start_m":15925,"end_m":15950,"median_score":0.981,"hot_fraction":0.0,"recordings":2,"rides_rough":0,"rides_covering":1,"location_precision":"approximate corridor location; physical track not resolved"},"geometry":{"type":"Polygon","coordinates":[[[-118.2927162,34.0182379],[-118.2929872,34.0182389],[-118.2929868,34.0183111],[-118.2927158,34.0183101],[-118.2927162,34.0182379]]]},"id":"WB-637"},{"type":"Feature","properties":{"bin":643,"direction":"westbound","start_m":16075,"end_m":16100,"median_score":1.602,"hot_fraction":0.5,"recordings":3,"rides_rough":1,"rides_covering":2,"location_precision":"approximate corridor location; physical track not resolved"},"geometry":{"type":"Polygon","coordinates":[[[-118.2943422,34.0182519],[-118.2946132,34.0182529],[-118.2946128,34.0183251],[-118.2943418,34.0183241],[-118.2943422,34.0182519]]]},"id":"WB-643"},{"type":"Feature","properties":{"bin":644,"direction":"westbound","start_m":16100,"end_m":16125,"median_score":1.326,"hot_fraction":0.0,"recordings":4,"rides_rough":0,"rides_covering":2,"location_precision":"approximate corridor location; physical track not resolved"},"geometry":{"type":"Polygon","coordinates":[[[-118.294613,34.0182529],[-118.294884,34.0182529],[-118.294884,34.0183251],[-118.294613,34.0183251],[-118.294613,34.0182529]]]},"id":"WB-644"},{"type":"Feature","properties":{"bin":645,"direction":"westbound","start_m":16125,"end_m":16150,"median_score":2.249,"hot_fraction":1.0,"recordings":3,"rides_rough":2,"rides_covering":2,"location_precision":"approximate corridor location; physical track not resolved"},"geometry":{"type":"Polygon","coordinates":[[[-118.294884,34.0182529],[-118.2949192,34.0182529],[-118.2951552,34.0182539],[-118.2951548,34.0183261],[-118.2949188,34.0183251],[-118.294884,34.0183251],[-118.294884,34.0182529]]]},"id":"WB-645"},{"type":"Feature","properties":{"bin":646,"direction":"westbound","start_m":16150,"end_m":16175,"median_score":1.674,"hot_fraction":0.5,"recordings":4,"rides_rough":1,"rides_covering":2,"location_precision":"approximate corridor location; physical track not resolved"},"geometry":{"type":"Polygon","coordinates":[[[-118.2951552,34.0182539],[-118.2954262,34.0182549],[-118.2954258,34.0183271],[-118.2951548,34.0183261],[-118.2951552,34.0182539]]]},"id":"WB-646"},{"type":"Feature","properties":{"bin":647,"direction":"westbound","start_m":16175,"end_m":16200,"median_score":1.448,"hot_fraction":0.0,"recordings":6,"rides_rough":0,"rides_covering":2,"location_precision":"approximate corridor location; physical track not resolved"},"geometry":{"type":"Polygon","coordinates":[[[-118.2954262,34.0182549],[-118.2956672,34.0182559],[-118.295697,34.0182559],[-118.295697,34.0183281],[-118.2956668,34.0183281],[-118.2954258,34.0183271],[-118.2954262,34.0182549]]]},"id":"WB-647"},{"type":"Feature","properties":{"bin":648,"direction":"westbound","start_m":16200,"end_m":16225,"median_score":1.554,"hot_fraction":0.0,"recordings":6,"rides_rough":0,"rides_covering":2,"location_precision":"approximate corridor location; physical track not resolved"},"geometry":{"type":"Polygon","coordinates":[[[-118.295697,34.0182559],[-118.295968,34.0182559],[-118.295968,34.0183281],[-118.295697,34.0183281],[-118.295697,34.0182559]]]},"id":"WB-648"},{"type":"Feature","properties":{"bin":649,"direction":"westbound","start_m":16225,"end_m":16250,"median_score":3.736,"hot_fraction":1.0,"recordings":6,"rides_rough":2,"rides_covering":2,"location_precision":"approximate corridor location; physical track not resolved"},"geometry":{"type":"Polygon","coordinates":[[[-118.295968,34.0182559],[-118.296239,34.0182559],[-118.296239,34.0183281],[-118.295968,34.0183281],[-118.295968,34.0182559]]]},"id":"WB-649"},{"type":"Feature","properties":{"bin":650,"direction":"westbound","start_m":16250,"end_m":16275,"median_score":2.145,"hot_fraction":1.0,"recordings":6,"rides_rough":2,"rides_covering":2,"location_precision":"approximate corridor location; physical track not resolved"},"geometry":{"type":"Polygon","coordinates":[[[-118.296239,34.0182559],[-118.2963232,34.0182559],[-118.2965103,34.0182569],[-118.2965097,34.0183291],[-118.2963228,34.0183281],[-118.296239,34.0183281],[-118.296239,34.0182559]]]},"id":"WB-650"},{"type":"Feature","properties":{"bin":651,"direction":"westbound","start_m":16275,"end_m":16300,"median_score":1.034,"hot_fraction":0.0,"recordings":5,"rides_rough":0,"rides_covering":2,"location_precision":"approximate corridor location; physical track not resolved"},"geometry":{"type":"Polygon","coordinates":[[[-118.2965102,34.0182569],[-118.2967812,34.0182579],[-118.2967808,34.0183301],[-118.2965098,34.0183291],[-118.2965102,34.0182569]]]},"id":"WB-651"},{"type":"Feature","properties":{"bin":652,"direction":"westbound","start_m":16300,"end_m":16325,"median_score":0.623,"hot_fraction":0.0,"recordings":6,"rides_rough":0,"rides_covering":2,"location_precision":"approximate corridor location; physical track not resolved"},"geometry":{"type":"Polygon","coordinates":[[[-118.2967812,34.0182579],[-118.2970522,34.0182589],[-118.2970518,34.0183311],[-118.2967808,34.0183301],[-118.2967812,34.0182579]]]},"id":"WB-652"},{"type":"Feature","properties":{"bin":653,"direction":"westbound","start_m":16325,"end_m":16350,"median_score":0.803,"hot_fraction":0.0,"recordings":6,"rides_rough":0,"rides_covering":2,"location_precision":"approximate corridor location; physical track not resolved"},"geometry":{"type":"Polygon","coordinates":[[[-118.297052,34.0182589],[-118.297053,34.0182589],[-118.297323,34.0182589],[-118.297323,34.0183311],[-118.297053,34.0183311],[-118.297052,34.0183311],[-118.297052,34.0182589]]]},"id":"WB-653"},{"type":"Feature","properties":{"bin":654,"direction":"westbound","start_m":16350,"end_m":16375,"median_score":1.05,"hot_fraction":0.0,"recordings":4,"rides_rough":0,"rides_covering":2,"location_precision":"approximate corridor location; physical track not resolved"},"geometry":{"type":"Polygon","coordinates":[[[-118.297323,34.0182589],[-118.297594,34.0182589],[-118.297594,34.0183311],[-118.297323,34.0183311],[-118.297323,34.0182589]]]},"id":"WB-654"},{"type":"Feature","properties":{"bin":655,"direction":"westbound","start_m":16375,"end_m":16400,"median_score":0.97,"hot_fraction":0.0,"recordings":3,"rides_rough":0,"rides_covering":1,"location_precision":"approximate corridor location; physical track not resolved"},"geometry":{"type":"Polygon","coordinates":[[[-118.297594,34.0182589],[-118.297731,34.0182589],[-118.297865,34.0182589],[-118.297865,34.0183311],[-118.297731,34.0183311],[-118.297594,34.0183311],[-118.297594,34.0182589]]]},"id":"WB-655"},{"type":"Feature","properties":{"bin":656,"direction":"westbound","start_m":16400,"end_m":16425,"median_score":1.357,"hot_fraction":0.0,"recordings":5,"rides_rough":0,"rides_covering":2,"location_precision":"approximate corridor location; physical track not resolved"},"geometry":{"type":"Polygon","coordinates":[[[-118.297865,34.0182589],[-118.298136,34.0182589],[-118.298136,34.0183311],[-118.297865,34.0183311],[-118.297865,34.0182589]]]},"id":"WB-656"},{"type":"Feature","properties":{"bin":657,"direction":"westbound","start_m":16425,"end_m":16450,"median_score":1.372,"hot_fraction":0.0,"recordings":3,"rides_rough":0,"rides_covering":2,"location_precision":"approximate corridor location; physical track not resolved"},"geometry":{"type":"Polygon","coordinates":[[[-118.298136,34.0182589],[-118.298407,34.0182589],[-118.298407,34.0183311],[-118.298136,34.0183311],[-118.298136,34.0182589]]]},"id":"WB-657"},{"type":"Feature","properties":{"bin":658,"direction":"westbound","start_m":16450,"end_m":16475,"median_score":0.748,"hot_fraction":0.0,"recordings":4,"rides_rough":0,"rides_covering":2,"location_precision":"approximate corridor location; physical track not resolved"},"geometry":{"type":"Polygon","coordinates":[[[-118.298407,34.0182589],[-118.2985322,34.0182589],[-118.2986784,34.0182599],[-118.2986776,34.0183321],[-118.2985318,34.0183311],[-118.298407,34.0183311],[-118.298407,34.0182589]]]},"id":"WB-658"},{"type":"Feature","properties":{"bin":659,"direction":"westbound","start_m":16475,"end_m":16500,"median_score":0.783,"hot_fraction":0.0,"recordings":6,"rides_rough":0,"rides_covering":2,"location_precision":"approximate corridor location; physical track not resolved"},"geometry":{"type":"Polygon","coordinates":[[[-118.2986782,34.0182599],[-118.2989482,34.0182609],[-118.2989478,34.0183331],[-118.2986778,34.0183321],[-118.2986782,34.0182599]]]},"id":"WB-659"},{"type":"Feature","properties":{"bin":660,"direction":"westbound","start_m":16500,"end_m":16525,"median_score":1.165,"hot_fraction":0.0,"recordings":6,"rides_rough":0,"rides_covering":2,"location_precision":"approximate corridor location; physical track not resolved"},"geometry":{"type":"Polygon","coordinates":[[[-118.2989482,34.0182609],[-118.2992192,34.0182619],[-118.2992188,34.0183341],[-118.2989478,34.0183331],[-118.2989482,34.0182609]]]},"id":"WB-660"},{"type":"Feature","properties":{"bin":661,"direction":"westbound","start_m":16525,"end_m":16550,"median_score":1.267,"hot_fraction":0.0,"recordings":6,"rides_rough":0,"rides_covering":2,"location_precision":"approximate corridor location; physical track not resolved"},"geometry":{"type":"Polygon","coordinates":[[[-118.299219,34.0182619],[-118.2992484,34.0182619],[-118.2994904,34.0182639],[-118.2994896,34.0183361],[-118.2992476,34.0183341],[-118.299219,34.0183341],[-118.299219,34.0182619]]]},"id":"WB-661"},{"type":"Feature","properties":{"bin":662,"direction":"westbound","start_m":16550,"end_m":16575,"median_score":0.857,"hot_fraction":0.0,"recordings":6,"rides_rough":0,"rides_covering":2,"location_precision":"approximate corridor location; physical track not resolved"},"geometry":{"type":"Polygon","coordinates":[[[-118.2994904,34.0182639],[-118.2997614,34.0182659],[-118.2997606,34.0183381],[-118.2994896,34.0183361],[-118.2994904,34.0182639]]]},"id":"WB-662"},{"type":"Feature","properties":{"bin":663,"direction":"westbound","start_m":16575,"end_m":16600,"median_score":1.321,"hot_fraction":0.0,"recordings":6,"rides_rough":0,"rides_covering":2,"location_precision":"approximate corridor location; physical track not resolved"},"geometry":{"type":"Polygon","coordinates":[[[-118.2997614,34.0182659],[-118.3000324,34.0182679],[-118.3000316,34.0183401],[-118.2997606,34.0183381],[-118.2997614,34.0182659]]]},"id":"WB-663"},{"type":"Feature","properties":{"bin":664,"direction":"westbound","start_m":16600,"end_m":16625,"median_score":1.018,"hot_fraction":0.0,"recordings":6,"rides_rough":0,"rides_covering":2,"location_precision":"approximate corridor location; physical track not resolved"},"geometry":{"type":"Polygon","coordinates":[[[-118.300032,34.0182679],[-118.300071,34.0182679],[-118.300303,34.0182679],[-118.300303,34.0183401],[-118.300071,34.0183401],[-118.300032,34.0183401],[-118.300032,34.0182679]]]},"id":"WB-664"},{"type":"Feature","properties":{"bin":665,"direction":"westbound","start_m":16625,"end_m":16650,"median_score":1.009,"hot_fraction":0.0,"recordings":6,"rides_rough":0,"rides_covering":2,"location_precision":"approximate corridor location; physical track not resolved"},"geometry":{"type":"Polygon","coordinates":[[[-118.3003028,34.0182679],[-118.3005738,34.0182669],[-118.3005742,34.0183391],[-118.3003032,34.0183401],[-118.3003028,34.0182679]]]},"id":"WB-665"},{"type":"Feature","properties":{"bin":666,"direction":"westbound","start_m":16650,"end_m":16675,"median_score":2.035,"hot_fraction":1.0,"recordings":6,"rides_rough":2,"rides_covering":2,"location_precision":"approximate corridor location; physical track not resolved"},"geometry":{"type":"Polygon","coordinates":[[[-118.300574,34.0182669],[-118.300834,34.0182669],[-118.300845,34.0182669],[-118.300845,34.0183391],[-118.300834,34.0183391],[-118.300574,34.0183391],[-118.300574,34.0182669]]]},"id":"WB-666"},{"type":"Feature","properties":{"bin":667,"direction":"westbound","start_m":16675,"end_m":16700,"median_score":1.862,"hot_fraction":0.5,"recordings":6,"rides_rough":1,"rides_covering":2,"location_precision":"approximate corridor location; physical track not resolved"},"geometry":{"type":"Polygon","coordinates":[[[-118.3008452,34.0182669],[-118.3011162,34.0182679],[-118.3011158,34.0183401],[-118.3008448,34.0183391],[-118.3008452,34.0182669]]]},"id":"WB-667"},{"type":"Feature","properties":{"bin":668,"direction":"westbound","start_m":16700,"end_m":16725,"median_score":1.105,"hot_fraction":0.0,"recordings":6,"rides_rough":0,"rides_covering":2,"location_precision":"approximate corridor location; physical track not resolved"},"geometry":{"type":"Polygon","coordinates":[[[-118.3011162,34.0182679],[-118.3013872,34.0182689],[-118.3013868,34.0183411],[-118.3011158,34.0183401],[-118.3011162,34.0182679]]]},"id":"WB-668"},{"type":"Feature","properties":{"bin":669,"direction":"westbound","start_m":16725,"end_m":16750,"median_score":0.983,"hot_fraction":0.0,"recordings":4,"rides_rough":0,"rides_covering":2,"location_precision":"approximate corridor location; physical track not resolved"},"geometry":{"type":"Polygon","coordinates":[[[-118.301387,34.0182689],[-118.301504,34.0182689],[-118.301658,34.0182689],[-118.301658,34.0183411],[-118.301504,34.0183411],[-118.301387,34.0183411],[-118.301387,34.0182689]]]},"id":"WB-669"},{"type":"Feature","properties":{"bin":670,"direction":"westbound","start_m":16750,"end_m":16775,"median_score":0.568,"hot_fraction":0.0,"recordings":3,"rides_rough":0,"rides_covering":1,"location_precision":"approximate corridor location; physical track not resolved"},"geometry":{"type":"Polygon","coordinates":[[[-118.3016578,34.0182689],[-118.3019288,34.0182679],[-118.3019292,34.0183401],[-118.3016582,34.0183411],[-118.3016578,34.0182689]]]},"id":"WB-670"},{"type":"Feature","properties":{"bin":671,"direction":"westbound","start_m":16775,"end_m":16800,"median_score":0.745,"hot_fraction":0.0,"recordings":3,"rides_rough":0,"rides_covering":1,"location_precision":"approximate corridor location; physical track not resolved"},"geometry":{"type":"Polygon","coordinates":[[[-118.3019288,34.0182679],[-118.3021998,34.0182669],[-118.3022002,34.0183391],[-118.3019292,34.0183401],[-118.3019288,34.0182679]]]},"id":"WB-671"},{"type":"Feature","properties":{"bin":672,"direction":"westbound","start_m":16800,"end_m":16825,"median_score":1.326,"hot_fraction":0.0,"recordings":3,"rides_rough":0,"rides_covering":1,"location_precision":"approximate corridor location; physical track not resolved"},"geometry":{"type":"Polygon","coordinates":[[[-118.3022,34.0182669],[-118.302351,34.0182669],[-118.302471,34.0182669],[-118.302471,34.0183391],[-118.302351,34.0183391],[-118.3022,34.0183391],[-118.3022,34.0182669]]]},"id":"WB-672"},{"type":"Feature","properties":{"bin":673,"direction":"westbound","start_m":16825,"end_m":16850,"median_score":1.289,"hot_fraction":0.5,"recordings":4,"rides_rough":1,"rides_covering":2,"location_precision":"approximate corridor location; physical track not resolved"},"geometry":{"type":"Polygon","coordinates":[[[-118.3024712,34.0182669],[-118.3027422,34.0182679],[-118.3027418,34.0183401],[-118.3024708,34.0183391],[-118.3024712,34.0182669]]]},"id":"WB-673"},{"type":"Feature","properties":{"bin":674,"direction":"westbound","start_m":16850,"end_m":16875,"median_score":1.964,"hot_fraction":1.0,"recordings":3,"rides_rough":1,"rides_covering":1,"location_precision":"approximate corridor location; physical track not resolved"},"geometry":{"type":"Polygon","coordinates":[[[-118.3027423,34.0182679],[-118.3029122,34.0182689],[-118.303013,34.0182689],[-118.303013,34.0183411],[-118.3029118,34.0183411],[-118.3027417,34.0183401],[-118.3027423,34.0182679]]]},"id":"WB-674"},{"type":"Feature","properties":{"bin":675,"direction":"westbound","start_m":16875,"end_m":16900,"median_score":1.136,"hot_fraction":0.0,"recordings":5,"rides_rough":0,"rides_covering":2,"location_precision":"approximate corridor location; physical track not resolved"},"geometry":{"type":"Polygon","coordinates":[[[-118.303013,34.0182689],[-118.303284,34.0182689],[-118.303284,34.0183411],[-118.303013,34.0183411],[-118.303013,34.0182689]]]},"id":"WB-675"},{"type":"Feature","properties":{"bin":676,"direction":"westbound","start_m":16900,"end_m":16925,"median_score":1.104,"hot_fraction":0.0,"recordings":4,"rides_rough":0,"rides_covering":2,"location_precision":"approximate corridor location; physical track not resolved"},"geometry":{"type":"Polygon","coordinates":[[[-118.303284,34.0182689],[-118.303555,34.0182689],[-118.303555,34.0183411],[-118.303284,34.0183411],[-118.303284,34.0182689]]]},"id":"WB-676"},{"type":"Feature","properties":{"bin":677,"direction":"westbound","start_m":16925,"end_m":16950,"median_score":0.981,"hot_fraction":0.0,"recordings":3,"rides_rough":0,"rides_covering":1,"location_precision":"approximate corridor location; physical track not resolved"},"geometry":{"type":"Polygon","coordinates":[[[-118.3035552,34.0182689],[-118.3038262,34.0182699],[-118.3038258,34.0183421],[-118.3035548,34.0183411],[-118.3035552,34.0182689]]]},"id":"WB-677"},{"type":"Feature","properties":{"bin":678,"direction":"westbound","start_m":16950,"end_m":16975,"median_score":0.937,"hot_fraction":0.0,"recordings":3,"rides_rough":0,"rides_covering":1,"location_precision":"approximate corridor location; physical track not resolved"},"geometry":{"type":"Polygon","coordinates":[[[-118.303826,34.0182699],[-118.304097,34.0182699],[-118.304097,34.0183421],[-118.303826,34.0183421],[-118.303826,34.0182699]]]},"id":"WB-678"},{"type":"Feature","properties":{"bin":679,"direction":"westbound","start_m":16975,"end_m":17000,"median_score":1.548,"hot_fraction":0.0,"recordings":3,"rides_rough":0,"rides_covering":1,"location_precision":"approximate corridor location; physical track not resolved"},"geometry":{"type":"Polygon","coordinates":[[[-118.304097,34.0182699],[-118.304368,34.0182699],[-118.304368,34.0183421],[-118.304097,34.0183421],[-118.304097,34.0182699]]]},"id":"WB-679"},{"type":"Feature","properties":{"bin":680,"direction":"westbound","start_m":17000,"end_m":17025,"median_score":2.556,"hot_fraction":1.0,"recordings":3,"rides_rough":1,"rides_covering":1,"location_precision":"approximate corridor location; physical track not resolved"},"geometry":{"type":"Polygon","coordinates":[[[-118.304368,34.0182699],[-118.3045332,34.0182699],[-118.3046395,34.018271],[-118.3046385,34.018343],[-118.3045328,34.0183421],[-118.304368,34.0183421],[-118.304368,34.0182699]]]},"id":"WB-680"},{"type":"Feature","properties":{"bin":681,"direction":"westbound","start_m":17025,"end_m":17050,"median_score":1.714,"hot_fraction":0.0,"recordings":3,"rides_rough":0,"rides_covering":1,"location_precision":"approximate corridor location; physical track not resolved"},"geometry":{"type":"Polygon","coordinates":[[[-118.3046396,34.018271],[-118.3049106,34.018274],[-118.3049094,34.018346],[-118.3046384,34.018343],[-118.3046396,34.018271]]]},"id":"WB-681"},{"type":"Feature","properties":{"bin":682,"direction":"westbound","start_m":17050,"end_m":17075,"median_score":0.788,"hot_fraction":0.0,"recordings":3,"rides_rough":0,"rides_covering":1,"location_precision":"approximate corridor location; physical track not resolved"},"geometry":{"type":"Polygon","coordinates":[[[-118.3049104,34.0182739],[-118.3051814,34.0182759],[-118.3051806,34.0183481],[-118.3049096,34.0183461],[-118.3049104,34.0182739]]]},"id":"WB-682"},{"type":"Feature","properties":{"bin":683,"direction":"westbound","start_m":17075,"end_m":17100,"median_score":0.81,"hot_fraction":0.0,"recordings":3,"rides_rough":0,"rides_covering":1,"location_precision":"approximate corridor location; physical track not resolved"},"geometry":{"type":"Polygon","coordinates":[[[-118.3051816,34.018276],[-118.3054526,34.018279],[-118.3054514,34.018351],[-118.3051804,34.018348],[-118.3051816,34.018276]]]},"id":"WB-683"},{"type":"Feature","properties":{"bin":684,"direction":"westbound","start_m":17100,"end_m":17125,"median_score":1.088,"hot_fraction":0.0,"recordings":3,"rides_rough":0,"rides_covering":1,"location_precision":"approximate corridor location; physical track not resolved"},"geometry":{"type":"Polygon","coordinates":[[[-118.3054525,34.018279],[-118.3055514,34.0182799],[-118.3057233,34.0182809],[-118.3057227,34.0183531],[-118.3055506,34.0183521],[-118.3054515,34.018351],[-118.3054525,34.018279]]]},"id":"WB-684"},{"type":"Feature","properties":{"bin":685,"direction":"westbound","start_m":17125,"end_m":17150,"median_score":0.963,"hot_fraction":0.0,"recordings":5,"rides_rough":0,"rides_covering":2,"location_precision":"approximate corridor location; physical track not resolved"},"geometry":{"type":"Polygon","coordinates":[[[-118.3057234,34.0182809],[-118.3059944,34.0182829],[-118.3059936,34.0183551],[-118.3057226,34.0183531],[-118.3057234,34.0182809]]]},"id":"WB-685"},{"type":"Feature","properties":{"bin":686,"direction":"westbound","start_m":17150,"end_m":17175,"median_score":1.175,"hot_fraction":0.0,"recordings":6,"rides_rough":0,"rides_covering":2,"location_precision":"approximate corridor location; physical track not resolved"},"geometry":{"type":"Polygon","coordinates":[[[-118.3059944,34.0182829],[-118.3062654,34.0182849],[-118.3062646,34.0183571],[-118.3059936,34.0183551],[-118.3059944,34.0182829]]]},"id":"WB-686"},{"type":"Feature","properties":{"bin":687,"direction":"westbound","start_m":17175,"end_m":17200,"median_score":0.68,"hot_fraction":0.0,"recordings":6,"rides_rough":0,"rides_covering":2,"location_precision":"approximate corridor location; physical track not resolved"},"geometry":{"type":"Polygon","coordinates":[[[-118.3062652,34.0182849],[-118.3064804,34.0182859],[-118.3065369,34.018287],[-118.3065351,34.018359],[-118.3064796,34.0183581],[-118.3062648,34.0183571],[-118.3062652,34.0182849]]]},"id":"WB-687"},{"type":"Feature","properties":{"bin":688,"direction":"westbound","start_m":17200,"end_m":17225,"median_score":2.231,"hot_fraction":1.0,"recordings":5,"rides_rough":2,"rides_covering":2,"location_precision":"approximate corridor location; physical track not resolved"},"geometry":{"type":"Polygon","coordinates":[[[-118.3065364,34.0182869],[-118.3068074,34.0182889],[-118.3068066,34.0183611],[-118.3065356,34.0183591],[-118.3065364,34.0182869]]]},"id":"WB-688"},{"type":"Feature","properties":{"bin":689,"direction":"westbound","start_m":17225,"end_m":17250,"median_score":1.601,"hot_fraction":0.0,"recordings":4,"rides_rough":0,"rides_covering":2,"location_precision":"approximate corridor location; physical track not resolved"},"geometry":{"type":"Polygon","coordinates":[[[-118.3068076,34.018289],[-118.3070786,34.018292],[-118.3070774,34.018364],[-118.3068064,34.018361],[-118.3068076,34.018289]]]},"id":"WB-689"},{"type":"Feature","properties":{"bin":690,"direction":"westbound","start_m":17250,"end_m":17275,"median_score":1.19,"hot_fraction":0.0,"recordings":2,"rides_rough":0,"rides_covering":1,"location_precision":"approximate corridor location; physical track not resolved"},"geometry":{"type":"Polygon","coordinates":[[[-118.3070786,34.018292],[-118.3072666,34.018294],[-118.3073496,34.018295],[-118.3073484,34.018367],[-118.3072654,34.018366],[-118.3070774,34.018364],[-118.3070786,34.018292]]]},"id":"WB-690"},{"type":"Feature","properties":{"bin":691,"direction":"westbound","start_m":17275,"end_m":17300,"median_score":1.832,"hot_fraction":1.0,"recordings":2,"rides_rough":1,"rides_covering":1,"location_precision":"approximate corridor location; physical track not resolved"},"geometry":{"type":"Polygon","coordinates":[[[-118.3073494,34.0182949],[-118.3076204,34.0182969],[-118.3076196,34.0183691],[-118.3073486,34.0183671],[-118.3073494,34.0182949]]]},"id":"WB-691"},{"type":"Feature","properties":{"bin":692,"direction":"westbound","start_m":17300,"end_m":17325,"median_score":0.631,"hot_fraction":0.0,"recordings":3,"rides_rough":0,"rides_covering":1,"location_precision":"approximate corridor location; physical track not resolved"},"geometry":{"type":"Polygon","coordinates":[[[-118.3076204,34.0182969],[-118.3078914,34.0182989],[-118.3078906,34.0183711],[-118.3076196,34.0183691],[-118.3076204,34.0182969]]]},"id":"WB-692"},{"type":"Feature","properties":{"bin":693,"direction":"westbound","start_m":17325,"end_m":17350,"median_score":0.585,"hot_fraction":0.0,"recordings":3,"rides_rough":0,"rides_covering":2,"location_precision":"approximate corridor location; physical track not resolved"},"geometry":{"type":"Polygon","coordinates":[[[-118.307891,34.0182989],[-118.3079106,34.018299],[-118.3081626,34.018302],[-118.3081614,34.018374],[-118.3079094,34.018371],[-118.307891,34.0183711],[-118.307891,34.0182989]]]},"id":"WB-693"},{"type":"Feature","properties":{"bin":694,"direction":"westbound","start_m":17350,"end_m":17375,"median_score":0.733,"hot_fraction":0.0,"recordings":1,"rides_rough":0,"rides_covering":1,"location_precision":"approximate corridor location; physical track not resolved"},"geometry":{"type":"Polygon","coordinates":[[[-118.3081626,34.018302],[-118.3084336,34.018305],[-118.3084324,34.018377],[-118.3081614,34.018374],[-118.3081626,34.018302]]]},"id":"WB-694"},{"type":"Feature","properties":{"bin":699,"direction":"westbound","start_m":17475,"end_m":17500,"median_score":1.058,"hot_fraction":0.0,"recordings":2,"rides_rough":0,"rides_covering":1,"location_precision":"approximate corridor location; physical track not resolved"},"geometry":{"type":"Polygon","coordinates":[[[-118.3095174,34.0183129],[-118.3097884,34.0183149],[-118.3097876,34.0183871],[-118.3095166,34.0183851],[-118.3095174,34.0183129]]]},"id":"WB-699"},{"type":"Feature","properties":{"bin":700,"direction":"westbound","start_m":17500,"end_m":17525,"median_score":1.025,"hot_fraction":0.0,"recordings":3,"rides_rough":0,"rides_covering":1,"location_precision":"approximate corridor location; physical track not resolved"},"geometry":{"type":"Polygon","coordinates":[[[-118.3097883,34.0183149],[-118.3099486,34.018316],[-118.3100599,34.018318],[-118.3100581,34.01839],[-118.3099474,34.018388],[-118.3097877,34.0183871],[-118.3097883,34.0183149]]]},"id":"WB-700"},{"type":"Feature","properties":{"bin":701,"direction":"westbound","start_m":17525,"end_m":17550,"median_score":0.808,"hot_fraction":0.0,"recordings":1,"rides_rough":0,"rides_covering":1,"location_precision":"approximate corridor location; physical track not resolved"},"geometry":{"type":"Polygon","coordinates":[[[-118.3100602,34.018318],[-118.3103302,34.018324],[-118.3103278,34.018396],[-118.3100578,34.01839],[-118.3100602,34.018318]]]},"id":"WB-701"},{"type":"Feature","properties":{"bin":706,"direction":"westbound","start_m":17650,"end_m":17675,"median_score":1.08,"hot_fraction":0.0,"recordings":2,"rides_rough":0,"rides_covering":2,"location_precision":"approximate corridor location; physical track not resolved"},"geometry":{"type":"Polygon","coordinates":[[[-118.3114141,34.018348],[-118.311645,34.018353],[-118.311684,34.0183529],[-118.311684,34.0184251],[-118.311643,34.018425],[-118.3114119,34.01842],[-118.3114141,34.018348]]]},"id":"WB-706"},{"type":"Feature","properties":{"bin":707,"direction":"westbound","start_m":17675,"end_m":17700,"median_score":1.089,"hot_fraction":0.0,"recordings":3,"rides_rough":0,"rides_covering":2,"location_precision":"approximate corridor location; physical track not resolved"},"geometry":{"type":"Polygon","coordinates":[[[-118.311684,34.0183529],[-118.311955,34.0183529],[-118.311955,34.0184251],[-118.311684,34.0184251],[-118.311684,34.0183529]]]},"id":"WB-707"},{"type":"Feature","properties":{"bin":708,"direction":"westbound","start_m":17700,"end_m":17725,"median_score":0.893,"hot_fraction":0.0,"recordings":4,"rides_rough":0,"rides_covering":2,"location_precision":"approximate corridor location; physical track not resolved"},"geometry":{"type":"Polygon","coordinates":[[[-118.3119548,34.0183529],[-118.3122258,34.0183519],[-118.3122262,34.0184241],[-118.3119552,34.0184251],[-118.3119548,34.0183529]]]},"id":"WB-708"},{"type":"Feature","properties":{"bin":709,"direction":"westbound","start_m":17725,"end_m":17750,"median_score":1.302,"hot_fraction":0.0,"recordings":5,"rides_rough":0,"rides_covering":2,"location_precision":"approximate corridor location; physical track not resolved"},"geometry":{"type":"Polygon","coordinates":[[[-118.312226,34.0183519],[-118.31236,34.0183519],[-118.312497,34.0183519],[-118.312497,34.0184241],[-118.31236,34.0184241],[-118.312226,34.0184241],[-118.312226,34.0183519]]]},"id":"WB-709"},{"type":"Feature","properties":{"bin":710,"direction":"westbound","start_m":17750,"end_m":17775,"median_score":1.468,"hot_fraction":0.5,"recordings":6,"rides_rough":1,"rides_covering":2,"location_precision":"approximate corridor location; physical track not resolved"},"geometry":{"type":"Polygon","coordinates":[[[-118.3124972,34.0183519],[-118.3127682,34.0183529],[-118.3127678,34.0184251],[-118.3124968,34.0184241],[-118.3124972,34.0183519]]]},"id":"WB-710"},{"type":"Feature","properties":{"bin":711,"direction":"westbound","start_m":17775,"end_m":17800,"median_score":1.392,"hot_fraction":0.0,"recordings":4,"rides_rough":0,"rides_covering":2,"location_precision":"approximate corridor location; physical track not resolved"},"geometry":{"type":"Polygon","coordinates":[[[-118.312768,34.0183529],[-118.313039,34.0183529],[-118.313039,34.0184251],[-118.312768,34.0184251],[-118.312768,34.0183529]]]},"id":"WB-711"},{"type":"Feature","properties":{"bin":712,"direction":"westbound","start_m":17800,"end_m":17825,"median_score":0.716,"hot_fraction":0.0,"recordings":3,"rides_rough":0,"rides_covering":1,"location_precision":"approximate corridor location; physical track not resolved"},"geometry":{"type":"Polygon","coordinates":[[[-118.313039,34.0183529],[-118.3130858,34.018353],[-118.3133109,34.018357],[-118.3133091,34.018429],[-118.3130842,34.018425],[-118.313039,34.0184251],[-118.313039,34.0183529]]]},"id":"WB-712"},{"type":"Feature","properties":{"bin":713,"direction":"westbound","start_m":17825,"end_m":17850,"median_score":1.055,"hot_fraction":0.0,"recordings":1,"rides_rough":0,"rides_covering":1,"location_precision":"approximate corridor location; physical track not resolved"},"geometry":{"type":"Polygon","coordinates":[[[-118.31331,34.0183569],[-118.313342,34.018357],[-118.3135821,34.018362],[-118.3135799,34.018434],[-118.31334,34.018429],[-118.31331,34.0184291],[-118.31331,34.0183569]]]},"id":"WB-713"},{"type":"Feature","properties":{"bin":715,"direction":"westbound","start_m":17875,"end_m":17900,"median_score":2.14,"hot_fraction":1.0,"recordings":3,"rides_rough":2,"rides_covering":2,"location_precision":"approximate corridor location; physical track not resolved"},"geometry":{"type":"Polygon","coordinates":[[[-118.313853,34.018367],[-118.314123,34.018372],[-118.314121,34.018444],[-118.313851,34.018439],[-118.313853,34.018367]]]},"id":"WB-715"},{"type":"Feature","properties":{"bin":716,"direction":"westbound","start_m":17900,"end_m":17925,"median_score":2.078,"hot_fraction":1.0,"recordings":1,"rides_rough":1,"rides_covering":1,"location_precision":"approximate corridor location; physical track not resolved"},"geometry":{"type":"Polygon","coordinates":[[[-118.314123,34.018372],[-118.314394,34.018377],[-118.314392,34.018449],[-118.314121,34.018444],[-118.314123,34.018372]]]},"id":"WB-716"},{"type":"Feature","properties":{"bin":719,"direction":"westbound","start_m":17975,"end_m":18000,"median_score":1.101,"hot_fraction":0.0,"recordings":1,"rides_rough":0,"rides_covering":1,"location_precision":"approximate corridor location; physical track not resolved"},"geometry":{"type":"Polygon","coordinates":[[[-118.3149373,34.018397],[-118.3149837,34.018399],[-118.3152078,34.018411],[-118.3152022,34.018483],[-118.3149783,34.018471],[-118.3149327,34.018469],[-118.3149373,34.018397]]]},"id":"WB-719"},{"type":"Feature","properties":{"bin":720,"direction":"westbound","start_m":18000,"end_m":18025,"median_score":1.109,"hot_fraction":0.0,"recordings":1,"rides_rough":0,"rides_covering":1,"location_precision":"approximate corridor location; physical track not resolved"},"geometry":{"type":"Polygon","coordinates":[[[-118.3152079,34.018411],[-118.3152274,34.0184121],[-118.3154795,34.0184341],[-118.3154705,34.0185059],[-118.3152186,34.0184839],[-118.3152021,34.018483],[-118.3152079,34.018411]]]},"id":"WB-720"},{"type":"Feature","properties":{"bin":724,"direction":"westbound","start_m":18100,"end_m":18125,"median_score":1.644,"hot_fraction":1.0,"recordings":2,"rides_rough":1,"rides_covering":1,"location_precision":"approximate corridor location; physical track not resolved"},"geometry":{"type":"Polygon","coordinates":[[[-118.3162857,34.0185385],[-118.3165527,34.0185785],[-118.3165373,34.0186495],[-118.3162703,34.0186095],[-118.3162857,34.0185385]]]},"id":"WB-724"},{"type":"Feature","properties":{"bin":725,"direction":"westbound","start_m":18125,"end_m":18150,"median_score":1.791,"hot_fraction":1.0,"recordings":3,"rides_rough":1,"rides_covering":1,"location_precision":"approximate corridor location; physical track not resolved"},"geometry":{"type":"Polygon","coordinates":[[[-118.3165527,34.0185785],[-118.3168187,34.0186185],[-118.3168033,34.0186895],[-118.3165373,34.0186495],[-118.3165527,34.0185785]]]},"id":"WB-725"},{"type":"Feature","properties":{"bin":726,"direction":"westbound","start_m":18150,"end_m":18175,"median_score":1.202,"hot_fraction":0.5,"recordings":4,"rides_rough":1,"rides_covering":2,"location_precision":"approximate corridor location; physical track not resolved"},"geometry":{"type":"Polygon","coordinates":[[[-118.3168181,34.0186184],[-118.3168551,34.0186236],[-118.3170862,34.0186606],[-118.3170698,34.0187314],[-118.3168389,34.0186944],[-118.3168039,34.0186896],[-118.3168181,34.0186184]]]},"id":"WB-726"},{"type":"Feature","properties":{"bin":727,"direction":"westbound","start_m":18175,"end_m":18200,"median_score":1.204,"hot_fraction":0.5,"recordings":5,"rides_rough":1,"rides_covering":2,"location_precision":"approximate corridor location; physical track not resolved"},"geometry":{"type":"Polygon","coordinates":[[[-118.3170861,34.0186606],[-118.3171997,34.0186785],[-118.3173514,34.0187005],[-118.3173366,34.0187715],[-118.3171843,34.0187495],[-118.3170699,34.0187314],[-118.3170861,34.0186606]]]},"id":"WB-727"},{"type":"Feature","properties":{"bin":728,"direction":"westbound","start_m":18200,"end_m":18225,"median_score":1.73,"hot_fraction":0.5,"recordings":3,"rides_rough":1,"rides_covering":2,"location_precision":"approximate corridor location; physical track not resolved"},"geometry":{"type":"Polygon","coordinates":[[[-118.3173515,34.0187005],[-118.3174961,34.0187216],[-118.3176188,34.0187427],[-118.3176012,34.0188133],[-118.3174799,34.0187924],[-118.3173365,34.0187715],[-118.3173515,34.0187005]]]},"id":"WB-728"},{"type":"Feature","properties":{"bin":729,"direction":"westbound","start_m":18225,"end_m":18250,"median_score":1.069,"hot_fraction":0.0,"recordings":3,"rides_rough":0,"rides_covering":1,"location_precision":"approximate corridor location; physical track not resolved"},"geometry":{"type":"Polygon","coordinates":[[[-118.3176186,34.0187427],[-118.3178028,34.0187737],[-118.3178853,34.0187888],[-118.3178667,34.0188592],[-118.3177852,34.0188443],[-118.3176014,34.0188133],[-118.3176186,34.0187427]]]},"id":"WB-729"},{"type":"Feature","properties":{"bin":730,"direction":"westbound","start_m":18250,"end_m":18275,"median_score":0.979,"hot_fraction":0.0,"recordings":3,"rides_rough":0,"rides_covering":1,"location_precision":"approximate corridor location; physical track not resolved"},"geometry":{"type":"Polygon","coordinates":[[[-118.3178853,34.0187888],[-118.3181493,34.0188368],[-118.3181307,34.0189072],[-118.3178667,34.0188592],[-118.3178853,34.0187888]]]},"id":"WB-730"},{"type":"Feature","properties":{"bin":731,"direction":"westbound","start_m":18275,"end_m":18300,"median_score":0.957,"hot_fraction":0.0,"recordings":3,"rides_rough":0,"rides_covering":1,"location_precision":"approximate corridor location; physical track not resolved"},"geometry":{"type":"Polygon","coordinates":[[[-118.3181492,34.0188368],[-118.3184142,34.0188848],[-118.3183958,34.0189552],[-118.3181308,34.0189072],[-118.3181492,34.0188368]]]},"id":"WB-731"},{"type":"Feature","properties":{"bin":732,"direction":"westbound","start_m":18300,"end_m":18325,"median_score":0.783,"hot_fraction":0.0,"recordings":3,"rides_rough":0,"rides_covering":1,"location_precision":"approximate corridor location; physical track not resolved"},"geometry":{"type":"Polygon","coordinates":[[[-118.3184142,34.0188848],[-118.3186792,34.0189328],[-118.3186608,34.0190032],[-118.3183958,34.0189552],[-118.3184142,34.0188848]]]},"id":"WB-732"},{"type":"Feature","properties":{"bin":733,"direction":"westbound","start_m":18325,"end_m":18350,"median_score":0.817,"hot_fraction":0.0,"recordings":3,"rides_rough":0,"rides_covering":1,"location_precision":"approximate corridor location; physical track not resolved"},"geometry":{"type":"Polygon","coordinates":[[[-118.3186792,34.0189328],[-118.3188794,34.0189688],[-118.3189443,34.018982],[-118.3189237,34.019052],[-118.3188606,34.0190392],[-118.3186608,34.0190032],[-118.3186792,34.0189328]]]},"id":"WB-733"},{"type":"Feature","properties":{"bin":734,"direction":"westbound","start_m":18350,"end_m":18375,"median_score":0.988,"hot_fraction":0.0,"recordings":5,"rides_rough":0,"rides_covering":2,"location_precision":"approximate corridor location; physical track not resolved"},"geometry":{"type":"Polygon","coordinates":[[[-118.3189438,34.0189819],[-118.3190019,34.0189931],[-118.3192082,34.0190392],[-118.3191858,34.0191088],[-118.3189801,34.0190629],[-118.3189242,34.0190521],[-118.3189438,34.0189819]]]},"id":"WB-734"},{"type":"Feature","properties":{"bin":735,"direction":"westbound","start_m":18375,"end_m":18400,"median_score":0.866,"hot_fraction":0.0,"recordings":6,"rides_rough":0,"rides_covering":2,"location_precision":"approximate corridor location; physical track not resolved"},"geometry":{"type":"Polygon","coordinates":[[[-118.3192082,34.0190392],[-118.3194692,34.0190972],[-118.3194468,34.0191668],[-118.3191858,34.0191088],[-118.3192082,34.0190392]]]},"id":"WB-735"},{"type":"Feature","properties":{"bin":736,"direction":"westbound","start_m":18400,"end_m":18425,"median_score":1.075,"hot_fraction":0.0,"recordings":6,"rides_rough":0,"rides_covering":2,"location_precision":"approximate corridor location; physical track not resolved"},"geometry":{"type":"Polygon","coordinates":[[[-118.3194692,34.0190972],[-118.3197312,34.0191552],[-118.3197088,34.0192248],[-118.3194468,34.0191668],[-118.3194692,34.0190972]]]},"id":"WB-736"},{"type":"Feature","properties":{"bin":737,"direction":"westbound","start_m":18425,"end_m":18450,"median_score":0.773,"hot_fraction":0.0,"recordings":6,"rides_rough":0,"rides_covering":2,"location_precision":"approximate corridor location; physical track not resolved"},"geometry":{"type":"Polygon","coordinates":[[[-118.3197312,34.0191552],[-118.3199932,34.0192132],[-118.3199708,34.0192828],[-118.3197088,34.0192248],[-118.3197312,34.0191552]]]},"id":"WB-737"},{"type":"Feature","properties":{"bin":738,"direction":"westbound","start_m":18450,"end_m":18475,"median_score":0.824,"hot_fraction":0.0,"recordings":6,"rides_rough":0,"rides_covering":2,"location_precision":"approximate corridor location; physical track not resolved"},"geometry":{"type":"Polygon","coordinates":[[[-118.3199932,34.0192132],[-118.3201863,34.0192562],[-118.3202556,34.0192723],[-118.3202324,34.0193417],[-118.3201637,34.0193258],[-118.3199708,34.0192828],[-118.3199932,34.0192132]]]},"id":"WB-738"},{"type":"Feature","properties":{"bin":739,"direction":"westbound","start_m":18475,"end_m":18500,"median_score":0.706,"hot_fraction":0.0,"recordings":6,"rides_rough":0,"rides_covering":2,"location_precision":"approximate corridor location; physical track not resolved"},"geometry":{"type":"Polygon","coordinates":[[[-118.3202561,34.0192724],[-118.3205161,34.0193354],[-118.3204919,34.0194046],[-118.3202319,34.0193416],[-118.3202561,34.0192724]]]},"id":"WB-739"},{"type":"Feature","properties":{"bin":740,"direction":"westbound","start_m":18500,"end_m":18525,"median_score":0.583,"hot_fraction":0.0,"recordings":6,"rides_rough":0,"rides_covering":2,"location_precision":"approximate corridor location; physical track not resolved"},"geometry":{"type":"Polygon","coordinates":[[[-118.3205159,34.0193353],[-118.320684,34.0193753],[-118.320776,34.0193974],[-118.320752,34.0194666],[-118.32066,34.0194447],[-118.3204921,34.0194047],[-118.3205159,34.0193353]]]},"id":"WB-740"},{"type":"Feature","properties":{"bin":741,"direction":"westbound","start_m":18525,"end_m":18550,"median_score":0.678,"hot_fraction":0.0,"recordings":6,"rides_rough":0,"rides_covering":2,"location_precision":"approximate corridor location; physical track not resolved"},"geometry":{"type":"Polygon","coordinates":[[[-118.3207761,34.0193974],[-118.3210371,34.0194604],[-118.3210129,34.0195296],[-118.3207519,34.0194666],[-118.3207761,34.0193974]]]},"id":"WB-741"},{"type":"Feature","properties":{"bin":742,"direction":"westbound","start_m":18550,"end_m":18575,"median_score":0.881,"hot_fraction":0.0,"recordings":6,"rides_rough":0,"rides_covering":2,"location_precision":"approximate corridor location; physical track not resolved"},"geometry":{"type":"Polygon","coordinates":[[[-118.321037,34.0194603],[-118.321297,34.0195223],[-118.321273,34.0195917],[-118.321013,34.0195297],[-118.321037,34.0194603]]]},"id":"WB-742"},{"type":"Feature","properties":{"bin":743,"direction":"westbound","start_m":18575,"end_m":18600,"median_score":0.801,"hot_fraction":0.0,"recordings":6,"rides_rough":0,"rides_covering":2,"location_precision":"approximate corridor location; physical track not resolved"},"geometry":{"type":"Polygon","coordinates":[[[-118.3212971,34.0195224],[-118.3215571,34.0195854],[-118.3215329,34.0196546],[-118.3212729,34.0195916],[-118.3212971,34.0195224]]]},"id":"WB-743"},{"type":"Feature","properties":{"bin":744,"direction":"westbound","start_m":18600,"end_m":18625,"median_score":0.62,"hot_fraction":0.0,"recordings":6,"rides_rough":0,"rides_covering":2,"location_precision":"approximate corridor location; physical track not resolved"},"geometry":{"type":"Polygon","coordinates":[[[-118.321557,34.0195854],[-118.3216357,34.0196043],[-118.3218176,34.0196463],[-118.3217944,34.0197157],[-118.3216123,34.0196737],[-118.321533,34.0196546],[-118.321557,34.0195854]]]},"id":"WB-744"},{"type":"Feature","properties":{"bin":745,"direction":"westbound","start_m":18625,"end_m":18650,"median_score":0.764,"hot_fraction":0.0,"recordings":4,"rides_rough":0,"rides_covering":2,"location_precision":"approximate corridor location; physical track not resolved"},"geometry":{"type":"Polygon","coordinates":[[[-118.3218177,34.0196463],[-118.3220787,34.0197073],[-118.3220553,34.0197767],[-118.3217943,34.0197157],[-118.3218177,34.0196463]]]},"id":"WB-745"},{"type":"Feature","properties":{"bin":746,"direction":"westbound","start_m":18650,"end_m":18675,"median_score":1.149,"hot_fraction":0.0,"recordings":3,"rides_rough":0,"rides_covering":1,"location_precision":"approximate corridor location; physical track not resolved"},"geometry":{"type":"Polygon","coordinates":[[[-118.3220787,34.0197073],[-118.3223397,34.0197683],[-118.3223163,34.0198377],[-118.3220553,34.0197767],[-118.3220787,34.0197073]]]},"id":"WB-746"},{"type":"Feature","properties":{"bin":747,"direction":"westbound","start_m":18675,"end_m":18700,"median_score":0.638,"hot_fraction":0.0,"recordings":2,"rides_rough":0,"rides_covering":1,"location_precision":"approximate corridor location; physical track not resolved"},"geometry":{"type":"Polygon","coordinates":[[[-118.3223396,34.0197683],[-118.3226006,34.0198283],[-118.3225774,34.0198977],[-118.3223164,34.0198377],[-118.3223396,34.0197683]]]},"id":"WB-747"},{"type":"Feature","properties":{"bin":748,"direction":"westbound","start_m":18700,"end_m":18725,"median_score":1.243,"hot_fraction":0.5,"recordings":5,"rides_rough":1,"rides_covering":2,"location_precision":"approximate corridor location; physical track not resolved"},"geometry":{"type":"Polygon","coordinates":[[[-118.3226008,34.0198283],[-118.3228527,34.0198873],[-118.3228612,34.0198892],[-118.3228388,34.0199588],[-118.3228293,34.0199567],[-118.3225772,34.0198977],[-118.3226008,34.0198283]]]},"id":"WB-748"},{"type":"Feature","properties":{"bin":749,"direction":"westbound","start_m":18725,"end_m":18750,"median_score":1.175,"hot_fraction":0.5,"recordings":4,"rides_rough":1,"rides_covering":2,"location_precision":"approximate corridor location; physical track not resolved"},"geometry":{"type":"Polygon","coordinates":[[[-118.3228617,34.0198893],[-118.3231227,34.0199503],[-118.3230993,34.0200197],[-118.3228383,34.0199587],[-118.3228617,34.0198893]]]},"id":"WB-749"},{"type":"Feature","properties":{"bin":750,"direction":"westbound","start_m":18750,"end_m":18775,"median_score":1.152,"hot_fraction":0.0,"recordings":4,"rides_rough":0,"rides_covering":2,"location_precision":"approximate corridor location; physical track not resolved"},"geometry":{"type":"Polygon","coordinates":[[[-118.3231226,34.0199503],[-118.3233836,34.0200103],[-118.3233604,34.0200797],[-118.3230994,34.0200197],[-118.3231226,34.0199503]]]},"id":"WB-750"},{"type":"Feature","properties":{"bin":751,"direction":"westbound","start_m":18775,"end_m":18800,"median_score":1.039,"hot_fraction":0.0,"recordings":6,"rides_rough":0,"rides_covering":2,"location_precision":"approximate corridor location; physical track not resolved"},"geometry":{"type":"Polygon","coordinates":[[[-118.3233837,34.0200103],[-118.3236447,34.0200713],[-118.3236213,34.0201407],[-118.3233603,34.0200797],[-118.3233837,34.0200103]]]},"id":"WB-751"},{"type":"Feature","properties":{"bin":752,"direction":"westbound","start_m":18800,"end_m":18825,"median_score":1.123,"hot_fraction":0.0,"recordings":6,"rides_rough":0,"rides_covering":2,"location_precision":"approximate corridor location; physical track not resolved"},"geometry":{"type":"Polygon","coordinates":[[[-118.3236447,34.0200713],[-118.3239057,34.0201323],[-118.3238823,34.0202017],[-118.3236213,34.0201407],[-118.3236447,34.0200713]]]},"id":"WB-752"},{"type":"Feature","properties":{"bin":753,"direction":"westbound","start_m":18825,"end_m":18850,"median_score":1.142,"hot_fraction":0.0,"recordings":4,"rides_rough":0,"rides_covering":2,"location_precision":"approximate corridor location; physical track not resolved"},"geometry":{"type":"Polygon","coordinates":[[[-118.3239056,34.0201323],[-118.3241666,34.0201923],[-118.3241434,34.0202617],[-118.3238824,34.0202017],[-118.3239056,34.0201323]]]},"id":"WB-753"},{"type":"Feature","properties":{"bin":754,"direction":"westbound","start_m":18850,"end_m":18875,"median_score":0.978,"hot_fraction":0.0,"recordings":6,"rides_rough":0,"rides_covering":2,"location_precision":"approximate corridor location; physical track not resolved"},"geometry":{"type":"Polygon","coordinates":[[[-118.3241667,34.0201923],[-118.3243847,34.0202433],[-118.3244277,34.0202533],[-118.3244043,34.0203227],[-118.3243613,34.0203127],[-118.3241433,34.0202617],[-118.3241667,34.0201923]]]},"id":"WB-754"},{"type":"Feature","properties":{"bin":755,"direction":"westbound","start_m":18875,"end_m":18900,"median_score":1.043,"hot_fraction":0.0,"recordings":6,"rides_rough":0,"rides_covering":2,"location_precision":"approximate corridor location; physical track not resolved"},"geometry":{"type":"Polygon","coordinates":[[[-118.3244277,34.0202533],[-118.3246887,34.0203143],[-118.3246653,34.0203837],[-118.3244043,34.0203227],[-118.3244277,34.0202533]]]},"id":"WB-755"},{"type":"Feature","properties":{"bin":756,"direction":"westbound","start_m":18900,"end_m":18925,"median_score":0.875,"hot_fraction":0.0,"recordings":6,"rides_rough":0,"rides_covering":2,"location_precision":"approximate corridor location; physical track not resolved"},"geometry":{"type":"Polygon","coordinates":[[[-118.3246888,34.0203143],[-118.3249488,34.0203753],[-118.3249252,34.0204447],[-118.3246652,34.0203837],[-118.3246888,34.0203143]]]},"id":"WB-756"},{"type":"Feature","properties":{"bin":757,"direction":"westbound","start_m":18925,"end_m":18950,"median_score":0.84,"hot_fraction":0.0,"recordings":6,"rides_rough":0,"rides_covering":2,"location_precision":"approximate corridor location; physical track not resolved"},"geometry":{"type":"Polygon","coordinates":[[[-118.3249487,34.0203753],[-118.3252097,34.0204363],[-118.3251863,34.0205057],[-118.3249253,34.0204447],[-118.3249487,34.0203753]]]},"id":"WB-757"},{"type":"Feature","properties":{"bin":758,"direction":"westbound","start_m":18950,"end_m":18975,"median_score":0.818,"hot_fraction":0.0,"recordings":6,"rides_rough":0,"rides_covering":2,"location_precision":"approximate corridor location; physical track not resolved"},"geometry":{"type":"Polygon","coordinates":[[[-118.3252099,34.0204363],[-118.3253487,34.0204693],[-118.3254705,34.0204972],[-118.3254475,34.0205668],[-118.3253253,34.0205387],[-118.3251861,34.0205057],[-118.3252099,34.0204363]]]},"id":"WB-758"},{"type":"Feature","properties":{"bin":759,"direction":"westbound","start_m":18975,"end_m":19000,"median_score":0.919,"hot_fraction":0.0,"recordings":6,"rides_rough":0,"rides_covering":2,"location_precision":"approximate corridor location; physical track not resolved"},"geometry":{"type":"Polygon","coordinates":[[[-118.3254707,34.0204973],[-118.3257317,34.0205583],[-118.3257083,34.0206277],[-118.3254473,34.0205667],[-118.3254707,34.0204973]]]},"id":"WB-759"},{"type":"Feature","properties":{"bin":760,"direction":"westbound","start_m":19000,"end_m":19025,"median_score":0.791,"hot_fraction":0.0,"recordings":6,"rides_rough":0,"rides_covering":2,"location_precision":"approximate corridor location; physical track not resolved"},"geometry":{"type":"Polygon","coordinates":[[[-118.3257316,34.0205583],[-118.3259926,34.0206183],[-118.3259694,34.0206877],[-118.3257084,34.0206277],[-118.3257316,34.0205583]]]},"id":"WB-760"},{"type":"Feature","properties":{"bin":761,"direction":"westbound","start_m":19025,"end_m":19050,"median_score":0.765,"hot_fraction":0.0,"recordings":5,"rides_rough":0,"rides_covering":2,"location_precision":"approximate corridor location; physical track not resolved"},"geometry":{"type":"Polygon","coordinates":[[[-118.3259927,34.0206183],[-118.3262537,34.0206793],[-118.3262303,34.0207487],[-118.3259693,34.0206877],[-118.3259927,34.0206183]]]},"id":"WB-761"},{"type":"Feature","properties":{"bin":762,"direction":"westbound","start_m":19050,"end_m":19075,"median_score":0.778,"hot_fraction":0.0,"recordings":6,"rides_rough":0,"rides_covering":2,"location_precision":"approximate corridor location; physical track not resolved"},"geometry":{"type":"Polygon","coordinates":[[[-118.3262529,34.0206791],[-118.3262906,34.0206873],[-118.3265147,34.0207393],[-118.3264913,34.0208087],[-118.3262674,34.0207567],[-118.3262311,34.0207489],[-118.3262529,34.0206791]]]},"id":"WB-762"},{"type":"Feature","properties":{"bin":763,"direction":"westbound","start_m":19075,"end_m":19100,"median_score":1.396,"hot_fraction":0.0,"recordings":4,"rides_rough":0,"rides_covering":2,"location_precision":"approximate corridor location; physical track not resolved"},"geometry":{"type":"Polygon","coordinates":[[[-118.3265147,34.0207393],[-118.3267757,34.0208003],[-118.3267523,34.0208697],[-118.3264913,34.0208087],[-118.3265147,34.0207393]]]},"id":"WB-763"},{"type":"Feature","properties":{"bin":764,"direction":"westbound","start_m":19100,"end_m":19125,"median_score":1.056,"hot_fraction":0.0,"recordings":4,"rides_rough":0,"rides_covering":2,"location_precision":"approximate corridor location; physical track not resolved"},"geometry":{"type":"Polygon","coordinates":[[[-118.3267756,34.0208003],[-118.3270366,34.0208603],[-118.3270134,34.0209297],[-118.3267524,34.0208697],[-118.3267756,34.0208003]]]},"id":"WB-764"},{"type":"Feature","properties":{"bin":765,"direction":"westbound","start_m":19125,"end_m":19150,"median_score":1.003,"hot_fraction":0.0,"recordings":5,"rides_rough":0,"rides_covering":2,"location_precision":"approximate corridor location; physical track not resolved"},"geometry":{"type":"Polygon","coordinates":[[[-118.3270368,34.0208603],[-118.3271257,34.0208813],[-118.3272977,34.0209213],[-118.3272743,34.0209907],[-118.3271023,34.0209507],[-118.3270132,34.0209297],[-118.3270368,34.0208603]]]},"id":"WB-765"},{"type":"Feature","properties":{"bin":766,"direction":"westbound","start_m":19150,"end_m":19175,"median_score":0.894,"hot_fraction":0.0,"recordings":6,"rides_rough":0,"rides_covering":2,"location_precision":"approximate corridor location; physical track not resolved"},"geometry":{"type":"Polygon","coordinates":[[[-118.3272979,34.0209213],[-118.3275589,34.0209833],[-118.3275351,34.0210527],[-118.3272741,34.0209907],[-118.3272979,34.0209213]]]},"id":"WB-766"},{"type":"Feature","properties":{"bin":767,"direction":"westbound","start_m":19175,"end_m":19200,"median_score":0.85,"hot_fraction":0.0,"recordings":6,"rides_rough":0,"rides_covering":2,"location_precision":"approximate corridor location; physical track not resolved"},"geometry":{"type":"Polygon","coordinates":[[[-118.3275587,34.0209833],[-118.3278197,34.0210443],[-118.3277963,34.0211137],[-118.3275353,34.0210527],[-118.3275587,34.0209833]]]},"id":"WB-767"},{"type":"Feature","properties":{"bin":768,"direction":"westbound","start_m":19200,"end_m":19225,"median_score":0.823,"hot_fraction":0.0,"recordings":6,"rides_rough":0,"rides_covering":2,"location_precision":"approximate corridor location; physical track not resolved"},"geometry":{"type":"Polygon","coordinates":[[[-118.3278198,34.0210443],[-118.3280487,34.0210983],[-118.32808,34.0211051],[-118.328058,34.0211749],[-118.3280253,34.0211677],[-118.3277962,34.0211137],[-118.3278198,34.0210443]]]},"id":"WB-768"},{"type":"Feature","properties":{"bin":769,"direction":"westbound","start_m":19225,"end_m":19250,"median_score":0.924,"hot_fraction":0.0,"recordings":6,"rides_rough":0,"rides_covering":2,"location_precision":"approximate corridor location; physical track not resolved"},"geometry":{"type":"Polygon","coordinates":[[[-118.3280798,34.0211051],[-118.3283418,34.0211611],[-118.3283202,34.0212309],[-118.3280582,34.0211749],[-118.3280798,34.0211051]]]},"id":"WB-769"},{"type":"Feature","properties":{"bin":770,"direction":"westbound","start_m":19250,"end_m":19275,"median_score":1.015,"hot_fraction":0.0,"recordings":6,"rides_rough":0,"rides_covering":2,"location_precision":"approximate corridor location; physical track not resolved"},"geometry":{"type":"Polygon","coordinates":[[[-118.3283419,34.0211611],[-118.328532,34.0212021],[-118.3286042,34.0212182],[-118.3285818,34.0212878],[-118.32851,34.0212719],[-118.3283201,34.0212309],[-118.3283419,34.0211611]]]},"id":"WB-770"},{"type":"Feature","properties":{"bin":771,"direction":"westbound","start_m":19275,"end_m":19300,"median_score":0.93,"hot_fraction":0.0,"recordings":5,"rides_rough":0,"rides_covering":2,"location_precision":"approximate corridor location; physical track not resolved"},"geometry":{"type":"Polygon","coordinates":[[[-118.328604,34.0212181],[-118.328866,34.0212751],[-118.328844,34.0213449],[-118.328582,34.0212879],[-118.328604,34.0212181]]]},"id":"WB-771"},{"type":"Feature","properties":{"bin":772,"direction":"westbound","start_m":19300,"end_m":19325,"median_score":1.013,"hot_fraction":0.0,"recordings":5,"rides_rough":0,"rides_covering":2,"location_precision":"approximate corridor location; physical track not resolved"},"geometry":{"type":"Polygon","coordinates":[[[-118.3288659,34.0212751],[-118.3291289,34.0213321],[-118.3291071,34.0214019],[-118.3288441,34.0213449],[-118.3288659,34.0212751]]]},"id":"WB-772"},{"type":"Feature","properties":{"bin":773,"direction":"westbound","start_m":19325,"end_m":19350,"median_score":1.223,"hot_fraction":0.0,"recordings":5,"rides_rough":0,"rides_covering":2,"location_precision":"approximate corridor location; physical track not resolved"},"geometry":{"type":"Polygon","coordinates":[[[-118.329129,34.0213321],[-118.329391,34.0213891],[-118.329369,34.0214589],[-118.329107,34.0214019],[-118.329129,34.0213321]]]},"id":"WB-773"},{"type":"Feature","properties":{"bin":774,"direction":"westbound","start_m":19350,"end_m":19375,"median_score":1.273,"hot_fraction":0.0,"recordings":5,"rides_rough":0,"rides_covering":2,"location_precision":"approximate corridor location; physical track not resolved"},"geometry":{"type":"Polygon","coordinates":[[[-118.3293911,34.0213891],[-118.329605,34.0214361],[-118.3296525,34.021446],[-118.3296315,34.021516],[-118.329583,34.0215059],[-118.3293689,34.0214589],[-118.3293911,34.0213891]]]},"id":"WB-774"},{"type":"Feature","properties":{"bin":775,"direction":"westbound","start_m":19375,"end_m":19400,"median_score":1.328,"hot_fraction":0.0,"recordings":4,"rides_rough":0,"rides_covering":2,"location_precision":"approximate corridor location; physical track not resolved"},"geometry":{"type":"Polygon","coordinates":[[[-118.3296522,34.021446],[-118.3299152,34.021499],[-118.3298948,34.021569],[-118.3296318,34.021516],[-118.3296522,34.021446]]]},"id":"WB-775"},{"type":"Feature","properties":{"bin":776,"direction":"westbound","start_m":19400,"end_m":19425,"median_score":1.156,"hot_fraction":0.0,"recordings":5,"rides_rough":0,"rides_covering":2,"location_precision":"approximate corridor location; physical track not resolved"},"geometry":{"type":"Polygon","coordinates":[[[-118.3299152,34.021499],[-118.3301792,34.021552],[-118.3301588,34.021622],[-118.3298948,34.021569],[-118.3299152,34.021499]]]},"id":"WB-776"},{"type":"Feature","properties":{"bin":777,"direction":"westbound","start_m":19425,"end_m":19450,"median_score":1.332,"hot_fraction":0.0,"recordings":6,"rides_rough":0,"rides_covering":2,"location_precision":"approximate corridor location; physical track not resolved"},"geometry":{"type":"Polygon","coordinates":[[[-118.3301794,34.021552],[-118.3303894,34.021595],[-118.3304425,34.021606],[-118.3304215,34.021676],[-118.3303686,34.021665],[-118.3301586,34.021622],[-118.3301794,34.021552]]]},"id":"WB-777"},{"type":"Feature","properties":{"bin":778,"direction":"westbound","start_m":19450,"end_m":19475,"median_score":1.366,"hot_fraction":0.0,"recordings":2,"rides_rough":0,"rides_covering":1,"location_precision":"approximate corridor location; physical track not resolved"},"geometry":{"type":"Polygon","coordinates":[[[-118.3304422,34.021606],[-118.3307052,34.021659],[-118.3306848,34.021729],[-118.3304218,34.021676],[-118.3304422,34.021606]]]},"id":"WB-778"},{"type":"Feature","properties":{"bin":779,"direction":"westbound","start_m":19475,"end_m":19500,"median_score":1.431,"hot_fraction":0.0,"recordings":3,"rides_rough":0,"rides_covering":2,"location_precision":"approximate corridor location; physical track not resolved"},"geometry":{"type":"Polygon","coordinates":[[[-118.3307054,34.021659],[-118.3309684,34.021713],[-118.3309476,34.021783],[-118.3306846,34.021729],[-118.3307054,34.021659]]]},"id":"WB-779"},{"type":"Feature","properties":{"bin":780,"direction":"westbound","start_m":19500,"end_m":19525,"median_score":2.279,"hot_fraction":1.0,"recordings":1,"rides_rough":1,"rides_covering":1,"location_precision":"approximate corridor location; physical track not resolved"},"geometry":{"type":"Polygon","coordinates":[[[-118.3309683,34.021713],[-118.3310224,34.021724],[-118.3312314,34.021767],[-118.3312106,34.021837],[-118.3310016,34.021794],[-118.3309477,34.021783],[-118.3309683,34.021713]]]},"id":"WB-780"},{"type":"Feature","properties":{"bin":781,"direction":"westbound","start_m":19525,"end_m":19550,"median_score":1.289,"hot_fraction":0.0,"recordings":1,"rides_rough":0,"rides_covering":1,"location_precision":"approximate corridor location; physical track not resolved"},"geometry":{"type":"Polygon","coordinates":[[[-118.3312311,34.0217669],[-118.331266,34.0217739],[-118.331495,34.0218189],[-118.331475,34.0218891],[-118.331246,34.0218441],[-118.3312109,34.0218371],[-118.3312311,34.0217669]]]},"id":"WB-781"},{"type":"Feature","properties":{"bin":783,"direction":"westbound","start_m":19575,"end_m":19600,"median_score":1.273,"hot_fraction":0.0,"recordings":2,"rides_rough":0,"rides_covering":1,"location_precision":"approximate corridor location; physical track not resolved"},"geometry":{"type":"Polygon","coordinates":[[[-118.3317565,34.0218717],[-118.3317706,34.021874],[-118.3320217,34.0219271],[-118.3320003,34.0219969],[-118.3317494,34.021944],[-118.3317395,34.0219423],[-118.3317565,34.0218717]]]},"id":"WB-783"},{"type":"Feature","properties":{"bin":784,"direction":"westbound","start_m":19600,"end_m":19625,"median_score":1.301,"hot_fraction":0.0,"recordings":2,"rides_rough":0,"rides_covering":1,"location_precision":"approximate corridor location; physical track not resolved"},"geometry":{"type":"Polygon","coordinates":[[[-118.3320224,34.0219272],[-118.332043,34.0219319],[-118.3322849,34.0219789],[-118.3322651,34.0220491],[-118.332023,34.0220021],[-118.3319996,34.0219968],[-118.3320224,34.0219272]]]},"id":"WB-784"},{"type":"Feature","properties":{"bin":785,"direction":"westbound","start_m":19625,"end_m":19650,"median_score":0.964,"hot_fraction":0.0,"recordings":2,"rides_rough":0,"rides_covering":1,"location_precision":"approximate corridor location; physical track not resolved"},"geometry":{"type":"Polygon","coordinates":[[[-118.3322848,34.0219789],[-118.3325488,34.0220299],[-118.3325292,34.0221001],[-118.3322652,34.0220491],[-118.3322848,34.0219789]]]},"id":"WB-785"},{"type":"Feature","properties":{"bin":786,"direction":"westbound","start_m":19650,"end_m":19675,"median_score":0.956,"hot_fraction":0.0,"recordings":1,"rides_rough":0,"rides_covering":1,"location_precision":"approximate corridor location; physical track not resolved"},"geometry":{"type":"Polygon","coordinates":[[[-118.332549,34.0220299],[-118.332813,34.0220819],[-118.332793,34.0221521],[-118.332529,34.0221001],[-118.332549,34.0220299]]]},"id":"WB-786"},{"type":"Feature","properties":{"bin":787,"direction":"westbound","start_m":19675,"end_m":19700,"median_score":0.794,"hot_fraction":0.0,"recordings":2,"rides_rough":0,"rides_covering":1,"location_precision":"approximate corridor location; physical track not resolved"},"geometry":{"type":"Polygon","coordinates":[[[-118.3328128,34.0220819],[-118.3329578,34.0221099],[-118.3330768,34.0221329],[-118.3330572,34.0222031],[-118.3329382,34.0221801],[-118.3327932,34.0221521],[-118.3328128,34.0220819]]]},"id":"WB-787"},{"type":"Feature","properties":{"bin":788,"direction":"westbound","start_m":19700,"end_m":19725,"median_score":0.664,"hot_fraction":0.0,"recordings":5,"rides_rough":0,"rides_covering":2,"location_precision":"approximate corridor location; physical track not resolved"},"geometry":{"type":"Polygon","coordinates":[[[-118.3330766,34.0221328],[-118.3333406,34.0221828],[-118.3333214,34.0222532],[-118.3330574,34.0222032],[-118.3330766,34.0221328]]]},"id":"WB-788"},{"type":"Feature","properties":{"bin":789,"direction":"westbound","start_m":19725,"end_m":19750,"median_score":0.769,"hot_fraction":0.0,"recordings":4,"rides_rough":0,"rides_covering":2,"location_precision":"approximate corridor location; physical track not resolved"},"geometry":{"type":"Polygon","coordinates":[[[-118.3333408,34.0221829],[-118.3336048,34.0222339],[-118.3335852,34.0223041],[-118.3333212,34.0222531],[-118.3333408,34.0221829]]]},"id":"WB-789"},{"type":"Feature","properties":{"bin":790,"direction":"westbound","start_m":19750,"end_m":19775,"median_score":0.538,"hot_fraction":0.0,"recordings":3,"rides_rough":0,"rides_covering":1,"location_precision":"approximate corridor location; physical track not resolved"},"geometry":{"type":"Polygon","coordinates":[[[-118.3336046,34.0222338],[-118.3338686,34.0222838],[-118.3338494,34.0223542],[-118.3335854,34.0223042],[-118.3336046,34.0222338]]]},"id":"WB-790"},{"type":"Feature","properties":{"bin":798,"direction":"westbound","start_m":19950,"end_m":19975,"median_score":1.53,"hot_fraction":0.0,"recordings":1,"rides_rough":0,"rides_covering":1,"location_precision":"approximate corridor location; physical track not resolved"},"geometry":{"type":"Polygon","coordinates":[[[-118.3357184,34.0226308],[-118.3359834,34.0226798],[-118.3359646,34.0227502],[-118.3356996,34.0227012],[-118.3357184,34.0226308]]]},"id":"WB-798"},{"type":"Feature","properties":{"bin":799,"direction":"westbound","start_m":19975,"end_m":20000,"median_score":0.889,"hot_fraction":0.0,"recordings":3,"rides_rough":0,"rides_covering":2,"location_precision":"approximate corridor location; physical track not resolved"},"geometry":{"type":"Polygon","coordinates":[[[-118.3359833,34.0226798],[-118.3360641,34.0226946],[-118.3362475,34.0227215],[-118.3362325,34.0227925],[-118.3360479,34.0227654],[-118.3359647,34.0227502],[-118.3359833,34.0226798]]]},"id":"WB-799"},{"type":"Feature","properties":{"bin":800,"direction":"westbound","start_m":20000,"end_m":20025,"median_score":0.819,"hot_fraction":0.0,"recordings":5,"rides_rough":0,"rides_covering":2,"location_precision":"approximate corridor location; physical track not resolved"},"geometry":{"type":"Polygon","coordinates":[[[-118.3362475,34.0227215],[-118.3365145,34.0227605],[-118.3364995,34.0228315],[-118.3362325,34.0227925],[-118.3362475,34.0227215]]]},"id":"WB-800"},{"type":"Feature","properties":{"bin":803,"direction":"westbound","start_m":20075,"end_m":20100,"median_score":0.697,"hot_fraction":0.0,"recordings":2,"rides_rough":0,"rides_covering":1,"location_precision":"approximate corridor location; physical track not resolved"},"geometry":{"type":"Polygon","coordinates":[[[-118.3370479,34.0228436],[-118.3373139,34.0228846],[-118.3372981,34.0229554],[-118.3370321,34.0229144],[-118.3370479,34.0228436]]]},"id":"WB-803"},{"type":"Feature","properties":{"bin":804,"direction":"westbound","start_m":20100,"end_m":20125,"median_score":0.702,"hot_fraction":0.0,"recordings":6,"rides_rough":0,"rides_covering":2,"location_precision":"approximate corridor location; physical track not resolved"},"geometry":{"type":"Polygon","coordinates":[[[-118.3373139,34.0228846],[-118.3375799,34.0229256],[-118.3375641,34.0229964],[-118.3372981,34.0229554],[-118.3373139,34.0228846]]]},"id":"WB-804"},{"type":"Feature","properties":{"bin":805,"direction":"westbound","start_m":20125,"end_m":20150,"median_score":0.826,"hot_fraction":0.0,"recordings":2,"rides_rough":0,"rides_covering":1,"location_precision":"approximate corridor location; physical track not resolved"},"geometry":{"type":"Polygon","coordinates":[[[-118.3375801,34.0229256],[-118.3376621,34.0229386],[-118.337847,34.0229676],[-118.337831,34.0230384],[-118.3376459,34.0230094],[-118.3375639,34.0229964],[-118.3375801,34.0229256]]]},"id":"WB-805"},{"type":"Feature","properties":{"bin":806,"direction":"westbound","start_m":20150,"end_m":20175,"median_score":0.615,"hot_fraction":0.0,"recordings":5,"rides_rough":0,"rides_covering":2,"location_precision":"approximate corridor location; physical track not resolved"},"geometry":{"type":"Polygon","coordinates":[[[-118.3378469,34.0229676],[-118.3381129,34.0230086],[-118.3380971,34.0230794],[-118.3378311,34.0230384],[-118.3378469,34.0229676]]]},"id":"WB-806"},{"type":"Feature","properties":{"bin":807,"direction":"westbound","start_m":20175,"end_m":20200,"median_score":0.755,"hot_fraction":0.0,"recordings":5,"rides_rough":0,"rides_covering":2,"location_precision":"approximate corridor location; physical track not resolved"},"geometry":{"type":"Polygon","coordinates":[[[-118.3381129,34.0230085],[-118.3383799,34.0230495],[-118.3383641,34.0231205],[-118.3380971,34.0230795],[-118.3381129,34.0230085]]]},"id":"WB-807"},{"type":"Feature","properties":{"bin":808,"direction":"westbound","start_m":20200,"end_m":20225,"median_score":0.696,"hot_fraction":0.0,"recordings":5,"rides_rough":0,"rides_covering":2,"location_precision":"approximate corridor location; physical track not resolved"},"geometry":{"type":"Polygon","coordinates":[[[-118.3383799,34.0230496],[-118.3386459,34.0230906],[-118.3386301,34.0231614],[-118.3383641,34.0231204],[-118.3383799,34.0230496]]]},"id":"WB-808"},{"type":"Feature","properties":{"bin":810,"direction":"westbound","start_m":20250,"end_m":20275,"median_score":0.645,"hot_fraction":0.0,"recordings":2,"rides_rough":0,"rides_covering":1,"location_precision":"approximate corridor location; physical track not resolved"},"geometry":{"type":"Polygon","coordinates":[[[-118.3389211,34.0231325],[-118.3389144,34.0231313],[-118.3391792,34.0231633],[-118.3391668,34.0232347],[-118.3389016,34.0232027],[-118.3388889,34.0231995],[-118.3389211,34.0231325]]]},"id":"WB-810"},{"type":"Feature","properties":{"bin":811,"direction":"westbound","start_m":20275,"end_m":20300,"median_score":0.885,"hot_fraction":0.0,"recordings":2,"rides_rough":0,"rides_covering":1,"location_precision":"approximate corridor location; physical track not resolved"},"geometry":{"type":"Polygon","coordinates":[[[-118.3391794,34.0231633],[-118.3394474,34.0231963],[-118.3394346,34.0232677],[-118.3391666,34.0232347],[-118.3391794,34.0231633]]]},"id":"WB-811"},{"type":"Feature","properties":{"bin":812,"direction":"westbound","start_m":20300,"end_m":20325,"median_score":1.097,"hot_fraction":0.0,"recordings":2,"rides_rough":0,"rides_covering":1,"location_precision":"approximate corridor location; physical track not resolved"},"geometry":{"type":"Polygon","coordinates":[[[-118.3394474,34.0231963],[-118.3397054,34.0232283],[-118.3397142,34.0232292],[-118.3397038,34.0233008],[-118.3396926,34.0232997],[-118.3394346,34.0232677],[-118.3394474,34.0231963]]]},"id":"WB-812"},{"type":"Feature","properties":{"bin":813,"direction":"westbound","start_m":20325,"end_m":20350,"median_score":1.766,"hot_fraction":0.0,"recordings":1,"rides_rough":0,"rides_covering":1,"location_precision":"approximate corridor location; physical track not resolved"},"geometry":{"type":"Polygon","coordinates":[[[-118.3397155,34.0232294],[-118.3399835,34.0232634],[-118.3399705,34.0233346],[-118.3397025,34.0233006],[-118.3397155,34.0232294]]]},"id":"WB-813"},{"type":"Feature","properties":{"bin":818,"direction":"westbound","start_m":20450,"end_m":20475,"median_score":0.754,"hot_fraction":0.0,"recordings":2,"rides_rough":0,"rides_covering":1,"location_precision":"approximate corridor location; physical track not resolved"},"geometry":{"type":"Polygon","coordinates":[[[-118.3410552,34.0233943],[-118.3413232,34.0234263],[-118.3413108,34.0234977],[-118.3410428,34.0234657],[-118.3410552,34.0233943]]]},"id":"WB-818"},{"type":"Feature","properties":{"bin":819,"direction":"westbound","start_m":20475,"end_m":20500,"median_score":0.97,"hot_fraction":0.0,"recordings":4,"rides_rough":0,"rides_covering":2,"location_precision":"approximate corridor location; physical track not resolved"},"geometry":{"type":"Polygon","coordinates":[[[-118.3413233,34.0234263],[-118.3415923,34.0234593],[-118.3415797,34.0235307],[-118.3413107,34.0234977],[-118.3413233,34.0234263]]]},"id":"WB-819"},{"type":"Feature","properties":{"bin":820,"direction":"westbound","start_m":20500,"end_m":20525,"median_score":0.837,"hot_fraction":0.0,"recordings":1,"rides_rough":0,"rides_covering":1,"location_precision":"approximate corridor location; physical track not resolved"},"geometry":{"type":"Polygon","coordinates":[[[-118.3415922,34.0234593],[-118.3418602,34.0234913],[-118.3418478,34.0235627],[-118.3415798,34.0235307],[-118.3415922,34.0234593]]]},"id":"WB-820"},{"type":"Feature","properties":{"bin":822,"direction":"westbound","start_m":20550,"end_m":20575,"median_score":0.789,"hot_fraction":0.0,"recordings":2,"rides_rough":0,"rides_covering":1,"location_precision":"approximate corridor location; physical track not resolved"},"geometry":{"type":"Polygon","coordinates":[[[-118.3421282,34.0235233],[-118.3423962,34.0235553],[-118.3423838,34.0236267],[-118.3421158,34.0235947],[-118.3421282,34.0235233]]]},"id":"WB-822"},{"type":"Feature","properties":{"bin":823,"direction":"westbound","start_m":20575,"end_m":20600,"median_score":1.038,"hot_fraction":0.0,"recordings":2,"rides_rough":0,"rides_covering":1,"location_precision":"approximate corridor location; physical track not resolved"},"geometry":{"type":"Polygon","coordinates":[[[-118.3423962,34.0235553],[-118.3426642,34.0235873],[-118.3426518,34.0236587],[-118.3423838,34.0236267],[-118.3423962,34.0235553]]]},"id":"WB-823"},{"type":"Feature","properties":{"bin":824,"direction":"westbound","start_m":20600,"end_m":20625,"median_score":0.74,"hot_fraction":0.0,"recordings":3,"rides_rough":0,"rides_covering":1,"location_precision":"approximate corridor location; physical track not resolved"},"geometry":{"type":"Polygon","coordinates":[[[-118.3426641,34.0235873],[-118.3429331,34.0236193],[-118.3429209,34.0236907],[-118.3426519,34.0236587],[-118.3426641,34.0235873]]]},"id":"WB-824"},{"type":"Feature","properties":{"bin":825,"direction":"westbound","start_m":20625,"end_m":20650,"median_score":0.827,"hot_fraction":0.0,"recordings":6,"rides_rough":0,"rides_covering":2,"location_precision":"approximate corridor location; physical track not resolved"},"geometry":{"type":"Polygon","coordinates":[[[-118.3429332,34.0236193],[-118.3432012,34.0236513],[-118.3431888,34.0237227],[-118.3429208,34.0236907],[-118.3429332,34.0236193]]]},"id":"WB-825"},{"type":"Feature","properties":{"bin":826,"direction":"westbound","start_m":20650,"end_m":20675,"median_score":0.732,"hot_fraction":0.0,"recordings":3,"rides_rough":0,"rides_covering":1,"location_precision":"approximate corridor location; physical track not resolved"},"geometry":{"type":"Polygon","coordinates":[[[-118.3432014,34.0236513],[-118.3432086,34.0236522],[-118.3434695,34.0236802],[-118.3434585,34.0237518],[-118.3431974,34.0237238],[-118.3431886,34.0237227],[-118.3432014,34.0236513]]]},"id":"WB-826"},{"type":"Feature","properties":{"bin":827,"direction":"westbound","start_m":20675,"end_m":20700,"median_score":1.219,"hot_fraction":0.0,"recordings":6,"rides_rough":0,"rides_covering":2,"location_precision":"approximate corridor location; physical track not resolved"},"geometry":{"type":"Polygon","coordinates":[[[-118.3434696,34.0236802],[-118.3437386,34.0237092],[-118.3437274,34.0237808],[-118.3434584,34.0237518],[-118.3434696,34.0236802]]]},"id":"WB-827"},{"type":"Feature","properties":{"bin":828,"direction":"westbound","start_m":20700,"end_m":20725,"median_score":1.107,"hot_fraction":0.0,"recordings":5,"rides_rough":0,"rides_covering":2,"location_precision":"approximate corridor location; physical track not resolved"},"geometry":{"type":"Polygon","coordinates":[[[-118.3437384,34.0237092],[-118.3440064,34.0237372],[-118.3439956,34.0238088],[-118.3437276,34.0237808],[-118.3437384,34.0237092]]]},"id":"WB-828"},{"type":"Feature","properties":{"bin":829,"direction":"westbound","start_m":20725,"end_m":20750,"median_score":0.965,"hot_fraction":0.0,"recordings":3,"rides_rough":0,"rides_covering":1,"location_precision":"approximate corridor location; physical track not resolved"},"geometry":{"type":"Polygon","coordinates":[[[-118.3440066,34.0237372],[-118.3442756,34.0237662],[-118.3442644,34.0238378],[-118.3439954,34.0238088],[-118.3440066,34.0237372]]]},"id":"WB-829"},{"type":"Feature","properties":{"bin":831,"direction":"westbound","start_m":20775,"end_m":20800,"median_score":1.179,"hot_fraction":0.0,"recordings":2,"rides_rough":0,"rides_covering":1,"location_precision":"approximate corridor location; physical track not resolved"},"geometry":{"type":"Polygon","coordinates":[[[-118.3445444,34.0237952],[-118.3448134,34.0238232],[-118.3448026,34.0238948],[-118.3445336,34.0238668],[-118.3445444,34.0237952]]]},"id":"WB-831"},{"type":"Feature","properties":{"bin":832,"direction":"westbound","start_m":20800,"end_m":20825,"median_score":1.318,"hot_fraction":0.0,"recordings":3,"rides_rough":0,"rides_covering":1,"location_precision":"approximate corridor location; physical track not resolved"},"geometry":{"type":"Polygon","coordinates":[[[-118.3448136,34.0238232],[-118.3450816,34.0238522],[-118.3450704,34.0239238],[-118.3448024,34.0238948],[-118.3448136,34.0238232]]]},"id":"WB-832"},{"type":"Feature","properties":{"bin":833,"direction":"westbound","start_m":20825,"end_m":20850,"median_score":1.307,"hot_fraction":0.0,"recordings":3,"rides_rough":0,"rides_covering":1,"location_precision":"approximate corridor location; physical track not resolved"},"geometry":{"type":"Polygon","coordinates":[[[-118.3450816,34.0238522],[-118.3453506,34.0238812],[-118.3453394,34.0239528],[-118.3450704,34.0239238],[-118.3450816,34.0238522]]]},"id":"WB-833"},{"type":"Feature","properties":{"bin":834,"direction":"westbound","start_m":20850,"end_m":20875,"median_score":0.993,"hot_fraction":0.0,"recordings":4,"rides_rough":0,"rides_covering":2,"location_precision":"approximate corridor location; physical track not resolved"},"geometry":{"type":"Polygon","coordinates":[[[-118.3453503,34.0238812],[-118.3454574,34.0238922],[-118.3456194,34.0239092],[-118.3456086,34.0239808],[-118.3454466,34.0239638],[-118.3453397,34.0239528],[-118.3453503,34.0238812]]]},"id":"WB-834"},{"type":"Feature","properties":{"bin":836,"direction":"westbound","start_m":20900,"end_m":20925,"median_score":1.862,"hot_fraction":1.0,"recordings":1,"rides_rough":1,"rides_covering":1,"location_precision":"approximate corridor location; physical track not resolved"},"geometry":{"type":"Polygon","coordinates":[[[-118.3458882,34.0239362],[-118.3461572,34.0239632],[-118.3461468,34.0240348],[-118.3458778,34.0240078],[-118.3458882,34.0239362]]]},"id":"WB-836"},{"type":"Feature","properties":{"bin":837,"direction":"westbound","start_m":20925,"end_m":20950,"median_score":1.567,"hot_fraction":0.5,"recordings":4,"rides_rough":1,"rides_covering":2,"location_precision":"approximate corridor location; physical track not resolved"},"geometry":{"type":"Polygon","coordinates":[[[-118.3461572,34.0239632],[-118.3464262,34.0239902],[-118.3464158,34.0240618],[-118.3461468,34.0240348],[-118.3461572,34.0239632]]]},"id":"WB-837"},{"type":"Feature","properties":{"bin":838,"direction":"westbound","start_m":20950,"end_m":20975,"median_score":1.358,"hot_fraction":0.0,"recordings":4,"rides_rough":0,"rides_covering":2,"location_precision":"approximate corridor location; physical track not resolved"},"geometry":{"type":"Polygon","coordinates":[[[-118.3464262,34.0239902],[-118.3466262,34.0240102],[-118.3466953,34.0240172],[-118.3466847,34.0240888],[-118.3466158,34.0240818],[-118.3464158,34.0240618],[-118.3464262,34.0239902]]]},"id":"WB-838"},{"type":"Feature","properties":{"bin":839,"direction":"westbound","start_m":20975,"end_m":21000,"median_score":1.23,"hot_fraction":0.0,"recordings":4,"rides_rough":0,"rides_covering":2,"location_precision":"approximate corridor location; physical track not resolved"},"geometry":{"type":"Polygon","coordinates":[[[-118.3466952,34.0240172],[-118.3469642,34.0240442],[-118.3469538,34.0241158],[-118.3466848,34.0240888],[-118.3466952,34.0240172]]]},"id":"WB-839"},{"type":"Feature","properties":{"bin":840,"direction":"westbound","start_m":21000,"end_m":21025,"median_score":1.385,"hot_fraction":0.5,"recordings":4,"rides_rough":1,"rides_covering":2,"location_precision":"approximate corridor location; physical track not resolved"},"geometry":{"type":"Polygon","coordinates":[[[-118.346964,34.0240442],[-118.347201,34.0240672],[-118.3472329,34.0240702],[-118.3472231,34.0241418],[-118.347191,34.0241388],[-118.346954,34.0241158],[-118.346964,34.0240442]]]},"id":"WB-840"},{"type":"Feature","properties":{"bin":841,"direction":"westbound","start_m":21025,"end_m":21050,"median_score":0.6,"hot_fraction":0.0,"recordings":3,"rides_rough":0,"rides_covering":1,"location_precision":"approximate corridor location; physical track not resolved"},"geometry":{"type":"Polygon","coordinates":[[[-118.3472332,34.0240702],[-118.3475022,34.0240972],[-118.3474918,34.0241688],[-118.3472228,34.0241418],[-118.3472332,34.0240702]]]},"id":"WB-841"},{"type":"Feature","properties":{"bin":842,"direction":"westbound","start_m":21050,"end_m":21075,"median_score":0.457,"hot_fraction":0.0,"recordings":3,"rides_rough":0,"rides_covering":1,"location_precision":"approximate corridor location; physical track not resolved"},"geometry":{"type":"Polygon","coordinates":[[[-118.3475022,34.0240972],[-118.3477712,34.0241242],[-118.3477608,34.0241958],[-118.3474918,34.0241688],[-118.3475022,34.0240972]]]},"id":"WB-842"},{"type":"Feature","properties":{"bin":855,"direction":"westbound","start_m":21375,"end_m":21400,"median_score":0.779,"hot_fraction":0.0,"recordings":1,"rides_rough":0,"rides_covering":1,"location_precision":"approximate corridor location; physical track not resolved"},"geometry":{"type":"Polygon","coordinates":[[[-118.3510028,34.0244252],[-118.3512718,34.0244502],[-118.3512622,34.0245218],[-118.3509932,34.0244968],[-118.3510028,34.0244252]]]},"id":"WB-855"},{"type":"Feature","properties":{"bin":856,"direction":"westbound","start_m":21400,"end_m":21425,"median_score":0.83,"hot_fraction":0.0,"recordings":2,"rides_rough":0,"rides_covering":1,"location_precision":"approximate corridor location; physical track not resolved"},"geometry":{"type":"Polygon","coordinates":[[[-118.3512718,34.0244502],[-118.3515418,34.0244752],[-118.3515322,34.0245468],[-118.3512622,34.0245218],[-118.3512718,34.0244502]]]},"id":"WB-856"},{"type":"Feature","properties":{"bin":857,"direction":"westbound","start_m":21425,"end_m":21450,"median_score":0.737,"hot_fraction":0.0,"recordings":3,"rides_rough":0,"rides_covering":1,"location_precision":"approximate corridor location; physical track not resolved"},"geometry":{"type":"Polygon","coordinates":[[[-118.3515416,34.0244752],[-118.3518106,34.0244992],[-118.3518014,34.0245708],[-118.3515324,34.0245468],[-118.3515416,34.0244752]]]},"id":"WB-857"},{"type":"Feature","properties":{"bin":858,"direction":"westbound","start_m":21450,"end_m":21475,"median_score":1.223,"hot_fraction":0.0,"recordings":2,"rides_rough":0,"rides_covering":1,"location_precision":"approximate corridor location; physical track not resolved"},"geometry":{"type":"Polygon","coordinates":[[[-118.3518108,34.0244992],[-118.3520168,34.0245182],[-118.3520799,34.0245242],[-118.3520701,34.0245958],[-118.3520072,34.0245898],[-118.3518012,34.0245708],[-118.3518108,34.0244992]]]},"id":"WB-858"},{"type":"Feature","properties":{"bin":859,"direction":"westbound","start_m":21475,"end_m":21500,"median_score":1.044,"hot_fraction":0.0,"recordings":5,"rides_rough":0,"rides_covering":2,"location_precision":"approximate corridor location; physical track not resolved"},"geometry":{"type":"Polygon","coordinates":[[[-118.3520798,34.0245242],[-118.3523498,34.0245492],[-118.3523402,34.0246208],[-118.3520702,34.0245958],[-118.3520798,34.0245242]]]},"id":"WB-859"},{"type":"Feature","properties":{"bin":860,"direction":"westbound","start_m":21500,"end_m":21525,"median_score":1.299,"hot_fraction":0.0,"recordings":5,"rides_rough":0,"rides_covering":2,"location_precision":"approximate corridor location; physical track not resolved"},"geometry":{"type":"Polygon","coordinates":[[[-118.3523498,34.0245492],[-118.3526188,34.0245742],[-118.3526092,34.0246458],[-118.3523402,34.0246208],[-118.3523498,34.0245492]]]},"id":"WB-860"},{"type":"Feature","properties":{"bin":861,"direction":"westbound","start_m":21525,"end_m":21550,"median_score":1.283,"hot_fraction":0.0,"recordings":4,"rides_rough":0,"rides_covering":2,"location_precision":"approximate corridor location; physical track not resolved"},"geometry":{"type":"Polygon","coordinates":[[[-118.3526186,34.0245742],[-118.3528876,34.0245982],[-118.3528784,34.0246698],[-118.3526094,34.0246458],[-118.3526186,34.0245742]]]},"id":"WB-861"},{"type":"Feature","properties":{"bin":862,"direction":"westbound","start_m":21550,"end_m":21575,"median_score":1.131,"hot_fraction":0.0,"recordings":2,"rides_rough":0,"rides_covering":2,"location_precision":"approximate corridor location; physical track not resolved"},"geometry":{"type":"Polygon","coordinates":[[[-118.3528881,34.0245982],[-118.3529588,34.0246052],[-118.3531577,34.0246232],[-118.3531483,34.0246948],[-118.3529492,34.0246768],[-118.3528779,34.0246698],[-118.3528881,34.0245982]]]},"id":"WB-862"},{"type":"Feature","properties":{"bin":884,"direction":"westbound","start_m":22100,"end_m":22125,"median_score":1.315,"hot_fraction":0.0,"recordings":1,"rides_rough":0,"rides_covering":1,"location_precision":"approximate corridor location; physical track not resolved"},"geometry":{"type":"Polygon","coordinates":[[[-118.3588128,34.0251482],[-118.3590828,34.0251732],[-118.3590732,34.0252448],[-118.3588032,34.0252198],[-118.3588128,34.0251482]]]},"id":"WB-884"},{"type":"Feature","properties":{"bin":885,"direction":"westbound","start_m":22125,"end_m":22150,"median_score":1.559,"hot_fraction":0.0,"recordings":2,"rides_rough":0,"rides_covering":1,"location_precision":"approximate corridor location; physical track not resolved"},"geometry":{"type":"Polygon","coordinates":[[[-118.3590828,34.0251732],[-118.3591798,34.0251822],[-118.3593518,34.0251982],[-118.3593422,34.0252698],[-118.3591702,34.0252538],[-118.3590732,34.0252448],[-118.3590828,34.0251732]]]},"id":"WB-885"},{"type":"Feature","properties":{"bin":886,"direction":"westbound","start_m":22150,"end_m":22175,"median_score":1.216,"hot_fraction":0.0,"recordings":3,"rides_rough":0,"rides_covering":2,"location_precision":"approximate corridor location; physical track not resolved"},"geometry":{"type":"Polygon","coordinates":[[[-118.3593516,34.0251982],[-118.3596206,34.0252222],[-118.3596114,34.0252938],[-118.3593424,34.0252698],[-118.3593516,34.0251982]]]},"id":"WB-886"},{"type":"Feature","properties":{"bin":887,"direction":"westbound","start_m":22175,"end_m":22200,"median_score":1.018,"hot_fraction":0.0,"recordings":4,"rides_rough":0,"rides_covering":2,"location_precision":"approximate corridor location; physical track not resolved"},"geometry":{"type":"Polygon","coordinates":[[[-118.3596208,34.0252222],[-118.3598908,34.0252472],[-118.3598812,34.0253188],[-118.3596112,34.0252938],[-118.3596208,34.0252222]]]},"id":"WB-887"},{"type":"Feature","properties":{"bin":888,"direction":"westbound","start_m":22200,"end_m":22225,"median_score":0.995,"hot_fraction":0.0,"recordings":5,"rides_rough":0,"rides_covering":2,"location_precision":"approximate corridor location; physical track not resolved"},"geometry":{"type":"Polygon","coordinates":[[[-118.3598907,34.0252472],[-118.3601116,34.0252672],[-118.3601593,34.0252711],[-118.3601507,34.0253429],[-118.3601024,34.0253388],[-118.3598813,34.0253188],[-118.3598907,34.0252472]]]},"id":"WB-888"},{"type":"Feature","properties":{"bin":889,"direction":"westbound","start_m":22225,"end_m":22250,"median_score":1.431,"hot_fraction":0.0,"recordings":4,"rides_rough":0,"rides_covering":2,"location_precision":"approximate corridor location; physical track not resolved"},"geometry":{"type":"Polygon","coordinates":[[[-118.3601598,34.0252712],[-118.3604288,34.0252962],[-118.3604192,34.0253678],[-118.3601502,34.0253428],[-118.3601598,34.0252712]]]},"id":"WB-889"},{"type":"Feature","properties":{"bin":890,"direction":"westbound","start_m":22250,"end_m":22275,"median_score":1.326,"hot_fraction":0.0,"recordings":3,"rides_rough":0,"rides_covering":1,"location_precision":"approximate corridor location; physical track not resolved"},"geometry":{"type":"Polygon","coordinates":[[[-118.3604288,34.0252962],[-118.3606988,34.0253212],[-118.3606892,34.0253928],[-118.3604192,34.0253678],[-118.3604288,34.0252962]]]},"id":"WB-890"},{"type":"Feature","properties":{"bin":891,"direction":"westbound","start_m":22275,"end_m":22300,"median_score":1.3,"hot_fraction":0.0,"recordings":3,"rides_rough":0,"rides_covering":1,"location_precision":"approximate corridor location; physical track not resolved"},"geometry":{"type":"Polygon","coordinates":[[[-118.3606988,34.0253212],[-118.3609678,34.0253462],[-118.360963,34.025382],[-118.360963,34.025382],[-118.3609582,34.0254178],[-118.3606892,34.0253928],[-118.3606988,34.0253212]]]},"id":"WB-891"},{"type":"Feature","properties":{"bin":892,"direction":"westbound","start_m":22300,"end_m":22325,"median_score":0.896,"hot_fraction":0.0,"recordings":4,"rides_rough":0,"rides_covering":2,"location_precision":"approximate corridor location; physical track not resolved"},"geometry":{"type":"Polygon","coordinates":[[[-118.3609678,34.0253462],[-118.3612368,34.0253712],[-118.3612272,34.0254428],[-118.3609582,34.0254178],[-118.3609678,34.0253462]]]},"id":"WB-892"},{"type":"Feature","properties":{"bin":893,"direction":"westbound","start_m":22325,"end_m":22350,"median_score":0.876,"hot_fraction":0.0,"recordings":4,"rides_rough":0,"rides_covering":2,"location_precision":"approximate corridor location; physical track not resolved"},"geometry":{"type":"Polygon","coordinates":[[[-118.3612366,34.0253712],[-118.3615066,34.0253952],[-118.3614974,34.0254668],[-118.3612274,34.0254428],[-118.3612366,34.0253712]]]},"id":"WB-893"},{"type":"Feature","properties":{"bin":894,"direction":"westbound","start_m":22350,"end_m":22375,"median_score":0.846,"hot_fraction":0.0,"recordings":3,"rides_rough":0,"rides_covering":2,"location_precision":"approximate corridor location; physical track not resolved"},"geometry":{"type":"Polygon","coordinates":[[[-118.3615068,34.0253952],[-118.3617758,34.0254202],[-118.3617662,34.0254918],[-118.3614972,34.0254668],[-118.3615068,34.0253952]]]},"id":"WB-894"},{"type":"Feature","properties":{"bin":895,"direction":"westbound","start_m":22375,"end_m":22400,"median_score":0.886,"hot_fraction":0.0,"recordings":4,"rides_rough":0,"rides_covering":2,"location_precision":"approximate corridor location; physical track not resolved"},"geometry":{"type":"Polygon","coordinates":[[[-118.3617757,34.0254202],[-118.3620306,34.0254432],[-118.3620445,34.0254441],[-118.3620375,34.0255159],[-118.3620214,34.0255148],[-118.3617663,34.0254918],[-118.3617757,34.0254202]]]},"id":"WB-895"},{"type":"Feature","properties":{"bin":896,"direction":"westbound","start_m":22400,"end_m":22425,"median_score":0.846,"hot_fraction":0.0,"recordings":5,"rides_rough":0,"rides_covering":2,"location_precision":"approximate corridor location; physical track not resolved"},"geometry":{"type":"Polygon","coordinates":[[[-118.362046,34.0254442],[-118.362315,34.0254702],[-118.362305,34.0255418],[-118.362036,34.0255158],[-118.362046,34.0254442]]]},"id":"WB-896"},{"type":"Feature","properties":{"bin":897,"direction":"westbound","start_m":22425,"end_m":22450,"median_score":0.687,"hot_fraction":0.0,"recordings":4,"rides_rough":0,"rides_covering":2,"location_precision":"approximate corridor location; physical track not resolved"},"geometry":{"type":"Polygon","coordinates":[[[-118.362315,34.0254702],[-118.362584,34.0254962],[-118.362574,34.0255678],[-118.362305,34.0255418],[-118.362315,34.0254702]]]},"id":"WB-897"},{"type":"Feature","properties":{"bin":898,"direction":"westbound","start_m":22450,"end_m":22475,"median_score":1.708,"hot_fraction":0.5,"recordings":4,"rides_rough":1,"rides_covering":2,"location_precision":"approximate corridor location; physical track not resolved"},"geometry":{"type":"Polygon","coordinates":[[[-118.3625838,34.0254962],[-118.3628528,34.0255212],[-118.3628432,34.0255928],[-118.3625742,34.0255678],[-118.3625838,34.0254962]]]},"id":"WB-898"},{"type":"Feature","properties":{"bin":899,"direction":"westbound","start_m":22475,"end_m":22500,"median_score":1.434,"hot_fraction":0.0,"recordings":4,"rides_rough":0,"rides_covering":2,"location_precision":"approximate corridor location; physical track not resolved"},"geometry":{"type":"Polygon","coordinates":[[[-118.3628529,34.0255212],[-118.3630522,34.0255402],[-118.3631229,34.0255483],[-118.3631111,34.0256197],[-118.3630418,34.0256118],[-118.3628431,34.0255928],[-118.3628529,34.0255212]]]},"id":"WB-899"},{"type":"Feature","properties":{"bin":900,"direction":"westbound","start_m":22500,"end_m":22525,"median_score":0.881,"hot_fraction":0.0,"recordings":4,"rides_rough":0,"rides_covering":2,"location_precision":"approximate corridor location; physical track not resolved"},"geometry":{"type":"Polygon","coordinates":[[[-118.3631234,34.0255483],[-118.3633914,34.0255813],[-118.3633786,34.0256527],[-118.3631106,34.0256197],[-118.3631234,34.0255483]]]},"id":"WB-900"},{"type":"Feature","properties":{"bin":901,"direction":"westbound","start_m":22525,"end_m":22550,"median_score":0.947,"hot_fraction":0.0,"recordings":4,"rides_rough":0,"rides_covering":2,"location_precision":"approximate corridor location; physical track not resolved"},"geometry":{"type":"Polygon","coordinates":[[[-118.363391,34.0255813],[-118.3635961,34.0256053],[-118.3636604,34.0256133],[-118.3636476,34.0256847],[-118.3635839,34.0256767],[-118.363379,34.0256527],[-118.363391,34.0255813]]]},"id":"WB-901"},{"type":"Feature","properties":{"bin":902,"direction":"westbound","start_m":22550,"end_m":22575,"median_score":0.792,"hot_fraction":0.0,"recordings":5,"rides_rough":0,"rides_covering":2,"location_precision":"approximate corridor location; physical track not resolved"},"geometry":{"type":"Polygon","coordinates":[[[-118.3636602,34.0256133],[-118.3639282,34.0256453],[-118.3639158,34.0257167],[-118.3636478,34.0256847],[-118.3636602,34.0256133]]]},"id":"WB-902"},{"type":"Feature","properties":{"bin":903,"direction":"westbound","start_m":22575,"end_m":22600,"median_score":0.805,"hot_fraction":0.0,"recordings":5,"rides_rough":0,"rides_covering":2,"location_precision":"approximate corridor location; physical track not resolved"},"geometry":{"type":"Polygon","coordinates":[[[-118.3639284,34.0256453],[-118.3641964,34.0256783],[-118.3641836,34.0257497],[-118.3639156,34.0257167],[-118.3639284,34.0256453]]]},"id":"WB-903"},{"type":"Feature","properties":{"bin":904,"direction":"westbound","start_m":22600,"end_m":22625,"median_score":0.631,"hot_fraction":0.0,"recordings":5,"rides_rough":0,"rides_covering":2,"location_precision":"approximate corridor location; physical track not resolved"},"geometry":{"type":"Polygon","coordinates":[[[-118.3641963,34.0256783],[-118.3644424,34.0257083],[-118.364465,34.0257114],[-118.364451,34.0257826],[-118.3644296,34.0257797],[-118.3641837,34.0257497],[-118.3641963,34.0256783]]]},"id":"WB-904"},{"type":"Feature","properties":{"bin":905,"direction":"westbound","start_m":22625,"end_m":22650,"median_score":0.692,"hot_fraction":0.0,"recordings":5,"rides_rough":0,"rides_covering":2,"location_precision":"approximate corridor location; physical track not resolved"},"geometry":{"type":"Polygon","coordinates":[[[-118.3644644,34.0257113],[-118.3647324,34.0257443],[-118.3647196,34.0258157],[-118.3644516,34.0257827],[-118.3644644,34.0257113]]]},"id":"WB-905"},{"type":"Feature","properties":{"bin":906,"direction":"westbound","start_m":22650,"end_m":22675,"median_score":1.051,"hot_fraction":0.0,"recordings":5,"rides_rough":0,"rides_covering":2,"location_precision":"approximate corridor location; physical track not resolved"},"geometry":{"type":"Polygon","coordinates":[[[-118.3647324,34.0257443],[-118.3650004,34.0257773],[-118.3649876,34.0258487],[-118.3647196,34.0258157],[-118.3647324,34.0257443]]]},"id":"WB-906"},{"type":"Feature","properties":{"bin":907,"direction":"westbound","start_m":22675,"end_m":22700,"median_score":1.416,"hot_fraction":0.0,"recordings":5,"rides_rough":0,"rides_covering":2,"location_precision":"approximate corridor location; physical track not resolved"},"geometry":{"type":"Polygon","coordinates":[[[-118.3650003,34.0257773],[-118.3652202,34.0258043],[-118.3652674,34.0258092],[-118.3652566,34.0258808],[-118.3652078,34.0258757],[-118.3649877,34.0258487],[-118.3650003,34.0257773]]]},"id":"WB-907"},{"type":"Feature","properties":{"bin":908,"direction":"westbound","start_m":22700,"end_m":22725,"median_score":1.237,"hot_fraction":0.0,"recordings":4,"rides_rough":0,"rides_covering":2,"location_precision":"approximate corridor location; physical track not resolved"},"geometry":{"type":"Polygon","coordinates":[[[-118.365267,34.0258092],[-118.365536,34.0258352],[-118.365526,34.0259068],[-118.365257,34.0258808],[-118.365267,34.0258092]]]},"id":"WB-908"},{"type":"Feature","properties":{"bin":909,"direction":"westbound","start_m":22725,"end_m":22750,"median_score":1.382,"hot_fraction":0.0,"recordings":5,"rides_rough":0,"rides_covering":2,"location_precision":"approximate corridor location; physical track not resolved"},"geometry":{"type":"Polygon","coordinates":[[[-118.3655361,34.0258352],[-118.3656972,34.0258512],[-118.3658062,34.0258622],[-118.3657958,34.0259338],[-118.3656868,34.0259228],[-118.3655259,34.0259068],[-118.3655361,34.0258352]]]},"id":"WB-909"},{"type":"Feature","properties":{"bin":910,"direction":"westbound","start_m":22750,"end_m":22775,"median_score":2.359,"hot_fraction":1.0,"recordings":5,"rides_rough":2,"rides_covering":2,"location_precision":"approximate corridor location; physical track not resolved"},"geometry":{"type":"Polygon","coordinates":[[[-118.3658063,34.0258622],[-118.3660212,34.0258842],[-118.3660748,34.0258892],[-118.3660652,34.0259608],[-118.3660108,34.0259558],[-118.3657957,34.0259338],[-118.3658063,34.0258622]]]},"id":"WB-910"},{"type":"Feature","properties":{"bin":911,"direction":"westbound","start_m":22775,"end_m":22800,"median_score":0.952,"hot_fraction":0.0,"recordings":5,"rides_rough":0,"rides_covering":2,"location_precision":"approximate corridor location; physical track not resolved"},"geometry":{"type":"Polygon","coordinates":[[[-118.3660746,34.0258892],[-118.3663436,34.0259132],[-118.3663344,34.0259848],[-118.3660654,34.0259608],[-118.3660746,34.0258892]]]},"id":"WB-911"},{"type":"Feature","properties":{"bin":912,"direction":"westbound","start_m":22800,"end_m":22825,"median_score":1.596,"hot_fraction":0.5,"recordings":4,"rides_rough":1,"rides_covering":2,"location_precision":"approximate corridor location; physical track not resolved"},"geometry":{"type":"Polygon","coordinates":[[[-118.3663439,34.0259132],[-118.3665028,34.0259282],[-118.3666127,34.0259382],[-118.3666033,34.0260098],[-118.3664932,34.0259998],[-118.3663341,34.0259848],[-118.3663439,34.0259132]]]},"id":"WB-912"},{"type":"Feature","properties":{"bin":913,"direction":"westbound","start_m":22825,"end_m":22850,"median_score":1.559,"hot_fraction":0.0,"recordings":4,"rides_rough":0,"rides_covering":2,"location_precision":"approximate corridor location; physical track not resolved"},"geometry":{"type":"Polygon","coordinates":[[[-118.3666125,34.0259381],[-118.3666584,34.0259421],[-118.3668824,34.0259611],[-118.3668736,34.0260329],[-118.3666496,34.0260139],[-118.3666035,34.0260099],[-118.3666125,34.0259381]]]},"id":"WB-913"},{"type":"Feature","properties":{"bin":914,"direction":"westbound","start_m":22850,"end_m":22875,"median_score":1.386,"hot_fraction":0.0,"recordings":5,"rides_rough":0,"rides_covering":2,"location_precision":"approximate corridor location; physical track not resolved"},"geometry":{"type":"Polygon","coordinates":[[[-118.3668822,34.0259611],[-118.3671522,34.0259831],[-118.3671438,34.0260549],[-118.3668738,34.0260329],[-118.3668822,34.0259611]]]},"id":"WB-914"},{"type":"Feature","properties":{"bin":915,"direction":"westbound","start_m":22875,"end_m":22900,"median_score":0.964,"hot_fraction":0.0,"recordings":5,"rides_rough":0,"rides_covering":2,"location_precision":"approximate corridor location; physical track not resolved"},"geometry":{"type":"Polygon","coordinates":[[[-118.3671525,34.0259831],[-118.3672551,34.0259921],[-118.3674208,34.0260041],[-118.3674132,34.0260759],[-118.3672469,34.0260639],[-118.3671435,34.0260549],[-118.3671525,34.0259831]]]},"id":"WB-915"},{"type":"Feature","properties":{"bin":916,"direction":"westbound","start_m":22900,"end_m":22925,"median_score":1.07,"hot_fraction":0.0,"recordings":5,"rides_rough":0,"rides_covering":2,"location_precision":"approximate corridor location; physical track not resolved"},"geometry":{"type":"Polygon","coordinates":[[[-118.3674207,34.0260041],[-118.3676907,34.0260231],[-118.3676833,34.0260949],[-118.3674133,34.0260759],[-118.3674207,34.0260041]]]},"id":"WB-916"},{"type":"Feature","properties":{"bin":917,"direction":"westbound","start_m":22925,"end_m":22950,"median_score":0.995,"hot_fraction":0.0,"recordings":5,"rides_rough":0,"rides_covering":2,"location_precision":"approximate corridor location; physical track not resolved"},"geometry":{"type":"Polygon","coordinates":[[[-118.3676908,34.0260231],[-118.3679608,34.0260431],[-118.3679532,34.0261149],[-118.3676832,34.0260949],[-118.3676908,34.0260231]]]},"id":"WB-917"},{"type":"Feature","properties":{"bin":918,"direction":"westbound","start_m":22950,"end_m":22975,"median_score":0.934,"hot_fraction":0.0,"recordings":5,"rides_rough":0,"rides_covering":2,"location_precision":"approximate corridor location; physical track not resolved"},"geometry":{"type":"Polygon","coordinates":[[[-118.3679606,34.0260431],[-118.3680478,34.0260491],[-118.368231,34.0260631],[-118.368223,34.0261349],[-118.3680402,34.0261209],[-118.3679534,34.0261149],[-118.3679606,34.0260431]]]},"id":"WB-918"},{"type":"Feature","properties":{"bin":919,"direction":"westbound","start_m":22975,"end_m":23000,"median_score":1.768,"hot_fraction":0.5,"recordings":5,"rides_rough":1,"rides_covering":2,"location_precision":"approximate corridor location; physical track not resolved"},"geometry":{"type":"Polygon","coordinates":[[[-118.3682307,34.0260631],[-118.3683727,34.0260731],[-118.3685007,34.0260821],[-118.3684933,34.0261539],[-118.3683653,34.0261449],[-118.3682233,34.0261349],[-118.3682307,34.0260631]]]},"id":"WB-919"},{"type":"Feature","properties":{"bin":920,"direction":"westbound","start_m":23000,"end_m":23025,"median_score":1.626,"hot_fraction":0.5,"recordings":5,"rides_rough":1,"rides_covering":2,"location_precision":"approximate corridor location; physical track not resolved"},"geometry":{"type":"Polygon","coordinates":[[[-118.3685008,34.0260821],[-118.3687708,34.0261021],[-118.3687632,34.0261739],[-118.3684932,34.0261539],[-118.3685008,34.0260821]]]},"id":"WB-920"},{"type":"Feature","properties":{"bin":921,"direction":"westbound","start_m":23025,"end_m":23050,"median_score":1.732,"hot_fraction":0.5,"recordings":4,"rides_rough":1,"rides_covering":2,"location_precision":"approximate corridor location; physical track not resolved"},"geometry":{"type":"Polygon","coordinates":[[[-118.3687705,34.0261021],[-118.3688158,34.0261051],[-118.3690409,34.0261221],[-118.3690331,34.0261939],[-118.3688082,34.0261769],[-118.3687635,34.0261739],[-118.3687705,34.0261021]]]},"id":"WB-921"},{"type":"Feature","properties":{"bin":922,"direction":"westbound","start_m":23050,"end_m":23075,"median_score":1.354,"hot_fraction":0.0,"recordings":2,"rides_rough":0,"rides_covering":2,"location_precision":"approximate corridor location; physical track not resolved"},"geometry":{"type":"Polygon","coordinates":[[[-118.369041,34.0261221],[-118.369311,34.0261431],[-118.369303,34.0262149],[-118.369033,34.0261939],[-118.369041,34.0261221]]]},"id":"WB-922"},{"type":"Feature","properties":{"bin":927,"direction":"westbound","start_m":23175,"end_m":23200,"median_score":1.898,"hot_fraction":1.0,"recordings":1,"rides_rough":1,"rides_covering":1,"location_precision":"approximate corridor location; physical track not resolved"},"geometry":{"type":"Polygon","coordinates":[[[-118.37039,34.0262271],[-118.370611,34.0262441],[-118.3706602,34.0262481],[-118.3706518,34.0263199],[-118.370603,34.0263159],[-118.370382,34.0262989],[-118.37039,34.0262271]]]},"id":"WB-927"},{"type":"Feature","properties":{"bin":928,"direction":"westbound","start_m":23200,"end_m":23225,"median_score":1.251,"hot_fraction":0.0,"recordings":4,"rides_rough":0,"rides_covering":2,"location_precision":"approximate corridor location; physical track not resolved"},"geometry":{"type":"Polygon","coordinates":[[[-118.3706597,34.0262481],[-118.3709297,34.0262671],[-118.3709223,34.0263389],[-118.3706523,34.0263199],[-118.3706597,34.0262481]]]},"id":"WB-928"},{"type":"Feature","properties":{"bin":929,"direction":"westbound","start_m":23225,"end_m":23250,"median_score":1.195,"hot_fraction":0.0,"recordings":1,"rides_rough":0,"rides_covering":1,"location_precision":"approximate corridor location; physical track not resolved"},"geometry":{"type":"Polygon","coordinates":[[[-118.3709299,34.0262671],[-118.3709972,34.0262721],[-118.3712003,34.0262891],[-118.3711917,34.0263609],[-118.3709888,34.0263439],[-118.3709221,34.0263389],[-118.3709299,34.0262671]]]},"id":"WB-929"},{"type":"Feature","properties":{"bin":930,"direction":"westbound","start_m":23250,"end_m":23275,"median_score":0.798,"hot_fraction":0.0,"recordings":4,"rides_rough":0,"rides_covering":2,"location_precision":"approximate corridor location; physical track not resolved"},"geometry":{"type":"Polygon","coordinates":[[[-118.3712004,34.0262891],[-118.3714694,34.0263121],[-118.3714606,34.0263839],[-118.3711916,34.0263609],[-118.3712004,34.0262891]]]},"id":"WB-930"},{"type":"Feature","properties":{"bin":931,"direction":"westbound","start_m":23275,"end_m":23300,"median_score":0.606,"hot_fraction":0.0,"recordings":1,"rides_rough":0,"rides_covering":1,"location_precision":"approximate corridor location; physical track not resolved"},"geometry":{"type":"Polygon","coordinates":[[[-118.3714693,34.0263121],[-118.3717202,34.0263331],[-118.3717377,34.026334],[-118.3717323,34.026406],[-118.3717118,34.0264049],[-118.3714607,34.0263839],[-118.3714693,34.0263121]]]},"id":"WB-931"},{"type":"Feature","properties":{"bin":938,"direction":"westbound","start_m":23450,"end_m":23475,"median_score":0.753,"hot_fraction":0.0,"recordings":1,"rides_rough":0,"rides_covering":1,"location_precision":"approximate corridor location; physical track not resolved"},"geometry":{"type":"Polygon","coordinates":[[[-118.373358,34.0264692],[-118.373627,34.0264952],[-118.373617,34.0265668],[-118.373348,34.0265408],[-118.373358,34.0264692]]]},"id":"WB-938"},{"type":"Feature","properties":{"bin":939,"direction":"westbound","start_m":23475,"end_m":23500,"median_score":0.783,"hot_fraction":0.0,"recordings":2,"rides_rough":0,"rides_covering":1,"location_precision":"approximate corridor location; physical track not resolved"},"geometry":{"type":"Polygon","coordinates":[[[-118.373627,34.0264952],[-118.373896,34.0265212],[-118.373886,34.0265928],[-118.373617,34.0265668],[-118.373627,34.0264952]]]},"id":"WB-939"},{"type":"Feature","properties":{"bin":940,"direction":"westbound","start_m":23500,"end_m":23525,"median_score":0.78,"hot_fraction":0.0,"recordings":2,"rides_rough":0,"rides_covering":1,"location_precision":"approximate corridor location; physical track not resolved"},"geometry":{"type":"Polygon","coordinates":[[[-118.3738958,34.0265212],[-118.3741648,34.0265462],[-118.3741552,34.0266178],[-118.3738862,34.0265928],[-118.3738958,34.0265212]]]},"id":"WB-940"},{"type":"Feature","properties":{"bin":941,"direction":"westbound","start_m":23525,"end_m":23550,"median_score":0.79,"hot_fraction":0.0,"recordings":5,"rides_rough":0,"rides_covering":2,"location_precision":"approximate corridor location; physical track not resolved"},"geometry":{"type":"Polygon","coordinates":[[[-118.3741673,34.0265465],[-118.3741718,34.0265472],[-118.3744347,34.0265712],[-118.3744253,34.0266428],[-118.3741622,34.0266188],[-118.3741527,34.0266175],[-118.3741673,34.0265465]]]},"id":"WB-941"},{"type":"Feature","properties":{"bin":942,"direction":"westbound","start_m":23550,"end_m":23575,"median_score":0.979,"hot_fraction":0.0,"recordings":4,"rides_rough":0,"rides_covering":2,"location_precision":"approximate corridor location; physical track not resolved"},"geometry":{"type":"Polygon","coordinates":[[[-118.3744348,34.0265712],[-118.3747038,34.0265962],[-118.3746942,34.0266678],[-118.3744252,34.0266428],[-118.3744348,34.0265712]]]},"id":"WB-942"},{"type":"Feature","properties":{"bin":943,"direction":"westbound","start_m":23575,"end_m":23600,"median_score":0.865,"hot_fraction":0.0,"recordings":3,"rides_rough":0,"rides_covering":2,"location_precision":"approximate corridor location; physical track not resolved"},"geometry":{"type":"Polygon","coordinates":[[[-118.3747038,34.0265962],[-118.3749728,34.0266212],[-118.3749632,34.0266928],[-118.3746942,34.0266678],[-118.3747038,34.0265962]]]},"id":"WB-943"},{"type":"Feature","properties":{"bin":944,"direction":"westbound","start_m":23600,"end_m":23625,"median_score":1.223,"hot_fraction":0.0,"recordings":5,"rides_rough":0,"rides_covering":2,"location_precision":"approximate corridor location; physical track not resolved"},"geometry":{"type":"Polygon","coordinates":[[[-118.3749729,34.0266212],[-118.3752388,34.0266462],[-118.375238,34.0266459],[-118.375238,34.0267181],[-118.3752292,34.0267178],[-118.3749631,34.0266928],[-118.3749729,34.0266212]]]},"id":"WB-944"},{"type":"Feature","properties":{"bin":945,"direction":"westbound","start_m":23625,"end_m":23650,"median_score":1.685,"hot_fraction":0.5,"recordings":5,"rides_rough":1,"rides_covering":2,"location_precision":"approximate corridor location; physical track not resolved"},"geometry":{"type":"Polygon","coordinates":[[[-118.3752428,34.0266462],[-118.3755118,34.0266712],[-118.3755022,34.0267428],[-118.3752332,34.0267178],[-118.3752428,34.0266462]]]},"id":"WB-945"},{"type":"Feature","properties":{"bin":946,"direction":"westbound","start_m":23650,"end_m":23675,"median_score":1.309,"hot_fraction":0.0,"recordings":5,"rides_rough":0,"rides_covering":2,"location_precision":"approximate corridor location; physical track not resolved"},"geometry":{"type":"Polygon","coordinates":[[[-118.3755113,34.0266711],[-118.3755596,34.0266752],[-118.3757807,34.0266952],[-118.3757713,34.0267668],[-118.3755504,34.0267468],[-118.3755027,34.0267429],[-118.3755113,34.0266711]]]},"id":"WB-946"},{"type":"Feature","properties":{"bin":947,"direction":"westbound","start_m":23675,"end_m":23700,"median_score":1.02,"hot_fraction":0.0,"recordings":4,"rides_rough":0,"rides_covering":2,"location_precision":"approximate corridor location; physical track not resolved"},"geometry":{"type":"Polygon","coordinates":[[[-118.3757808,34.0266952],[-118.3760508,34.0267202],[-118.3760412,34.0267918],[-118.3757712,34.0267668],[-118.3757808,34.0266952]]]},"id":"WB-947"},{"type":"Feature","properties":{"bin":948,"direction":"westbound","start_m":23700,"end_m":23725,"median_score":1.07,"hot_fraction":0.0,"recordings":3,"rides_rough":0,"rides_covering":2,"location_precision":"approximate corridor location; physical track not resolved"},"geometry":{"type":"Polygon","coordinates":[[[-118.3760509,34.0267202],[-118.3761248,34.0267272],[-118.3763198,34.0267452],[-118.3763102,34.0268168],[-118.3761152,34.0267988],[-118.3760411,34.0267918],[-118.3760509,34.0267202]]]},"id":"WB-948"},{"type":"Feature","properties":{"bin":949,"direction":"westbound","start_m":23725,"end_m":23750,"median_score":0.752,"hot_fraction":0.0,"recordings":5,"rides_rough":0,"rides_covering":2,"location_precision":"approximate corridor location; physical track not resolved"},"geometry":{"type":"Polygon","coordinates":[[[-118.37632,34.0267452],[-118.376589,34.0267712],[-118.376579,34.0268428],[-118.37631,34.0268168],[-118.37632,34.0267452]]]},"id":"WB-949"},{"type":"Feature","properties":{"bin":950,"direction":"westbound","start_m":23750,"end_m":23775,"median_score":0.78,"hot_fraction":0.0,"recordings":5,"rides_rough":0,"rides_covering":2,"location_precision":"approximate corridor location; physical track not resolved"},"geometry":{"type":"Polygon","coordinates":[[[-118.3765889,34.0267712],[-118.3766212,34.0267742],[-118.3768582,34.0267982],[-118.3768478,34.0268698],[-118.3766108,34.0268458],[-118.3765791,34.0268428],[-118.3765889,34.0267712]]]},"id":"WB-950"},{"type":"Feature","properties":{"bin":951,"direction":"westbound","start_m":23775,"end_m":23800,"median_score":1.093,"hot_fraction":0.0,"recordings":3,"rides_rough":0,"rides_covering":2,"location_precision":"approximate corridor location; physical track not resolved"},"geometry":{"type":"Polygon","coordinates":[[[-118.3768582,34.0267982],[-118.3771272,34.0268252],[-118.3771168,34.0268968],[-118.3768478,34.0268698],[-118.3768582,34.0267982]]]},"id":"WB-951"},{"type":"Feature","properties":{"bin":952,"direction":"westbound","start_m":23800,"end_m":23825,"median_score":1.135,"hot_fraction":0.0,"recordings":5,"rides_rough":0,"rides_covering":2,"location_precision":"approximate corridor location; physical track not resolved"},"geometry":{"type":"Polygon","coordinates":[[[-118.3771274,34.0268252],[-118.3773964,34.0268532],[-118.3773856,34.0269248],[-118.3771166,34.0268968],[-118.3771274,34.0268252]]]},"id":"WB-952"},{"type":"Feature","properties":{"bin":953,"direction":"westbound","start_m":23825,"end_m":23850,"median_score":1.548,"hot_fraction":0.5,"recordings":5,"rides_rough":1,"rides_covering":2,"location_precision":"approximate corridor location; physical track not resolved"},"geometry":{"type":"Polygon","coordinates":[[[-118.3773955,34.0268531],[-118.3774192,34.0268552],[-118.3776653,34.0268802],[-118.3776547,34.0269518],[-118.3774088,34.0269268],[-118.3773865,34.0269249],[-118.3773955,34.0268531]]]},"id":"WB-953"},{"type":"Feature","properties":{"bin":954,"direction":"westbound","start_m":23850,"end_m":23875,"median_score":0.869,"hot_fraction":0.0,"recordings":5,"rides_rough":0,"rides_covering":2,"location_precision":"approximate corridor location; physical track not resolved"},"geometry":{"type":"Polygon","coordinates":[[[-118.3776652,34.0268802],[-118.3779342,34.0269072],[-118.3779238,34.0269788],[-118.3776548,34.0269518],[-118.3776652,34.0268802]]]},"id":"WB-954"},{"type":"Feature","properties":{"bin":955,"direction":"westbound","start_m":23875,"end_m":23900,"median_score":0.877,"hot_fraction":0.0,"recordings":5,"rides_rough":0,"rides_covering":2,"location_precision":"approximate corridor location; physical track not resolved"},"geometry":{"type":"Polygon","coordinates":[[[-118.3779342,34.0269072],[-118.3782032,34.0269342],[-118.3781928,34.0270058],[-118.3779238,34.0269788],[-118.3779342,34.0269072]]]},"id":"WB-955"},{"type":"Feature","properties":{"bin":956,"direction":"westbound","start_m":23900,"end_m":23925,"median_score":0.929,"hot_fraction":0.0,"recordings":5,"rides_rough":0,"rides_covering":2,"location_precision":"approximate corridor location; physical track not resolved"},"geometry":{"type":"Polygon","coordinates":[[[-118.3782031,34.0269342],[-118.3784582,34.0269592],[-118.3784743,34.0269615],[-118.3784597,34.0270325],[-118.3784478,34.0270308],[-118.3781929,34.0270058],[-118.3782031,34.0269342]]]},"id":"WB-956"},{"type":"Feature","properties":{"bin":957,"direction":"westbound","start_m":23925,"end_m":23950,"median_score":0.849,"hot_fraction":0.0,"recordings":5,"rides_rough":0,"rides_covering":2,"location_precision":"approximate corridor location; physical track not resolved"},"geometry":{"type":"Polygon","coordinates":[[[-118.3784724,34.0269612],[-118.3787414,34.0269892],[-118.3787306,34.0270608],[-118.3784616,34.0270328],[-118.3784724,34.0269612]]]},"id":"WB-957"},{"type":"Feature","properties":{"bin":958,"direction":"westbound","start_m":23950,"end_m":23975,"median_score":0.849,"hot_fraction":0.0,"recordings":5,"rides_rough":0,"rides_covering":2,"location_precision":"approximate corridor location; physical track not resolved"},"geometry":{"type":"Polygon","coordinates":[[[-118.3787414,34.0269892],[-118.3789614,34.0270122],[-118.3790103,34.0270172],[-118.3789997,34.0270888],[-118.3789506,34.0270838],[-118.3787306,34.0270608],[-118.3787414,34.0269892]]]},"id":"WB-958"},{"type":"Feature","properties":{"bin":959,"direction":"westbound","start_m":23975,"end_m":24000,"median_score":0.961,"hot_fraction":0.0,"recordings":5,"rides_rough":0,"rides_covering":2,"location_precision":"approximate corridor location; physical track not resolved"},"geometry":{"type":"Polygon","coordinates":[[[-118.37901,34.0270172],[-118.3791654,34.0270321],[-118.3792786,34.0270401],[-118.3792714,34.0271119],[-118.3791566,34.0271039],[-118.379,34.0270888],[-118.37901,34.0270172]]]},"id":"WB-959"},{"type":"Feature","properties":{"bin":960,"direction":"westbound","start_m":24000,"end_m":24025,"median_score":0.973,"hot_fraction":0.0,"recordings":5,"rides_rough":0,"rides_covering":2,"location_precision":"approximate corridor location; physical track not resolved"},"geometry":{"type":"Polygon","coordinates":[[[-118.3792788,34.0270401],[-118.3795139,34.0270571],[-118.3795486,34.0270601],[-118.3795394,34.0271319],[-118.3795061,34.0271289],[-118.3792712,34.0271119],[-118.3792788,34.0270401]]]},"id":"WB-960"},{"type":"Feature","properties":{"bin":961,"direction":"westbound","start_m":24025,"end_m":24050,"median_score":0.801,"hot_fraction":0.0,"recordings":5,"rides_rough":0,"rides_covering":2,"location_precision":"approximate corridor location; physical track not resolved"},"geometry":{"type":"Polygon","coordinates":[[[-118.379549,34.0270602],[-118.379819,34.0270862],[-118.379809,34.0271578],[-118.379539,34.0271318],[-118.379549,34.0270602]]]},"id":"WB-961"},{"type":"Feature","properties":{"bin":962,"direction":"westbound","start_m":24050,"end_m":24075,"median_score":1.047,"hot_fraction":0.0,"recordings":5,"rides_rough":0,"rides_covering":2,"location_precision":"approximate corridor location; physical track not resolved"},"geometry":{"type":"Polygon","coordinates":[[[-118.379819,34.0270862],[-118.380088,34.0271122],[-118.380078,34.0271838],[-118.379809,34.0271578],[-118.379819,34.0270862]]]},"id":"WB-962"},{"type":"Feature","properties":{"bin":963,"direction":"westbound","start_m":24075,"end_m":24100,"median_score":1.379,"hot_fraction":0.0,"recordings":5,"rides_rough":0,"rides_covering":2,"location_precision":"approximate corridor location; physical track not resolved"},"geometry":{"type":"Polygon","coordinates":[[[-118.3800931,34.0271129],[-118.3800928,34.0271132],[-118.3803567,34.0271372],[-118.3803473,34.0272088],[-118.3800832,34.0271848],[-118.3800729,34.0271831],[-118.3800931,34.0271129]]]},"id":"WB-963"},{"type":"Feature","properties":{"bin":964,"direction":"westbound","start_m":24100,"end_m":24125,"median_score":1.341,"hot_fraction":0.0,"recordings":5,"rides_rough":0,"rides_covering":2,"location_precision":"approximate corridor location; physical track not resolved"},"geometry":{"type":"Polygon","coordinates":[[[-118.3803565,34.0271371],[-118.3804606,34.0271462],[-118.3806267,34.0271612],[-118.3806173,34.0272328],[-118.3804514,34.0272178],[-118.3803475,34.0272089],[-118.3803565,34.0271371]]]},"id":"WB-964"},{"type":"Feature","properties":{"bin":965,"direction":"westbound","start_m":24125,"end_m":24150,"median_score":1.413,"hot_fraction":0.0,"recordings":5,"rides_rough":0,"rides_covering":2,"location_precision":"approximate corridor location; physical track not resolved"},"geometry":{"type":"Polygon","coordinates":[[[-118.3806268,34.0271612],[-118.3808958,34.0271862],[-118.3808862,34.0272578],[-118.3806172,34.0272328],[-118.3806268,34.0271612]]]},"id":"WB-965"},{"type":"Feature","properties":{"bin":966,"direction":"westbound","start_m":24150,"end_m":24175,"median_score":0.886,"hot_fraction":0.0,"recordings":5,"rides_rough":0,"rides_covering":2,"location_precision":"approximate corridor location; physical track not resolved"},"geometry":{"type":"Polygon","coordinates":[[[-118.3808958,34.0271862],[-118.3811648,34.0272112],[-118.3811552,34.0272828],[-118.3808862,34.0272578],[-118.3808958,34.0271862]]]},"id":"WB-966"},{"type":"Feature","properties":{"bin":967,"direction":"westbound","start_m":24175,"end_m":24200,"median_score":1.111,"hot_fraction":0.0,"recordings":5,"rides_rough":0,"rides_covering":2,"location_precision":"approximate corridor location; physical track not resolved"},"geometry":{"type":"Polygon","coordinates":[[[-118.3811648,34.0272112],[-118.3814338,34.0272362],[-118.3814242,34.0273078],[-118.3811552,34.0272828],[-118.3811648,34.0272112]]]},"id":"WB-967"},{"type":"Feature","properties":{"bin":968,"direction":"westbound","start_m":24200,"end_m":24225,"median_score":0.778,"hot_fraction":0.0,"recordings":5,"rides_rough":0,"rides_covering":2,"location_precision":"approximate corridor location; physical track not resolved"},"geometry":{"type":"Polygon","coordinates":[[[-118.3814338,34.0272362],[-118.3817038,34.0272612],[-118.3816942,34.0273328],[-118.3814242,34.0273078],[-118.3814338,34.0272362]]]},"id":"WB-968"},{"type":"Feature","properties":{"bin":969,"direction":"westbound","start_m":24225,"end_m":24250,"median_score":0.861,"hot_fraction":0.0,"recordings":5,"rides_rough":0,"rides_covering":2,"location_precision":"approximate corridor location; physical track not resolved"},"geometry":{"type":"Polygon","coordinates":[[[-118.3817039,34.0272612],[-118.3818514,34.0272752],[-118.3819739,34.0272893],[-118.3819621,34.0273607],[-118.3818406,34.0273468],[-118.3816941,34.0273328],[-118.3817039,34.0272612]]]},"id":"WB-969"},{"type":"Feature","properties":{"bin":970,"direction":"westbound","start_m":24250,"end_m":24275,"median_score":0.891,"hot_fraction":0.0,"recordings":5,"rides_rough":0,"rides_covering":2,"location_precision":"approximate corridor location; physical track not resolved"},"geometry":{"type":"Polygon","coordinates":[[[-118.3819736,34.0272892],[-118.3822416,34.0273182],[-118.3822304,34.0273898],[-118.3819624,34.0273608],[-118.3819736,34.0272892]]]},"id":"WB-970"},{"type":"Feature","properties":{"bin":971,"direction":"westbound","start_m":24275,"end_m":24300,"median_score":0.886,"hot_fraction":0.0,"recordings":3,"rides_rough":0,"rides_covering":2,"location_precision":"approximate corridor location; physical track not resolved"},"geometry":{"type":"Polygon","coordinates":[[[-118.3822418,34.0273183],[-118.382402,34.0273363],[-118.3825112,34.0273493],[-118.3824988,34.0274207],[-118.38239,34.0274077],[-118.3822302,34.0273897],[-118.3822418,34.0273183]]]},"id":"WB-971"},{"type":"Feature","properties":{"bin":972,"direction":"westbound","start_m":24300,"end_m":24325,"median_score":0.822,"hot_fraction":0.0,"recordings":2,"rides_rough":0,"rides_covering":1,"location_precision":"approximate corridor location; physical track not resolved"},"geometry":{"type":"Polygon","coordinates":[[[-118.382511,34.0273493],[-118.382779,34.0273803],[-118.382767,34.0274517],[-118.382499,34.0274207],[-118.382511,34.0273493]]]},"id":"WB-972"},{"type":"Feature","properties":{"bin":973,"direction":"westbound","start_m":24325,"end_m":24350,"median_score":0.832,"hot_fraction":0.0,"recordings":2,"rides_rough":0,"rides_covering":1,"location_precision":"approximate corridor location; physical track not resolved"},"geometry":{"type":"Polygon","coordinates":[[[-118.3827789,34.0273803],[-118.382989,34.0274043],[-118.3830481,34.0274113],[-118.3830359,34.0274827],[-118.382977,34.0274757],[-118.3827671,34.0274517],[-118.3827789,34.0273803]]]},"id":"WB-973"},{"type":"Feature","properties":{"bin":974,"direction":"westbound","start_m":24350,"end_m":24375,"median_score":0.711,"hot_fraction":0.0,"recordings":2,"rides_rough":0,"rides_covering":1,"location_precision":"approximate corridor location; physical track not resolved"},"geometry":{"type":"Polygon","coordinates":[[[-118.3830478,34.0274113],[-118.3833158,34.0274413],[-118.3833042,34.0275127],[-118.3830362,34.0274827],[-118.3830478,34.0274113]]]},"id":"WB-974"},{"type":"Feature","properties":{"bin":975,"direction":"westbound","start_m":24375,"end_m":24400,"median_score":0.854,"hot_fraction":0.0,"recordings":2,"rides_rough":0,"rides_covering":1,"location_precision":"approximate corridor location; physical track not resolved"},"geometry":{"type":"Polygon","coordinates":[[[-118.383316,34.0274413],[-118.383585,34.0274723],[-118.383573,34.0275437],[-118.383304,34.0275127],[-118.383316,34.0274413]]]},"id":"WB-975"},{"type":"Feature","properties":{"bin":976,"direction":"westbound","start_m":24400,"end_m":24425,"median_score":1.635,"hot_fraction":0.0,"recordings":4,"rides_rough":0,"rides_covering":2,"location_precision":"approximate corridor location; physical track not resolved"},"geometry":{"type":"Polygon","coordinates":[[[-118.383585,34.0274723],[-118.383853,34.0275033],[-118.383841,34.0275747],[-118.383573,34.0275437],[-118.383585,34.0274723]]]},"id":"WB-976"},{"type":"Feature","properties":{"bin":977,"direction":"westbound","start_m":24425,"end_m":24450,"median_score":2.428,"hot_fraction":1.0,"recordings":5,"rides_rough":2,"rides_covering":2,"location_precision":"approximate corridor location; physical track not resolved"},"geometry":{"type":"Polygon","coordinates":[[[-118.3838526,34.0275033],[-118.3839434,34.0275131],[-118.3841208,34.0275261],[-118.3841132,34.0275979],[-118.3839346,34.0275849],[-118.3838414,34.0275747],[-118.3838526,34.0275033]]]},"id":"WB-977"},{"type":"Feature","properties":{"bin":978,"direction":"westbound","start_m":24450,"end_m":24475,"median_score":1.359,"hot_fraction":0.0,"recordings":4,"rides_rough":0,"rides_covering":2,"location_precision":"approximate corridor location; physical track not resolved"},"geometry":{"type":"Polygon","coordinates":[[[-118.3841208,34.0275261],[-118.3843908,34.0275461],[-118.3843832,34.0276179],[-118.3841132,34.0275979],[-118.3841208,34.0275261]]]},"id":"WB-978"},{"type":"Feature","properties":{"bin":979,"direction":"westbound","start_m":24475,"end_m":24500,"median_score":1.097,"hot_fraction":0.0,"recordings":4,"rides_rough":0,"rides_covering":2,"location_precision":"approximate corridor location; physical track not resolved"},"geometry":{"type":"Polygon","coordinates":[[[-118.3843907,34.0275461],[-118.3846597,34.0275651],[-118.3846523,34.0276369],[-118.3843833,34.0276179],[-118.3843907,34.0275461]]]},"id":"WB-979"},{"type":"Feature","properties":{"bin":980,"direction":"westbound","start_m":24500,"end_m":24525,"median_score":1.033,"hot_fraction":0.0,"recordings":5,"rides_rough":0,"rides_covering":2,"location_precision":"approximate corridor location; physical track not resolved"},"geometry":{"type":"Polygon","coordinates":[[[-118.3846601,34.0275651],[-118.3847108,34.0275691],[-118.3849298,34.0275851],[-118.3849222,34.0276569],[-118.3847032,34.0276409],[-118.3846519,34.0276369],[-118.3846601,34.0275651]]]},"id":"WB-980"},{"type":"Feature","properties":{"bin":981,"direction":"westbound","start_m":24525,"end_m":24550,"median_score":0.929,"hot_fraction":0.0,"recordings":5,"rides_rough":0,"rides_covering":2,"location_precision":"approximate corridor location; physical track not resolved"},"geometry":{"type":"Polygon","coordinates":[[[-118.3849297,34.0275851],[-118.3851997,34.0276041],[-118.3851923,34.0276759],[-118.3849223,34.0276569],[-118.3849297,34.0275851]]]},"id":"WB-981"},{"type":"Feature","properties":{"bin":982,"direction":"westbound","start_m":24550,"end_m":24575,"median_score":0.769,"hot_fraction":0.0,"recordings":5,"rides_rough":0,"rides_covering":2,"location_precision":"approximate corridor location; physical track not resolved"},"geometry":{"type":"Polygon","coordinates":[[[-118.3851997,34.0276041],[-118.3854107,34.0276191],[-118.3854695,34.0276231],[-118.3854625,34.0276949],[-118.3854033,34.0276909],[-118.3851923,34.0276759],[-118.3851997,34.0276041]]]},"id":"WB-982"},{"type":"Feature","properties":{"bin":983,"direction":"westbound","start_m":24575,"end_m":24600,"median_score":0.783,"hot_fraction":0.0,"recordings":4,"rides_rough":0,"rides_covering":2,"location_precision":"approximate corridor location; physical track not resolved"},"geometry":{"type":"Polygon","coordinates":[[[-118.3854693,34.027623],[-118.3857403,34.02764],[-118.3857337,34.027712],[-118.3854627,34.027695],[-118.3854693,34.027623]]]},"id":"WB-983"},{"type":"Feature","properties":{"bin":984,"direction":"westbound","start_m":24600,"end_m":24625,"median_score":1.038,"hot_fraction":0.0,"recordings":5,"rides_rough":0,"rides_covering":2,"location_precision":"approximate corridor location; physical track not resolved"},"geometry":{"type":"Polygon","coordinates":[[[-118.3857403,34.0276401],[-118.3860103,34.0276571],[-118.3860037,34.0277289],[-118.3857337,34.0277119],[-118.3857403,34.0276401]]]},"id":"WB-984"},{"type":"Feature","properties":{"bin":985,"direction":"westbound","start_m":24625,"end_m":24650,"median_score":1.086,"hot_fraction":0.0,"recordings":4,"rides_rough":0,"rides_covering":2,"location_precision":"approximate corridor location; physical track not resolved"},"geometry":{"type":"Polygon","coordinates":[[[-118.3860101,34.027657],[-118.3861283,34.0276641],[-118.3862804,34.0276741],[-118.3862736,34.0277459],[-118.3861217,34.0277359],[-118.3860039,34.027729],[-118.3860101,34.027657]]]},"id":"WB-985"},{"type":"Feature","properties":{"bin":986,"direction":"westbound","start_m":24650,"end_m":24675,"median_score":1.118,"hot_fraction":0.0,"recordings":5,"rides_rough":0,"rides_covering":2,"location_precision":"approximate corridor location; physical track not resolved"},"geometry":{"type":"Polygon","coordinates":[[[-118.3862805,34.0276741],[-118.3865505,34.0276921],[-118.3865435,34.0277639],[-118.3862735,34.0277459],[-118.3862805,34.0276741]]]},"id":"WB-986"},{"type":"Feature","properties":{"bin":987,"direction":"westbound","start_m":24675,"end_m":24700,"median_score":1.178,"hot_fraction":0.0,"recordings":5,"rides_rough":0,"rides_covering":2,"location_precision":"approximate corridor location; physical track not resolved"},"geometry":{"type":"Polygon","coordinates":[[[-118.3865505,34.0276921],[-118.3868205,34.0277101],[-118.3868135,34.0277819],[-118.3865435,34.0277639],[-118.3865505,34.0276921]]]},"id":"WB-987"},{"type":"Feature","properties":{"bin":988,"direction":"westbound","start_m":24700,"end_m":24725,"median_score":1.317,"hot_fraction":0.0,"recordings":4,"rides_rough":0,"rides_covering":2,"location_precision":"approximate corridor location; physical track not resolved"},"geometry":{"type":"Polygon","coordinates":[[[-118.3868207,34.0277101],[-118.386949,34.0277191],[-118.3870914,34.0277311],[-118.3870826,34.0278029],[-118.386941,34.0277909],[-118.3868133,34.0277819],[-118.3868207,34.0277101]]]},"id":"WB-988"},{"type":"Feature","properties":{"bin":989,"direction":"westbound","start_m":24725,"end_m":24750,"median_score":0.882,"hot_fraction":0.0,"recordings":4,"rides_rough":0,"rides_covering":2,"location_precision":"approximate corridor location; physical track not resolved"},"geometry":{"type":"Polygon","coordinates":[[[-118.3870914,34.0277311],[-118.3873614,34.0277541],[-118.3873526,34.0278259],[-118.3870826,34.0278029],[-118.3870914,34.0277311]]]},"id":"WB-989"},{"type":"Feature","properties":{"bin":990,"direction":"westbound","start_m":24750,"end_m":24775,"median_score":0.896,"hot_fraction":0.0,"recordings":3,"rides_rough":0,"rides_covering":2,"location_precision":"approximate corridor location; physical track not resolved"},"geometry":{"type":"Polygon","coordinates":[[[-118.3873616,34.0277542],[-118.3876306,34.0277782],[-118.3876214,34.0278498],[-118.3873524,34.0278258],[-118.3873616,34.0277542]]]},"id":"WB-990"},{"type":"Feature","properties":{"bin":991,"direction":"westbound","start_m":24775,"end_m":24800,"median_score":1.06,"hot_fraction":0.0,"recordings":2,"rides_rough":0,"rides_covering":1,"location_precision":"approximate corridor location; physical track not resolved"},"geometry":{"type":"Polygon","coordinates":[[[-118.3876304,34.0277781],[-118.3879004,34.0278011],[-118.3878916,34.0278729],[-118.3876216,34.0278499],[-118.3876304,34.0277781]]]},"id":"WB-991"},{"type":"Feature","properties":{"bin":992,"direction":"westbound","start_m":24800,"end_m":24825,"median_score":0.743,"hot_fraction":0.0,"recordings":1,"rides_rough":0,"rides_covering":1,"location_precision":"approximate corridor location; physical track not resolved"},"geometry":{"type":"Polygon","coordinates":[[[-118.3878997,34.0278011],[-118.3879146,34.0278022],[-118.3881697,34.0278252],[-118.3881603,34.0278968],[-118.3879054,34.0278738],[-118.3878923,34.0278729],[-118.3878997,34.0278011]]]},"id":"WB-992"},{"type":"Feature","properties":{"bin":993,"direction":"westbound","start_m":24825,"end_m":24850,"median_score":0.818,"hot_fraction":0.0,"recordings":2,"rides_rough":0,"rides_covering":1,"location_precision":"approximate corridor location; physical track not resolved"},"geometry":{"type":"Polygon","coordinates":[[[-118.3881696,34.0278252],[-118.3884396,34.0278492],[-118.3884304,34.0279208],[-118.3881604,34.0278968],[-118.3881696,34.0278252]]]},"id":"WB-993"},{"type":"Feature","properties":{"bin":994,"direction":"westbound","start_m":24850,"end_m":24875,"median_score":0.743,"hot_fraction":0.0,"recordings":2,"rides_rough":0,"rides_covering":1,"location_precision":"approximate corridor location; physical track not resolved"},"geometry":{"type":"Polygon","coordinates":[[[-118.3884396,34.0278492],[-118.3887086,34.0278732],[-118.3886994,34.0279448],[-118.3884304,34.0279208],[-118.3884396,34.0278492]]]},"id":"WB-994"},{"type":"Feature","properties":{"bin":610,"direction":"eastbound","start_m":15250,"end_m":15275,"median_score":1.188,"hot_fraction":0.0,"recordings":1,"rides_rough":0,"rides_covering":1,"location_precision":"approximate corridor location; physical track not resolved"},"geometry":{"type":"Polygon","coordinates":[[[-118.2854,34.0182199],[-118.285403,34.0182199],[-118.285671,34.0182199],[-118.285671,34.0182921],[-118.285403,34.0182921],[-118.2854,34.0182921],[-118.2854,34.0182199]]]},"id":"EB-610"},{"type":"Feature","properties":{"bin":611,"direction":"eastbound","start_m":15275,"end_m":15300,"median_score":0.834,"hot_fraction":0.0,"recordings":1,"rides_rough":0,"rides_covering":1,"location_precision":"approximate corridor location; physical track not resolved"},"geometry":{"type":"Polygon","coordinates":[[[-118.285671,34.0182199],[-118.2857066,34.0182199],[-118.2859416,34.0182179],[-118.2859424,34.0182901],[-118.2857074,34.0182921],[-118.285671,34.0182921],[-118.285671,34.0182199]]]},"id":"EB-611"},{"type":"Feature","properties":{"bin":612,"direction":"eastbound","start_m":15300,"end_m":15325,"median_score":0.949,"hot_fraction":0.0,"recordings":1,"rides_rough":0,"rides_covering":1,"location_precision":"approximate corridor location; physical track not resolved"},"geometry":{"type":"Polygon","coordinates":[[[-118.2859418,34.0182179],[-118.2862118,34.0182169],[-118.2862122,34.0182891],[-118.2859422,34.0182901],[-118.2859418,34.0182179]]]},"id":"EB-612"},{"type":"Feature","properties":{"bin":613,"direction":"eastbound","start_m":15325,"end_m":15350,"median_score":0.904,"hot_fraction":0.0,"recordings":2,"rides_rough":0,"rides_covering":2,"location_precision":"approximate corridor location; physical track not resolved"},"geometry":{"type":"Polygon","coordinates":[[[-118.2862116,34.0182169],[-118.2864726,34.0182149],[-118.286483,34.0182149],[-118.286483,34.0182871],[-118.2864734,34.0182871],[-118.2862124,34.0182891],[-118.2862116,34.0182169]]]},"id":"EB-613"},{"type":"Feature","properties":{"bin":614,"direction":"eastbound","start_m":15350,"end_m":15375,"median_score":1.048,"hot_fraction":0.0,"recordings":2,"rides_rough":0,"rides_covering":1,"location_precision":"approximate corridor location; physical track not resolved"},"geometry":{"type":"Polygon","coordinates":[[[-118.2864832,34.0182149],[-118.2867542,34.0182159],[-118.2867538,34.0182881],[-118.2864828,34.0182871],[-118.2864832,34.0182149]]]},"id":"EB-614"},{"type":"Feature","properties":{"bin":615,"direction":"eastbound","start_m":15375,"end_m":15400,"median_score":0.957,"hot_fraction":0.0,"recordings":2,"rides_rough":0,"rides_covering":1,"location_precision":"approximate corridor location; physical track not resolved"},"geometry":{"type":"Polygon","coordinates":[[[-118.2867542,34.0182159],[-118.2870252,34.0182169],[-118.2870248,34.0182891],[-118.2867538,34.0182881],[-118.2867542,34.0182159]]]},"id":"EB-615"},{"type":"Feature","properties":{"bin":616,"direction":"eastbound","start_m":15400,"end_m":15425,"median_score":1.194,"hot_fraction":0.0,"recordings":1,"rides_rough":0,"rides_covering":1,"location_precision":"approximate corridor location; physical track not resolved"},"geometry":{"type":"Polygon","coordinates":[[[-118.287025,34.0182169],[-118.2871872,34.0182169],[-118.2872965,34.0182179],[-118.2872955,34.0182901],[-118.2871868,34.0182891],[-118.287025,34.0182891],[-118.287025,34.0182169]]]},"id":"EB-616"},{"type":"Feature","properties":{"bin":617,"direction":"eastbound","start_m":15425,"end_m":15450,"median_score":1.323,"hot_fraction":0.0,"recordings":2,"rides_rough":0,"rides_covering":2,"location_precision":"approximate corridor location; physical track not resolved"},"geometry":{"type":"Polygon","coordinates":[[[-118.2872962,34.0182179],[-118.2875672,34.0182189],[-118.2875668,34.0182911],[-118.2872958,34.0182901],[-118.2872962,34.0182179]]]},"id":"EB-617"},{"type":"Feature","properties":{"bin":618,"direction":"eastbound","start_m":15450,"end_m":15475,"median_score":0.974,"hot_fraction":0.0,"recordings":1,"rides_rough":0,"rides_covering":1,"location_precision":"approximate corridor location; physical track not resolved"},"geometry":{"type":"Polygon","coordinates":[[[-118.2875674,34.0182189],[-118.2878384,34.0182209],[-118.2878376,34.0182931],[-118.2875666,34.0182911],[-118.2875674,34.0182189]]]},"id":"EB-618"},{"type":"Feature","properties":{"bin":619,"direction":"eastbound","start_m":15475,"end_m":15500,"median_score":0.886,"hot_fraction":0.0,"recordings":1,"rides_rough":0,"rides_covering":1,"location_precision":"approximate corridor location; physical track not resolved"},"geometry":{"type":"Polygon","coordinates":[[[-118.287838,34.0182209],[-118.2878742,34.0182209],[-118.2881092,34.0182219],[-118.2881088,34.0182941],[-118.2878738,34.0182931],[-118.287838,34.0182931],[-118.287838,34.0182209]]]},"id":"EB-619"},{"type":"Feature","properties":{"bin":620,"direction":"eastbound","start_m":15500,"end_m":15525,"median_score":2.055,"hot_fraction":1.0,"recordings":3,"rides_rough":2,"rides_covering":2,"location_precision":"approximate corridor location; physical track not resolved"},"geometry":{"type":"Polygon","coordinates":[[[-118.2881092,34.0182219],[-118.2883802,34.0182229],[-118.2883798,34.0182951],[-118.2881088,34.0182941],[-118.2881092,34.0182219]]]},"id":"EB-620"},{"type":"Feature","properties":{"bin":621,"direction":"eastbound","start_m":15525,"end_m":15550,"median_score":2.105,"hot_fraction":0.5,"recordings":3,"rides_rough":1,"rides_covering":2,"location_precision":"approximate corridor location; physical track not resolved"},"geometry":{"type":"Polygon","coordinates":[[[-118.2883802,34.0182229],[-118.2886512,34.0182239],[-118.2886508,34.0182961],[-118.2883798,34.0182951],[-118.2883802,34.0182229]]]},"id":"EB-621"},{"type":"Feature","properties":{"bin":622,"direction":"eastbound","start_m":15550,"end_m":15575,"median_score":2.157,"hot_fraction":1.0,"recordings":3,"rides_rough":2,"rides_covering":2,"location_precision":"approximate corridor location; physical track not resolved"},"geometry":{"type":"Polygon","coordinates":[[[-118.288651,34.0182239],[-118.288668,34.0182239],[-118.288922,34.0182239],[-118.288922,34.0182961],[-118.288668,34.0182961],[-118.288651,34.0182961],[-118.288651,34.0182239]]]},"id":"EB-622"},{"type":"Feature","properties":{"bin":623,"direction":"eastbound","start_m":15575,"end_m":15600,"median_score":1.244,"hot_fraction":0.0,"recordings":3,"rides_rough":0,"rides_covering":2,"location_precision":"approximate corridor location; physical track not resolved"},"geometry":{"type":"Polygon","coordinates":[[[-118.2889222,34.0182239],[-118.2891932,34.0182249],[-118.2891928,34.0182971],[-118.2889218,34.0182961],[-118.2889222,34.0182239]]]},"id":"EB-623"},{"type":"Feature","properties":{"bin":624,"direction":"eastbound","start_m":15600,"end_m":15625,"median_score":2.198,"hot_fraction":1.0,"recordings":2,"rides_rough":1,"rides_covering":1,"location_precision":"approximate corridor location; physical track not resolved"},"geometry":{"type":"Polygon","coordinates":[[[-118.289193,34.0182249],[-118.28927,34.0182249],[-118.289464,34.0182249],[-118.289464,34.0182971],[-118.28927,34.0182971],[-118.289193,34.0182971],[-118.289193,34.0182249]]]},"id":"EB-624"},{"type":"Feature","properties":{"bin":625,"direction":"eastbound","start_m":15625,"end_m":15650,"median_score":1.05,"hot_fraction":0.0,"recordings":1,"rides_rough":0,"rides_covering":1,"location_precision":"approximate corridor location; physical track not resolved"},"geometry":{"type":"Polygon","coordinates":[[[-118.2894638,34.0182249],[-118.2897348,34.0182239],[-118.2897352,34.0182961],[-118.2894642,34.0182971],[-118.2894638,34.0182249]]]},"id":"EB-625"},{"type":"Feature","properties":{"bin":626,"direction":"eastbound","start_m":15650,"end_m":15675,"median_score":0.985,"hot_fraction":0.0,"recordings":1,"rides_rough":0,"rides_covering":1,"location_precision":"approximate corridor location; physical track not resolved"},"geometry":{"type":"Polygon","coordinates":[[[-118.289735,34.0182239],[-118.290006,34.0182239],[-118.290006,34.0182961],[-118.289735,34.0182961],[-118.289735,34.0182239]]]},"id":"EB-626"},{"type":"Feature","properties":{"bin":632,"direction":"eastbound","start_m":15800,"end_m":15825,"median_score":0.82,"hot_fraction":0.0,"recordings":2,"rides_rough":0,"rides_covering":2,"location_precision":"approximate corridor location; physical track not resolved"},"geometry":{"type":"Polygon","coordinates":[[[-118.2913616,34.018231],[-118.2915444,34.0182329],[-118.291632,34.0182329],[-118.291632,34.0183051],[-118.2915436,34.0183051],[-118.2913604,34.018303],[-118.2913616,34.018231]]]},"id":"EB-632"},{"type":"Feature","properties":{"bin":633,"direction":"eastbound","start_m":15825,"end_m":15850,"median_score":0.618,"hot_fraction":0.0,"recordings":3,"rides_rough":0,"rides_covering":2,"location_precision":"approximate corridor location; physical track not resolved"},"geometry":{"type":"Polygon","coordinates":[[[-118.2916322,34.0182329],[-118.2919032,34.0182339],[-118.2919028,34.0183061],[-118.2916318,34.0183051],[-118.2916322,34.0182329]]]},"id":"EB-633"},{"type":"Feature","properties":{"bin":634,"direction":"eastbound","start_m":15850,"end_m":15875,"median_score":0.635,"hot_fraction":0.0,"recordings":3,"rides_rough":0,"rides_covering":2,"location_precision":"approximate corridor location; physical track not resolved"},"geometry":{"type":"Polygon","coordinates":[[[-118.2919034,34.0182339],[-118.2921744,34.0182359],[-118.2921736,34.0183081],[-118.2919026,34.0183061],[-118.2919034,34.0182339]]]},"id":"EB-634"},{"type":"Feature","properties":{"bin":635,"direction":"eastbound","start_m":15875,"end_m":15900,"median_score":0.842,"hot_fraction":0.0,"recordings":3,"rides_rough":0,"rides_covering":2,"location_precision":"approximate corridor location; physical track not resolved"},"geometry":{"type":"Polygon","coordinates":[[[-118.2921742,34.0182359],[-118.2924452,34.0182369],[-118.2924448,34.0183091],[-118.2921738,34.0183081],[-118.2921742,34.0182359]]]},"id":"EB-635"},{"type":"Feature","properties":{"bin":637,"direction":"eastbound","start_m":15925,"end_m":15950,"median_score":0.715,"hot_fraction":0.0,"recordings":1,"rides_rough":0,"rides_covering":1,"location_precision":"approximate corridor location; physical track not resolved"},"geometry":{"type":"Polygon","coordinates":[[[-118.2927162,34.0182379],[-118.2929872,34.0182389],[-118.2929868,34.0183111],[-118.2927158,34.0183101],[-118.2927162,34.0182379]]]},"id":"EB-637"},{"type":"Feature","properties":{"bin":638,"direction":"eastbound","start_m":15950,"end_m":15975,"median_score":1.068,"hot_fraction":0.0,"recordings":1,"rides_rough":0,"rides_covering":1,"location_precision":"approximate corridor location; physical track not resolved"},"geometry":{"type":"Polygon","coordinates":[[[-118.292987,34.0182389],[-118.2931102,34.0182389],[-118.2932584,34.0182399],[-118.2932576,34.0183121],[-118.2931098,34.0183111],[-118.292987,34.0183111],[-118.292987,34.0182389]]]},"id":"EB-638"},{"type":"Feature","properties":{"bin":639,"direction":"eastbound","start_m":15975,"end_m":16000,"median_score":1.217,"hot_fraction":0.0,"recordings":1,"rides_rough":0,"rides_covering":1,"location_precision":"approximate corridor location; physical track not resolved"},"geometry":{"type":"Polygon","coordinates":[[[-118.2932586,34.01824],[-118.2935296,34.018243],[-118.2935284,34.018315],[-118.2932574,34.018312],[-118.2932586,34.01824]]]},"id":"EB-639"},{"type":"Feature","properties":{"bin":640,"direction":"eastbound","start_m":16000,"end_m":16025,"median_score":1.224,"hot_fraction":0.0,"recordings":2,"rides_rough":0,"rides_covering":2,"location_precision":"approximate corridor location; physical track not resolved"},"geometry":{"type":"Polygon","coordinates":[[[-118.2935295,34.0182429],[-118.2937566,34.018245],[-118.2938012,34.018246],[-118.2937988,34.018318],[-118.2937554,34.018317],[-118.2935285,34.0183151],[-118.2935295,34.0182429]]]},"id":"EB-640"},{"type":"Feature","properties":{"bin":641,"direction":"eastbound","start_m":16025,"end_m":16050,"median_score":1.08,"hot_fraction":0.0,"recordings":3,"rides_rough":0,"rides_covering":2,"location_precision":"approximate corridor location; physical track not resolved"},"geometry":{"type":"Polygon","coordinates":[[[-118.2938014,34.018246],[-118.2939825,34.018251],[-118.2940116,34.018252],[-118.294071,34.0182519],[-118.294071,34.0183241],[-118.2940104,34.018324],[-118.2939795,34.018323],[-118.2937986,34.018318],[-118.2938014,34.018246]]]},"id":"EB-641"},{"type":"Feature","properties":{"bin":642,"direction":"eastbound","start_m":16050,"end_m":16075,"median_score":1.36,"hot_fraction":0.0,"recordings":4,"rides_rough":0,"rides_covering":3,"location_precision":"approximate corridor location; physical track not resolved"},"geometry":{"type":"Polygon","coordinates":[[[-118.294071,34.0182519],[-118.294342,34.0182519],[-118.294342,34.0183241],[-118.294071,34.0183241],[-118.294071,34.0182519]]]},"id":"EB-642"},{"type":"Feature","properties":{"bin":643,"direction":"eastbound","start_m":16075,"end_m":16100,"median_score":1.674,"hot_fraction":0.0,"recordings":1,"rides_rough":0,"rides_covering":1,"location_precision":"approximate corridor location; physical track not resolved"},"geometry":{"type":"Polygon","coordinates":[[[-118.2943422,34.0182519],[-118.2946132,34.0182529],[-118.2946128,34.0183251],[-118.2943418,34.0183241],[-118.2943422,34.0182519]]]},"id":"EB-643"},{"type":"Feature","properties":{"bin":644,"direction":"eastbound","start_m":16100,"end_m":16125,"median_score":2.166,"hot_fraction":1.0,"recordings":4,"rides_rough":3,"rides_covering":3,"location_precision":"approximate corridor location; physical track not resolved"},"geometry":{"type":"Polygon","coordinates":[[[-118.294613,34.0182529],[-118.294884,34.0182529],[-118.294884,34.0183251],[-118.294613,34.0183251],[-118.294613,34.0182529]]]},"id":"EB-644"},{"type":"Feature","properties":{"bin":645,"direction":"eastbound","start_m":16125,"end_m":16150,"median_score":1.482,"hot_fraction":0.3333333333333333,"recordings":4,"rides_rough":1,"rides_covering":3,"location_precision":"approximate corridor location; physical track not resolved"},"geometry":{"type":"Polygon","coordinates":[[[-118.294884,34.0182529],[-118.2949192,34.0182529],[-118.2951552,34.0182539],[-118.2951548,34.0183261],[-118.2949188,34.0183251],[-118.294884,34.0183251],[-118.294884,34.0182529]]]},"id":"EB-645"},{"type":"Feature","properties":{"bin":646,"direction":"eastbound","start_m":16150,"end_m":16175,"median_score":1.116,"hot_fraction":0.0,"recordings":4,"rides_rough":0,"rides_covering":3,"location_precision":"approximate corridor location; physical track not resolved"},"geometry":{"type":"Polygon","coordinates":[[[-118.2951552,34.0182539],[-118.2954262,34.0182549],[-118.2954258,34.0183271],[-118.2951548,34.0183261],[-118.2951552,34.0182539]]]},"id":"EB-646"},{"type":"Feature","properties":{"bin":647,"direction":"eastbound","start_m":16175,"end_m":16200,"median_score":1.585,"hot_fraction":0.3333333333333333,"recordings":4,"rides_rough":1,"rides_covering":3,"location_precision":"approximate corridor location; physical track not resolved"},"geometry":{"type":"Polygon","coordinates":[[[-118.2954262,34.0182549],[-118.2956672,34.0182559],[-118.295697,34.0182559],[-118.295697,34.0183281],[-118.2956668,34.0183281],[-118.2954258,34.0183271],[-118.2954262,34.0182549]]]},"id":"EB-647"},{"type":"Feature","properties":{"bin":648,"direction":"eastbound","start_m":16200,"end_m":16225,"median_score":2.348,"hot_fraction":1.0,"recordings":4,"rides_rough":3,"rides_covering":3,"location_precision":"approximate corridor location; physical track not resolved"},"geometry":{"type":"Polygon","coordinates":[[[-118.295697,34.0182559],[-118.295968,34.0182559],[-118.295968,34.0183281],[-118.295697,34.0183281],[-118.295697,34.0182559]]]},"id":"EB-648"},{"type":"Feature","properties":{"bin":649,"direction":"eastbound","start_m":16225,"end_m":16250,"median_score":2.822,"hot_fraction":1.0,"recordings":4,"rides_rough":3,"rides_covering":3,"location_precision":"approximate corridor location; physical track not resolved"},"geometry":{"type":"Polygon","coordinates":[[[-118.295968,34.0182559],[-118.296239,34.0182559],[-118.296239,34.0183281],[-118.295968,34.0183281],[-118.295968,34.0182559]]]},"id":"EB-649"},{"type":"Feature","properties":{"bin":650,"direction":"eastbound","start_m":16250,"end_m":16275,"median_score":1.059,"hot_fraction":0.0,"recordings":4,"rides_rough":0,"rides_covering":3,"location_precision":"approximate corridor location; physical track not resolved"},"geometry":{"type":"Polygon","coordinates":[[[-118.296239,34.0182559],[-118.2963232,34.0182559],[-118.2965103,34.0182569],[-118.2965097,34.0183291],[-118.2963228,34.0183281],[-118.296239,34.0183281],[-118.296239,34.0182559]]]},"id":"EB-650"},{"type":"Feature","properties":{"bin":651,"direction":"eastbound","start_m":16275,"end_m":16300,"median_score":1.001,"hot_fraction":0.0,"recordings":4,"rides_rough":0,"rides_covering":3,"location_precision":"approximate corridor location; physical track not resolved"},"geometry":{"type":"Polygon","coordinates":[[[-118.2965102,34.0182569],[-118.2967812,34.0182579],[-118.2967808,34.0183301],[-118.2965098,34.0183291],[-118.2965102,34.0182569]]]},"id":"EB-651"},{"type":"Feature","properties":{"bin":652,"direction":"eastbound","start_m":16300,"end_m":16325,"median_score":1.056,"hot_fraction":0.0,"recordings":4,"rides_rough":0,"rides_covering":3,"location_precision":"approximate corridor location; physical track not resolved"},"geometry":{"type":"Polygon","coordinates":[[[-118.2967812,34.0182579],[-118.2970522,34.0182589],[-118.2970518,34.0183311],[-118.2967808,34.0183301],[-118.2967812,34.0182579]]]},"id":"EB-652"},{"type":"Feature","properties":{"bin":653,"direction":"eastbound","start_m":16325,"end_m":16350,"median_score":1.243,"hot_fraction":0.0,"recordings":4,"rides_rough":0,"rides_covering":3,"location_precision":"approximate corridor location; physical track not resolved"},"geometry":{"type":"Polygon","coordinates":[[[-118.297052,34.0182589],[-118.297053,34.0182589],[-118.297323,34.0182589],[-118.297323,34.0183311],[-118.297053,34.0183311],[-118.297052,34.0183311],[-118.297052,34.0182589]]]},"id":"EB-653"},{"type":"Feature","properties":{"bin":654,"direction":"eastbound","start_m":16350,"end_m":16375,"median_score":1.555,"hot_fraction":0.5,"recordings":3,"rides_rough":1,"rides_covering":2,"location_precision":"approximate corridor location; physical track not resolved"},"geometry":{"type":"Polygon","coordinates":[[[-118.297323,34.0182589],[-118.297594,34.0182589],[-118.297594,34.0183311],[-118.297323,34.0183311],[-118.297323,34.0182589]]]},"id":"EB-654"},{"type":"Feature","properties":{"bin":655,"direction":"eastbound","start_m":16375,"end_m":16400,"median_score":1.472,"hot_fraction":0.0,"recordings":3,"rides_rough":0,"rides_covering":2,"location_precision":"approximate corridor location; physical track not resolved"},"geometry":{"type":"Polygon","coordinates":[[[-118.297594,34.0182589],[-118.297731,34.0182589],[-118.297865,34.0182589],[-118.297865,34.0183311],[-118.297731,34.0183311],[-118.297594,34.0183311],[-118.297594,34.0182589]]]},"id":"EB-655"},{"type":"Feature","properties":{"bin":656,"direction":"eastbound","start_m":16400,"end_m":16425,"median_score":1.383,"hot_fraction":0.0,"recordings":4,"rides_rough":0,"rides_covering":2,"location_precision":"approximate corridor location; physical track not resolved"},"geometry":{"type":"Polygon","coordinates":[[[-118.297865,34.0182589],[-118.298136,34.0182589],[-118.298136,34.0183311],[-118.297865,34.0183311],[-118.297865,34.0182589]]]},"id":"EB-656"},{"type":"Feature","properties":{"bin":657,"direction":"eastbound","start_m":16425,"end_m":16450,"median_score":1.258,"hot_fraction":0.0,"recordings":5,"rides_rough":0,"rides_covering":3,"location_precision":"approximate corridor location; physical track not resolved"},"geometry":{"type":"Polygon","coordinates":[[[-118.298136,34.0182589],[-118.298407,34.0182589],[-118.298407,34.0183311],[-118.298136,34.0183311],[-118.298136,34.0182589]]]},"id":"EB-657"},{"type":"Feature","properties":{"bin":658,"direction":"eastbound","start_m":16450,"end_m":16475,"median_score":1.044,"hot_fraction":0.0,"recordings":4,"rides_rough":0,"rides_covering":3,"location_precision":"approximate corridor location; physical track not resolved"},"geometry":{"type":"Polygon","coordinates":[[[-118.298407,34.0182589],[-118.2985322,34.0182589],[-118.2986784,34.0182599],[-118.2986776,34.0183321],[-118.2985318,34.0183311],[-118.298407,34.0183311],[-118.298407,34.0182589]]]},"id":"EB-658"},{"type":"Feature","properties":{"bin":659,"direction":"eastbound","start_m":16475,"end_m":16500,"median_score":1.249,"hot_fraction":0.0,"recordings":4,"rides_rough":0,"rides_covering":3,"location_precision":"approximate corridor location; physical track not resolved"},"geometry":{"type":"Polygon","coordinates":[[[-118.2986782,34.0182599],[-118.2989482,34.0182609],[-118.2989478,34.0183331],[-118.2986778,34.0183321],[-118.2986782,34.0182599]]]},"id":"EB-659"},{"type":"Feature","properties":{"bin":660,"direction":"eastbound","start_m":16500,"end_m":16525,"median_score":0.923,"hot_fraction":0.0,"recordings":4,"rides_rough":0,"rides_covering":3,"location_precision":"approximate corridor location; physical track not resolved"},"geometry":{"type":"Polygon","coordinates":[[[-118.2989482,34.0182609],[-118.2992192,34.0182619],[-118.2992188,34.0183341],[-118.2989478,34.0183331],[-118.2989482,34.0182609]]]},"id":"EB-660"},{"type":"Feature","properties":{"bin":661,"direction":"eastbound","start_m":16525,"end_m":16550,"median_score":1.439,"hot_fraction":0.0,"recordings":3,"rides_rough":0,"rides_covering":2,"location_precision":"approximate corridor location; physical track not resolved"},"geometry":{"type":"Polygon","coordinates":[[[-118.299219,34.0182619],[-118.2992484,34.0182619],[-118.2994904,34.0182639],[-118.2994896,34.0183361],[-118.2992476,34.0183341],[-118.299219,34.0183341],[-118.299219,34.0182619]]]},"id":"EB-661"},{"type":"Feature","properties":{"bin":662,"direction":"eastbound","start_m":16550,"end_m":16575,"median_score":1.463,"hot_fraction":0.0,"recordings":3,"rides_rough":0,"rides_covering":2,"location_precision":"approximate corridor location; physical track not resolved"},"geometry":{"type":"Polygon","coordinates":[[[-118.2994904,34.0182639],[-118.2997614,34.0182659],[-118.2997606,34.0183381],[-118.2994896,34.0183361],[-118.2994904,34.0182639]]]},"id":"EB-662"},{"type":"Feature","properties":{"bin":663,"direction":"eastbound","start_m":16575,"end_m":16600,"median_score":1.126,"hot_fraction":0.0,"recordings":3,"rides_rough":0,"rides_covering":2,"location_precision":"approximate corridor location; physical track not resolved"},"geometry":{"type":"Polygon","coordinates":[[[-118.2997614,34.0182659],[-118.3000324,34.0182679],[-118.3000316,34.0183401],[-118.2997606,34.0183381],[-118.2997614,34.0182659]]]},"id":"EB-663"},{"type":"Feature","properties":{"bin":664,"direction":"eastbound","start_m":16600,"end_m":16625,"median_score":0.655,"hot_fraction":0.0,"recordings":2,"rides_rough":0,"rides_covering":1,"location_precision":"approximate corridor location; physical track not resolved"},"geometry":{"type":"Polygon","coordinates":[[[-118.300032,34.0182679],[-118.300071,34.0182679],[-118.300303,34.0182679],[-118.300303,34.0183401],[-118.300071,34.0183401],[-118.300032,34.0183401],[-118.300032,34.0182679]]]},"id":"EB-664"},{"type":"Feature","properties":{"bin":665,"direction":"eastbound","start_m":16625,"end_m":16650,"median_score":0.848,"hot_fraction":0.0,"recordings":2,"rides_rough":0,"rides_covering":1,"location_precision":"approximate corridor location; physical track not resolved"},"geometry":{"type":"Polygon","coordinates":[[[-118.3003028,34.0182679],[-118.3005738,34.0182669],[-118.3005742,34.0183391],[-118.3003032,34.0183401],[-118.3003028,34.0182679]]]},"id":"EB-665"},{"type":"Feature","properties":{"bin":666,"direction":"eastbound","start_m":16650,"end_m":16675,"median_score":0.727,"hot_fraction":0.0,"recordings":2,"rides_rough":0,"rides_covering":1,"location_precision":"approximate corridor location; physical track not resolved"},"geometry":{"type":"Polygon","coordinates":[[[-118.300574,34.0182669],[-118.300834,34.0182669],[-118.300845,34.0182669],[-118.300845,34.0183391],[-118.300834,34.0183391],[-118.300574,34.0183391],[-118.300574,34.0182669]]]},"id":"EB-666"},{"type":"Feature","properties":{"bin":667,"direction":"eastbound","start_m":16675,"end_m":16700,"median_score":0.645,"hot_fraction":0.0,"recordings":2,"rides_rough":0,"rides_covering":1,"location_precision":"approximate corridor location; physical track not resolved"},"geometry":{"type":"Polygon","coordinates":[[[-118.3008452,34.0182669],[-118.3011162,34.0182679],[-118.3011158,34.0183401],[-118.3008448,34.0183391],[-118.3008452,34.0182669]]]},"id":"EB-667"},{"type":"Feature","properties":{"bin":668,"direction":"eastbound","start_m":16700,"end_m":16725,"median_score":0.829,"hot_fraction":0.0,"recordings":2,"rides_rough":0,"rides_covering":1,"location_precision":"approximate corridor location; physical track not resolved"},"geometry":{"type":"Polygon","coordinates":[[[-118.3011162,34.0182679],[-118.3013872,34.0182689],[-118.3013868,34.0183411],[-118.3011158,34.0183401],[-118.3011162,34.0182679]]]},"id":"EB-668"},{"type":"Feature","properties":{"bin":669,"direction":"eastbound","start_m":16725,"end_m":16750,"median_score":0.817,"hot_fraction":0.0,"recordings":3,"rides_rough":0,"rides_covering":2,"location_precision":"approximate corridor location; physical track not resolved"},"geometry":{"type":"Polygon","coordinates":[[[-118.301387,34.0182689],[-118.301504,34.0182689],[-118.301658,34.0182689],[-118.301658,34.0183411],[-118.301504,34.0183411],[-118.301387,34.0183411],[-118.301387,34.0182689]]]},"id":"EB-669"},{"type":"Feature","properties":{"bin":670,"direction":"eastbound","start_m":16750,"end_m":16775,"median_score":0.744,"hot_fraction":0.0,"recordings":3,"rides_rough":0,"rides_covering":2,"location_precision":"approximate corridor location; physical track not resolved"},"geometry":{"type":"Polygon","coordinates":[[[-118.3016578,34.0182689],[-118.3019288,34.0182679],[-118.3019292,34.0183401],[-118.3016582,34.0183411],[-118.3016578,34.0182689]]]},"id":"EB-670"},{"type":"Feature","properties":{"bin":671,"direction":"eastbound","start_m":16775,"end_m":16800,"median_score":1.086,"hot_fraction":0.0,"recordings":3,"rides_rough":0,"rides_covering":2,"location_precision":"approximate corridor location; physical track not resolved"},"geometry":{"type":"Polygon","coordinates":[[[-118.3019288,34.0182679],[-118.3021998,34.0182669],[-118.3022002,34.0183391],[-118.3019292,34.0183401],[-118.3019288,34.0182679]]]},"id":"EB-671"},{"type":"Feature","properties":{"bin":672,"direction":"eastbound","start_m":16800,"end_m":16825,"median_score":1.451,"hot_fraction":0.0,"recordings":2,"rides_rough":0,"rides_covering":1,"location_precision":"approximate corridor location; physical track not resolved"},"geometry":{"type":"Polygon","coordinates":[[[-118.3022,34.0182669],[-118.302351,34.0182669],[-118.302471,34.0182669],[-118.302471,34.0183391],[-118.302351,34.0183391],[-118.3022,34.0183391],[-118.3022,34.0182669]]]},"id":"EB-672"},{"type":"Feature","properties":{"bin":673,"direction":"eastbound","start_m":16825,"end_m":16850,"median_score":1.77,"hot_fraction":0.6666666666666666,"recordings":4,"rides_rough":2,"rides_covering":3,"location_precision":"approximate corridor location; physical track not resolved"},"geometry":{"type":"Polygon","coordinates":[[[-118.3024712,34.0182669],[-118.3027422,34.0182679],[-118.3027418,34.0183401],[-118.3024708,34.0183391],[-118.3024712,34.0182669]]]},"id":"EB-673"},{"type":"Feature","properties":{"bin":674,"direction":"eastbound","start_m":16850,"end_m":16875,"median_score":1.705,"hot_fraction":0.5,"recordings":3,"rides_rough":1,"rides_covering":2,"location_precision":"approximate corridor location; physical track not resolved"},"geometry":{"type":"Polygon","coordinates":[[[-118.3027423,34.0182679],[-118.3029122,34.0182689],[-118.303013,34.0182689],[-118.303013,34.0183411],[-118.3029118,34.0183411],[-118.3027417,34.0183401],[-118.3027423,34.0182679]]]},"id":"EB-674"},{"type":"Feature","properties":{"bin":675,"direction":"eastbound","start_m":16875,"end_m":16900,"median_score":1.434,"hot_fraction":0.3333333333333333,"recordings":4,"rides_rough":1,"rides_covering":3,"location_precision":"approximate corridor location; physical track not resolved"},"geometry":{"type":"Polygon","coordinates":[[[-118.303013,34.0182689],[-118.303284,34.0182689],[-118.303284,34.0183411],[-118.303013,34.0183411],[-118.303013,34.0182689]]]},"id":"EB-675"},{"type":"Feature","properties":{"bin":676,"direction":"eastbound","start_m":16900,"end_m":16925,"median_score":2.37,"hot_fraction":0.6666666666666666,"recordings":4,"rides_rough":2,"rides_covering":3,"location_precision":"approximate corridor location; physical track not resolved"},"geometry":{"type":"Polygon","coordinates":[[[-118.303284,34.0182689],[-118.303555,34.0182689],[-118.303555,34.0183411],[-118.303284,34.0183411],[-118.303284,34.0182689]]]},"id":"EB-676"},{"type":"Feature","properties":{"bin":677,"direction":"eastbound","start_m":16925,"end_m":16950,"median_score":1.18,"hot_fraction":0.0,"recordings":4,"rides_rough":0,"rides_covering":3,"location_precision":"approximate corridor location; physical track not resolved"},"geometry":{"type":"Polygon","coordinates":[[[-118.3035552,34.0182689],[-118.3038262,34.0182699],[-118.3038258,34.0183421],[-118.3035548,34.0183411],[-118.3035552,34.0182689]]]},"id":"EB-677"},{"type":"Feature","properties":{"bin":678,"direction":"eastbound","start_m":16950,"end_m":16975,"median_score":0.592,"hot_fraction":0.0,"recordings":3,"rides_rough":0,"rides_covering":2,"location_precision":"approximate corridor location; physical track not resolved"},"geometry":{"type":"Polygon","coordinates":[[[-118.303826,34.0182699],[-118.304097,34.0182699],[-118.304097,34.0183421],[-118.303826,34.0183421],[-118.303826,34.0182699]]]},"id":"EB-678"},{"type":"Feature","properties":{"bin":679,"direction":"eastbound","start_m":16975,"end_m":17000,"median_score":1.324,"hot_fraction":0.0,"recordings":5,"rides_rough":0,"rides_covering":3,"location_precision":"approximate corridor location; physical track not resolved"},"geometry":{"type":"Polygon","coordinates":[[[-118.304097,34.0182699],[-118.304368,34.0182699],[-118.304368,34.0183421],[-118.304097,34.0183421],[-118.304097,34.0182699]]]},"id":"EB-679"},{"type":"Feature","properties":{"bin":680,"direction":"eastbound","start_m":17000,"end_m":17025,"median_score":1.159,"hot_fraction":0.0,"recordings":5,"rides_rough":0,"rides_covering":3,"location_precision":"approximate corridor location; physical track not resolved"},"geometry":{"type":"Polygon","coordinates":[[[-118.304368,34.0182699],[-118.3045332,34.0182699],[-118.3046395,34.018271],[-118.3046385,34.018343],[-118.3045328,34.0183421],[-118.304368,34.0183421],[-118.304368,34.0182699]]]},"id":"EB-680"},{"type":"Feature","properties":{"bin":681,"direction":"eastbound","start_m":17025,"end_m":17050,"median_score":1.3,"hot_fraction":0.0,"recordings":4,"rides_rough":0,"rides_covering":3,"location_precision":"approximate corridor location; physical track not resolved"},"geometry":{"type":"Polygon","coordinates":[[[-118.3046396,34.018271],[-118.3049106,34.018274],[-118.3049094,34.018346],[-118.3046384,34.018343],[-118.3046396,34.018271]]]},"id":"EB-681"},{"type":"Feature","properties":{"bin":682,"direction":"eastbound","start_m":17050,"end_m":17075,"median_score":1.04,"hot_fraction":0.0,"recordings":5,"rides_rough":0,"rides_covering":3,"location_precision":"approximate corridor location; physical track not resolved"},"geometry":{"type":"Polygon","coordinates":[[[-118.3049104,34.0182739],[-118.3051814,34.0182759],[-118.3051806,34.0183481],[-118.3049096,34.0183461],[-118.3049104,34.0182739]]]},"id":"EB-682"},{"type":"Feature","properties":{"bin":683,"direction":"eastbound","start_m":17075,"end_m":17100,"median_score":0.892,"hot_fraction":0.3333333333333333,"recordings":5,"rides_rough":1,"rides_covering":3,"location_precision":"approximate corridor location; physical track not resolved"},"geometry":{"type":"Polygon","coordinates":[[[-118.3051816,34.018276],[-118.3054526,34.018279],[-118.3054514,34.018351],[-118.3051804,34.018348],[-118.3051816,34.018276]]]},"id":"EB-683"},{"type":"Feature","properties":{"bin":684,"direction":"eastbound","start_m":17100,"end_m":17125,"median_score":0.97,"hot_fraction":0.3333333333333333,"recordings":5,"rides_rough":1,"rides_covering":3,"location_precision":"approximate corridor location; physical track not resolved"},"geometry":{"type":"Polygon","coordinates":[[[-118.3054525,34.018279],[-118.3055514,34.0182799],[-118.3057233,34.0182809],[-118.3057227,34.0183531],[-118.3055506,34.0183521],[-118.3054515,34.018351],[-118.3054525,34.018279]]]},"id":"EB-684"},{"type":"Feature","properties":{"bin":685,"direction":"eastbound","start_m":17125,"end_m":17150,"median_score":0.782,"hot_fraction":0.3333333333333333,"recordings":5,"rides_rough":1,"rides_covering":3,"location_precision":"approximate corridor location; physical track not resolved"},"geometry":{"type":"Polygon","coordinates":[[[-118.3057234,34.0182809],[-118.3059944,34.0182829],[-118.3059936,34.0183551],[-118.3057226,34.0183531],[-118.3057234,34.0182809]]]},"id":"EB-685"},{"type":"Feature","properties":{"bin":686,"direction":"eastbound","start_m":17150,"end_m":17175,"median_score":1.124,"hot_fraction":0.0,"recordings":5,"rides_rough":0,"rides_covering":3,"location_precision":"approximate corridor location; physical track not resolved"},"geometry":{"type":"Polygon","coordinates":[[[-118.3059944,34.0182829],[-118.3062654,34.0182849],[-118.3062646,34.0183571],[-118.3059936,34.0183551],[-118.3059944,34.0182829]]]},"id":"EB-686"},{"type":"Feature","properties":{"bin":687,"direction":"eastbound","start_m":17175,"end_m":17200,"median_score":1.904,"hot_fraction":1.0,"recordings":2,"rides_rough":1,"rides_covering":1,"location_precision":"approximate corridor location; physical track not resolved"},"geometry":{"type":"Polygon","coordinates":[[[-118.3062652,34.0182849],[-118.3064804,34.0182859],[-118.3065369,34.018287],[-118.3065351,34.018359],[-118.3064796,34.0183581],[-118.3062648,34.0183571],[-118.3062652,34.0182849]]]},"id":"EB-687"},{"type":"Feature","properties":{"bin":688,"direction":"eastbound","start_m":17200,"end_m":17225,"median_score":3.561,"hot_fraction":1.0,"recordings":2,"rides_rough":1,"rides_covering":1,"location_precision":"approximate corridor location; physical track not resolved"},"geometry":{"type":"Polygon","coordinates":[[[-118.3065364,34.0182869],[-118.3068074,34.0182889],[-118.3068066,34.0183611],[-118.3065356,34.0183591],[-118.3065364,34.0182869]]]},"id":"EB-688"},{"type":"Feature","properties":{"bin":689,"direction":"eastbound","start_m":17225,"end_m":17250,"median_score":1.873,"hot_fraction":1.0,"recordings":1,"rides_rough":1,"rides_covering":1,"location_precision":"approximate corridor location; physical track not resolved"},"geometry":{"type":"Polygon","coordinates":[[[-118.3068076,34.018289],[-118.3070786,34.018292],[-118.3070774,34.018364],[-118.3068064,34.018361],[-118.3068076,34.018289]]]},"id":"EB-689"},{"type":"Feature","properties":{"bin":690,"direction":"eastbound","start_m":17250,"end_m":17275,"median_score":2.108,"hot_fraction":1.0,"recordings":1,"rides_rough":1,"rides_covering":1,"location_precision":"approximate corridor location; physical track not resolved"},"geometry":{"type":"Polygon","coordinates":[[[-118.3070786,34.018292],[-118.3072666,34.018294],[-118.3073496,34.018295],[-118.3073484,34.018367],[-118.3072654,34.018366],[-118.3070774,34.018364],[-118.3070786,34.018292]]]},"id":"EB-690"},{"type":"Feature","properties":{"bin":691,"direction":"eastbound","start_m":17275,"end_m":17300,"median_score":1.34,"hot_fraction":0.0,"recordings":1,"rides_rough":0,"rides_covering":1,"location_precision":"approximate corridor location; physical track not resolved"},"geometry":{"type":"Polygon","coordinates":[[[-118.3073494,34.0182949],[-118.3076204,34.0182969],[-118.3076196,34.0183691],[-118.3073486,34.0183671],[-118.3073494,34.0182949]]]},"id":"EB-691"},{"type":"Feature","properties":{"bin":695,"direction":"eastbound","start_m":17375,"end_m":17400,"median_score":1.008,"hot_fraction":0.0,"recordings":1,"rides_rough":0,"rides_covering":1,"location_precision":"approximate corridor location; physical track not resolved"},"geometry":{"type":"Polygon","coordinates":[[[-118.3084336,34.018305],[-118.3087046,34.018308],[-118.3087034,34.01838],[-118.3084324,34.018377],[-118.3084336,34.018305]]]},"id":"EB-695"},{"type":"Feature","properties":{"bin":696,"direction":"eastbound","start_m":17400,"end_m":17425,"median_score":1.562,"hot_fraction":0.0,"recordings":2,"rides_rough":0,"rides_covering":1,"location_precision":"approximate corridor location; physical track not resolved"},"geometry":{"type":"Polygon","coordinates":[[[-118.3087045,34.018308],[-118.3089144,34.0183099],[-118.308975,34.0183099],[-118.308975,34.0183821],[-118.3089136,34.0183821],[-118.3087035,34.01838],[-118.3087045,34.018308]]]},"id":"EB-696"},{"type":"Feature","properties":{"bin":697,"direction":"eastbound","start_m":17425,"end_m":17450,"median_score":1.833,"hot_fraction":1.0,"recordings":2,"rides_rough":1,"rides_covering":1,"location_precision":"approximate corridor location; physical track not resolved"},"geometry":{"type":"Polygon","coordinates":[[[-118.3089754,34.0183099],[-118.3092464,34.0183119],[-118.3092456,34.0183841],[-118.3089746,34.0183821],[-118.3089754,34.0183099]]]},"id":"EB-697"},{"type":"Feature","properties":{"bin":698,"direction":"eastbound","start_m":17450,"end_m":17475,"median_score":2.257,"hot_fraction":0.5,"recordings":3,"rides_rough":1,"rides_covering":2,"location_precision":"approximate corridor location; physical track not resolved"},"geometry":{"type":"Polygon","coordinates":[[[-118.3092462,34.0183119],[-118.3095172,34.0183129],[-118.3095168,34.0183851],[-118.3092458,34.0183841],[-118.3092462,34.0183119]]]},"id":"EB-698"},{"type":"Feature","properties":{"bin":699,"direction":"eastbound","start_m":17475,"end_m":17500,"median_score":1.014,"hot_fraction":0.0,"recordings":4,"rides_rough":0,"rides_covering":2,"location_precision":"approximate corridor location; physical track not resolved"},"geometry":{"type":"Polygon","coordinates":[[[-118.3095174,34.0183129],[-118.3097884,34.0183149],[-118.3097876,34.0183871],[-118.3095166,34.0183851],[-118.3095174,34.0183129]]]},"id":"EB-699"},{"type":"Feature","properties":{"bin":700,"direction":"eastbound","start_m":17500,"end_m":17525,"median_score":1.101,"hot_fraction":0.0,"recordings":4,"rides_rough":0,"rides_covering":2,"location_precision":"approximate corridor location; physical track not resolved"},"geometry":{"type":"Polygon","coordinates":[[[-118.3097883,34.0183149],[-118.3099486,34.018316],[-118.3100599,34.018318],[-118.3100581,34.01839],[-118.3099474,34.018388],[-118.3097877,34.0183871],[-118.3097883,34.0183149]]]},"id":"EB-700"},{"type":"Feature","properties":{"bin":701,"direction":"eastbound","start_m":17525,"end_m":17550,"median_score":0.927,"hot_fraction":0.0,"recordings":3,"rides_rough":0,"rides_covering":2,"location_precision":"approximate corridor location; physical track not resolved"},"geometry":{"type":"Polygon","coordinates":[[[-118.3100602,34.018318],[-118.3103302,34.018324],[-118.3103278,34.018396],[-118.3100578,34.01839],[-118.3100602,34.018318]]]},"id":"EB-701"},{"type":"Feature","properties":{"bin":702,"direction":"eastbound","start_m":17550,"end_m":17575,"median_score":0.775,"hot_fraction":0.0,"recordings":2,"rides_rough":0,"rides_covering":1,"location_precision":"approximate corridor location; physical track not resolved"},"geometry":{"type":"Polygon","coordinates":[[[-118.3103302,34.018324],[-118.3106012,34.01833],[-118.3105988,34.018402],[-118.3103278,34.018396],[-118.3103302,34.018324]]]},"id":"EB-702"},{"type":"Feature","properties":{"bin":703,"direction":"eastbound","start_m":17575,"end_m":17600,"median_score":1.015,"hot_fraction":0.0,"recordings":2,"rides_rough":0,"rides_covering":1,"location_precision":"approximate corridor location; physical track not resolved"},"geometry":{"type":"Polygon","coordinates":[[[-118.3106012,34.01833],[-118.3108192,34.018335],[-118.310872,34.018336],[-118.31087,34.018408],[-118.3108168,34.018407],[-118.3105988,34.018402],[-118.3106012,34.01833]]]},"id":"EB-703"},{"type":"Feature","properties":{"bin":704,"direction":"eastbound","start_m":17600,"end_m":17625,"median_score":0.608,"hot_fraction":0.0,"recordings":2,"rides_rough":0,"rides_covering":1,"location_precision":"approximate corridor location; physical track not resolved"},"geometry":{"type":"Polygon","coordinates":[[[-118.3108722,34.018336],[-118.3111432,34.018342],[-118.3111408,34.018414],[-118.3108698,34.018408],[-118.3108722,34.018336]]]},"id":"EB-704"},{"type":"Feature","properties":{"bin":705,"direction":"eastbound","start_m":17625,"end_m":17650,"median_score":0.694,"hot_fraction":0.0,"recordings":4,"rides_rough":0,"rides_covering":2,"location_precision":"approximate corridor location; physical track not resolved"},"geometry":{"type":"Polygon","coordinates":[[[-118.3111432,34.018342],[-118.3114142,34.018348],[-118.3114118,34.01842],[-118.3111408,34.018414],[-118.3111432,34.018342]]]},"id":"EB-705"},{"type":"Feature","properties":{"bin":706,"direction":"eastbound","start_m":17650,"end_m":17675,"median_score":0.677,"hot_fraction":0.0,"recordings":4,"rides_rough":0,"rides_covering":2,"location_precision":"approximate corridor location; physical track not resolved"},"geometry":{"type":"Polygon","coordinates":[[[-118.3114141,34.018348],[-118.311645,34.018353],[-118.311684,34.0183529],[-118.311684,34.0184251],[-118.311643,34.018425],[-118.3114119,34.01842],[-118.3114141,34.018348]]]},"id":"EB-706"},{"type":"Feature","properties":{"bin":707,"direction":"eastbound","start_m":17675,"end_m":17700,"median_score":0.846,"hot_fraction":0.0,"recordings":4,"rides_rough":0,"rides_covering":2,"location_precision":"approximate corridor location; physical track not resolved"},"geometry":{"type":"Polygon","coordinates":[[[-118.311684,34.0183529],[-118.311955,34.0183529],[-118.311955,34.0184251],[-118.311684,34.0184251],[-118.311684,34.0183529]]]},"id":"EB-707"},{"type":"Feature","properties":{"bin":708,"direction":"eastbound","start_m":17700,"end_m":17725,"median_score":1.006,"hot_fraction":0.0,"recordings":4,"rides_rough":0,"rides_covering":2,"location_precision":"approximate corridor location; physical track not resolved"},"geometry":{"type":"Polygon","coordinates":[[[-118.3119548,34.0183529],[-118.3122258,34.0183519],[-118.3122262,34.0184241],[-118.3119552,34.0184251],[-118.3119548,34.0183529]]]},"id":"EB-708"},{"type":"Feature","properties":{"bin":709,"direction":"eastbound","start_m":17725,"end_m":17750,"median_score":1.04,"hot_fraction":0.0,"recordings":4,"rides_rough":0,"rides_covering":2,"location_precision":"approximate corridor location; physical track not resolved"},"geometry":{"type":"Polygon","coordinates":[[[-118.312226,34.0183519],[-118.31236,34.0183519],[-118.312497,34.0183519],[-118.312497,34.0184241],[-118.31236,34.0184241],[-118.312226,34.0184241],[-118.312226,34.0183519]]]},"id":"EB-709"},{"type":"Feature","properties":{"bin":710,"direction":"eastbound","start_m":17750,"end_m":17775,"median_score":1.126,"hot_fraction":0.0,"recordings":4,"rides_rough":0,"rides_covering":2,"location_precision":"approximate corridor location; physical track not resolved"},"geometry":{"type":"Polygon","coordinates":[[[-118.3124972,34.0183519],[-118.3127682,34.0183529],[-118.3127678,34.0184251],[-118.3124968,34.0184241],[-118.3124972,34.0183519]]]},"id":"EB-710"},{"type":"Feature","properties":{"bin":711,"direction":"eastbound","start_m":17775,"end_m":17800,"median_score":1.396,"hot_fraction":0.0,"recordings":4,"rides_rough":0,"rides_covering":2,"location_precision":"approximate corridor location; physical track not resolved"},"geometry":{"type":"Polygon","coordinates":[[[-118.312768,34.0183529],[-118.313039,34.0183529],[-118.313039,34.0184251],[-118.312768,34.0184251],[-118.312768,34.0183529]]]},"id":"EB-711"},{"type":"Feature","properties":{"bin":712,"direction":"eastbound","start_m":17800,"end_m":17825,"median_score":1.192,"hot_fraction":0.0,"recordings":4,"rides_rough":0,"rides_covering":2,"location_precision":"approximate corridor location; physical track not resolved"},"geometry":{"type":"Polygon","coordinates":[[[-118.313039,34.0183529],[-118.3130858,34.018353],[-118.3133109,34.018357],[-118.3133091,34.018429],[-118.3130842,34.018425],[-118.313039,34.0184251],[-118.313039,34.0183529]]]},"id":"EB-712"},{"type":"Feature","properties":{"bin":713,"direction":"eastbound","start_m":17825,"end_m":17850,"median_score":0.995,"hot_fraction":0.0,"recordings":4,"rides_rough":0,"rides_covering":2,"location_precision":"approximate corridor location; physical track not resolved"},"geometry":{"type":"Polygon","coordinates":[[[-118.31331,34.0183569],[-118.313342,34.018357],[-118.3135821,34.018362],[-118.3135799,34.018434],[-118.31334,34.018429],[-118.31331,34.0184291],[-118.31331,34.0183569]]]},"id":"EB-713"},{"type":"Feature","properties":{"bin":714,"direction":"eastbound","start_m":17850,"end_m":17875,"median_score":1.741,"hot_fraction":0.5,"recordings":3,"rides_rough":1,"rides_covering":2,"location_precision":"approximate corridor location; physical track not resolved"},"geometry":{"type":"Polygon","coordinates":[[[-118.313581,34.0183619],[-118.313594,34.018362],[-118.313853,34.018367],[-118.313851,34.018439],[-118.313592,34.018434],[-118.313581,34.0184341],[-118.313581,34.0183619]]]},"id":"EB-714"},{"type":"Feature","properties":{"bin":715,"direction":"eastbound","start_m":17875,"end_m":17900,"median_score":2.106,"hot_fraction":1.0,"recordings":3,"rides_rough":2,"rides_covering":2,"location_precision":"approximate corridor location; physical track not resolved"},"geometry":{"type":"Polygon","coordinates":[[[-118.313853,34.018367],[-118.314123,34.018372],[-118.314121,34.018444],[-118.313851,34.018439],[-118.313853,34.018367]]]},"id":"EB-715"},{"type":"Feature","properties":{"bin":716,"direction":"eastbound","start_m":17900,"end_m":17925,"median_score":1.1,"hot_fraction":0.0,"recordings":4,"rides_rough":0,"rides_covering":2,"location_precision":"approximate corridor location; physical track not resolved"},"geometry":{"type":"Polygon","coordinates":[[[-118.314123,34.018372],[-118.314394,34.018377],[-118.314392,34.018449],[-118.314121,34.018444],[-118.314123,34.018372]]]},"id":"EB-716"},{"type":"Feature","properties":{"bin":717,"direction":"eastbound","start_m":17925,"end_m":17950,"median_score":0.851,"hot_fraction":0.0,"recordings":2,"rides_rough":0,"rides_covering":1,"location_precision":"approximate corridor location; physical track not resolved"},"geometry":{"type":"Polygon","coordinates":[[[-118.314394,34.018377],[-118.3146043,34.018381],[-118.3146666,34.018384],[-118.3146614,34.018456],[-118.3146017,34.018453],[-118.314392,34.018449],[-118.314394,34.018377]]]},"id":"EB-717"},{"type":"Feature","properties":{"bin":718,"direction":"eastbound","start_m":17950,"end_m":17975,"median_score":0.914,"hot_fraction":0.0,"recordings":2,"rides_rough":0,"rides_covering":1,"location_precision":"approximate corridor location; physical track not resolved"},"geometry":{"type":"Polygon","coordinates":[[[-118.3146664,34.018384],[-118.3148405,34.018392],[-118.3149377,34.018397],[-118.3149323,34.018469],[-118.3148355,34.018464],[-118.3146616,34.018456],[-118.3146664,34.018384]]]},"id":"EB-718"},{"type":"Feature","properties":{"bin":719,"direction":"eastbound","start_m":17975,"end_m":18000,"median_score":1.174,"hot_fraction":0.0,"recordings":2,"rides_rough":0,"rides_covering":1,"location_precision":"approximate corridor location; physical track not resolved"},"geometry":{"type":"Polygon","coordinates":[[[-118.3149373,34.018397],[-118.3149837,34.018399],[-118.3152078,34.018411],[-118.3152022,34.018483],[-118.3149783,34.018471],[-118.3149327,34.018469],[-118.3149373,34.018397]]]},"id":"EB-719"},{"type":"Feature","properties":{"bin":720,"direction":"eastbound","start_m":18000,"end_m":18025,"median_score":2.103,"hot_fraction":1.0,"recordings":2,"rides_rough":1,"rides_covering":1,"location_precision":"approximate corridor location; physical track not resolved"},"geometry":{"type":"Polygon","coordinates":[[[-118.3152079,34.018411],[-118.3152274,34.0184121],[-118.3154795,34.0184341],[-118.3154705,34.0185059],[-118.3152186,34.0184839],[-118.3152021,34.018483],[-118.3152079,34.018411]]]},"id":"EB-720"},{"type":"Feature","properties":{"bin":721,"direction":"eastbound","start_m":18025,"end_m":18050,"median_score":2.309,"hot_fraction":1.0,"recordings":2,"rides_rough":1,"rides_covering":1,"location_precision":"approximate corridor location; physical track not resolved"},"geometry":{"type":"Polygon","coordinates":[[[-118.3154798,34.0184342],[-118.3156208,34.0184473],[-118.3157498,34.0184644],[-118.3157362,34.0185356],[-118.3156092,34.0185187],[-118.3154702,34.0185058],[-118.3154798,34.0184342]]]},"id":"EB-721"},{"type":"Feature","properties":{"bin":722,"direction":"eastbound","start_m":18050,"end_m":18075,"median_score":1.645,"hot_fraction":0.0,"recordings":2,"rides_rough":0,"rides_covering":1,"location_precision":"approximate corridor location; physical track not resolved"},"geometry":{"type":"Polygon","coordinates":[[[-118.3157499,34.0184644],[-118.3160179,34.0185004],[-118.3160041,34.0185716],[-118.3157361,34.0185356],[-118.3157499,34.0184644]]]},"id":"EB-722"},{"type":"Feature","properties":{"bin":723,"direction":"eastbound","start_m":18075,"end_m":18100,"median_score":1.277,"hot_fraction":0.5,"recordings":3,"rides_rough":1,"rides_covering":2,"location_precision":"approximate corridor location; physical track not resolved"},"geometry":{"type":"Polygon","coordinates":[[[-118.316018,34.0185004],[-118.3161503,34.0185185],[-118.3162856,34.0185385],[-118.3162704,34.0186095],[-118.3161357,34.0185895],[-118.316004,34.0185716],[-118.316018,34.0185004]]]},"id":"EB-723"},{"type":"Feature","properties":{"bin":724,"direction":"eastbound","start_m":18100,"end_m":18125,"median_score":1.045,"hot_fraction":0.0,"recordings":3,"rides_rough":0,"rides_covering":2,"location_precision":"approximate corridor location; physical track not resolved"},"geometry":{"type":"Polygon","coordinates":[[[-118.3162857,34.0185385],[-118.3165527,34.0185785],[-118.3165373,34.0186495],[-118.3162703,34.0186095],[-118.3162857,34.0185385]]]},"id":"EB-724"},{"type":"Feature","properties":{"bin":725,"direction":"eastbound","start_m":18125,"end_m":18150,"median_score":0.971,"hot_fraction":0.0,"recordings":4,"rides_rough":0,"rides_covering":2,"location_precision":"approximate corridor location; physical track not resolved"},"geometry":{"type":"Polygon","coordinates":[[[-118.3165527,34.0185785],[-118.3168187,34.0186185],[-118.3168033,34.0186895],[-118.3165373,34.0186495],[-118.3165527,34.0185785]]]},"id":"EB-725"},{"type":"Feature","properties":{"bin":726,"direction":"eastbound","start_m":18150,"end_m":18175,"median_score":0.824,"hot_fraction":0.0,"recordings":4,"rides_rough":0,"rides_covering":2,"location_precision":"approximate corridor location; physical track not resolved"},"geometry":{"type":"Polygon","coordinates":[[[-118.3168181,34.0186184],[-118.3168551,34.0186236],[-118.3170862,34.0186606],[-118.3170698,34.0187314],[-118.3168389,34.0186944],[-118.3168039,34.0186896],[-118.3168181,34.0186184]]]},"id":"EB-726"},{"type":"Feature","properties":{"bin":727,"direction":"eastbound","start_m":18175,"end_m":18200,"median_score":0.623,"hot_fraction":0.0,"recordings":5,"rides_rough":0,"rides_covering":3,"location_precision":"approximate corridor location; physical track not resolved"},"geometry":{"type":"Polygon","coordinates":[[[-118.3170861,34.0186606],[-118.3171997,34.0186785],[-118.3173514,34.0187005],[-118.3173366,34.0187715],[-118.3171843,34.0187495],[-118.3170699,34.0187314],[-118.3170861,34.0186606]]]},"id":"EB-727"},{"type":"Feature","properties":{"bin":728,"direction":"eastbound","start_m":18200,"end_m":18225,"median_score":0.781,"hot_fraction":0.0,"recordings":5,"rides_rough":0,"rides_covering":3,"location_precision":"approximate corridor location; physical track not resolved"},"geometry":{"type":"Polygon","coordinates":[[[-118.3173515,34.0187005],[-118.3174961,34.0187216],[-118.3176188,34.0187427],[-118.3176012,34.0188133],[-118.3174799,34.0187924],[-118.3173365,34.0187715],[-118.3173515,34.0187005]]]},"id":"EB-728"},{"type":"Feature","properties":{"bin":729,"direction":"eastbound","start_m":18225,"end_m":18250,"median_score":0.964,"hot_fraction":0.0,"recordings":5,"rides_rough":0,"rides_covering":3,"location_precision":"approximate corridor location; physical track not resolved"},"geometry":{"type":"Polygon","coordinates":[[[-118.3176186,34.0187427],[-118.3178028,34.0187737],[-118.3178853,34.0187888],[-118.3178667,34.0188592],[-118.3177852,34.0188443],[-118.3176014,34.0188133],[-118.3176186,34.0187427]]]},"id":"EB-729"},{"type":"Feature","properties":{"bin":730,"direction":"eastbound","start_m":18250,"end_m":18275,"median_score":1.185,"hot_fraction":0.0,"recordings":4,"rides_rough":0,"rides_covering":2,"location_precision":"approximate corridor location; physical track not resolved"},"geometry":{"type":"Polygon","coordinates":[[[-118.3178853,34.0187888],[-118.3181493,34.0188368],[-118.3181307,34.0189072],[-118.3178667,34.0188592],[-118.3178853,34.0187888]]]},"id":"EB-730"},{"type":"Feature","properties":{"bin":731,"direction":"eastbound","start_m":18275,"end_m":18300,"median_score":0.867,"hot_fraction":0.0,"recordings":4,"rides_rough":0,"rides_covering":2,"location_precision":"approximate corridor location; physical track not resolved"},"geometry":{"type":"Polygon","coordinates":[[[-118.3181492,34.0188368],[-118.3184142,34.0188848],[-118.3183958,34.0189552],[-118.3181308,34.0189072],[-118.3181492,34.0188368]]]},"id":"EB-731"},{"type":"Feature","properties":{"bin":732,"direction":"eastbound","start_m":18300,"end_m":18325,"median_score":0.781,"hot_fraction":0.0,"recordings":4,"rides_rough":0,"rides_covering":2,"location_precision":"approximate corridor location; physical track not resolved"},"geometry":{"type":"Polygon","coordinates":[[[-118.3184142,34.0188848],[-118.3186792,34.0189328],[-118.3186608,34.0190032],[-118.3183958,34.0189552],[-118.3184142,34.0188848]]]},"id":"EB-732"},{"type":"Feature","properties":{"bin":733,"direction":"eastbound","start_m":18325,"end_m":18350,"median_score":0.556,"hot_fraction":0.0,"recordings":2,"rides_rough":0,"rides_covering":1,"location_precision":"approximate corridor location; physical track not resolved"},"geometry":{"type":"Polygon","coordinates":[[[-118.3186792,34.0189328],[-118.3188794,34.0189688],[-118.3189443,34.018982],[-118.3189237,34.019052],[-118.3188606,34.0190392],[-118.3186608,34.0190032],[-118.3186792,34.0189328]]]},"id":"EB-733"},{"type":"Feature","properties":{"bin":734,"direction":"eastbound","start_m":18350,"end_m":18375,"median_score":0.518,"hot_fraction":0.0,"recordings":2,"rides_rough":0,"rides_covering":1,"location_precision":"approximate corridor location; physical track not resolved"},"geometry":{"type":"Polygon","coordinates":[[[-118.3189438,34.0189819],[-118.3190019,34.0189931],[-118.3192082,34.0190392],[-118.3191858,34.0191088],[-118.3189801,34.0190629],[-118.3189242,34.0190521],[-118.3189438,34.0189819]]]},"id":"EB-734"},{"type":"Feature","properties":{"bin":735,"direction":"eastbound","start_m":18375,"end_m":18400,"median_score":0.489,"hot_fraction":0.0,"recordings":2,"rides_rough":0,"rides_covering":1,"location_precision":"approximate corridor location; physical track not resolved"},"geometry":{"type":"Polygon","coordinates":[[[-118.3192082,34.0190392],[-118.3194692,34.0190972],[-118.3194468,34.0191668],[-118.3191858,34.0191088],[-118.3192082,34.0190392]]]},"id":"EB-735"},{"type":"Feature","properties":{"bin":736,"direction":"eastbound","start_m":18400,"end_m":18425,"median_score":0.38,"hot_fraction":0.0,"recordings":2,"rides_rough":0,"rides_covering":1,"location_precision":"approximate corridor location; physical track not resolved"},"geometry":{"type":"Polygon","coordinates":[[[-118.3194692,34.0190972],[-118.3197312,34.0191552],[-118.3197088,34.0192248],[-118.3194468,34.0191668],[-118.3194692,34.0190972]]]},"id":"EB-736"},{"type":"Feature","properties":{"bin":737,"direction":"eastbound","start_m":18425,"end_m":18450,"median_score":0.524,"hot_fraction":0.0,"recordings":2,"rides_rough":0,"rides_covering":1,"location_precision":"approximate corridor location; physical track not resolved"},"geometry":{"type":"Polygon","coordinates":[[[-118.3197312,34.0191552],[-118.3199932,34.0192132],[-118.3199708,34.0192828],[-118.3197088,34.0192248],[-118.3197312,34.0191552]]]},"id":"EB-737"},{"type":"Feature","properties":{"bin":738,"direction":"eastbound","start_m":18450,"end_m":18475,"median_score":0.439,"hot_fraction":0.0,"recordings":2,"rides_rough":0,"rides_covering":1,"location_precision":"approximate corridor location; physical track not resolved"},"geometry":{"type":"Polygon","coordinates":[[[-118.3199932,34.0192132],[-118.3201863,34.0192562],[-118.3202556,34.0192723],[-118.3202324,34.0193417],[-118.3201637,34.0193258],[-118.3199708,34.0192828],[-118.3199932,34.0192132]]]},"id":"EB-738"},{"type":"Feature","properties":{"bin":739,"direction":"eastbound","start_m":18475,"end_m":18500,"median_score":0.422,"hot_fraction":0.0,"recordings":2,"rides_rough":0,"rides_covering":1,"location_precision":"approximate corridor location; physical track not resolved"},"geometry":{"type":"Polygon","coordinates":[[[-118.3202561,34.0192724],[-118.3205161,34.0193354],[-118.3204919,34.0194046],[-118.3202319,34.0193416],[-118.3202561,34.0192724]]]},"id":"EB-739"},{"type":"Feature","properties":{"bin":740,"direction":"eastbound","start_m":18500,"end_m":18525,"median_score":0.403,"hot_fraction":0.0,"recordings":2,"rides_rough":0,"rides_covering":1,"location_precision":"approximate corridor location; physical track not resolved"},"geometry":{"type":"Polygon","coordinates":[[[-118.3205159,34.0193353],[-118.320684,34.0193753],[-118.320776,34.0193974],[-118.320752,34.0194666],[-118.32066,34.0194447],[-118.3204921,34.0194047],[-118.3205159,34.0193353]]]},"id":"EB-740"},{"type":"Feature","properties":{"bin":741,"direction":"eastbound","start_m":18525,"end_m":18550,"median_score":0.523,"hot_fraction":0.0,"recordings":4,"rides_rough":0,"rides_covering":2,"location_precision":"approximate corridor location; physical track not resolved"},"geometry":{"type":"Polygon","coordinates":[[[-118.3207761,34.0193974],[-118.3210371,34.0194604],[-118.3210129,34.0195296],[-118.3207519,34.0194666],[-118.3207761,34.0193974]]]},"id":"EB-741"},{"type":"Feature","properties":{"bin":742,"direction":"eastbound","start_m":18550,"end_m":18575,"median_score":0.727,"hot_fraction":0.0,"recordings":3,"rides_rough":0,"rides_covering":2,"location_precision":"approximate corridor location; physical track not resolved"},"geometry":{"type":"Polygon","coordinates":[[[-118.321037,34.0194603],[-118.321297,34.0195223],[-118.321273,34.0195917],[-118.321013,34.0195297],[-118.321037,34.0194603]]]},"id":"EB-742"},{"type":"Feature","properties":{"bin":743,"direction":"eastbound","start_m":18575,"end_m":18600,"median_score":0.483,"hot_fraction":0.0,"recordings":4,"rides_rough":0,"rides_covering":3,"location_precision":"approximate corridor location; physical track not resolved"},"geometry":{"type":"Polygon","coordinates":[[[-118.3212971,34.0195224],[-118.3215571,34.0195854],[-118.3215329,34.0196546],[-118.3212729,34.0195916],[-118.3212971,34.0195224]]]},"id":"EB-743"},{"type":"Feature","properties":{"bin":744,"direction":"eastbound","start_m":18600,"end_m":18625,"median_score":0.643,"hot_fraction":0.0,"recordings":5,"rides_rough":0,"rides_covering":3,"location_precision":"approximate corridor location; physical track not resolved"},"geometry":{"type":"Polygon","coordinates":[[[-118.321557,34.0195854],[-118.3216357,34.0196043],[-118.3218176,34.0196463],[-118.3217944,34.0197157],[-118.3216123,34.0196737],[-118.321533,34.0196546],[-118.321557,34.0195854]]]},"id":"EB-744"},{"type":"Feature","properties":{"bin":745,"direction":"eastbound","start_m":18625,"end_m":18650,"median_score":0.596,"hot_fraction":0.0,"recordings":4,"rides_rough":0,"rides_covering":2,"location_precision":"approximate corridor location; physical track not resolved"},"geometry":{"type":"Polygon","coordinates":[[[-118.3218177,34.0196463],[-118.3220787,34.0197073],[-118.3220553,34.0197767],[-118.3217943,34.0197157],[-118.3218177,34.0196463]]]},"id":"EB-745"},{"type":"Feature","properties":{"bin":746,"direction":"eastbound","start_m":18650,"end_m":18675,"median_score":0.71,"hot_fraction":0.0,"recordings":4,"rides_rough":0,"rides_covering":2,"location_precision":"approximate corridor location; physical track not resolved"},"geometry":{"type":"Polygon","coordinates":[[[-118.3220787,34.0197073],[-118.3223397,34.0197683],[-118.3223163,34.0198377],[-118.3220553,34.0197767],[-118.3220787,34.0197073]]]},"id":"EB-746"},{"type":"Feature","properties":{"bin":747,"direction":"eastbound","start_m":18675,"end_m":18700,"median_score":0.739,"hot_fraction":0.0,"recordings":3,"rides_rough":0,"rides_covering":2,"location_precision":"approximate corridor location; physical track not resolved"},"geometry":{"type":"Polygon","coordinates":[[[-118.3223396,34.0197683],[-118.3226006,34.0198283],[-118.3225774,34.0198977],[-118.3223164,34.0198377],[-118.3223396,34.0197683]]]},"id":"EB-747"},{"type":"Feature","properties":{"bin":748,"direction":"eastbound","start_m":18700,"end_m":18725,"median_score":0.619,"hot_fraction":0.0,"recordings":2,"rides_rough":0,"rides_covering":1,"location_precision":"approximate corridor location; physical track not resolved"},"geometry":{"type":"Polygon","coordinates":[[[-118.3226008,34.0198283],[-118.3228527,34.0198873],[-118.3228612,34.0198892],[-118.3228388,34.0199588],[-118.3228293,34.0199567],[-118.3225772,34.0198977],[-118.3226008,34.0198283]]]},"id":"EB-748"},{"type":"Feature","properties":{"bin":749,"direction":"eastbound","start_m":18725,"end_m":18750,"median_score":0.523,"hot_fraction":0.0,"recordings":2,"rides_rough":0,"rides_covering":1,"location_precision":"approximate corridor location; physical track not resolved"},"geometry":{"type":"Polygon","coordinates":[[[-118.3228617,34.0198893],[-118.3231227,34.0199503],[-118.3230993,34.0200197],[-118.3228383,34.0199587],[-118.3228617,34.0198893]]]},"id":"EB-749"},{"type":"Feature","properties":{"bin":750,"direction":"eastbound","start_m":18750,"end_m":18775,"median_score":0.686,"hot_fraction":0.0,"recordings":3,"rides_rough":0,"rides_covering":2,"location_precision":"approximate corridor location; physical track not resolved"},"geometry":{"type":"Polygon","coordinates":[[[-118.3231226,34.0199503],[-118.3233836,34.0200103],[-118.3233604,34.0200797],[-118.3230994,34.0200197],[-118.3231226,34.0199503]]]},"id":"EB-750"},{"type":"Feature","properties":{"bin":751,"direction":"eastbound","start_m":18775,"end_m":18800,"median_score":0.692,"hot_fraction":0.0,"recordings":3,"rides_rough":0,"rides_covering":2,"location_precision":"approximate corridor location; physical track not resolved"},"geometry":{"type":"Polygon","coordinates":[[[-118.3233837,34.0200103],[-118.3236447,34.0200713],[-118.3236213,34.0201407],[-118.3233603,34.0200797],[-118.3233837,34.0200103]]]},"id":"EB-751"},{"type":"Feature","properties":{"bin":752,"direction":"eastbound","start_m":18800,"end_m":18825,"median_score":0.692,"hot_fraction":0.0,"recordings":4,"rides_rough":0,"rides_covering":2,"location_precision":"approximate corridor location; physical track not resolved"},"geometry":{"type":"Polygon","coordinates":[[[-118.3236447,34.0200713],[-118.3239057,34.0201323],[-118.3238823,34.0202017],[-118.3236213,34.0201407],[-118.3236447,34.0200713]]]},"id":"EB-752"},{"type":"Feature","properties":{"bin":753,"direction":"eastbound","start_m":18825,"end_m":18850,"median_score":0.844,"hot_fraction":0.0,"recordings":4,"rides_rough":0,"rides_covering":2,"location_precision":"approximate corridor location; physical track not resolved"},"geometry":{"type":"Polygon","coordinates":[[[-118.3239056,34.0201323],[-118.3241666,34.0201923],[-118.3241434,34.0202617],[-118.3238824,34.0202017],[-118.3239056,34.0201323]]]},"id":"EB-753"},{"type":"Feature","properties":{"bin":754,"direction":"eastbound","start_m":18850,"end_m":18875,"median_score":1.055,"hot_fraction":0.0,"recordings":4,"rides_rough":0,"rides_covering":2,"location_precision":"approximate corridor location; physical track not resolved"},"geometry":{"type":"Polygon","coordinates":[[[-118.3241667,34.0201923],[-118.3243847,34.0202433],[-118.3244277,34.0202533],[-118.3244043,34.0203227],[-118.3243613,34.0203127],[-118.3241433,34.0202617],[-118.3241667,34.0201923]]]},"id":"EB-754"},{"type":"Feature","properties":{"bin":755,"direction":"eastbound","start_m":18875,"end_m":18900,"median_score":0.992,"hot_fraction":0.0,"recordings":3,"rides_rough":0,"rides_covering":2,"location_precision":"approximate corridor location; physical track not resolved"},"geometry":{"type":"Polygon","coordinates":[[[-118.3244277,34.0202533],[-118.3246887,34.0203143],[-118.3246653,34.0203837],[-118.3244043,34.0203227],[-118.3244277,34.0202533]]]},"id":"EB-755"},{"type":"Feature","properties":{"bin":756,"direction":"eastbound","start_m":18900,"end_m":18925,"median_score":0.752,"hot_fraction":0.0,"recordings":3,"rides_rough":0,"rides_covering":2,"location_precision":"approximate corridor location; physical track not resolved"},"geometry":{"type":"Polygon","coordinates":[[[-118.3246888,34.0203143],[-118.3249488,34.0203753],[-118.3249252,34.0204447],[-118.3246652,34.0203837],[-118.3246888,34.0203143]]]},"id":"EB-756"},{"type":"Feature","properties":{"bin":757,"direction":"eastbound","start_m":18925,"end_m":18950,"median_score":0.663,"hot_fraction":0.0,"recordings":3,"rides_rough":0,"rides_covering":2,"location_precision":"approximate corridor location; physical track not resolved"},"geometry":{"type":"Polygon","coordinates":[[[-118.3249487,34.0203753],[-118.3252097,34.0204363],[-118.3251863,34.0205057],[-118.3249253,34.0204447],[-118.3249487,34.0203753]]]},"id":"EB-757"},{"type":"Feature","properties":{"bin":758,"direction":"eastbound","start_m":18950,"end_m":18975,"median_score":0.622,"hot_fraction":0.0,"recordings":3,"rides_rough":0,"rides_covering":2,"location_precision":"approximate corridor location; physical track not resolved"},"geometry":{"type":"Polygon","coordinates":[[[-118.3252099,34.0204363],[-118.3253487,34.0204693],[-118.3254705,34.0204972],[-118.3254475,34.0205668],[-118.3253253,34.0205387],[-118.3251861,34.0205057],[-118.3252099,34.0204363]]]},"id":"EB-758"},{"type":"Feature","properties":{"bin":759,"direction":"eastbound","start_m":18975,"end_m":19000,"median_score":0.568,"hot_fraction":0.0,"recordings":3,"rides_rough":0,"rides_covering":2,"location_precision":"approximate corridor location; physical track not resolved"},"geometry":{"type":"Polygon","coordinates":[[[-118.3254707,34.0204973],[-118.3257317,34.0205583],[-118.3257083,34.0206277],[-118.3254473,34.0205667],[-118.3254707,34.0204973]]]},"id":"EB-759"},{"type":"Feature","properties":{"bin":760,"direction":"eastbound","start_m":19000,"end_m":19025,"median_score":0.688,"hot_fraction":0.0,"recordings":3,"rides_rough":0,"rides_covering":2,"location_precision":"approximate corridor location; physical track not resolved"},"geometry":{"type":"Polygon","coordinates":[[[-118.3257316,34.0205583],[-118.3259926,34.0206183],[-118.3259694,34.0206877],[-118.3257084,34.0206277],[-118.3257316,34.0205583]]]},"id":"EB-760"},{"type":"Feature","properties":{"bin":761,"direction":"eastbound","start_m":19025,"end_m":19050,"median_score":0.777,"hot_fraction":0.0,"recordings":4,"rides_rough":0,"rides_covering":2,"location_precision":"approximate corridor location; physical track not resolved"},"geometry":{"type":"Polygon","coordinates":[[[-118.3259927,34.0206183],[-118.3262537,34.0206793],[-118.3262303,34.0207487],[-118.3259693,34.0206877],[-118.3259927,34.0206183]]]},"id":"EB-761"},{"type":"Feature","properties":{"bin":762,"direction":"eastbound","start_m":19050,"end_m":19075,"median_score":0.732,"hot_fraction":0.0,"recordings":4,"rides_rough":0,"rides_covering":2,"location_precision":"approximate corridor location; physical track not resolved"},"geometry":{"type":"Polygon","coordinates":[[[-118.3262529,34.0206791],[-118.3262906,34.0206873],[-118.3265147,34.0207393],[-118.3264913,34.0208087],[-118.3262674,34.0207567],[-118.3262311,34.0207489],[-118.3262529,34.0206791]]]},"id":"EB-762"},{"type":"Feature","properties":{"bin":763,"direction":"eastbound","start_m":19075,"end_m":19100,"median_score":1.075,"hot_fraction":0.0,"recordings":4,"rides_rough":0,"rides_covering":2,"location_precision":"approximate corridor location; physical track not resolved"},"geometry":{"type":"Polygon","coordinates":[[[-118.3265147,34.0207393],[-118.3267757,34.0208003],[-118.3267523,34.0208697],[-118.3264913,34.0208087],[-118.3265147,34.0207393]]]},"id":"EB-763"},{"type":"Feature","properties":{"bin":764,"direction":"eastbound","start_m":19100,"end_m":19125,"median_score":0.77,"hot_fraction":0.0,"recordings":4,"rides_rough":0,"rides_covering":2,"location_precision":"approximate corridor location; physical track not resolved"},"geometry":{"type":"Polygon","coordinates":[[[-118.3267756,34.0208003],[-118.3270366,34.0208603],[-118.3270134,34.0209297],[-118.3267524,34.0208697],[-118.3267756,34.0208003]]]},"id":"EB-764"},{"type":"Feature","properties":{"bin":765,"direction":"eastbound","start_m":19125,"end_m":19150,"median_score":0.914,"hot_fraction":0.0,"recordings":3,"rides_rough":0,"rides_covering":2,"location_precision":"approximate corridor location; physical track not resolved"},"geometry":{"type":"Polygon","coordinates":[[[-118.3270368,34.0208603],[-118.3271257,34.0208813],[-118.3272977,34.0209213],[-118.3272743,34.0209907],[-118.3271023,34.0209507],[-118.3270132,34.0209297],[-118.3270368,34.0208603]]]},"id":"EB-765"},{"type":"Feature","properties":{"bin":766,"direction":"eastbound","start_m":19150,"end_m":19175,"median_score":1.025,"hot_fraction":0.0,"recordings":3,"rides_rough":0,"rides_covering":2,"location_precision":"approximate corridor location; physical track not resolved"},"geometry":{"type":"Polygon","coordinates":[[[-118.3272979,34.0209213],[-118.3275589,34.0209833],[-118.3275351,34.0210527],[-118.3272741,34.0209907],[-118.3272979,34.0209213]]]},"id":"EB-766"},{"type":"Feature","properties":{"bin":767,"direction":"eastbound","start_m":19175,"end_m":19200,"median_score":0.814,"hot_fraction":0.0,"recordings":3,"rides_rough":0,"rides_covering":2,"location_precision":"approximate corridor location; physical track not resolved"},"geometry":{"type":"Polygon","coordinates":[[[-118.3275587,34.0209833],[-118.3278197,34.0210443],[-118.3277963,34.0211137],[-118.3275353,34.0210527],[-118.3275587,34.0209833]]]},"id":"EB-767"},{"type":"Feature","properties":{"bin":768,"direction":"eastbound","start_m":19200,"end_m":19225,"median_score":1.034,"hot_fraction":0.0,"recordings":2,"rides_rough":0,"rides_covering":1,"location_precision":"approximate corridor location; physical track not resolved"},"geometry":{"type":"Polygon","coordinates":[[[-118.3278198,34.0210443],[-118.3280487,34.0210983],[-118.32808,34.0211051],[-118.328058,34.0211749],[-118.3280253,34.0211677],[-118.3277962,34.0211137],[-118.3278198,34.0210443]]]},"id":"EB-768"},{"type":"Feature","properties":{"bin":769,"direction":"eastbound","start_m":19225,"end_m":19250,"median_score":0.463,"hot_fraction":0.0,"recordings":3,"rides_rough":0,"rides_covering":2,"location_precision":"approximate corridor location; physical track not resolved"},"geometry":{"type":"Polygon","coordinates":[[[-118.3280798,34.0211051],[-118.3283418,34.0211611],[-118.3283202,34.0212309],[-118.3280582,34.0211749],[-118.3280798,34.0211051]]]},"id":"EB-769"},{"type":"Feature","properties":{"bin":770,"direction":"eastbound","start_m":19250,"end_m":19275,"median_score":0.515,"hot_fraction":0.0,"recordings":1,"rides_rough":0,"rides_covering":1,"location_precision":"approximate corridor location; physical track not resolved"},"geometry":{"type":"Polygon","coordinates":[[[-118.3283419,34.0211611],[-118.328532,34.0212021],[-118.3286042,34.0212182],[-118.3285818,34.0212878],[-118.32851,34.0212719],[-118.3283201,34.0212309],[-118.3283419,34.0211611]]]},"id":"EB-770"},{"type":"Feature","properties":{"bin":771,"direction":"eastbound","start_m":19275,"end_m":19300,"median_score":1.049,"hot_fraction":0.0,"recordings":2,"rides_rough":0,"rides_covering":1,"location_precision":"approximate corridor location; physical track not resolved"},"geometry":{"type":"Polygon","coordinates":[[[-118.328604,34.0212181],[-118.328866,34.0212751],[-118.328844,34.0213449],[-118.328582,34.0212879],[-118.328604,34.0212181]]]},"id":"EB-771"},{"type":"Feature","properties":{"bin":772,"direction":"eastbound","start_m":19300,"end_m":19325,"median_score":1.588,"hot_fraction":0.0,"recordings":2,"rides_rough":0,"rides_covering":1,"location_precision":"approximate corridor location; physical track not resolved"},"geometry":{"type":"Polygon","coordinates":[[[-118.3288659,34.0212751],[-118.3291289,34.0213321],[-118.3291071,34.0214019],[-118.3288441,34.0213449],[-118.3288659,34.0212751]]]},"id":"EB-772"},{"type":"Feature","properties":{"bin":773,"direction":"eastbound","start_m":19325,"end_m":19350,"median_score":1.263,"hot_fraction":0.0,"recordings":4,"rides_rough":0,"rides_covering":2,"location_precision":"approximate corridor location; physical track not resolved"},"geometry":{"type":"Polygon","coordinates":[[[-118.329129,34.0213321],[-118.329391,34.0213891],[-118.329369,34.0214589],[-118.329107,34.0214019],[-118.329129,34.0213321]]]},"id":"EB-773"},{"type":"Feature","properties":{"bin":774,"direction":"eastbound","start_m":19350,"end_m":19375,"median_score":1.824,"hot_fraction":0.0,"recordings":2,"rides_rough":0,"rides_covering":1,"location_precision":"approximate corridor location; physical track not resolved"},"geometry":{"type":"Polygon","coordinates":[[[-118.3293911,34.0213891],[-118.329605,34.0214361],[-118.3296525,34.021446],[-118.3296315,34.021516],[-118.329583,34.0215059],[-118.3293689,34.0214589],[-118.3293911,34.0213891]]]},"id":"EB-774"},{"type":"Feature","properties":{"bin":775,"direction":"eastbound","start_m":19375,"end_m":19400,"median_score":2.418,"hot_fraction":1.0,"recordings":2,"rides_rough":1,"rides_covering":1,"location_precision":"approximate corridor location; physical track not resolved"},"geometry":{"type":"Polygon","coordinates":[[[-118.3296522,34.021446],[-118.3299152,34.021499],[-118.3298948,34.021569],[-118.3296318,34.021516],[-118.3296522,34.021446]]]},"id":"EB-775"},{"type":"Feature","properties":{"bin":776,"direction":"eastbound","start_m":19400,"end_m":19425,"median_score":2.228,"hot_fraction":1.0,"recordings":1,"rides_rough":1,"rides_covering":1,"location_precision":"approximate corridor location; physical track not resolved"},"geometry":{"type":"Polygon","coordinates":[[[-118.3299152,34.021499],[-118.3301792,34.021552],[-118.3301588,34.021622],[-118.3298948,34.021569],[-118.3299152,34.021499]]]},"id":"EB-776"},{"type":"Feature","properties":{"bin":778,"direction":"eastbound","start_m":19450,"end_m":19475,"median_score":1.045,"hot_fraction":0.0,"recordings":2,"rides_rough":0,"rides_covering":1,"location_precision":"approximate corridor location; physical track not resolved"},"geometry":{"type":"Polygon","coordinates":[[[-118.3304422,34.021606],[-118.3307052,34.021659],[-118.3306848,34.021729],[-118.3304218,34.021676],[-118.3304422,34.021606]]]},"id":"EB-778"},{"type":"Feature","properties":{"bin":779,"direction":"eastbound","start_m":19475,"end_m":19500,"median_score":0.923,"hot_fraction":0.0,"recordings":1,"rides_rough":0,"rides_covering":1,"location_precision":"approximate corridor location; physical track not resolved"},"geometry":{"type":"Polygon","coordinates":[[[-118.3307054,34.021659],[-118.3309684,34.021713],[-118.3309476,34.021783],[-118.3306846,34.021729],[-118.3307054,34.021659]]]},"id":"EB-779"},{"type":"Feature","properties":{"bin":783,"direction":"eastbound","start_m":19575,"end_m":19600,"median_score":2.557,"hot_fraction":1.0,"recordings":1,"rides_rough":1,"rides_covering":1,"location_precision":"approximate corridor location; physical track not resolved"},"geometry":{"type":"Polygon","coordinates":[[[-118.3317565,34.0218717],[-118.3317706,34.021874],[-118.3320217,34.0219271],[-118.3320003,34.0219969],[-118.3317494,34.021944],[-118.3317395,34.0219423],[-118.3317565,34.0218717]]]},"id":"EB-783"},{"type":"Feature","properties":{"bin":784,"direction":"eastbound","start_m":19600,"end_m":19625,"median_score":1.132,"hot_fraction":0.0,"recordings":1,"rides_rough":0,"rides_covering":1,"location_precision":"approximate corridor location; physical track not resolved"},"geometry":{"type":"Polygon","coordinates":[[[-118.3320224,34.0219272],[-118.332043,34.0219319],[-118.3322849,34.0219789],[-118.3322651,34.0220491],[-118.332023,34.0220021],[-118.3319996,34.0219968],[-118.3320224,34.0219272]]]},"id":"EB-784"},{"type":"Feature","properties":{"bin":785,"direction":"eastbound","start_m":19625,"end_m":19650,"median_score":0.708,"hot_fraction":0.0,"recordings":2,"rides_rough":0,"rides_covering":1,"location_precision":"approximate corridor location; physical track not resolved"},"geometry":{"type":"Polygon","coordinates":[[[-118.3322848,34.0219789],[-118.3325488,34.0220299],[-118.3325292,34.0221001],[-118.3322652,34.0220491],[-118.3322848,34.0219789]]]},"id":"EB-785"},{"type":"Feature","properties":{"bin":786,"direction":"eastbound","start_m":19650,"end_m":19675,"median_score":0.585,"hot_fraction":0.0,"recordings":2,"rides_rough":0,"rides_covering":1,"location_precision":"approximate corridor location; physical track not resolved"},"geometry":{"type":"Polygon","coordinates":[[[-118.332549,34.0220299],[-118.332813,34.0220819],[-118.332793,34.0221521],[-118.332529,34.0221001],[-118.332549,34.0220299]]]},"id":"EB-786"},{"type":"Feature","properties":{"bin":787,"direction":"eastbound","start_m":19675,"end_m":19700,"median_score":0.511,"hot_fraction":0.0,"recordings":2,"rides_rough":0,"rides_covering":1,"location_precision":"approximate corridor location; physical track not resolved"},"geometry":{"type":"Polygon","coordinates":[[[-118.3328128,34.0220819],[-118.3329578,34.0221099],[-118.3330768,34.0221329],[-118.3330572,34.0222031],[-118.3329382,34.0221801],[-118.3327932,34.0221521],[-118.3328128,34.0220819]]]},"id":"EB-787"},{"type":"Feature","properties":{"bin":788,"direction":"eastbound","start_m":19700,"end_m":19725,"median_score":0.66,"hot_fraction":0.0,"recordings":4,"rides_rough":0,"rides_covering":2,"location_precision":"approximate corridor location; physical track not resolved"},"geometry":{"type":"Polygon","coordinates":[[[-118.3330766,34.0221328],[-118.3333406,34.0221828],[-118.3333214,34.0222532],[-118.3330574,34.0222032],[-118.3330766,34.0221328]]]},"id":"EB-788"},{"type":"Feature","properties":{"bin":789,"direction":"eastbound","start_m":19725,"end_m":19750,"median_score":0.597,"hot_fraction":0.0,"recordings":4,"rides_rough":0,"rides_covering":2,"location_precision":"approximate corridor location; physical track not resolved"},"geometry":{"type":"Polygon","coordinates":[[[-118.3333408,34.0221829],[-118.3336048,34.0222339],[-118.3335852,34.0223041],[-118.3333212,34.0222531],[-118.3333408,34.0221829]]]},"id":"EB-789"},{"type":"Feature","properties":{"bin":790,"direction":"eastbound","start_m":19750,"end_m":19775,"median_score":0.57,"hot_fraction":0.0,"recordings":4,"rides_rough":0,"rides_covering":2,"location_precision":"approximate corridor location; physical track not resolved"},"geometry":{"type":"Polygon","coordinates":[[[-118.3336046,34.0222338],[-118.3338686,34.0222838],[-118.3338494,34.0223542],[-118.3335854,34.0223042],[-118.3336046,34.0222338]]]},"id":"EB-790"},{"type":"Feature","properties":{"bin":791,"direction":"eastbound","start_m":19775,"end_m":19800,"median_score":0.539,"hot_fraction":0.0,"recordings":4,"rides_rough":0,"rides_covering":2,"location_precision":"approximate corridor location; physical track not resolved"},"geometry":{"type":"Polygon","coordinates":[[[-118.3338688,34.0222839],[-118.3341328,34.0223349],[-118.3341132,34.0224051],[-118.3338492,34.0223541],[-118.3338688,34.0222839]]]},"id":"EB-791"},{"type":"Feature","properties":{"bin":792,"direction":"eastbound","start_m":19800,"end_m":19825,"median_score":0.58,"hot_fraction":0.0,"recordings":4,"rides_rough":0,"rides_covering":2,"location_precision":"approximate corridor location; physical track not resolved"},"geometry":{"type":"Polygon","coordinates":[[[-118.3341326,34.0223348],[-118.3342706,34.0223608],[-118.3343967,34.0223849],[-118.3343773,34.0224551],[-118.3342514,34.0224312],[-118.3341134,34.0224052],[-118.3341326,34.0223348]]]},"id":"EB-792"},{"type":"Feature","properties":{"bin":793,"direction":"eastbound","start_m":19825,"end_m":19850,"median_score":0.587,"hot_fraction":0.0,"recordings":4,"rides_rough":0,"rides_covering":2,"location_precision":"approximate corridor location; physical track not resolved"},"geometry":{"type":"Polygon","coordinates":[[[-118.3343966,34.0223848],[-118.3346606,34.0224348],[-118.3346414,34.0225052],[-118.3343774,34.0224552],[-118.3343966,34.0223848]]]},"id":"EB-793"},{"type":"Feature","properties":{"bin":794,"direction":"eastbound","start_m":19850,"end_m":19875,"median_score":1.031,"hot_fraction":0.0,"recordings":4,"rides_rough":0,"rides_covering":2,"location_precision":"approximate corridor location; physical track not resolved"},"geometry":{"type":"Polygon","coordinates":[[[-118.3346606,34.0224348],[-118.3349256,34.0224848],[-118.3349064,34.0225552],[-118.3346414,34.0225052],[-118.3346606,34.0224348]]]},"id":"EB-794"},{"type":"Feature","properties":{"bin":795,"direction":"eastbound","start_m":19875,"end_m":19900,"median_score":1.23,"hot_fraction":0.0,"recordings":3,"rides_rough":0,"rides_covering":2,"location_precision":"approximate corridor location; physical track not resolved"},"geometry":{"type":"Polygon","coordinates":[[[-118.3349255,34.0224848],[-118.3351174,34.0225208],[-118.3351892,34.0225338],[-118.3351708,34.0226042],[-118.3350986,34.0225912],[-118.3349065,34.0225552],[-118.3349255,34.0224848]]]},"id":"EB-795"},{"type":"Feature","properties":{"bin":796,"direction":"eastbound","start_m":19900,"end_m":19925,"median_score":1.437,"hot_fraction":0.0,"recordings":2,"rides_rough":0,"rides_covering":1,"location_precision":"approximate corridor location; physical track not resolved"},"geometry":{"type":"Polygon","coordinates":[[[-118.3351894,34.0225338],[-118.3354544,34.0225828],[-118.3354356,34.0226532],[-118.3351706,34.0226042],[-118.3351894,34.0225338]]]},"id":"EB-796"},{"type":"Feature","properties":{"bin":800,"direction":"eastbound","start_m":20000,"end_m":20025,"median_score":0.668,"hot_fraction":0.0,"recordings":1,"rides_rough":0,"rides_covering":1,"location_precision":"approximate corridor location; physical track not resolved"},"geometry":{"type":"Polygon","coordinates":[[[-118.3362475,34.0227215],[-118.3365145,34.0227605],[-118.3364995,34.0228315],[-118.3362325,34.0227925],[-118.3362475,34.0227215]]]},"id":"EB-800"},{"type":"Feature","properties":{"bin":801,"direction":"eastbound","start_m":20025,"end_m":20050,"median_score":0.694,"hot_fraction":0.0,"recordings":1,"rides_rough":0,"rides_covering":1,"location_precision":"approximate corridor location; physical track not resolved"},"geometry":{"type":"Polygon","coordinates":[[[-118.3365149,34.0227605],[-118.3365409,34.0227646],[-118.3367809,34.0228016],[-118.3367651,34.0228724],[-118.3365251,34.0228354],[-118.3364991,34.0228315],[-118.3365149,34.0227605]]]},"id":"EB-801"},{"type":"Feature","properties":{"bin":803,"direction":"eastbound","start_m":20075,"end_m":20100,"median_score":0.715,"hot_fraction":0.0,"recordings":1,"rides_rough":0,"rides_covering":1,"location_precision":"approximate corridor location; physical track not resolved"},"geometry":{"type":"Polygon","coordinates":[[[-118.3370479,34.0228436],[-118.3373139,34.0228846],[-118.3372981,34.0229554],[-118.3370321,34.0229144],[-118.3370479,34.0228436]]]},"id":"EB-803"},{"type":"Feature","properties":{"bin":804,"direction":"eastbound","start_m":20100,"end_m":20125,"median_score":0.856,"hot_fraction":0.0,"recordings":1,"rides_rough":0,"rides_covering":1,"location_precision":"approximate corridor location; physical track not resolved"},"geometry":{"type":"Polygon","coordinates":[[[-118.3373139,34.0228846],[-118.3375799,34.0229256],[-118.3375641,34.0229964],[-118.3372981,34.0229554],[-118.3373139,34.0228846]]]},"id":"EB-804"},{"type":"Feature","properties":{"bin":806,"direction":"eastbound","start_m":20150,"end_m":20175,"median_score":1.029,"hot_fraction":0.0,"recordings":1,"rides_rough":0,"rides_covering":1,"location_precision":"approximate corridor location; physical track not resolved"},"geometry":{"type":"Polygon","coordinates":[[[-118.3378469,34.0229676],[-118.3381129,34.0230086],[-118.3380971,34.0230794],[-118.3378311,34.0230384],[-118.3378469,34.0229676]]]},"id":"EB-806"},{"type":"Feature","properties":{"bin":807,"direction":"eastbound","start_m":20175,"end_m":20200,"median_score":1.125,"hot_fraction":0.0,"recordings":1,"rides_rough":0,"rides_covering":1,"location_precision":"approximate corridor location; physical track not resolved"},"geometry":{"type":"Polygon","coordinates":[[[-118.3381129,34.0230085],[-118.3383799,34.0230495],[-118.3383641,34.0231205],[-118.3380971,34.0230795],[-118.3381129,34.0230085]]]},"id":"EB-807"},{"type":"Feature","properties":{"bin":808,"direction":"eastbound","start_m":20200,"end_m":20225,"median_score":0.971,"hot_fraction":0.0,"recordings":3,"rides_rough":0,"rides_covering":2,"location_precision":"approximate corridor location; physical track not resolved"},"geometry":{"type":"Polygon","coordinates":[[[-118.3383799,34.0230496],[-118.3386459,34.0230906],[-118.3386301,34.0231614],[-118.3383641,34.0231204],[-118.3383799,34.0230496]]]},"id":"EB-808"},{"type":"Feature","properties":{"bin":809,"direction":"eastbound","start_m":20225,"end_m":20250,"median_score":0.644,"hot_fraction":0.0,"recordings":1,"rides_rough":0,"rides_covering":1,"location_precision":"approximate corridor location; physical track not resolved"},"geometry":{"type":"Polygon","coordinates":[[[-118.3386463,34.0230906],[-118.3386887,34.0230975],[-118.3389126,34.0231305],[-118.3388974,34.0232015],[-118.3386733,34.0231685],[-118.3386297,34.0231614],[-118.3386463,34.0230906]]]},"id":"EB-809"},{"type":"Feature","properties":{"bin":810,"direction":"eastbound","start_m":20250,"end_m":20275,"median_score":1.034,"hot_fraction":0.0,"recordings":2,"rides_rough":0,"rides_covering":2,"location_precision":"approximate corridor location; physical track not resolved"},"geometry":{"type":"Polygon","coordinates":[[[-118.3389211,34.0231325],[-118.3389144,34.0231313],[-118.3391792,34.0231633],[-118.3391668,34.0232347],[-118.3389016,34.0232027],[-118.3388889,34.0231995],[-118.3389211,34.0231325]]]},"id":"EB-810"},{"type":"Feature","properties":{"bin":811,"direction":"eastbound","start_m":20275,"end_m":20300,"median_score":0.89,"hot_fraction":0.0,"recordings":2,"rides_rough":0,"rides_covering":2,"location_precision":"approximate corridor location; physical track not resolved"},"geometry":{"type":"Polygon","coordinates":[[[-118.3391794,34.0231633],[-118.3394474,34.0231963],[-118.3394346,34.0232677],[-118.3391666,34.0232347],[-118.3391794,34.0231633]]]},"id":"EB-811"},{"type":"Feature","properties":{"bin":812,"direction":"eastbound","start_m":20300,"end_m":20325,"median_score":0.716,"hot_fraction":0.0,"recordings":1,"rides_rough":0,"rides_covering":1,"location_precision":"approximate corridor location; physical track not resolved"},"geometry":{"type":"Polygon","coordinates":[[[-118.3394474,34.0231963],[-118.3397054,34.0232283],[-118.3397142,34.0232292],[-118.3397038,34.0233008],[-118.3396926,34.0232997],[-118.3394346,34.0232677],[-118.3394474,34.0231963]]]},"id":"EB-812"},{"type":"Feature","properties":{"bin":813,"direction":"eastbound","start_m":20325,"end_m":20350,"median_score":0.933,"hot_fraction":0.0,"recordings":1,"rides_rough":0,"rides_covering":1,"location_precision":"approximate corridor location; physical track not resolved"},"geometry":{"type":"Polygon","coordinates":[[[-118.3397155,34.0232294],[-118.3399835,34.0232634],[-118.3399705,34.0233346],[-118.3397025,34.0233006],[-118.3397155,34.0232294]]]},"id":"EB-813"},{"type":"Feature","properties":{"bin":814,"direction":"eastbound","start_m":20350,"end_m":20375,"median_score":1.112,"hot_fraction":0.0,"recordings":1,"rides_rough":0,"rides_covering":1,"location_precision":"approximate corridor location; physical track not resolved"},"geometry":{"type":"Polygon","coordinates":[[[-118.3399834,34.0232633],[-118.3402514,34.0232963],[-118.3402386,34.0233677],[-118.3399706,34.0233347],[-118.3399834,34.0232633]]]},"id":"EB-814"},{"type":"Feature","properties":{"bin":815,"direction":"eastbound","start_m":20375,"end_m":20400,"median_score":0.937,"hot_fraction":0.0,"recordings":3,"rides_rough":0,"rides_covering":2,"location_precision":"approximate corridor location; physical track not resolved"},"geometry":{"type":"Polygon","coordinates":[[[-118.3402515,34.0232964],[-118.3404955,34.0233274],[-118.3405194,34.0233303],[-118.3405066,34.0234017],[-118.3404825,34.0233986],[-118.3402385,34.0233676],[-118.3402515,34.0232964]]]},"id":"EB-815"},{"type":"Feature","properties":{"bin":816,"direction":"eastbound","start_m":20400,"end_m":20425,"median_score":0.798,"hot_fraction":0.0,"recordings":3,"rides_rough":0,"rides_covering":2,"location_precision":"approximate corridor location; physical track not resolved"},"geometry":{"type":"Polygon","coordinates":[[[-118.3405192,34.0233303],[-118.3407872,34.0233623],[-118.3407748,34.0234337],[-118.3405068,34.0234017],[-118.3405192,34.0233303]]]},"id":"EB-816"},{"type":"Feature","properties":{"bin":817,"direction":"eastbound","start_m":20425,"end_m":20450,"median_score":0.794,"hot_fraction":0.0,"recordings":3,"rides_rough":0,"rides_covering":2,"location_precision":"approximate corridor location; physical track not resolved"},"geometry":{"type":"Polygon","coordinates":[[[-118.3407869,34.0233623],[-118.3408752,34.0233723],[-118.3410553,34.0233943],[-118.3410427,34.0234657],[-118.3408628,34.0234437],[-118.3407751,34.0234337],[-118.3407869,34.0233623]]]},"id":"EB-817"},{"type":"Feature","properties":{"bin":818,"direction":"eastbound","start_m":20450,"end_m":20475,"median_score":0.964,"hot_fraction":0.0,"recordings":3,"rides_rough":0,"rides_covering":2,"location_precision":"approximate corridor location; physical track not resolved"},"geometry":{"type":"Polygon","coordinates":[[[-118.3410552,34.0233943],[-118.3413232,34.0234263],[-118.3413108,34.0234977],[-118.3410428,34.0234657],[-118.3410552,34.0233943]]]},"id":"EB-818"},{"type":"Feature","properties":{"bin":819,"direction":"eastbound","start_m":20475,"end_m":20500,"median_score":0.779,"hot_fraction":0.0,"recordings":3,"rides_rough":0,"rides_covering":2,"location_precision":"approximate corridor location; physical track not resolved"},"geometry":{"type":"Polygon","coordinates":[[[-118.3413233,34.0234263],[-118.3415923,34.0234593],[-118.3415797,34.0235307],[-118.3413107,34.0234977],[-118.3413233,34.0234263]]]},"id":"EB-819"},{"type":"Feature","properties":{"bin":820,"direction":"eastbound","start_m":20500,"end_m":20525,"median_score":0.814,"hot_fraction":0.0,"recordings":3,"rides_rough":0,"rides_covering":2,"location_precision":"approximate corridor location; physical track not resolved"},"geometry":{"type":"Polygon","coordinates":[[[-118.3415922,34.0234593],[-118.3418602,34.0234913],[-118.3418478,34.0235627],[-118.3415798,34.0235307],[-118.3415922,34.0234593]]]},"id":"EB-820"},{"type":"Feature","properties":{"bin":821,"direction":"eastbound","start_m":20525,"end_m":20550,"median_score":0.787,"hot_fraction":0.0,"recordings":2,"rides_rough":0,"rides_covering":1,"location_precision":"approximate corridor location; physical track not resolved"},"geometry":{"type":"Polygon","coordinates":[[[-118.3418603,34.0234913],[-118.3420582,34.0235153],[-118.3421279,34.0235233],[-118.3421161,34.0235947],[-118.3420458,34.0235867],[-118.3418477,34.0235627],[-118.3418603,34.0234913]]]},"id":"EB-821"},{"type":"Feature","properties":{"bin":822,"direction":"eastbound","start_m":20550,"end_m":20575,"median_score":0.685,"hot_fraction":0.0,"recordings":2,"rides_rough":0,"rides_covering":1,"location_precision":"approximate corridor location; physical track not resolved"},"geometry":{"type":"Polygon","coordinates":[[[-118.3421282,34.0235233],[-118.3423962,34.0235553],[-118.3423838,34.0236267],[-118.3421158,34.0235947],[-118.3421282,34.0235233]]]},"id":"EB-822"},{"type":"Feature","properties":{"bin":823,"direction":"eastbound","start_m":20575,"end_m":20600,"median_score":0.564,"hot_fraction":0.0,"recordings":3,"rides_rough":0,"rides_covering":2,"location_precision":"approximate corridor location; physical track not resolved"},"geometry":{"type":"Polygon","coordinates":[[[-118.3423962,34.0235553],[-118.3426642,34.0235873],[-118.3426518,34.0236587],[-118.3423838,34.0236267],[-118.3423962,34.0235553]]]},"id":"EB-823"},{"type":"Feature","properties":{"bin":824,"direction":"eastbound","start_m":20600,"end_m":20625,"median_score":0.618,"hot_fraction":0.0,"recordings":2,"rides_rough":0,"rides_covering":1,"location_precision":"approximate corridor location; physical track not resolved"},"geometry":{"type":"Polygon","coordinates":[[[-118.3426641,34.0235873],[-118.3429331,34.0236193],[-118.3429209,34.0236907],[-118.3426519,34.0236587],[-118.3426641,34.0235873]]]},"id":"EB-824"},{"type":"Feature","properties":{"bin":825,"direction":"eastbound","start_m":20625,"end_m":20650,"median_score":0.655,"hot_fraction":0.0,"recordings":2,"rides_rough":0,"rides_covering":1,"location_precision":"approximate corridor location; physical track not resolved"},"geometry":{"type":"Polygon","coordinates":[[[-118.3429332,34.0236193],[-118.3432012,34.0236513],[-118.3431888,34.0237227],[-118.3429208,34.0236907],[-118.3429332,34.0236193]]]},"id":"EB-825"},{"type":"Feature","properties":{"bin":826,"direction":"eastbound","start_m":20650,"end_m":20675,"median_score":0.728,"hot_fraction":0.0,"recordings":2,"rides_rough":0,"rides_covering":1,"location_precision":"approximate corridor location; physical track not resolved"},"geometry":{"type":"Polygon","coordinates":[[[-118.3432014,34.0236513],[-118.3432086,34.0236522],[-118.3434695,34.0236802],[-118.3434585,34.0237518],[-118.3431974,34.0237238],[-118.3431886,34.0237227],[-118.3432014,34.0236513]]]},"id":"EB-826"},{"type":"Feature","properties":{"bin":827,"direction":"eastbound","start_m":20675,"end_m":20700,"median_score":1.024,"hot_fraction":0.0,"recordings":2,"rides_rough":0,"rides_covering":1,"location_precision":"approximate corridor location; physical track not resolved"},"geometry":{"type":"Polygon","coordinates":[[[-118.3434696,34.0236802],[-118.3437386,34.0237092],[-118.3437274,34.0237808],[-118.3434584,34.0237518],[-118.3434696,34.0236802]]]},"id":"EB-827"},{"type":"Feature","properties":{"bin":828,"direction":"eastbound","start_m":20700,"end_m":20725,"median_score":0.995,"hot_fraction":0.0,"recordings":2,"rides_rough":0,"rides_covering":1,"location_precision":"approximate corridor location; physical track not resolved"},"geometry":{"type":"Polygon","coordinates":[[[-118.3437384,34.0237092],[-118.3440064,34.0237372],[-118.3439956,34.0238088],[-118.3437276,34.0237808],[-118.3437384,34.0237092]]]},"id":"EB-828"},{"type":"Feature","properties":{"bin":832,"direction":"eastbound","start_m":20800,"end_m":20825,"median_score":1.326,"hot_fraction":0.0,"recordings":2,"rides_rough":0,"rides_covering":2,"location_precision":"approximate corridor location; physical track not resolved"},"geometry":{"type":"Polygon","coordinates":[[[-118.3448136,34.0238232],[-118.3450816,34.0238522],[-118.3450704,34.0239238],[-118.3448024,34.0238948],[-118.3448136,34.0238232]]]},"id":"EB-832"},{"type":"Feature","properties":{"bin":833,"direction":"eastbound","start_m":20825,"end_m":20850,"median_score":1.267,"hot_fraction":0.0,"recordings":3,"rides_rough":0,"rides_covering":3,"location_precision":"approximate corridor location; physical track not resolved"},"geometry":{"type":"Polygon","coordinates":[[[-118.3450816,34.0238522],[-118.3453506,34.0238812],[-118.3453394,34.0239528],[-118.3450704,34.0239238],[-118.3450816,34.0238522]]]},"id":"EB-833"},{"type":"Feature","properties":{"bin":834,"direction":"eastbound","start_m":20850,"end_m":20875,"median_score":0.93,"hot_fraction":0.0,"recordings":2,"rides_rough":0,"rides_covering":2,"location_precision":"approximate corridor location; physical track not resolved"},"geometry":{"type":"Polygon","coordinates":[[[-118.3453503,34.0238812],[-118.3454574,34.0238922],[-118.3456194,34.0239092],[-118.3456086,34.0239808],[-118.3454466,34.0239638],[-118.3453397,34.0239528],[-118.3453503,34.0238812]]]},"id":"EB-834"},{"type":"Feature","properties":{"bin":835,"direction":"eastbound","start_m":20875,"end_m":20900,"median_score":0.761,"hot_fraction":0.0,"recordings":2,"rides_rough":0,"rides_covering":2,"location_precision":"approximate corridor location; physical track not resolved"},"geometry":{"type":"Polygon","coordinates":[[[-118.3456192,34.0239092],[-118.3457672,34.0239242],[-118.3458881,34.0239362],[-118.3458779,34.0240078],[-118.3457568,34.0239958],[-118.3456088,34.0239808],[-118.3456192,34.0239092]]]},"id":"EB-835"},{"type":"Feature","properties":{"bin":836,"direction":"eastbound","start_m":20900,"end_m":20925,"median_score":0.732,"hot_fraction":0.0,"recordings":1,"rides_rough":0,"rides_covering":1,"location_precision":"approximate corridor location; physical track not resolved"},"geometry":{"type":"Polygon","coordinates":[[[-118.3458882,34.0239362],[-118.3461572,34.0239632],[-118.3461468,34.0240348],[-118.3458778,34.0240078],[-118.3458882,34.0239362]]]},"id":"EB-836"},{"type":"Feature","properties":{"bin":837,"direction":"eastbound","start_m":20925,"end_m":20950,"median_score":0.43,"hot_fraction":0.0,"recordings":1,"rides_rough":0,"rides_covering":1,"location_precision":"approximate corridor location; physical track not resolved"},"geometry":{"type":"Polygon","coordinates":[[[-118.3461572,34.0239632],[-118.3464262,34.0239902],[-118.3464158,34.0240618],[-118.3461468,34.0240348],[-118.3461572,34.0239632]]]},"id":"EB-837"},{"type":"Feature","properties":{"bin":838,"direction":"eastbound","start_m":20950,"end_m":20975,"median_score":0.213,"hot_fraction":0.0,"recordings":1,"rides_rough":0,"rides_covering":1,"location_precision":"approximate corridor location; physical track not resolved"},"geometry":{"type":"Polygon","coordinates":[[[-118.3464262,34.0239902],[-118.3466262,34.0240102],[-118.3466953,34.0240172],[-118.3466847,34.0240888],[-118.3466158,34.0240818],[-118.3464158,34.0240618],[-118.3464262,34.0239902]]]},"id":"EB-838"},{"type":"Feature","properties":{"bin":839,"direction":"eastbound","start_m":20975,"end_m":21000,"median_score":1.461,"hot_fraction":0.0,"recordings":1,"rides_rough":0,"rides_covering":1,"location_precision":"approximate corridor location; physical track not resolved"},"geometry":{"type":"Polygon","coordinates":[[[-118.3466952,34.0240172],[-118.3469642,34.0240442],[-118.3469538,34.0241158],[-118.3466848,34.0240888],[-118.3466952,34.0240172]]]},"id":"EB-839"},{"type":"Feature","properties":{"bin":840,"direction":"eastbound","start_m":21000,"end_m":21025,"median_score":1.068,"hot_fraction":0.0,"recordings":2,"rides_rough":0,"rides_covering":2,"location_precision":"approximate corridor location; physical track not resolved"},"geometry":{"type":"Polygon","coordinates":[[[-118.346964,34.0240442],[-118.347201,34.0240672],[-118.3472329,34.0240702],[-118.3472231,34.0241418],[-118.347191,34.0241388],[-118.346954,34.0241158],[-118.346964,34.0240442]]]},"id":"EB-840"},{"type":"Feature","properties":{"bin":841,"direction":"eastbound","start_m":21025,"end_m":21050,"median_score":1.148,"hot_fraction":0.0,"recordings":1,"rides_rough":0,"rides_covering":1,"location_precision":"approximate corridor location; physical track not resolved"},"geometry":{"type":"Polygon","coordinates":[[[-118.3472332,34.0240702],[-118.3475022,34.0240972],[-118.3474918,34.0241688],[-118.3472228,34.0241418],[-118.3472332,34.0240702]]]},"id":"EB-841"},{"type":"Feature","properties":{"bin":842,"direction":"eastbound","start_m":21050,"end_m":21075,"median_score":0.738,"hot_fraction":0.0,"recordings":2,"rides_rough":0,"rides_covering":1,"location_precision":"approximate corridor location; physical track not resolved"},"geometry":{"type":"Polygon","coordinates":[[[-118.3475022,34.0240972],[-118.3477712,34.0241242],[-118.3477608,34.0241958],[-118.3474918,34.0241688],[-118.3475022,34.0240972]]]},"id":"EB-842"},{"type":"Feature","properties":{"bin":843,"direction":"eastbound","start_m":21075,"end_m":21100,"median_score":0.935,"hot_fraction":0.0,"recordings":3,"rides_rough":0,"rides_covering":2,"location_precision":"approximate corridor location; physical track not resolved"},"geometry":{"type":"Polygon","coordinates":[[[-118.3477712,34.0241242],[-118.3480392,34.0241512],[-118.348035,34.0241509],[-118.348035,34.0242231],[-118.3480288,34.0242228],[-118.3477608,34.0241958],[-118.3477712,34.0241242]]]},"id":"EB-843"},{"type":"Feature","properties":{"bin":844,"direction":"eastbound","start_m":21100,"end_m":21125,"median_score":0.938,"hot_fraction":0.0,"recordings":3,"rides_rough":0,"rides_covering":2,"location_precision":"approximate corridor location; physical track not resolved"},"geometry":{"type":"Polygon","coordinates":[[[-118.3480398,34.0241512],[-118.3483098,34.0241762],[-118.3483002,34.0242478],[-118.3480302,34.0242228],[-118.3480398,34.0241512]]]},"id":"EB-844"},{"type":"Feature","properties":{"bin":845,"direction":"eastbound","start_m":21125,"end_m":21150,"median_score":0.969,"hot_fraction":0.0,"recordings":2,"rides_rough":0,"rides_covering":1,"location_precision":"approximate corridor location; physical track not resolved"},"geometry":{"type":"Polygon","coordinates":[[[-118.3483098,34.0241762],[-118.3485788,34.0242012],[-118.3485692,34.0242728],[-118.3483002,34.0242478],[-118.3483098,34.0241762]]]},"id":"EB-845"},{"type":"Feature","properties":{"bin":846,"direction":"eastbound","start_m":21150,"end_m":21175,"median_score":0.692,"hot_fraction":0.0,"recordings":2,"rides_rough":0,"rides_covering":1,"location_precision":"approximate corridor location; physical track not resolved"},"geometry":{"type":"Polygon","coordinates":[[[-118.348579,34.0242012],[-118.348848,34.0242272],[-118.348838,34.0242988],[-118.348569,34.0242728],[-118.348579,34.0242012]]]},"id":"EB-846"},{"type":"Feature","properties":{"bin":847,"direction":"eastbound","start_m":21175,"end_m":21200,"median_score":0.734,"hot_fraction":0.0,"recordings":3,"rides_rough":0,"rides_covering":2,"location_precision":"approximate corridor location; physical track not resolved"},"geometry":{"type":"Polygon","coordinates":[[[-118.3488478,34.0242272],[-118.3491178,34.0242522],[-118.3491082,34.0243238],[-118.3488382,34.0242988],[-118.3488478,34.0242272]]]},"id":"EB-847"},{"type":"Feature","properties":{"bin":848,"direction":"eastbound","start_m":21200,"end_m":21225,"median_score":0.91,"hot_fraction":0.0,"recordings":4,"rides_rough":0,"rides_covering":2,"location_precision":"approximate corridor location; physical track not resolved"},"geometry":{"type":"Polygon","coordinates":[[[-118.3491177,34.0242522],[-118.3491618,34.0242562],[-118.3493868,34.0242772],[-118.3493772,34.0243488],[-118.3491522,34.0243278],[-118.3491083,34.0243238],[-118.3491177,34.0242522]]]},"id":"EB-848"},{"type":"Feature","properties":{"bin":849,"direction":"eastbound","start_m":21225,"end_m":21250,"median_score":0.961,"hot_fraction":0.0,"recordings":4,"rides_rough":0,"rides_covering":2,"location_precision":"approximate corridor location; physical track not resolved"},"geometry":{"type":"Polygon","coordinates":[[[-118.3493866,34.0242772],[-118.3496556,34.0243012],[-118.3496464,34.0243728],[-118.3493774,34.0243488],[-118.3493866,34.0242772]]]},"id":"EB-849"},{"type":"Feature","properties":{"bin":850,"direction":"eastbound","start_m":21250,"end_m":21275,"median_score":0.561,"hot_fraction":0.0,"recordings":4,"rides_rough":0,"rides_covering":2,"location_precision":"approximate corridor location; physical track not resolved"},"geometry":{"type":"Polygon","coordinates":[[[-118.3496558,34.0243012],[-118.3499258,34.0243262],[-118.3499162,34.0243978],[-118.3496462,34.0243728],[-118.3496558,34.0243012]]]},"id":"EB-850"},{"type":"Feature","properties":{"bin":851,"direction":"eastbound","start_m":21275,"end_m":21300,"median_score":0.769,"hot_fraction":0.0,"recordings":3,"rides_rough":0,"rides_covering":2,"location_precision":"approximate corridor location; physical track not resolved"},"geometry":{"type":"Polygon","coordinates":[[[-118.3499257,34.0243262],[-118.3500808,34.0243402],[-118.350195,34.0243512],[-118.350185,34.0244228],[-118.3500712,34.0244118],[-118.3499163,34.0243978],[-118.3499257,34.0243262]]]},"id":"EB-851"},{"type":"Feature","properties":{"bin":852,"direction":"eastbound","start_m":21300,"end_m":21325,"median_score":0.797,"hot_fraction":0.0,"recordings":3,"rides_rough":0,"rides_covering":2,"location_precision":"approximate corridor location; physical track not resolved"},"geometry":{"type":"Polygon","coordinates":[[[-118.3501948,34.0243512],[-118.3504638,34.0243762],[-118.3504542,34.0244478],[-118.3501852,34.0244228],[-118.3501948,34.0243512]]]},"id":"EB-852"},{"type":"Feature","properties":{"bin":853,"direction":"eastbound","start_m":21325,"end_m":21350,"median_score":0.764,"hot_fraction":0.0,"recordings":4,"rides_rough":0,"rides_covering":2,"location_precision":"approximate corridor location; physical track not resolved"},"geometry":{"type":"Polygon","coordinates":[[[-118.3504638,34.0243762],[-118.3507338,34.0244012],[-118.3507242,34.0244728],[-118.3504542,34.0244478],[-118.3504638,34.0243762]]]},"id":"EB-853"},{"type":"Feature","properties":{"bin":854,"direction":"eastbound","start_m":21350,"end_m":21375,"median_score":0.809,"hot_fraction":0.0,"recordings":4,"rides_rough":0,"rides_covering":2,"location_precision":"approximate corridor location; physical track not resolved"},"geometry":{"type":"Polygon","coordinates":[[[-118.3507337,34.0244012],[-118.3508896,34.0244152],[-118.3510026,34.0244252],[-118.3509934,34.0244968],[-118.3508804,34.0244868],[-118.3507243,34.0244728],[-118.3507337,34.0244012]]]},"id":"EB-854"},{"type":"Feature","properties":{"bin":855,"direction":"eastbound","start_m":21375,"end_m":21400,"median_score":0.749,"hot_fraction":0.0,"recordings":4,"rides_rough":0,"rides_covering":2,"location_precision":"approximate corridor location; physical track not resolved"},"geometry":{"type":"Polygon","coordinates":[[[-118.3510028,34.0244252],[-118.3512718,34.0244502],[-118.3512622,34.0245218],[-118.3509932,34.0244968],[-118.3510028,34.0244252]]]},"id":"EB-855"},{"type":"Feature","properties":{"bin":856,"direction":"eastbound","start_m":21400,"end_m":21425,"median_score":0.882,"hot_fraction":0.0,"recordings":3,"rides_rough":0,"rides_covering":2,"location_precision":"approximate corridor location; physical track not resolved"},"geometry":{"type":"Polygon","coordinates":[[[-118.3512718,34.0244502],[-118.3515418,34.0244752],[-118.3515322,34.0245468],[-118.3512622,34.0245218],[-118.3512718,34.0244502]]]},"id":"EB-856"},{"type":"Feature","properties":{"bin":857,"direction":"eastbound","start_m":21425,"end_m":21450,"median_score":0.882,"hot_fraction":0.0,"recordings":3,"rides_rough":0,"rides_covering":2,"location_precision":"approximate corridor location; physical track not resolved"},"geometry":{"type":"Polygon","coordinates":[[[-118.3515416,34.0244752],[-118.3518106,34.0244992],[-118.3518014,34.0245708],[-118.3515324,34.0245468],[-118.3515416,34.0244752]]]},"id":"EB-857"},{"type":"Feature","properties":{"bin":858,"direction":"eastbound","start_m":21450,"end_m":21475,"median_score":0.845,"hot_fraction":0.0,"recordings":3,"rides_rough":0,"rides_covering":2,"location_precision":"approximate corridor location; physical track not resolved"},"geometry":{"type":"Polygon","coordinates":[[[-118.3518108,34.0244992],[-118.3520168,34.0245182],[-118.3520799,34.0245242],[-118.3520701,34.0245958],[-118.3520072,34.0245898],[-118.3518012,34.0245708],[-118.3518108,34.0244992]]]},"id":"EB-858"},{"type":"Feature","properties":{"bin":859,"direction":"eastbound","start_m":21475,"end_m":21500,"median_score":0.636,"hot_fraction":0.0,"recordings":2,"rides_rough":0,"rides_covering":1,"location_precision":"approximate corridor location; physical track not resolved"},"geometry":{"type":"Polygon","coordinates":[[[-118.3520798,34.0245242],[-118.3523498,34.0245492],[-118.3523402,34.0246208],[-118.3520702,34.0245958],[-118.3520798,34.0245242]]]},"id":"EB-859"},{"type":"Feature","properties":{"bin":860,"direction":"eastbound","start_m":21500,"end_m":21525,"median_score":0.91,"hot_fraction":0.0,"recordings":2,"rides_rough":0,"rides_covering":2,"location_precision":"approximate corridor location; physical track not resolved"},"geometry":{"type":"Polygon","coordinates":[[[-118.3523498,34.0245492],[-118.3526188,34.0245742],[-118.3526092,34.0246458],[-118.3523402,34.0246208],[-118.3523498,34.0245492]]]},"id":"EB-860"},{"type":"Feature","properties":{"bin":861,"direction":"eastbound","start_m":21525,"end_m":21550,"median_score":1.045,"hot_fraction":0.0,"recordings":3,"rides_rough":0,"rides_covering":2,"location_precision":"approximate corridor location; physical track not resolved"},"geometry":{"type":"Polygon","coordinates":[[[-118.3526186,34.0245742],[-118.3528876,34.0245982],[-118.3528784,34.0246698],[-118.3526094,34.0246458],[-118.3526186,34.0245742]]]},"id":"EB-861"},{"type":"Feature","properties":{"bin":862,"direction":"eastbound","start_m":21550,"end_m":21575,"median_score":1.318,"hot_fraction":0.0,"recordings":2,"rides_rough":0,"rides_covering":1,"location_precision":"approximate corridor location; physical track not resolved"},"geometry":{"type":"Polygon","coordinates":[[[-118.3528881,34.0245982],[-118.3529588,34.0246052],[-118.3531577,34.0246232],[-118.3531483,34.0246948],[-118.3529492,34.0246768],[-118.3528779,34.0246698],[-118.3528881,34.0245982]]]},"id":"EB-862"},{"type":"Feature","properties":{"bin":863,"direction":"eastbound","start_m":21575,"end_m":21600,"median_score":1.169,"hot_fraction":0.0,"recordings":2,"rides_rough":0,"rides_covering":1,"location_precision":"approximate corridor location; physical track not resolved"},"geometry":{"type":"Polygon","coordinates":[[[-118.3531578,34.0246232],[-118.3534268,34.0246482],[-118.3534172,34.0247198],[-118.3531482,34.0246948],[-118.3531578,34.0246232]]]},"id":"EB-863"},{"type":"Feature","properties":{"bin":864,"direction":"eastbound","start_m":21600,"end_m":21625,"median_score":1.349,"hot_fraction":0.0,"recordings":2,"rides_rough":0,"rides_covering":1,"location_precision":"approximate corridor location; physical track not resolved"},"geometry":{"type":"Polygon","coordinates":[[[-118.3534266,34.0246482],[-118.3536966,34.0246722],[-118.3536874,34.0247438],[-118.3534174,34.0247198],[-118.3534266,34.0246482]]]},"id":"EB-864"},{"type":"Feature","properties":{"bin":865,"direction":"eastbound","start_m":21625,"end_m":21650,"median_score":1.673,"hot_fraction":0.0,"recordings":2,"rides_rough":0,"rides_covering":1,"location_precision":"approximate corridor location; physical track not resolved"},"geometry":{"type":"Polygon","coordinates":[[[-118.3536968,34.0246722],[-118.3539658,34.0246972],[-118.3539562,34.0247688],[-118.3536872,34.0247438],[-118.3536968,34.0246722]]]},"id":"EB-865"},{"type":"Feature","properties":{"bin":877,"direction":"eastbound","start_m":21925,"end_m":21950,"median_score":0.936,"hot_fraction":0.0,"recordings":1,"rides_rough":0,"rides_covering":1,"location_precision":"approximate corridor location; physical track not resolved"},"geometry":{"type":"Polygon","coordinates":[[[-118.3569278,34.0249722],[-118.3571548,34.0249932],[-118.3571978,34.0249972],[-118.3571882,34.0250688],[-118.3571452,34.0250648],[-118.3569182,34.0250438],[-118.3569278,34.0249722]]]},"id":"EB-877"},{"type":"Feature","properties":{"bin":878,"direction":"eastbound","start_m":21950,"end_m":21975,"median_score":1.121,"hot_fraction":0.0,"recordings":2,"rides_rough":0,"rides_covering":1,"location_precision":"approximate corridor location; physical track not resolved"},"geometry":{"type":"Polygon","coordinates":[[[-118.3571982,34.0249972],[-118.3574672,34.0250242],[-118.3574568,34.0250958],[-118.3571878,34.0250688],[-118.3571982,34.0249972]]]},"id":"EB-878"},{"type":"Feature","properties":{"bin":879,"direction":"eastbound","start_m":21975,"end_m":22000,"median_score":0.925,"hot_fraction":0.0,"recordings":1,"rides_rough":0,"rides_covering":1,"location_precision":"approximate corridor location; physical track not resolved"},"geometry":{"type":"Polygon","coordinates":[[[-118.357467,34.0250242],[-118.3575918,34.0250362],[-118.3577357,34.0250492],[-118.3577263,34.0251208],[-118.3575822,34.0251078],[-118.357457,34.0250958],[-118.357467,34.0250242]]]},"id":"EB-879"},{"type":"Feature","properties":{"bin":880,"direction":"eastbound","start_m":22000,"end_m":22025,"median_score":0.892,"hot_fraction":0.0,"recordings":4,"rides_rough":0,"rides_covering":2,"location_precision":"approximate corridor location; physical track not resolved"},"geometry":{"type":"Polygon","coordinates":[[[-118.3577358,34.0250492],[-118.3580048,34.0250742],[-118.3579952,34.0251458],[-118.3577262,34.0251208],[-118.3577358,34.0250492]]]},"id":"EB-880"},{"type":"Feature","properties":{"bin":881,"direction":"eastbound","start_m":22025,"end_m":22050,"median_score":1.097,"hot_fraction":0.0,"recordings":4,"rides_rough":0,"rides_covering":2,"location_precision":"approximate corridor location; physical track not resolved"},"geometry":{"type":"Polygon","coordinates":[[[-118.3580046,34.0250742],[-118.3582746,34.0250982],[-118.3582654,34.0251698],[-118.3579954,34.0251458],[-118.3580046,34.0250742]]]},"id":"EB-881"},{"type":"Feature","properties":{"bin":882,"direction":"eastbound","start_m":22050,"end_m":22075,"median_score":1.147,"hot_fraction":0.0,"recordings":3,"rides_rough":0,"rides_covering":2,"location_precision":"approximate corridor location; physical track not resolved"},"geometry":{"type":"Polygon","coordinates":[[[-118.3582749,34.0250982],[-118.3583708,34.0251072],[-118.3585438,34.0251232],[-118.3585342,34.0251948],[-118.3583612,34.0251788],[-118.3582651,34.0251698],[-118.3582749,34.0250982]]]},"id":"EB-882"},{"type":"Feature","properties":{"bin":883,"direction":"eastbound","start_m":22075,"end_m":22100,"median_score":0.576,"hot_fraction":0.0,"recordings":3,"rides_rough":0,"rides_covering":2,"location_precision":"approximate corridor location; physical track not resolved"},"geometry":{"type":"Polygon","coordinates":[[[-118.3585438,34.0251232],[-118.3588128,34.0251482],[-118.3588032,34.0252198],[-118.3585342,34.0251948],[-118.3585438,34.0251232]]]},"id":"EB-883"},{"type":"Feature","properties":{"bin":884,"direction":"eastbound","start_m":22100,"end_m":22125,"median_score":0.956,"hot_fraction":0.0,"recordings":3,"rides_rough":0,"rides_covering":2,"location_precision":"approximate corridor location; physical track not resolved"},"geometry":{"type":"Polygon","coordinates":[[[-118.3588128,34.0251482],[-118.3590828,34.0251732],[-118.3590732,34.0252448],[-118.3588032,34.0252198],[-118.3588128,34.0251482]]]},"id":"EB-884"},{"type":"Feature","properties":{"bin":885,"direction":"eastbound","start_m":22125,"end_m":22150,"median_score":1.254,"hot_fraction":0.0,"recordings":1,"rides_rough":0,"rides_covering":1,"location_precision":"approximate corridor location; physical track not resolved"},"geometry":{"type":"Polygon","coordinates":[[[-118.3590828,34.0251732],[-118.3591798,34.0251822],[-118.3593518,34.0251982],[-118.3593422,34.0252698],[-118.3591702,34.0252538],[-118.3590732,34.0252448],[-118.3590828,34.0251732]]]},"id":"EB-885"},{"type":"Feature","properties":{"bin":886,"direction":"eastbound","start_m":22150,"end_m":22175,"median_score":0.953,"hot_fraction":0.0,"recordings":3,"rides_rough":0,"rides_covering":2,"location_precision":"approximate corridor location; physical track not resolved"},"geometry":{"type":"Polygon","coordinates":[[[-118.3593516,34.0251982],[-118.3596206,34.0252222],[-118.3596114,34.0252938],[-118.3593424,34.0252698],[-118.3593516,34.0251982]]]},"id":"EB-886"},{"type":"Feature","properties":{"bin":887,"direction":"eastbound","start_m":22175,"end_m":22200,"median_score":0.811,"hot_fraction":0.0,"recordings":4,"rides_rough":0,"rides_covering":2,"location_precision":"approximate corridor location; physical track not resolved"},"geometry":{"type":"Polygon","coordinates":[[[-118.3596208,34.0252222],[-118.3598908,34.0252472],[-118.3598812,34.0253188],[-118.3596112,34.0252938],[-118.3596208,34.0252222]]]},"id":"EB-887"},{"type":"Feature","properties":{"bin":888,"direction":"eastbound","start_m":22200,"end_m":22225,"median_score":1.394,"hot_fraction":0.0,"recordings":4,"rides_rough":0,"rides_covering":2,"location_precision":"approximate corridor location; physical track not resolved"},"geometry":{"type":"Polygon","coordinates":[[[-118.3598907,34.0252472],[-118.3601116,34.0252672],[-118.3601593,34.0252711],[-118.3601507,34.0253429],[-118.3601024,34.0253388],[-118.3598813,34.0253188],[-118.3598907,34.0252472]]]},"id":"EB-888"},{"type":"Feature","properties":{"bin":889,"direction":"eastbound","start_m":22225,"end_m":22250,"median_score":1.128,"hot_fraction":0.0,"recordings":4,"rides_rough":0,"rides_covering":2,"location_precision":"approximate corridor location; physical track not resolved"},"geometry":{"type":"Polygon","coordinates":[[[-118.3601598,34.0252712],[-118.3604288,34.0252962],[-118.3604192,34.0253678],[-118.3601502,34.0253428],[-118.3601598,34.0252712]]]},"id":"EB-889"},{"type":"Feature","properties":{"bin":890,"direction":"eastbound","start_m":22250,"end_m":22275,"median_score":0.923,"hot_fraction":0.0,"recordings":4,"rides_rough":0,"rides_covering":2,"location_precision":"approximate corridor location; physical track not resolved"},"geometry":{"type":"Polygon","coordinates":[[[-118.3604288,34.0252962],[-118.3606988,34.0253212],[-118.3606892,34.0253928],[-118.3604192,34.0253678],[-118.3604288,34.0252962]]]},"id":"EB-890"},{"type":"Feature","properties":{"bin":891,"direction":"eastbound","start_m":22275,"end_m":22300,"median_score":1.144,"hot_fraction":0.0,"recordings":3,"rides_rough":0,"rides_covering":2,"location_precision":"approximate corridor location; physical track not resolved"},"geometry":{"type":"Polygon","coordinates":[[[-118.3606988,34.0253212],[-118.3609678,34.0253462],[-118.360963,34.025382],[-118.360963,34.025382],[-118.3609582,34.0254178],[-118.3606892,34.0253928],[-118.3606988,34.0253212]]]},"id":"EB-891"},{"type":"Feature","properties":{"bin":892,"direction":"eastbound","start_m":22300,"end_m":22325,"median_score":0.976,"hot_fraction":0.0,"recordings":4,"rides_rough":0,"rides_covering":2,"location_precision":"approximate corridor location; physical track not resolved"},"geometry":{"type":"Polygon","coordinates":[[[-118.3609678,34.0253462],[-118.3612368,34.0253712],[-118.3612272,34.0254428],[-118.3609582,34.0254178],[-118.3609678,34.0253462]]]},"id":"EB-892"},{"type":"Feature","properties":{"bin":893,"direction":"eastbound","start_m":22325,"end_m":22350,"median_score":0.88,"hot_fraction":0.0,"recordings":4,"rides_rough":0,"rides_covering":2,"location_precision":"approximate corridor location; physical track not resolved"},"geometry":{"type":"Polygon","coordinates":[[[-118.3612366,34.0253712],[-118.3615066,34.0253952],[-118.3614974,34.0254668],[-118.3612274,34.0254428],[-118.3612366,34.0253712]]]},"id":"EB-893"},{"type":"Feature","properties":{"bin":894,"direction":"eastbound","start_m":22350,"end_m":22375,"median_score":0.873,"hot_fraction":0.0,"recordings":5,"rides_rough":0,"rides_covering":3,"location_precision":"approximate corridor location; physical track not resolved"},"geometry":{"type":"Polygon","coordinates":[[[-118.3615068,34.0253952],[-118.3617758,34.0254202],[-118.3617662,34.0254918],[-118.3614972,34.0254668],[-118.3615068,34.0253952]]]},"id":"EB-894"},{"type":"Feature","properties":{"bin":895,"direction":"eastbound","start_m":22375,"end_m":22400,"median_score":0.796,"hot_fraction":0.0,"recordings":5,"rides_rough":0,"rides_covering":3,"location_precision":"approximate corridor location; physical track not resolved"},"geometry":{"type":"Polygon","coordinates":[[[-118.3617757,34.0254202],[-118.3620306,34.0254432],[-118.3620445,34.0254441],[-118.3620375,34.0255159],[-118.3620214,34.0255148],[-118.3617663,34.0254918],[-118.3617757,34.0254202]]]},"id":"EB-895"},{"type":"Feature","properties":{"bin":896,"direction":"eastbound","start_m":22400,"end_m":22425,"median_score":0.918,"hot_fraction":0.0,"recordings":5,"rides_rough":0,"rides_covering":3,"location_precision":"approximate corridor location; physical track not resolved"},"geometry":{"type":"Polygon","coordinates":[[[-118.362046,34.0254442],[-118.362315,34.0254702],[-118.362305,34.0255418],[-118.362036,34.0255158],[-118.362046,34.0254442]]]},"id":"EB-896"},{"type":"Feature","properties":{"bin":897,"direction":"eastbound","start_m":22425,"end_m":22450,"median_score":1.106,"hot_fraction":0.0,"recordings":4,"rides_rough":0,"rides_covering":3,"location_precision":"approximate corridor location; physical track not resolved"},"geometry":{"type":"Polygon","coordinates":[[[-118.362315,34.0254702],[-118.362584,34.0254962],[-118.362574,34.0255678],[-118.362305,34.0255418],[-118.362315,34.0254702]]]},"id":"EB-897"},{"type":"Feature","properties":{"bin":898,"direction":"eastbound","start_m":22450,"end_m":22475,"median_score":1.358,"hot_fraction":0.0,"recordings":5,"rides_rough":0,"rides_covering":3,"location_precision":"approximate corridor location; physical track not resolved"},"geometry":{"type":"Polygon","coordinates":[[[-118.3625838,34.0254962],[-118.3628528,34.0255212],[-118.3628432,34.0255928],[-118.3625742,34.0255678],[-118.3625838,34.0254962]]]},"id":"EB-898"},{"type":"Feature","properties":{"bin":899,"direction":"eastbound","start_m":22475,"end_m":22500,"median_score":0.953,"hot_fraction":0.0,"recordings":5,"rides_rough":0,"rides_covering":3,"location_precision":"approximate corridor location; physical track not resolved"},"geometry":{"type":"Polygon","coordinates":[[[-118.3628529,34.0255212],[-118.3630522,34.0255402],[-118.3631229,34.0255483],[-118.3631111,34.0256197],[-118.3630418,34.0256118],[-118.3628431,34.0255928],[-118.3628529,34.0255212]]]},"id":"EB-899"},{"type":"Feature","properties":{"bin":900,"direction":"eastbound","start_m":22500,"end_m":22525,"median_score":0.828,"hot_fraction":0.0,"recordings":4,"rides_rough":0,"rides_covering":2,"location_precision":"approximate corridor location; physical track not resolved"},"geometry":{"type":"Polygon","coordinates":[[[-118.3631234,34.0255483],[-118.3633914,34.0255813],[-118.3633786,34.0256527],[-118.3631106,34.0256197],[-118.3631234,34.0255483]]]},"id":"EB-900"},{"type":"Feature","properties":{"bin":901,"direction":"eastbound","start_m":22525,"end_m":22550,"median_score":0.958,"hot_fraction":0.0,"recordings":4,"rides_rough":0,"rides_covering":2,"location_precision":"approximate corridor location; physical track not resolved"},"geometry":{"type":"Polygon","coordinates":[[[-118.363391,34.0255813],[-118.3635961,34.0256053],[-118.3636604,34.0256133],[-118.3636476,34.0256847],[-118.3635839,34.0256767],[-118.363379,34.0256527],[-118.363391,34.0255813]]]},"id":"EB-901"},{"type":"Feature","properties":{"bin":902,"direction":"eastbound","start_m":22550,"end_m":22575,"median_score":1.292,"hot_fraction":0.0,"recordings":4,"rides_rough":0,"rides_covering":2,"location_precision":"approximate corridor location; physical track not resolved"},"geometry":{"type":"Polygon","coordinates":[[[-118.3636602,34.0256133],[-118.3639282,34.0256453],[-118.3639158,34.0257167],[-118.3636478,34.0256847],[-118.3636602,34.0256133]]]},"id":"EB-902"},{"type":"Feature","properties":{"bin":903,"direction":"eastbound","start_m":22575,"end_m":22600,"median_score":1.322,"hot_fraction":0.0,"recordings":4,"rides_rough":0,"rides_covering":2,"location_precision":"approximate corridor location; physical track not resolved"},"geometry":{"type":"Polygon","coordinates":[[[-118.3639284,34.0256453],[-118.3641964,34.0256783],[-118.3641836,34.0257497],[-118.3639156,34.0257167],[-118.3639284,34.0256453]]]},"id":"EB-903"},{"type":"Feature","properties":{"bin":904,"direction":"eastbound","start_m":22600,"end_m":22625,"median_score":1.247,"hot_fraction":0.0,"recordings":4,"rides_rough":0,"rides_covering":2,"location_precision":"approximate corridor location; physical track not resolved"},"geometry":{"type":"Polygon","coordinates":[[[-118.3641963,34.0256783],[-118.3644424,34.0257083],[-118.364465,34.0257114],[-118.364451,34.0257826],[-118.3644296,34.0257797],[-118.3641837,34.0257497],[-118.3641963,34.0256783]]]},"id":"EB-904"},{"type":"Feature","properties":{"bin":905,"direction":"eastbound","start_m":22625,"end_m":22650,"median_score":1.445,"hot_fraction":0.0,"recordings":4,"rides_rough":0,"rides_covering":3,"location_precision":"approximate corridor location; physical track not resolved"},"geometry":{"type":"Polygon","coordinates":[[[-118.3644644,34.0257113],[-118.3647324,34.0257443],[-118.3647196,34.0258157],[-118.3644516,34.0257827],[-118.3644644,34.0257113]]]},"id":"EB-905"},{"type":"Feature","properties":{"bin":906,"direction":"eastbound","start_m":22650,"end_m":22675,"median_score":1.525,"hot_fraction":0.0,"recordings":5,"rides_rough":0,"rides_covering":3,"location_precision":"approximate corridor location; physical track not resolved"},"geometry":{"type":"Polygon","coordinates":[[[-118.3647324,34.0257443],[-118.3650004,34.0257773],[-118.3649876,34.0258487],[-118.3647196,34.0258157],[-118.3647324,34.0257443]]]},"id":"EB-906"},{"type":"Feature","properties":{"bin":907,"direction":"eastbound","start_m":22675,"end_m":22700,"median_score":1.181,"hot_fraction":0.3333333333333333,"recordings":5,"rides_rough":1,"rides_covering":3,"location_precision":"approximate corridor location; physical track not resolved"},"geometry":{"type":"Polygon","coordinates":[[[-118.3650003,34.0257773],[-118.3652202,34.0258043],[-118.3652674,34.0258092],[-118.3652566,34.0258808],[-118.3652078,34.0258757],[-118.3649877,34.0258487],[-118.3650003,34.0257773]]]},"id":"EB-907"},{"type":"Feature","properties":{"bin":908,"direction":"eastbound","start_m":22700,"end_m":22725,"median_score":0.871,"hot_fraction":0.0,"recordings":5,"rides_rough":0,"rides_covering":3,"location_precision":"approximate corridor location; physical track not resolved"},"geometry":{"type":"Polygon","coordinates":[[[-118.365267,34.0258092],[-118.365536,34.0258352],[-118.365526,34.0259068],[-118.365257,34.0258808],[-118.365267,34.0258092]]]},"id":"EB-908"},{"type":"Feature","properties":{"bin":909,"direction":"eastbound","start_m":22725,"end_m":22750,"median_score":0.826,"hot_fraction":0.0,"recordings":5,"rides_rough":0,"rides_covering":3,"location_precision":"approximate corridor location; physical track not resolved"},"geometry":{"type":"Polygon","coordinates":[[[-118.3655361,34.0258352],[-118.3656972,34.0258512],[-118.3658062,34.0258622],[-118.3657958,34.0259338],[-118.3656868,34.0259228],[-118.3655259,34.0259068],[-118.3655361,34.0258352]]]},"id":"EB-909"},{"type":"Feature","properties":{"bin":910,"direction":"eastbound","start_m":22750,"end_m":22775,"median_score":0.852,"hot_fraction":0.0,"recordings":5,"rides_rough":0,"rides_covering":3,"location_precision":"approximate corridor location; physical track not resolved"},"geometry":{"type":"Polygon","coordinates":[[[-118.3658063,34.0258622],[-118.3660212,34.0258842],[-118.3660748,34.0258892],[-118.3660652,34.0259608],[-118.3660108,34.0259558],[-118.3657957,34.0259338],[-118.3658063,34.0258622]]]},"id":"EB-910"},{"type":"Feature","properties":{"bin":911,"direction":"eastbound","start_m":22775,"end_m":22800,"median_score":1.468,"hot_fraction":0.0,"recordings":4,"rides_rough":0,"rides_covering":2,"location_precision":"approximate corridor location; physical track not resolved"},"geometry":{"type":"Polygon","coordinates":[[[-118.3660746,34.0258892],[-118.3663436,34.0259132],[-118.3663344,34.0259848],[-118.3660654,34.0259608],[-118.3660746,34.0258892]]]},"id":"EB-911"},{"type":"Feature","properties":{"bin":912,"direction":"eastbound","start_m":22800,"end_m":22825,"median_score":1.368,"hot_fraction":0.0,"recordings":4,"rides_rough":0,"rides_covering":2,"location_precision":"approximate corridor location; physical track not resolved"},"geometry":{"type":"Polygon","coordinates":[[[-118.3663439,34.0259132],[-118.3665028,34.0259282],[-118.3666127,34.0259382],[-118.3666033,34.0260098],[-118.3664932,34.0259998],[-118.3663341,34.0259848],[-118.3663439,34.0259132]]]},"id":"EB-912"},{"type":"Feature","properties":{"bin":913,"direction":"eastbound","start_m":22825,"end_m":22850,"median_score":2.362,"hot_fraction":1.0,"recordings":4,"rides_rough":2,"rides_covering":2,"location_precision":"approximate corridor location; physical track not resolved"},"geometry":{"type":"Polygon","coordinates":[[[-118.3666125,34.0259381],[-118.3666584,34.0259421],[-118.3668824,34.0259611],[-118.3668736,34.0260329],[-118.3666496,34.0260139],[-118.3666035,34.0260099],[-118.3666125,34.0259381]]]},"id":"EB-913"},{"type":"Feature","properties":{"bin":914,"direction":"eastbound","start_m":22850,"end_m":22875,"median_score":2.98,"hot_fraction":1.0,"recordings":4,"rides_rough":2,"rides_covering":2,"location_precision":"approximate corridor location; physical track not resolved"},"geometry":{"type":"Polygon","coordinates":[[[-118.3668822,34.0259611],[-118.3671522,34.0259831],[-118.3671438,34.0260549],[-118.3668738,34.0260329],[-118.3668822,34.0259611]]]},"id":"EB-914"},{"type":"Feature","properties":{"bin":915,"direction":"eastbound","start_m":22875,"end_m":22900,"median_score":2.898,"hot_fraction":1.0,"recordings":4,"rides_rough":2,"rides_covering":2,"location_precision":"approximate corridor location; physical track not resolved"},"geometry":{"type":"Polygon","coordinates":[[[-118.3671525,34.0259831],[-118.3672551,34.0259921],[-118.3674208,34.0260041],[-118.3674132,34.0260759],[-118.3672469,34.0260639],[-118.3671435,34.0260549],[-118.3671525,34.0259831]]]},"id":"EB-915"},{"type":"Feature","properties":{"bin":916,"direction":"eastbound","start_m":22900,"end_m":22925,"median_score":3.235,"hot_fraction":1.0,"recordings":4,"rides_rough":2,"rides_covering":2,"location_precision":"approximate corridor location; physical track not resolved"},"geometry":{"type":"Polygon","coordinates":[[[-118.3674207,34.0260041],[-118.3676907,34.0260231],[-118.3676833,34.0260949],[-118.3674133,34.0260759],[-118.3674207,34.0260041]]]},"id":"EB-916"},{"type":"Feature","properties":{"bin":917,"direction":"eastbound","start_m":22925,"end_m":22950,"median_score":1.674,"hot_fraction":0.5,"recordings":4,"rides_rough":1,"rides_covering":2,"location_precision":"approximate corridor location; physical track not resolved"},"geometry":{"type":"Polygon","coordinates":[[[-118.3676908,34.0260231],[-118.3679608,34.0260431],[-118.3679532,34.0261149],[-118.3676832,34.0260949],[-118.3676908,34.0260231]]]},"id":"EB-917"},{"type":"Feature","properties":{"bin":918,"direction":"eastbound","start_m":22950,"end_m":22975,"median_score":2.242,"hot_fraction":1.0,"recordings":3,"rides_rough":2,"rides_covering":2,"location_precision":"approximate corridor location; physical track not resolved"},"geometry":{"type":"Polygon","coordinates":[[[-118.3679606,34.0260431],[-118.3680478,34.0260491],[-118.368231,34.0260631],[-118.368223,34.0261349],[-118.3680402,34.0261209],[-118.3679534,34.0261149],[-118.3679606,34.0260431]]]},"id":"EB-918"},{"type":"Feature","properties":{"bin":919,"direction":"eastbound","start_m":22975,"end_m":23000,"median_score":0.94,"hot_fraction":0.0,"recordings":3,"rides_rough":0,"rides_covering":2,"location_precision":"approximate corridor location; physical track not resolved"},"geometry":{"type":"Polygon","coordinates":[[[-118.3682307,34.0260631],[-118.3683727,34.0260731],[-118.3685007,34.0260821],[-118.3684933,34.0261539],[-118.3683653,34.0261449],[-118.3682233,34.0261349],[-118.3682307,34.0260631]]]},"id":"EB-919"},{"type":"Feature","properties":{"bin":920,"direction":"eastbound","start_m":23000,"end_m":23025,"median_score":0.812,"hot_fraction":0.0,"recordings":4,"rides_rough":0,"rides_covering":2,"location_precision":"approximate corridor location; physical track not resolved"},"geometry":{"type":"Polygon","coordinates":[[[-118.3685008,34.0260821],[-118.3687708,34.0261021],[-118.3687632,34.0261739],[-118.3684932,34.0261539],[-118.3685008,34.0260821]]]},"id":"EB-920"},{"type":"Feature","properties":{"bin":921,"direction":"eastbound","start_m":23025,"end_m":23050,"median_score":1.011,"hot_fraction":0.0,"recordings":4,"rides_rough":0,"rides_covering":2,"location_precision":"approximate corridor location; physical track not resolved"},"geometry":{"type":"Polygon","coordinates":[[[-118.3687705,34.0261021],[-118.3688158,34.0261051],[-118.3690409,34.0261221],[-118.3690331,34.0261939],[-118.3688082,34.0261769],[-118.3687635,34.0261739],[-118.3687705,34.0261021]]]},"id":"EB-921"},{"type":"Feature","properties":{"bin":922,"direction":"eastbound","start_m":23050,"end_m":23075,"median_score":0.985,"hot_fraction":0.0,"recordings":5,"rides_rough":0,"rides_covering":3,"location_precision":"approximate corridor location; physical track not resolved"},"geometry":{"type":"Polygon","coordinates":[[[-118.369041,34.0261221],[-118.369311,34.0261431],[-118.369303,34.0262149],[-118.369033,34.0261939],[-118.369041,34.0261221]]]},"id":"EB-922"},{"type":"Feature","properties":{"bin":923,"direction":"eastbound","start_m":23075,"end_m":23100,"median_score":1.229,"hot_fraction":0.0,"recordings":3,"rides_rough":0,"rides_covering":2,"location_precision":"approximate corridor location; physical track not resolved"},"geometry":{"type":"Polygon","coordinates":[[[-118.3693111,34.0261431],[-118.369575,34.0261641],[-118.369577,34.0261639],[-118.369577,34.0262361],[-118.369567,34.0262359],[-118.3693029,34.0262149],[-118.3693111,34.0261431]]]},"id":"EB-923"},{"type":"Feature","properties":{"bin":924,"direction":"eastbound","start_m":23100,"end_m":23125,"median_score":1.467,"hot_fraction":0.0,"recordings":4,"rides_rough":0,"rides_covering":3,"location_precision":"approximate corridor location; physical track not resolved"},"geometry":{"type":"Polygon","coordinates":[[[-118.3695811,34.0261641],[-118.3698501,34.0261851],[-118.3698419,34.0262569],[-118.3695729,34.0262359],[-118.3695811,34.0261641]]]},"id":"EB-924"},{"type":"Feature","properties":{"bin":925,"direction":"eastbound","start_m":23125,"end_m":23150,"median_score":1.151,"hot_fraction":0.0,"recordings":3,"rides_rough":0,"rides_covering":2,"location_precision":"approximate corridor location; physical track not resolved"},"geometry":{"type":"Polygon","coordinates":[[[-118.36985,34.0261851],[-118.37012,34.0262061],[-118.370112,34.0262779],[-118.369842,34.0262569],[-118.36985,34.0261851]]]},"id":"EB-925"},{"type":"Feature","properties":{"bin":926,"direction":"eastbound","start_m":23150,"end_m":23175,"median_score":1.266,"hot_fraction":0.0,"recordings":4,"rides_rough":0,"rides_covering":3,"location_precision":"approximate corridor location; physical track not resolved"},"geometry":{"type":"Polygon","coordinates":[[[-118.37012,34.0262061],[-118.37039,34.0262271],[-118.370382,34.0262989],[-118.370112,34.0262779],[-118.37012,34.0262061]]]},"id":"EB-926"},{"type":"Feature","properties":{"bin":927,"direction":"eastbound","start_m":23175,"end_m":23200,"median_score":1.992,"hot_fraction":1.0,"recordings":4,"rides_rough":3,"rides_covering":3,"location_precision":"approximate corridor location; physical track not resolved"},"geometry":{"type":"Polygon","coordinates":[[[-118.37039,34.0262271],[-118.370611,34.0262441],[-118.3706602,34.0262481],[-118.3706518,34.0263199],[-118.370603,34.0263159],[-118.370382,34.0262989],[-118.37039,34.0262271]]]},"id":"EB-927"},{"type":"Feature","properties":{"bin":928,"direction":"eastbound","start_m":23200,"end_m":23225,"median_score":2.309,"hot_fraction":0.6666666666666666,"recordings":4,"rides_rough":2,"rides_covering":3,"location_precision":"approximate corridor location; physical track not resolved"},"geometry":{"type":"Polygon","coordinates":[[[-118.3706597,34.0262481],[-118.3709297,34.0262671],[-118.3709223,34.0263389],[-118.3706523,34.0263199],[-118.3706597,34.0262481]]]},"id":"EB-928"},{"type":"Feature","properties":{"bin":929,"direction":"eastbound","start_m":23225,"end_m":23250,"median_score":2.814,"hot_fraction":1.0,"recordings":1,"rides_rough":1,"rides_covering":1,"location_precision":"approximate corridor location; physical track not resolved"},"geometry":{"type":"Polygon","coordinates":[[[-118.3709299,34.0262671],[-118.3709972,34.0262721],[-118.3712003,34.0262891],[-118.3711917,34.0263609],[-118.3709888,34.0263439],[-118.3709221,34.0263389],[-118.3709299,34.0262671]]]},"id":"EB-929"},{"type":"Feature","properties":{"bin":932,"direction":"eastbound","start_m":23300,"end_m":23325,"median_score":0.664,"hot_fraction":0.0,"recordings":1,"rides_rough":0,"rides_covering":1,"location_precision":"approximate corridor location; physical track not resolved"},"geometry":{"type":"Polygon","coordinates":[[[-118.371739,34.0263341],[-118.372009,34.0263551],[-118.372001,34.0264269],[-118.371731,34.0264059],[-118.371739,34.0263341]]]},"id":"EB-932"},{"type":"Feature","properties":{"bin":933,"direction":"eastbound","start_m":23325,"end_m":23350,"median_score":0.503,"hot_fraction":0.0,"recordings":1,"rides_rough":0,"rides_covering":1,"location_precision":"approximate corridor location; physical track not resolved"},"geometry":{"type":"Polygon","coordinates":[[[-118.3720087,34.0263551],[-118.3720791,34.0263601],[-118.3722782,34.0263761],[-118.3722698,34.0264479],[-118.3720709,34.0264319],[-118.3720013,34.0264269],[-118.3720087,34.0263551]]]},"id":"EB-933"},{"type":"Feature","properties":{"bin":934,"direction":"eastbound","start_m":23350,"end_m":23375,"median_score":0.503,"hot_fraction":0.0,"recordings":1,"rides_rough":0,"rides_covering":1,"location_precision":"approximate corridor location; physical track not resolved"},"geometry":{"type":"Polygon","coordinates":[[[-118.3722782,34.0263761],[-118.3725482,34.0263981],[-118.3725398,34.0264699],[-118.3722698,34.0264479],[-118.3722782,34.0263761]]]},"id":"EB-934"},{"type":"Feature","properties":{"bin":935,"direction":"eastbound","start_m":23375,"end_m":23400,"median_score":0.692,"hot_fraction":0.0,"recordings":1,"rides_rough":0,"rides_covering":1,"location_precision":"approximate corridor location; physical track not resolved"},"geometry":{"type":"Polygon","coordinates":[[[-118.3725484,34.0263981],[-118.3727254,34.0264131],[-118.3728185,34.0264211],[-118.3728095,34.0264929],[-118.3727166,34.0264849],[-118.3725396,34.0264699],[-118.3725484,34.0263981]]]},"id":"EB-935"},{"type":"Feature","properties":{"bin":936,"direction":"eastbound","start_m":23400,"end_m":23425,"median_score":0.778,"hot_fraction":0.0,"recordings":2,"rides_rough":0,"rides_covering":2,"location_precision":"approximate corridor location; physical track not resolved"},"geometry":{"type":"Polygon","coordinates":[[[-118.3728186,34.0264212],[-118.3730876,34.0264452],[-118.3730784,34.0265168],[-118.3728094,34.0264928],[-118.3728186,34.0264212]]]},"id":"EB-936"},{"type":"Feature","properties":{"bin":937,"direction":"eastbound","start_m":23425,"end_m":23450,"median_score":1.065,"hot_fraction":0.0,"recordings":3,"rides_rough":0,"rides_covering":2,"location_precision":"approximate corridor location; physical track not resolved"},"geometry":{"type":"Polygon","coordinates":[[[-118.3730875,34.0264451],[-118.3732366,34.0264582],[-118.3733577,34.0264692],[-118.3733483,34.0265408],[-118.3732274,34.0265298],[-118.3730785,34.0265169],[-118.3730875,34.0264451]]]},"id":"EB-937"},{"type":"Feature","properties":{"bin":938,"direction":"eastbound","start_m":23450,"end_m":23475,"median_score":0.949,"hot_fraction":0.0,"recordings":5,"rides_rough":0,"rides_covering":3,"location_precision":"approximate corridor location; physical track not resolved"},"geometry":{"type":"Polygon","coordinates":[[[-118.373358,34.0264692],[-118.373627,34.0264952],[-118.373617,34.0265668],[-118.373348,34.0265408],[-118.373358,34.0264692]]]},"id":"EB-938"},{"type":"Feature","properties":{"bin":939,"direction":"eastbound","start_m":23475,"end_m":23500,"median_score":0.883,"hot_fraction":0.0,"recordings":5,"rides_rough":0,"rides_covering":3,"location_precision":"approximate corridor location; physical track not resolved"},"geometry":{"type":"Polygon","coordinates":[[[-118.373627,34.0264952],[-118.373896,34.0265212],[-118.373886,34.0265928],[-118.373617,34.0265668],[-118.373627,34.0264952]]]},"id":"EB-939"},{"type":"Feature","properties":{"bin":940,"direction":"eastbound","start_m":23500,"end_m":23525,"median_score":0.783,"hot_fraction":0.0,"recordings":4,"rides_rough":0,"rides_covering":3,"location_precision":"approximate corridor location; physical track not resolved"},"geometry":{"type":"Polygon","coordinates":[[[-118.3738958,34.0265212],[-118.3741648,34.0265462],[-118.3741552,34.0266178],[-118.3738862,34.0265928],[-118.3738958,34.0265212]]]},"id":"EB-940"},{"type":"Feature","properties":{"bin":941,"direction":"eastbound","start_m":23525,"end_m":23550,"median_score":0.664,"hot_fraction":0.0,"recordings":4,"rides_rough":0,"rides_covering":3,"location_precision":"approximate corridor location; physical track not resolved"},"geometry":{"type":"Polygon","coordinates":[[[-118.3741673,34.0265465],[-118.3741718,34.0265472],[-118.3744347,34.0265712],[-118.3744253,34.0266428],[-118.3741622,34.0266188],[-118.3741527,34.0266175],[-118.3741673,34.0265465]]]},"id":"EB-941"},{"type":"Feature","properties":{"bin":942,"direction":"eastbound","start_m":23550,"end_m":23575,"median_score":1.061,"hot_fraction":0.0,"recordings":4,"rides_rough":0,"rides_covering":3,"location_precision":"approximate corridor location; physical track not resolved"},"geometry":{"type":"Polygon","coordinates":[[[-118.3744348,34.0265712],[-118.3747038,34.0265962],[-118.3746942,34.0266678],[-118.3744252,34.0266428],[-118.3744348,34.0265712]]]},"id":"EB-942"},{"type":"Feature","properties":{"bin":943,"direction":"eastbound","start_m":23575,"end_m":23600,"median_score":0.795,"hot_fraction":0.0,"recordings":5,"rides_rough":0,"rides_covering":3,"location_precision":"approximate corridor location; physical track not resolved"},"geometry":{"type":"Polygon","coordinates":[[[-118.3747038,34.0265962],[-118.3749728,34.0266212],[-118.3749632,34.0266928],[-118.3746942,34.0266678],[-118.3747038,34.0265962]]]},"id":"EB-943"},{"type":"Feature","properties":{"bin":944,"direction":"eastbound","start_m":23600,"end_m":23625,"median_score":0.944,"hot_fraction":0.3333333333333333,"recordings":5,"rides_rough":1,"rides_covering":3,"location_precision":"approximate corridor location; physical track not resolved"},"geometry":{"type":"Polygon","coordinates":[[[-118.3749729,34.0266212],[-118.3752388,34.0266462],[-118.375238,34.0266459],[-118.375238,34.0267181],[-118.3752292,34.0267178],[-118.3749631,34.0266928],[-118.3749729,34.0266212]]]},"id":"EB-944"},{"type":"Feature","properties":{"bin":945,"direction":"eastbound","start_m":23625,"end_m":23650,"median_score":0.775,"hot_fraction":0.0,"recordings":4,"rides_rough":0,"rides_covering":3,"location_precision":"approximate corridor location; physical track not resolved"},"geometry":{"type":"Polygon","coordinates":[[[-118.3752428,34.0266462],[-118.3755118,34.0266712],[-118.3755022,34.0267428],[-118.3752332,34.0267178],[-118.3752428,34.0266462]]]},"id":"EB-945"},{"type":"Feature","properties":{"bin":946,"direction":"eastbound","start_m":23650,"end_m":23675,"median_score":0.919,"hot_fraction":0.0,"recordings":4,"rides_rough":0,"rides_covering":3,"location_precision":"approximate corridor location; physical track not resolved"},"geometry":{"type":"Polygon","coordinates":[[[-118.3755113,34.0266711],[-118.3755596,34.0266752],[-118.3757807,34.0266952],[-118.3757713,34.0267668],[-118.3755504,34.0267468],[-118.3755027,34.0267429],[-118.3755113,34.0266711]]]},"id":"EB-946"},{"type":"Feature","properties":{"bin":947,"direction":"eastbound","start_m":23675,"end_m":23700,"median_score":0.945,"hot_fraction":0.3333333333333333,"recordings":5,"rides_rough":1,"rides_covering":3,"location_precision":"approximate corridor location; physical track not resolved"},"geometry":{"type":"Polygon","coordinates":[[[-118.3757808,34.0266952],[-118.3760508,34.0267202],[-118.3760412,34.0267918],[-118.3757712,34.0267668],[-118.3757808,34.0266952]]]},"id":"EB-947"},{"type":"Feature","properties":{"bin":948,"direction":"eastbound","start_m":23700,"end_m":23725,"median_score":0.723,"hot_fraction":0.0,"recordings":5,"rides_rough":0,"rides_covering":3,"location_precision":"approximate corridor location; physical track not resolved"},"geometry":{"type":"Polygon","coordinates":[[[-118.3760509,34.0267202],[-118.3761248,34.0267272],[-118.3763198,34.0267452],[-118.3763102,34.0268168],[-118.3761152,34.0267988],[-118.3760411,34.0267918],[-118.3760509,34.0267202]]]},"id":"EB-948"},{"type":"Feature","properties":{"bin":949,"direction":"eastbound","start_m":23725,"end_m":23750,"median_score":0.818,"hot_fraction":0.0,"recordings":5,"rides_rough":0,"rides_covering":3,"location_precision":"approximate corridor location; physical track not resolved"},"geometry":{"type":"Polygon","coordinates":[[[-118.37632,34.0267452],[-118.376589,34.0267712],[-118.376579,34.0268428],[-118.37631,34.0268168],[-118.37632,34.0267452]]]},"id":"EB-949"},{"type":"Feature","properties":{"bin":950,"direction":"eastbound","start_m":23750,"end_m":23775,"median_score":1.048,"hot_fraction":0.0,"recordings":3,"rides_rough":0,"rides_covering":2,"location_precision":"approximate corridor location; physical track not resolved"},"geometry":{"type":"Polygon","coordinates":[[[-118.3765889,34.0267712],[-118.3766212,34.0267742],[-118.3768582,34.0267982],[-118.3768478,34.0268698],[-118.3766108,34.0268458],[-118.3765791,34.0268428],[-118.3765889,34.0267712]]]},"id":"EB-950"},{"type":"Feature","properties":{"bin":951,"direction":"eastbound","start_m":23775,"end_m":23800,"median_score":1.114,"hot_fraction":0.0,"recordings":4,"rides_rough":0,"rides_covering":3,"location_precision":"approximate corridor location; physical track not resolved"},"geometry":{"type":"Polygon","coordinates":[[[-118.3768582,34.0267982],[-118.3771272,34.0268252],[-118.3771168,34.0268968],[-118.3768478,34.0268698],[-118.3768582,34.0267982]]]},"id":"EB-951"},{"type":"Feature","properties":{"bin":952,"direction":"eastbound","start_m":23800,"end_m":23825,"median_score":1.614,"hot_fraction":0.3333333333333333,"recordings":5,"rides_rough":1,"rides_covering":3,"location_precision":"approximate corridor location; physical track not resolved"},"geometry":{"type":"Polygon","coordinates":[[[-118.3771274,34.0268252],[-118.3773964,34.0268532],[-118.3773856,34.0269248],[-118.3771166,34.0268968],[-118.3771274,34.0268252]]]},"id":"EB-952"},{"type":"Feature","properties":{"bin":953,"direction":"eastbound","start_m":23825,"end_m":23850,"median_score":1.125,"hot_fraction":0.0,"recordings":5,"rides_rough":0,"rides_covering":3,"location_precision":"approximate corridor location; physical track not resolved"},"geometry":{"type":"Polygon","coordinates":[[[-118.3773955,34.0268531],[-118.3774192,34.0268552],[-118.3776653,34.0268802],[-118.3776547,34.0269518],[-118.3774088,34.0269268],[-118.3773865,34.0269249],[-118.3773955,34.0268531]]]},"id":"EB-953"},{"type":"Feature","properties":{"bin":954,"direction":"eastbound","start_m":23850,"end_m":23875,"median_score":0.976,"hot_fraction":0.0,"recordings":5,"rides_rough":0,"rides_covering":3,"location_precision":"approximate corridor location; physical track not resolved"},"geometry":{"type":"Polygon","coordinates":[[[-118.3776652,34.0268802],[-118.3779342,34.0269072],[-118.3779238,34.0269788],[-118.3776548,34.0269518],[-118.3776652,34.0268802]]]},"id":"EB-954"},{"type":"Feature","properties":{"bin":955,"direction":"eastbound","start_m":23875,"end_m":23900,"median_score":0.819,"hot_fraction":0.0,"recordings":5,"rides_rough":0,"rides_covering":3,"location_precision":"approximate corridor location; physical track not resolved"},"geometry":{"type":"Polygon","coordinates":[[[-118.3779342,34.0269072],[-118.3782032,34.0269342],[-118.3781928,34.0270058],[-118.3779238,34.0269788],[-118.3779342,34.0269072]]]},"id":"EB-955"},{"type":"Feature","properties":{"bin":956,"direction":"eastbound","start_m":23900,"end_m":23925,"median_score":0.885,"hot_fraction":0.0,"recordings":4,"rides_rough":0,"rides_covering":2,"location_precision":"approximate corridor location; physical track not resolved"},"geometry":{"type":"Polygon","coordinates":[[[-118.3782031,34.0269342],[-118.3784582,34.0269592],[-118.3784743,34.0269615],[-118.3784597,34.0270325],[-118.3784478,34.0270308],[-118.3781929,34.0270058],[-118.3782031,34.0269342]]]},"id":"EB-956"},{"type":"Feature","properties":{"bin":957,"direction":"eastbound","start_m":23925,"end_m":23950,"median_score":0.692,"hot_fraction":0.0,"recordings":4,"rides_rough":0,"rides_covering":3,"location_precision":"approximate corridor location; physical track not resolved"},"geometry":{"type":"Polygon","coordinates":[[[-118.3784724,34.0269612],[-118.3787414,34.0269892],[-118.3787306,34.0270608],[-118.3784616,34.0270328],[-118.3784724,34.0269612]]]},"id":"EB-957"},{"type":"Feature","properties":{"bin":958,"direction":"eastbound","start_m":23950,"end_m":23975,"median_score":1.021,"hot_fraction":0.0,"recordings":5,"rides_rough":0,"rides_covering":3,"location_precision":"approximate corridor location; physical track not resolved"},"geometry":{"type":"Polygon","coordinates":[[[-118.3787414,34.0269892],[-118.3789614,34.0270122],[-118.3790103,34.0270172],[-118.3789997,34.0270888],[-118.3789506,34.0270838],[-118.3787306,34.0270608],[-118.3787414,34.0269892]]]},"id":"EB-958"},{"type":"Feature","properties":{"bin":959,"direction":"eastbound","start_m":23975,"end_m":24000,"median_score":1.665,"hot_fraction":0.6666666666666666,"recordings":5,"rides_rough":2,"rides_covering":3,"location_precision":"approximate corridor location; physical track not resolved"},"geometry":{"type":"Polygon","coordinates":[[[-118.37901,34.0270172],[-118.3791654,34.0270321],[-118.3792786,34.0270401],[-118.3792714,34.0271119],[-118.3791566,34.0271039],[-118.379,34.0270888],[-118.37901,34.0270172]]]},"id":"EB-959"},{"type":"Feature","properties":{"bin":960,"direction":"eastbound","start_m":24000,"end_m":24025,"median_score":1.691,"hot_fraction":0.0,"recordings":5,"rides_rough":0,"rides_covering":3,"location_precision":"approximate corridor location; physical track not resolved"},"geometry":{"type":"Polygon","coordinates":[[[-118.3792788,34.0270401],[-118.3795139,34.0270571],[-118.3795486,34.0270601],[-118.3795394,34.0271319],[-118.3795061,34.0271289],[-118.3792712,34.0271119],[-118.3792788,34.0270401]]]},"id":"EB-960"},{"type":"Feature","properties":{"bin":961,"direction":"eastbound","start_m":24025,"end_m":24050,"median_score":1.157,"hot_fraction":0.0,"recordings":5,"rides_rough":0,"rides_covering":3,"location_precision":"approximate corridor location; physical track not resolved"},"geometry":{"type":"Polygon","coordinates":[[[-118.379549,34.0270602],[-118.379819,34.0270862],[-118.379809,34.0271578],[-118.379539,34.0271318],[-118.379549,34.0270602]]]},"id":"EB-961"},{"type":"Feature","properties":{"bin":962,"direction":"eastbound","start_m":24050,"end_m":24075,"median_score":1.318,"hot_fraction":0.0,"recordings":4,"rides_rough":0,"rides_covering":2,"location_precision":"approximate corridor location; physical track not resolved"},"geometry":{"type":"Polygon","coordinates":[[[-118.379819,34.0270862],[-118.380088,34.0271122],[-118.380078,34.0271838],[-118.379809,34.0271578],[-118.379819,34.0270862]]]},"id":"EB-962"},{"type":"Feature","properties":{"bin":963,"direction":"eastbound","start_m":24075,"end_m":24100,"median_score":1.61,"hot_fraction":0.3333333333333333,"recordings":5,"rides_rough":1,"rides_covering":3,"location_precision":"approximate corridor location; physical track not resolved"},"geometry":{"type":"Polygon","coordinates":[[[-118.3800931,34.0271129],[-118.3800928,34.0271132],[-118.3803567,34.0271372],[-118.3803473,34.0272088],[-118.3800832,34.0271848],[-118.3800729,34.0271831],[-118.3800931,34.0271129]]]},"id":"EB-963"},{"type":"Feature","properties":{"bin":964,"direction":"eastbound","start_m":24100,"end_m":24125,"median_score":1.109,"hot_fraction":0.0,"recordings":5,"rides_rough":0,"rides_covering":3,"location_precision":"approximate corridor location; physical track not resolved"},"geometry":{"type":"Polygon","coordinates":[[[-118.3803565,34.0271371],[-118.3804606,34.0271462],[-118.3806267,34.0271612],[-118.3806173,34.0272328],[-118.3804514,34.0272178],[-118.3803475,34.0272089],[-118.3803565,34.0271371]]]},"id":"EB-964"},{"type":"Feature","properties":{"bin":965,"direction":"eastbound","start_m":24125,"end_m":24150,"median_score":1.181,"hot_fraction":0.0,"recordings":5,"rides_rough":0,"rides_covering":3,"location_precision":"approximate corridor location; physical track not resolved"},"geometry":{"type":"Polygon","coordinates":[[[-118.3806268,34.0271612],[-118.3808958,34.0271862],[-118.3808862,34.0272578],[-118.3806172,34.0272328],[-118.3806268,34.0271612]]]},"id":"EB-965"},{"type":"Feature","properties":{"bin":966,"direction":"eastbound","start_m":24150,"end_m":24175,"median_score":1.898,"hot_fraction":0.6666666666666666,"recordings":5,"rides_rough":2,"rides_covering":3,"location_precision":"approximate corridor location; physical track not resolved"},"geometry":{"type":"Polygon","coordinates":[[[-118.3808958,34.0271862],[-118.3811648,34.0272112],[-118.3811552,34.0272828],[-118.3808862,34.0272578],[-118.3808958,34.0271862]]]},"id":"EB-966"},{"type":"Feature","properties":{"bin":967,"direction":"eastbound","start_m":24175,"end_m":24200,"median_score":1.145,"hot_fraction":0.0,"recordings":5,"rides_rough":0,"rides_covering":3,"location_precision":"approximate corridor location; physical track not resolved"},"geometry":{"type":"Polygon","coordinates":[[[-118.3811648,34.0272112],[-118.3814338,34.0272362],[-118.3814242,34.0273078],[-118.3811552,34.0272828],[-118.3811648,34.0272112]]]},"id":"EB-967"},{"type":"Feature","properties":{"bin":968,"direction":"eastbound","start_m":24200,"end_m":24225,"median_score":0.841,"hot_fraction":0.0,"recordings":5,"rides_rough":0,"rides_covering":3,"location_precision":"approximate corridor location; physical track not resolved"},"geometry":{"type":"Polygon","coordinates":[[[-118.3814338,34.0272362],[-118.3817038,34.0272612],[-118.3816942,34.0273328],[-118.3814242,34.0273078],[-118.3814338,34.0272362]]]},"id":"EB-968"},{"type":"Feature","properties":{"bin":969,"direction":"eastbound","start_m":24225,"end_m":24250,"median_score":0.852,"hot_fraction":0.0,"recordings":5,"rides_rough":0,"rides_covering":3,"location_precision":"approximate corridor location; physical track not resolved"},"geometry":{"type":"Polygon","coordinates":[[[-118.3817039,34.0272612],[-118.3818514,34.0272752],[-118.3819739,34.0272893],[-118.3819621,34.0273607],[-118.3818406,34.0273468],[-118.3816941,34.0273328],[-118.3817039,34.0272612]]]},"id":"EB-969"},{"type":"Feature","properties":{"bin":970,"direction":"eastbound","start_m":24250,"end_m":24275,"median_score":0.897,"hot_fraction":0.0,"recordings":5,"rides_rough":0,"rides_covering":3,"location_precision":"approximate corridor location; physical track not resolved"},"geometry":{"type":"Polygon","coordinates":[[[-118.3819736,34.0272892],[-118.3822416,34.0273182],[-118.3822304,34.0273898],[-118.3819624,34.0273608],[-118.3819736,34.0272892]]]},"id":"EB-970"},{"type":"Feature","properties":{"bin":971,"direction":"eastbound","start_m":24275,"end_m":24300,"median_score":1.046,"hot_fraction":0.0,"recordings":5,"rides_rough":0,"rides_covering":3,"location_precision":"approximate corridor location; physical track not resolved"},"geometry":{"type":"Polygon","coordinates":[[[-118.3822418,34.0273183],[-118.382402,34.0273363],[-118.3825112,34.0273493],[-118.3824988,34.0274207],[-118.38239,34.0274077],[-118.3822302,34.0273897],[-118.3822418,34.0273183]]]},"id":"EB-971"},{"type":"Feature","properties":{"bin":972,"direction":"eastbound","start_m":24300,"end_m":24325,"median_score":1.045,"hot_fraction":0.0,"recordings":4,"rides_rough":0,"rides_covering":2,"location_precision":"approximate corridor location; physical track not resolved"},"geometry":{"type":"Polygon","coordinates":[[[-118.382511,34.0273493],[-118.382779,34.0273803],[-118.382767,34.0274517],[-118.382499,34.0274207],[-118.382511,34.0273493]]]},"id":"EB-972"},{"type":"Feature","properties":{"bin":973,"direction":"eastbound","start_m":24325,"end_m":24350,"median_score":1.09,"hot_fraction":0.0,"recordings":5,"rides_rough":0,"rides_covering":3,"location_precision":"approximate corridor location; physical track not resolved"},"geometry":{"type":"Polygon","coordinates":[[[-118.3827789,34.0273803],[-118.382989,34.0274043],[-118.3830481,34.0274113],[-118.3830359,34.0274827],[-118.382977,34.0274757],[-118.3827671,34.0274517],[-118.3827789,34.0273803]]]},"id":"EB-973"},{"type":"Feature","properties":{"bin":974,"direction":"eastbound","start_m":24350,"end_m":24375,"median_score":1.369,"hot_fraction":0.0,"recordings":5,"rides_rough":0,"rides_covering":3,"location_precision":"approximate corridor location; physical track not resolved"},"geometry":{"type":"Polygon","coordinates":[[[-118.3830478,34.0274113],[-118.3833158,34.0274413],[-118.3833042,34.0275127],[-118.3830362,34.0274827],[-118.3830478,34.0274113]]]},"id":"EB-974"},{"type":"Feature","properties":{"bin":975,"direction":"eastbound","start_m":24375,"end_m":24400,"median_score":1.109,"hot_fraction":0.0,"recordings":5,"rides_rough":0,"rides_covering":3,"location_precision":"approximate corridor location; physical track not resolved"},"geometry":{"type":"Polygon","coordinates":[[[-118.383316,34.0274413],[-118.383585,34.0274723],[-118.383573,34.0275437],[-118.383304,34.0275127],[-118.383316,34.0274413]]]},"id":"EB-975"},{"type":"Feature","properties":{"bin":976,"direction":"eastbound","start_m":24400,"end_m":24425,"median_score":1.176,"hot_fraction":0.3333333333333333,"recordings":5,"rides_rough":1,"rides_covering":3,"location_precision":"approximate corridor location; physical track not resolved"},"geometry":{"type":"Polygon","coordinates":[[[-118.383585,34.0274723],[-118.383853,34.0275033],[-118.383841,34.0275747],[-118.383573,34.0275437],[-118.383585,34.0274723]]]},"id":"EB-976"},{"type":"Feature","properties":{"bin":977,"direction":"eastbound","start_m":24425,"end_m":24450,"median_score":1.31,"hot_fraction":0.3333333333333333,"recordings":5,"rides_rough":1,"rides_covering":3,"location_precision":"approximate corridor location; physical track not resolved"},"geometry":{"type":"Polygon","coordinates":[[[-118.3838526,34.0275033],[-118.3839434,34.0275131],[-118.3841208,34.0275261],[-118.3841132,34.0275979],[-118.3839346,34.0275849],[-118.3838414,34.0275747],[-118.3838526,34.0275033]]]},"id":"EB-977"},{"type":"Feature","properties":{"bin":978,"direction":"eastbound","start_m":24450,"end_m":24475,"median_score":0.941,"hot_fraction":0.0,"recordings":5,"rides_rough":0,"rides_covering":3,"location_precision":"approximate corridor location; physical track not resolved"},"geometry":{"type":"Polygon","coordinates":[[[-118.3841208,34.0275261],[-118.3843908,34.0275461],[-118.3843832,34.0276179],[-118.3841132,34.0275979],[-118.3841208,34.0275261]]]},"id":"EB-978"},{"type":"Feature","properties":{"bin":979,"direction":"eastbound","start_m":24475,"end_m":24500,"median_score":0.714,"hot_fraction":0.0,"recordings":5,"rides_rough":0,"rides_covering":3,"location_precision":"approximate corridor location; physical track not resolved"},"geometry":{"type":"Polygon","coordinates":[[[-118.3843907,34.0275461],[-118.3846597,34.0275651],[-118.3846523,34.0276369],[-118.3843833,34.0276179],[-118.3843907,34.0275461]]]},"id":"EB-979"},{"type":"Feature","properties":{"bin":980,"direction":"eastbound","start_m":24500,"end_m":24525,"median_score":0.705,"hot_fraction":0.0,"recordings":4,"rides_rough":0,"rides_covering":3,"location_precision":"approximate corridor location; physical track not resolved"},"geometry":{"type":"Polygon","coordinates":[[[-118.3846601,34.0275651],[-118.3847108,34.0275691],[-118.3849298,34.0275851],[-118.3849222,34.0276569],[-118.3847032,34.0276409],[-118.3846519,34.0276369],[-118.3846601,34.0275651]]]},"id":"EB-980"},{"type":"Feature","properties":{"bin":981,"direction":"eastbound","start_m":24525,"end_m":24550,"median_score":0.645,"hot_fraction":0.0,"recordings":3,"rides_rough":0,"rides_covering":2,"location_precision":"approximate corridor location; physical track not resolved"},"geometry":{"type":"Polygon","coordinates":[[[-118.3849297,34.0275851],[-118.3851997,34.0276041],[-118.3851923,34.0276759],[-118.3849223,34.0276569],[-118.3849297,34.0275851]]]},"id":"EB-981"},{"type":"Feature","properties":{"bin":982,"direction":"eastbound","start_m":24550,"end_m":24575,"median_score":0.75,"hot_fraction":0.0,"recordings":3,"rides_rough":0,"rides_covering":2,"location_precision":"approximate corridor location; physical track not resolved"},"geometry":{"type":"Polygon","coordinates":[[[-118.3851997,34.0276041],[-118.3854107,34.0276191],[-118.3854695,34.0276231],[-118.3854625,34.0276949],[-118.3854033,34.0276909],[-118.3851923,34.0276759],[-118.3851997,34.0276041]]]},"id":"EB-982"},{"type":"Feature","properties":{"bin":983,"direction":"eastbound","start_m":24575,"end_m":24600,"median_score":0.813,"hot_fraction":0.0,"recordings":3,"rides_rough":0,"rides_covering":2,"location_precision":"approximate corridor location; physical track not resolved"},"geometry":{"type":"Polygon","coordinates":[[[-118.3854693,34.027623],[-118.3857403,34.02764],[-118.3857337,34.027712],[-118.3854627,34.027695],[-118.3854693,34.027623]]]},"id":"EB-983"},{"type":"Feature","properties":{"bin":984,"direction":"eastbound","start_m":24600,"end_m":24625,"median_score":0.968,"hot_fraction":0.0,"recordings":3,"rides_rough":0,"rides_covering":2,"location_precision":"approximate corridor location; physical track not resolved"},"geometry":{"type":"Polygon","coordinates":[[[-118.3857403,34.0276401],[-118.3860103,34.0276571],[-118.3860037,34.0277289],[-118.3857337,34.0277119],[-118.3857403,34.0276401]]]},"id":"EB-984"},{"type":"Feature","properties":{"bin":985,"direction":"eastbound","start_m":24625,"end_m":24650,"median_score":1.092,"hot_fraction":0.0,"recordings":3,"rides_rough":0,"rides_covering":2,"location_precision":"approximate corridor location; physical track not resolved"},"geometry":{"type":"Polygon","coordinates":[[[-118.3860101,34.027657],[-118.3861283,34.0276641],[-118.3862804,34.0276741],[-118.3862736,34.0277459],[-118.3861217,34.0277359],[-118.3860039,34.027729],[-118.3860101,34.027657]]]},"id":"EB-985"},{"type":"Feature","properties":{"bin":986,"direction":"eastbound","start_m":24650,"end_m":24675,"median_score":0.8,"hot_fraction":0.0,"recordings":3,"rides_rough":0,"rides_covering":2,"location_precision":"approximate corridor location; physical track not resolved"},"geometry":{"type":"Polygon","coordinates":[[[-118.3862805,34.0276741],[-118.3865505,34.0276921],[-118.3865435,34.0277639],[-118.3862735,34.0277459],[-118.3862805,34.0276741]]]},"id":"EB-986"},{"type":"Feature","properties":{"bin":987,"direction":"eastbound","start_m":24675,"end_m":24700,"median_score":0.698,"hot_fraction":0.0,"recordings":3,"rides_rough":0,"rides_covering":2,"location_precision":"approximate corridor location; physical track not resolved"},"geometry":{"type":"Polygon","coordinates":[[[-118.3865505,34.0276921],[-118.3868205,34.0277101],[-118.3868135,34.0277819],[-118.3865435,34.0277639],[-118.3865505,34.0276921]]]},"id":"EB-987"},{"type":"Feature","properties":{"bin":988,"direction":"eastbound","start_m":24700,"end_m":24725,"median_score":0.858,"hot_fraction":0.0,"recordings":3,"rides_rough":0,"rides_covering":2,"location_precision":"approximate corridor location; physical track not resolved"},"geometry":{"type":"Polygon","coordinates":[[[-118.3868207,34.0277101],[-118.386949,34.0277191],[-118.3870914,34.0277311],[-118.3870826,34.0278029],[-118.386941,34.0277909],[-118.3868133,34.0277819],[-118.3868207,34.0277101]]]},"id":"EB-988"},{"type":"Feature","properties":{"bin":989,"direction":"eastbound","start_m":24725,"end_m":24750,"median_score":0.932,"hot_fraction":0.0,"recordings":3,"rides_rough":0,"rides_covering":2,"location_precision":"approximate corridor location; physical track not resolved"},"geometry":{"type":"Polygon","coordinates":[[[-118.3870914,34.0277311],[-118.3873614,34.0277541],[-118.3873526,34.0278259],[-118.3870826,34.0278029],[-118.3870914,34.0277311]]]},"id":"EB-989"},{"type":"Feature","properties":{"bin":990,"direction":"eastbound","start_m":24750,"end_m":24775,"median_score":0.78,"hot_fraction":0.0,"recordings":3,"rides_rough":0,"rides_covering":2,"location_precision":"approximate corridor location; physical track not resolved"},"geometry":{"type":"Polygon","coordinates":[[[-118.3873616,34.0277542],[-118.3876306,34.0277782],[-118.3876214,34.0278498],[-118.3873524,34.0278258],[-118.3873616,34.0277542]]]},"id":"EB-990"},{"type":"Feature","properties":{"bin":991,"direction":"eastbound","start_m":24775,"end_m":24800,"median_score":0.918,"hot_fraction":0.0,"recordings":3,"rides_rough":0,"rides_covering":2,"location_precision":"approximate corridor location; physical track not resolved"},"geometry":{"type":"Polygon","coordinates":[[[-118.3876304,34.0277781],[-118.3879004,34.0278011],[-118.3878916,34.0278729],[-118.3876216,34.0278499],[-118.3876304,34.0277781]]]},"id":"EB-991"},{"type":"Feature","properties":{"bin":992,"direction":"eastbound","start_m":24800,"end_m":24825,"median_score":0.897,"hot_fraction":0.0,"recordings":3,"rides_rough":0,"rides_covering":2,"location_precision":"approximate corridor location; physical track not resolved"},"geometry":{"type":"Polygon","coordinates":[[[-118.3878997,34.0278011],[-118.3879146,34.0278022],[-118.3881697,34.0278252],[-118.3881603,34.0278968],[-118.3879054,34.0278738],[-118.3878923,34.0278729],[-118.3878997,34.0278011]]]},"id":"EB-992"}]}