t,s,offset,lat,lon,speed,long_acc,phase,rms,peak,recording_id,direction,adj,score,bin
25.31504059318104,24500.163141932884,23.209108438128098,34.02739305693793,-118.38468018855157,12.327939087581232,0.034733527005657905,cruise,0.09276798490009654,0.2043134887888955,R01,eastbound,0.00720679003207969,0.7046923274973816,980
26.307713593567314,24487.426627566027,23.419087921258985,34.027381143482394,-118.38454285872596,12.329999923683063,-0.11913469447915492,cruise,0.08446643914200344,0.22071127982823782,R01,eastbound,0.006560759067877523,0.6415223084219642,979
27.30038659395359,24476.45437988291,23.639618901722077,34.02737052438948,-118.38442458941165,12.036874130486027,-0.1792037618455833,cruise,0.09044755337778755,0.2073770754335418,R01,eastbound,0.007199392216843954,0.7039689563968416,979
28.293059594339866,24464.068382419555,24.039805748161168,34.02735717911617,-118.38429122456809,11.661494113067292,-0.08357468356087505,cruise,0.10016738577537775,0.31051742795476533,R01,eastbound,0.008234202943434518,0.8051545294736704,978
29.28573259472614,24452.09605746858,24.51240516897666,34.02734350938464,-118.3841623951202,11.92910048248643,-0.014059620177982346,cruise,0.12329810992420534,0.35383834542322584,R01,eastbound,0.009904410788078369,0.968470325855602,978
30.278405595112417,24439.75212974741,25.1486482386109,34.027328077777646,-118.3840297080659,11.939999580362418,-0.04297583678088657,cruise,0.22305753834140127,0.4644419179551085,R01,eastbound,0.01790134625505227,1.750424433299187,977
31.271078595498693,24426.1854878632,25.43468727020709,34.02731285480044,-118.38389729105592,11.674629031112692,-0.04362660788949668,cruise,0.15713540692651753,0.33590560553096993,R01,eastbound,0.012902443903355518,1.261623161516781,977
32.26375159588497,24414.1440979006,25.334090165633175,34.0272990093869,-118.38376783123509,11.659999847392662,0.1264971847289127,cruise,0.10929593667471499,0.2569382136910113,R01,eastbound,0.008985781489300982,0.8786451726624104,976
33.256424596271245,24400.537822099686,25.14173185024747,34.02728406728166,-118.38362143108814,11.949258480954132,0.2524088868125798,cruise,0.132210307517366,0.2931539684922331,R01,eastbound,0.010602094431302505,1.0366910327461831,976
34.24909759665752,24386.142689985187,24.666728307806697,34.027270683170805,-118.38346614326291,12.41879216995258,0.18975709146050423,cruise,0.11719517748781395,0.29557979780590266,R01,eastbound,0.00903669765389092,0.8836238428293515,975
35.241770597043796,24372.79136960363,24.304053206089733,34.02725757408367,-118.38332223026931,12.41919363053119,0.021074162462871193,cruise,0.1762842476775043,0.34926200067291074,R01,eastbound,0.013592496720491912,1.3290977131048538,974
36.23444359743007,24360.046146957546,23.932056981613204,34.02724529034671,-118.38318481239354,12.320265145763639,-0.10585851613019859,cruise,0.20297468851709585,0.4968868563532729,R01,eastbound,0.015778318090613485,1.5428310870408208,974
37.22711659781635,24347.825317348317,23.694079724975133,34.027232451961936,-118.38305322328632,12.173304017638955,-0.1671914431144872,cruise,0.14408495446933056,0.3372418609816271,R01,eastbound,0.01133805852344476,1.1086548677875323,973
38.219789598202624,24335.192152511958,23.428471601564578,34.027219237954455,-118.38291773756814,12.034184437904386,-0.19979740884056962,cruise,0.14148718106466565,0.35488346467079135,R01,eastbound,0.011264575494801558,1.1014695708306856,973
39.2124625985889,24323.216330108633,23.139784451230152,34.02720692113954,-118.38278873653388,11.709475749538223,-0.15689786803638128,cruise,0.13128111043556204,0.32679288981987226,R01,eastbound,0.010746908184650456,1.0508511706780703,972
40.205135598975176,24311.50555136918,22.790455437499716,34.02719547529056,-118.38266249023788,11.594092454045345,-0.06610231967145896,cruise,0.1268319792886882,0.31883278646392865,R01,eastbound,0.010487808306411264,1.0255159388428263,972
41.19780859936145,24299.423620945065,22.432217976649063,34.0271836473785,-118.3825322460317,11.678906336990691,-0.025320349968321665,cruise,0.1495405044293769,0.358015020880194,R01,eastbound,0.012274249404700325,1.2001972227274096,971
42.19048159974773,24287.863761256653,22.060333263438384,34.02717253783255,-118.38240618894196,11.671045922447357,-0.04948984911418819,cruise,0.12113467204296106,0.29157369848801945,R01,eastbound,0.009949516983250488,0.9728808872177206,971
43.183154600134,24276.69152795889,21.829943120366217,34.02716128288203,-118.38228582132417,11.481713314492897,-0.022163420780635157,cruise,0.10744949941371686,0.2440949395709647,R01,eastbound,0.008973527424024883,0.8774469490785013,971
44.17582760052028,24265.706098487677,21.633718781192186,34.02714994529832,-118.38216750973949,11.49652205449007,0.02344933685527817,cruise,0.10616040835206636,0.24021730317689155,R01,eastbound,0.00885425388822923,0.8657841775568469,970
45.168500600906555,24253.16164879942,21.313305453273664,34.02713785942669,-118.3820322696515,11.721424028517161,0.025172511467613568,cruise,0.11055092292941178,0.31777943509632006,R01,eastbound,0.009040514035314157,0.8839970151704059,970
46.16117360129283,24242.05742454595,21.03614319618195,34.02712710337784,-118.38191256571174,11.57100034986228,-0.03323920860725238,cruise,0.11016304977452937,0.256819852521056,R01,eastbound,0.009127937726068082,0.8925454540511785,969
47.153846601679106,24231.29176284327,21.210215762788664,34.02711363631911,-118.38179204296256,11.55716345403557,-0.051720245188242586,cruise,0.10260388581042283,0.222073249895952,R01,eastbound,0.008511951040887937,0.8323132162650405,969
48.14651960206538,24219.95602041646,21.517975742386753,34.02709954663369,-118.38167029835947,11.462808639339904,-0.00843975937693564,cruise,0.10522094379469797,0.2178719616362656,R01,eastbound,0.008802153910986448,0.8606897521521455,968
49.13919260245166,24208.947793227446,21.494677148099147,34.02708874982311,-118.38155168388057,11.521567993209182,0.11872921534812786,cruise,0.1044951320193114,0.22912718506752658,R01,eastbound,0.00869609110677741,0.850318748692038,968
50.131865602837934,24198.572730702064,21.715534206573093,34.02707639900871,-118.38144018374473,11.556328283109217,0.2504533788469141,cruise,0.1080668858913139,0.3097660479846318,R01,eastbound,0.008965816996961334,0.8766930102556377,967
51.12453860322421,24185.25771628979,20.597587578605854,34.02707310123578,-118.38129540319424,12.170799528865055,0.2699929259779106,cruise,0.17711452269112735,0.4796402412994535,R01,eastbound,0.013940075639574563,1.3630845777681908,967
52.117211603610485,24173.136468532753,20.78911459169301,34.02705926739012,-118.38116505695967,12.305286945905115,0.17099127621784493,cruise,0.2785410269559564,0.5523170692015236,R01,eastbound,0.02167930688464126,2.119839923053683,966
53.10988460399676,24160.62523854341,20.99107558792049,34.02704495019673,-118.38103052217468,12.380697457894659,0.06568692027090606,cruise,0.2347217655367964,0.64354010845842,R01,eastbound,0.018155598682557318,1.7752856730623618,966
54.10255760438304,24148.54464764151,20.920777698518727,34.02703350228129,-118.38090029911571,12.364860893297893,0.07816706966310072,cruise,0.18263578851339385,0.44361094104936255,R01,eastbound,0.014145181804507394,1.3831402114285583,965
55.09523060476931,24135.894266896143,21.749650715246517,34.027013430438615,-118.38076501908408,12.502459374861012,0.02921951561419789,cruise,0.1824952674521724,0.44465318014812716,R01,eastbound,0.013976079467906008,1.3666050940414227,965
56.08790360515559,24122.73407063026,21.970012734696308,34.02699829961309,-118.38062351541413,12.649091066382002,-0.08762340961822446,cruise,0.14615562999021536,0.3123209469147013,R01,eastbound,0.01106110020888257,1.0815734073259653,964
57.080576605541864,24110.529414875415,21.88618182137732,34.02698684888484,-118.38049193959145,12.270499830218016,-0.12161039360730186,cruise,0.1903179425558023,0.4503298789846768,R01,eastbound,0.014855476834403214,1.4525940814038245,964
58.07324960592814,24098.952298402328,21.65369960535869,34.026977634081,-118.38036602990911,12.074932080362101,-0.005032333818215662,cruise,0.2514992250498081,0.5175428140839593,R01,eastbound,0.019954511500271783,1.9511864631280134,963
59.065922606314416,24086.42908837927,21.63790299443218,34.02696567308627,-118.38023104978151,12.352302235079025,0.13710427635202826,cruise,0.2518608104620005,0.5362419384168576,R01,eastbound,0.01952684880158772,1.9093688687235713,963
60.05859560670069,24073.11336103951,21.20492180074308,34.026956684876644,-118.38008902494813,12.537315890059341,0.13773944858100773,cruise,0.2004833652172823,0.4665615640749679,R01,eastbound,0.015310246475947302,1.4970622393143962,962
61.05126860708697,24059.903601107693,20.82149142326123,34.02694633805539,-118.37994631998944,12.624714300753709,0.10713796931794128,cruise,0.21076794734981558,0.46894842068690795,R01,eastbound,0.015982308722929776,1.5627776420028427,962
62.04394160747324,24047.676031728613,20.43755638457969,34.02693702030348,-118.37981418923135,12.622901404854177,0.16234162914488515,cruise,0.21396764033701843,0.5278560692756594,R01,eastbound,0.01622730833743749,1.5867341257931136,961
63.03661460785952,24034.66732104531,20.37050068136959,34.02692405085757,-118.37967404577824,12.904834537032997,0.2393647745702534,cruise,0.16909905761925656,0.40310631038049516,R01,eastbound,0.012539531259161744,1.226136938832791,961
64.0292876082458,24021.538101593072,20.538220956317847,34.02690836479436,-118.37952623322745,13.224108566325151,0.2533695814582986,cruise,0.22273168380083785,0.5645430040792024,R01,eastbound,0.016111113815923173,1.5753724255848531,960
65.02196060863207,24007.609846594587,21.06319751784984,34.026892875743236,-118.3793763045656,13.449172833039357,0.19177777860510759,cruise,0.35852876616226476,0.6908479657129855,R01,eastbound,0.02549249396394819,2.4926999156632235,960
66.01463360901835,23993.687722534967,20.879772194730077,34.02688375274819,-118.37922578304959,13.587641964644764,0.11178102084750297,cruise,0.2111259619600968,0.4489356880647514,R01,eastbound,0.014856103466375005,1.452655354556049,959
67.00730660940462,23978.78165682323,20.66653218078508,34.02687175556707,-118.3790718474065,13.68353687608547,0.07943245339608662,cruise,0.18762087462535543,0.39969335237358644,R01,eastbound,0.01310803576223929,1.2817262871672324,959
67.9999796097909,23964.61954625659,21.974889200401236,34.02684490887219,-118.37892329485689,13.655516531384626,0.17180342730275733,cruise,0.19229416098538565,0.39028544265341947,R01,eastbound,0.013462574111919113,1.3163936569269779,958
70.97799861094973,23917.9247194591,22.264431244720946,34.02678957889924,-118.37842001672003,14.804007597270706,0.16577389481963145,cruise,0.15601798991560395,0.3566434839016043,R01,eastbound,0.01006148810948299,0.9838296165696309,956
71.970671611336,23903.18311164957,22.47947309274864,34.02677177482134,-118.37826165016061,14.74419900008551,-0.07050124261682011,cruise,0.1218879476986884,0.34161037910765896,R01,eastbound,0.007892901147105218,0.7717814526719691,956
72.96334461172228,23889.700249756203,22.47064159065799,34.02675732999801,-118.37811653985477,14.537603199926298,-0.2655621751983013,cruise,0.13883443268139523,0.3316519354450498,R01,eastbound,0.009120252955282758,0.8917940239433374,955
75.9413636128811,23850.92156552501,20.1475905642506,34.026736345016545,-118.37769620479972,13.42354026590924,-0.1418082839834094,cruise,0.1766852627473523,0.4045196339075804,R01,eastbound,0.012587265774266929,1.2308045018395801,954
76.93403661326738,23837.0630548231,21.170763976766654,34.02671226068085,-118.37754838881337,13.523359970930816,0.031371700309540174,cruise,0.2057509449894037,0.5622550532978543,R01,eastbound,0.014547890603832297,1.4225177706243615,953
77.92670961365366,23823.39630679627,22.274922023427838,34.0266876428912,-118.37740314940716,13.598532690517539,0.10273338542118893,cruise,0.38061873047223516,0.6847239608126591,R01,eastbound,0.026760824495145396,2.61671945696897,952
78.91938261403993,23809.794723067986,22.209721658427572,34.02667337145408,-118.37725671685251,13.691824882091668,0.18344065928762543,cruise,0.26989300923097587,0.5776354348050556,R01,eastbound,0.018844325810122294,1.842630596443499,952
83.88274761597131,23732.29853177618,19.910307773874838,34.02661061848063,-118.37641794773106,15.578981045887897,0.2529327068934242,cruise,0.16196632192929106,0.3595053803622528,R01,eastbound,0.009916794477622148,0.9696812243234033,949
84.87542061635759,23716.090505294604,21.476727419551324,34.026580050452644,-118.37624531439651,15.819328286046304,0.1988768420331457,cruise,0.1735080272600797,0.36206233051089165,R01,eastbound,0.010459304274454254,1.022728765561319,948
85.86809361674386,23699.997110391887,24.205947520152105,34.02653930764647,-118.37607447259428,15.982773150256996,0.1697987274168673,cruise,0.18755860556600715,0.43452867924949645,R01,eastbound,0.011188692323756712,1.094049583820735,947
86.86076661713014,23683.148482755023,25.467256580549197,34.026511302043474,-118.37589445585432,16.138537584650393,0.1185304924402093,cruise,0.1381559902620037,0.4188847615783691,R01,eastbound,0.008160702710165033,0.797967550218868,947
87.85343961751641,23666.189932591504,25.449862211972377,34.02649464253308,-118.37571173002507,16.27109942052384,0.02103253220584378,cruise,0.11112266589194288,0.2658557499440435,R01,eastbound,0.0065094853391134844,0.636508675014946,946
88.84611261790269,23650.1658250005,24.532462196451394,34.026487001039634,-118.37553745637672,16.23697413318678,-0.07868817713525189,cruise,0.12982004039591472,0.3185573392063188,R01,eastbound,0.007621022191824271,0.745196660699169,946
89.83878561828897,23635.552661081678,24.801566807810627,34.02647036337386,-118.37538029994003,16.009607162823578,-0.08662581942538417,cruise,0.18295934229977515,0.44799631587268185,R01,eastbound,0.010895717987248752,1.0654020491802374,945
90.83145861867524,23620.67425232718,25.649455394024695,34.02644825092669,-118.37522177811623,15.931360068999986,-0.008347381385974018,cruise,0.38717466803634154,0.7744740686468536,R01,eastbound,0.02317248574526626,2.265845520827436,944
91.82413161906152,23604.438370794578,24.546017625806723,34.02644190691902,-118.37504554967762,16.06076681223115,0.05557297492064528,cruise,0.36427873104381847,0.6980831426170786,R01,eastbound,0.021623482643768944,2.1143813327442698,944
92.8168046194478,23588.27971124008,22.04927474760154,34.02644812059329,-118.37486847829278,16.136097163024512,0.011681050597278642,cruise,0.2587365758410847,0.5273799022646461,R01,eastbound,0.015285599301873874,1.4946521962318693,943
93.80947761983407,23573.49765793473,20.16075006097241,34.026450262107716,-118.37470696759459,16.13586481932826,-0.11326509374842075,cruise,0.19382064920132186,0.44549202728336745,R01,eastbound,0.011450673969747086,1.1196665998643223,942
98.77284262176545,23514.39857236417,14.842366193189731,34.02643858687446,-118.37406442132372,13.006567974298003,0.01833653702769933,cruise,0.10888786440139124,0.2990649472011906,R01,eastbound,0.008010334581084497,0.7832642958724095,940
99.76551562215172,23498.515562365796,13.433161680278367,34.026434924379615,-118.37389163853649,13.461055114142702,-0.04612855502252966,cruise,0.18757004191441234,0.45281818906876753,R01,eastbound,0.013324829749442527,1.3029247761962794,939
103.73620762369683,23471.081424553216,12.51679659345893,34.02641500789352,-118.3735950682104,9.805494397538867,-0.23815507990060247,cruise,0.13920545929881684,0.31214552815862595,R01,eastbound,0.01364995635279511,1.3347162148018155,938
163.29658764687338,23068.032989692765,14.856559439438415,34.02630694464201,-118.36921668331105,17.284288245847414,0.20521539713723058,cruise,0.21667875138005835,0.46768461826561014,R01,eastbound,0.011936429294435138,1.1671645911787563,922
164.28926064725965,23050.27416675317,14.388442952173808,34.02628784534722,-118.36902549594522,17.256735055069058,0.0988052517707505,cruise,0.16982448434191255,0.402565384979509,R01,eastbound,0.009370509342016112,0.9162645239652898,922
165.28193364764593,23030.340184091827,13.345932860981728,34.026261766667346,-118.3688114129881,17.447619246329634,0.034103304153981995,cruise,0.12137367517105468,0.2704076982075422,R01,eastbound,0.006622586927987562,0.6475679429487347,921
166.2746066480322,23008.3107422836,11.599265871021528,34.026228899552216,-118.36857611390546,17.469083917399054,-0.15992066429938312,cruise,0.11704801448151192,0.2872573193339968,R01,eastbound,0.0063785810011979275,0.6237086236530227,920
170.2452986495773,22945.401970254152,7.9991144293285785,34.026147032252155,-118.36790024176358,15.822057190084236,-0.15263007218904878,cruise,0.2182648366799411,0.5821634197507894,R01,eastbound,0.013154998419991768,1.2863183766342134,917
171.23797164996358,22926.802962006142,7.803232288029171,34.02613083618162,-118.36769957120546,15.995159686955304,-0.1652631550092467,cruise,0.299635643599954,0.6956957776442497,R01,eastbound,0.01786049857296882,1.7464302766729876,917
172.23064465034986,22913.094902763172,7.633200756164424,34.02611866874607,-118.36755169459101,15.510298868906352,-0.25912046162801783,cruise,0.488306902543254,1.1758084372013546,R01,eastbound,0.030032490461196704,2.9366285835215797,916
173.22331765073613,22898.9057982515,7.459772078157849,34.026106097403215,-118.36739862626943,15.26517296726347,-0.27331753005914283,cruise,0.4460007437039929,0.894565185806639,R01,eastbound,0.027878635697615572,2.7260209593667084,915
174.2159906511224,22885.07803652372,7.291388972026769,34.026093851853034,-118.36724945543145,15.008712593141505,-0.19033387975302585,cruise,0.30700478201428766,0.6276226271507662,R01,eastbound,0.019523871546405447,1.9090777475899445,915
175.2086636515087,22870.729349639932,10.478390880335784,34.02610944662953,-118.36709012417663,14.868856366988306,-0.1878607261017855,cruise,0.45015294399417616,1.1777500828171683,R01,eastbound,0.02890125576883531,2.8260145091892523,914
176.20133665189496,22856.60692421222,10.993078568636053,34.0261013060558,-118.36693725681985,14.772979648243927,-0.1834294571129842,cruise,0.4764869169196973,0.9429294040367916,R01,eastbound,0.030793949626219713,3.0110853706495138,914
177.19400965228124,22845.06149143931,10.761830675748312,34.026088803838306,-118.36681299224354,14.38200028835582,-0.147755422524245,cruise,0.5152713319766207,0.8993769333356487,R01,eastbound,0.034221542969403246,3.3462413443868972,913
178.1866826526675,22829.235344519508,10.456715986272082,34.02607175376769,-118.3666424179874,14.403055854464565,-0.0621097954762595,cruise,0.3679391289578804,0.7129372135837562,R01,eastbound,0.024400195231204246,2.3858930664455498,913
179.1793556530538,22815.267137080697,10.435185950375997,34.02605800062005,-118.3664913294688,14.358743249164766,-0.01932022085911278,cruise,0.2405906084320178,0.4955507626236588,R01,eastbound,0.016005057217938178,1.5650020289800095,912
180.17202865344007,22799.890299985927,9.785101492234253,34.02603704166306,-118.36632621061618,14.426308385262207,-0.04462449606843322,cruise,0.28564507658504096,0.5236164737949327,R01,eastbound,0.018911738326772336,1.8492223082942831,911
181.16470165382634,22787.384998073318,10.510925764710018,34.02603124451845,-118.36619061137488,14.243675787908137,-0.006758471807274624,cruise,0.26508271018258067,0.6033895145095884,R01,eastbound,0.017779290399299603,1.7384896017455875,911
182.15737465421262,22773.63074660921,9.526263507538921,34.02600889427146,-118.36604357841074,14.25233812130333,0.024389991166694713,cruise,0.1525730696315486,0.43616823374560715,R01,eastbound,0.01022686036283894,1.0,910
183.1500476545989,22757.751930157927,7.274841711533393,34.025971632695885,-118.36587436275292,14.49245979820191,0.01593992760748275,cruise,0.13314133682431284,0.37531807779563897,R01,eastbound,0.008773978154663844,0.8579346782269176,910
184.14272065498517,22744.176538850592,6.3165741151827905,34.0259481835872,-118.36572956789804,14.322792089233465,-0.07631210732826155,cruise,0.13423077322359112,0.32379199477584536,R01,eastbound,0.00895237206802921,0.875378341974747,909
185.13539365537144,22730.100797254534,10.385348358328002,34.02596957276789,-118.36557317874103,14.268160634562372,-0.14143413719407327,cruise,0.1543702481254893,0.3916967579814242,R01,eastbound,0.010335652089222132,1.010637842164982,909
186.12806665575772,22717.303188094906,11.734651212359397,34.025968104655064,-118.36543370236149,14.022119473658798,-0.154940106972961,cruise,0.13819766513542653,0.3167200568310251,R01,eastbound,0.009418012528418455,0.9209094672535499,908
187.120739656144,22703.32218879204,11.65087366101089,34.02595255692895,-118.36528331163906,13.950745317823664,-0.15840151167795025,cruise,0.14830886132404045,0.3548744667417375,R01,eastbound,0.010159680159744729,0.993431004168364,908
188.11341265653027,22691.422810143795,10.903480443378182,34.025931807786584,-118.36515287660768,13.71737824075805,-0.11836719929723927,cruise,0.1942844782211294,0.5037617035062276,R01,eastbound,0.013539523052570904,1.3239178567225867,907
189.10608565691655,22678.57130882555,10.971267129402147,34.02591540929297,-118.36501497488963,13.629456444284683,0.014261692698610773,cruise,0.2704281018057934,0.6678429439336372,R01,eastbound,0.01896957919419241,1.8548780878168283,907
190.09875865730282,22664.951428554843,11.214869736748568,34.025899561691546,-118.36486855486561,13.638408809955514,0.21218523705607062,cruise,0.24925961382869868,0.5188703411472146,R01,eastbound,0.017473009835491687,1.708540961308407,906
193.07677765846165,22612.13186099728,4.618378109355639,34.02577106784421,-118.36431278171757,14.76335994466155,0.1414551729509741,cruise,0.20851369435249956,0.4804415548236319,R01,eastbound,0.013484559220985137,1.3185433987134123,904
194.06945065884793,22594.53421388107,4.817644159548965,34.02574986641232,-118.36412373291095,15.026752971162017,-0.12938794625644068,cruise,0.18465404159672938,0.3720201882482124,R01,eastbound,0.011728674637431916,1.1468499834074275,903
195.0621236592342,22581.537484655575,4.86931928908927,34.0257333565088,-118.36398426101321,14.426377435037871,-0.1480928676868709,cruise,0.23504696471646633,0.4799550900378461,R01,eastbound,0.015561707214819072,1.5216505029603433,903
196.05479665962048,22568.029822317054,5.104223949767831,34.02571781348146,-118.36383902158836,14.06230307284145,0.09899897822608228,cruise,0.20741797213769123,0.4329911434201756,R01,eastbound,0.014094211127730351,1.3781562109661825,902
198.04014266039303,22527.703522496555,10.323859280597592,34.0257120887154,-118.3633985280023,15.197008987538146,0.1958277848033223,cruise,0.1607286925166332,0.3449734367853939,R01,eastbound,0.010092677346403092,0.9868793538119064,901
199.0328156607793,22512.557211509473,11.257923265832,34.02570096924162,-118.36323458336228,15.192969745181761,-0.07233168589669248,cruise,0.12924601302214492,0.3078662659085512,R01,eastbound,0.008117972312446323,0.7937892984189336,900
200.02548866116558,22498.71882073421,11.838584385908508,34.02568837678316,-118.36308521699819,14.881454151024865,-0.1672469864109214,cruise,0.13938132481328727,0.3393314843699624,R01,eastbound,0.008941020183527331,0.8742683351790027,899
201.01816166155186,22484.019731515877,11.853841627092434,34.025672497898135,-118.36293083021802,14.730507661707787,-0.16420494824676357,cruise,0.11932622044170368,0.2650395969408362,R01,eastbound,0.007734321022476329,0.7562752152733323,899
202.01083466193813,22469.33479086294,12.104451105920562,34.02565971728744,-118.36277237452474,14.663341664175576,-0.06946150341282031,cruise,0.1484740336740745,0.37687271741012257,R01,eastbound,0.009668424699792559,0.9453952001656781,898
203.0035076623244,22455.430283556056,12.757749249449338,34.02565134117024,-118.36262182810057,14.433071320104725,-0.14617111448944708,cruise,0.28983626452404454,0.6158415061624133,R01,eastbound,0.019180078642819273,1.8754610860351038,898
205.98152666348324,22420.260600469617,12.520381142606169,34.02561323202595,-118.36224336539935,13.131480815657888,-0.29895775141274505,cruise,0.13825766957338068,0.3114013551767029,R01,eastbound,0.010072517105361108,0.9849080507602641,896
206.9741996638695,22406.163279765766,12.18685701373702,34.025595821829,-118.36209195674898,13.296098023943692,0.050241791473361275,cruise,0.1618057155841098,0.33474930536805886,R01,eastbound,0.01163962697107986,1.1381427493988723,896
207.9668726642558,22392.142633006217,10.847933947211896,34.02556979516615,-118.36194309693902,13.446546860697655,0.20086524545092477,cruise,0.17940755024709842,0.3810536104460655,R01,eastbound,0.012758960663644023,1.247593123497208,895
208.95954566464206,22377.122986765095,10.023045002907883,34.025547637332046,-118.36178223963992,13.74224944882013,0.16941772050466142,cruise,0.1582200570114286,0.3846279410343506,R01,eastbound,0.011005925038917034,1.0761782842864425,895
209.95221866502834,22362.406361820533,10.25252857536604,34.02553522385026,-118.36162340058435,13.881690426032028,0.05161961570227458,cruise,0.15976480532785842,0.36926100570142206,R01,eastbound,0.010999835165014465,1.075582805939569,894
210.94489166541462,22348.47546958083,11.016927016027527,34.02552837535904,-118.3614723950853,13.87001284020112,-0.034526793317050775,cruise,0.17089881080560226,0.34930566542218233,R01,eastbound,0.011776490404216798,1.1515254913432382,893
211.9375646658009,22336.3870977387,8.415648594426614,34.025493184402166,-118.36134522195572,13.626231862104444,0.016009045661922627,cruise,0.16041976290716434,0.36993586475558077,R01,eastbound,0.01125559030200416,1.1005909832213303,893
212.93023766618717,22320.96509754373,6.998559835540613,34.02546532528628,-118.36118072963967,13.792065119653186,0.14428072940190262,cruise,0.16171131733709357,0.38257657895659325,R01,eastbound,0.011207452955543118,1.095884030671557,892
216.90092966773227,22253.838026510475,12.058348497991853,34.02544413264408,-118.36045137788717,15.718458915856505,0.20015936583541638,cruise,0.14478233096491427,0.30951131681958255,R01,eastbound,0.008784653851592045,0.8589785662384322,890
217.89360266811855,22239.961121532957,12.39381652517886,34.025433340512265,-118.36030147717143,15.398580684413005,-0.0673980996515473,cruise,0.20721459386661134,0.5110156849735545,R01,eastbound,0.012838441390316039,1.255364885685418,889
218.88627566850482,22225.594305141505,12.333966914027862,34.025418520000805,-118.36014677120401,15.145872463916065,-0.1259916951999802,cruise,0.27985141662606117,0.5780013280085283,R01,eastbound,0.01763313340332208,1.7241981192385405,889
219.8789486688911,22210.53191623303,12.337183143120779,34.02540370445314,-118.35998465270019,15.222859589323143,-0.050902192295548154,cruise,0.23444949148988012,0.532201678762954,R01,eastbound,0.014696416588252062,1.4370408968967665,888
220.87162166927737,22197.540747352326,14.029628046706442,34.02540610147216,-118.35984267528136,15.143768686358861,-0.18948598541529815,cruise,0.13115050142426396,0.31338018511418014,R01,eastbound,0.008264818197821112,0.8081481417163721,887
224.84231367082248,22154.617358190113,22.81789951137508,34.0254426585962,-118.35936979821827,13.06995911351678,0.27335451916764697,cruise,0.23620989816892626,0.4975720748267146,R01,eastbound,0.01729105259448344,1.6907488692535062,886
229.80567867275386,22049.353645360236,35.66042622671789,34.02545308383916,-118.35822061140827,17.33114171786331,0.2785267201119499,cruise,0.19819472553437883,0.39234198853940394,R01,eastbound,0.010888155151365013,1.0646625420768432,881
230.79835167314013,22033.7386780726,38.39312025097103,34.02546223248226,-118.35804913448236,17.367419085564276,0.05188153212174029,cruise,0.20718891546747958,0.47128413268515157,R01,eastbound,0.011358081823564608,1.1106127805202226,881
231.7910246735264,22017.867521659933,41.521038790569015,34.0254746705125,-118.35787443036945,17.44282173964479,-0.07190637728557192,cruise,0.24383176744145343,0.46947053808011024,R01,eastbound,0.013308065785060386,1.3012855669192018,880
232.78369767391268,22003.86367169754,43.36399050344151,34.02547742978895,-118.35772136387544,17.370742038750265,-0.2488832201064053,cruise,0.13583179978617485,0.3946058064201818,R01,eastbound,0.00744484079689909,0.7279693408107147,880
235.7617166750715,21973.99327551598,41.54916247528024,34.02543049491548,-118.35739793638551,15.957140869365876,-0.13235041429864758,cruise,0.22670897398909418,0.5329438106008659,R01,eastbound,0.013546281459095559,1.3245787053393538,878
236.7543896754578,21958.689057438703,42.411662945984794,34.0254220047721,-118.35723209833161,16.01132425643573,0.08650238470168148,cruise,0.18517186539831157,0.4323921179392586,R01,eastbound,0.01102627669665665,1.0781683043920818,878
237.74706267584406,21939.02976647564,44.703252590885505,34.02542259073459,-118.35702147254224,16.528274554495184,0.016794908973615463,cruise,0.16607223377089406,0.40226103224536036,R01,eastbound,0.009574437113220825,0.9362049322596788,877
305.2488267021108,21484.468304707803,18.70376424134743,34.02440173155926,-118.35219982125598,21.713829436720314,-0.11915283230143281,cruise,0.12904399365500058,0.3318784983590882,R01,eastbound,0.005636460852975541,0.5511428388576217,859
311.2048647044285,21377.5652749295,24.016769716488366,34.024248683712734,-118.35105407315005,18.28406485598967,-0.2318845639041882,cruise,0.130468088499376,0.2640090916651189,R01,eastbound,0.006787675187542555,0.663710556976679,855
312.19753770481475,21364.592235486023,24.43697918952138,34.02423214422493,-118.35091479233664,17.547379337737418,0.2609611195971304,cruise,0.129889962381239,0.3438046896048443,R01,eastbound,0.00704628284538746,0.6889976586549811,854
313.190210705201,21327.06920688928,24.274777221995436,34.024196161753835,-118.35051078510021,19.081973091367537,0.048107498772056445,cruise,0.11715012523002943,0.32287286127887105,R01,eastbound,0.0058356585444503594,0.5706207318186558,853
317.1609027067461,21260.35082088241,26.412991319803698,34.024110739350576,-118.349794123668,16.686041588801892,-0.09693777791231106,cruise,0.10455775415028103,0.2659139228772301,R01,eastbound,0.0059700187285277526,0.583758701763529,850
318.1535757071324,21242.414729381187,26.861240406329834,34.02408905942457,-118.34960140181886,16.652944818069198,-0.14015156775753468,cruise,0.11189333634951566,0.24514476748617164,R01,eastbound,0.006401780550612919,0.6259771155060347,849
319.1462487075187,21226.952194548263,27.145640014086297,34.0240712834778,-118.34943513729021,16.406288511134075,-0.051302826246200084,cruise,0.14880202467400055,0.30853331884754953,R01,eastbound,0.008643658113729418,0.8451917604290012,849
320.13892170790496,21209.162259929984,27.24329632065864,34.024052888488306,-118.34924357497226,16.103119385639193,0.04377796593570338,cruise,0.18504723981506838,0.38401994713904963,R01,eastbound,0.01095496583546143,1.071195405705175,848
321.13159470829123,21197.241496606337,27.969988374116983,34.02403455395108,-118.34911676591268,16.930305438483213,0.015506462391376985,cruise,0.16484827432612617,0.40014478264831177,R01,eastbound,0.009274357003092345,0.9068625828501892,847
322.1242677086775,21187.608910404884,27.805675975471317,34.02402632433163,-118.34901280914308,16.389671119497283,-0.1313921922826804,cruise,0.12792452147981284,0.3219135321927438,R01,eastbound,0.007438583076512818,0.727357450145911,847
323.1169407090638,21172.129596112314,27.84950150076152,34.0240103420615,-118.34884612622875,16.21209385656055,-0.23998386298037389,cruise,0.11205762240391391,0.2925621385513211,R01,eastbound,0.006588557429805672,0.6442404800740539,846
324.10961370945006,21156.85416231345,26.484940886609433,34.02400717950983,-118.34867993356482,16.038754077118373,-0.17289068220848147,cruise,0.144095055125417,0.29755547327965487,R01,eastbound,0.008565383236713815,0.8375379082946718,846
325.10228670983633,21142.059731134566,26.649111465134826,34.02399080912342,-118.34852077365736,15.851869473008017,-0.1671768625480201,cruise,0.13900008368972633,0.3668170244797648,R01,eastbound,0.008361621140268458,0.8176136999632702,845
326.0949597102226,21127.062975254412,24.850622661379923,34.02399181376886,-118.34835705720327,15.72015202956948,-0.16371332719935072,cruise,0.2045337171091161,0.4475256272548531,R01,eastbound,0.012408703797915463,1.2133444046038437,845
327.0876327106089,21114.776378829698,22.127016809217462,34.024003833832154,-118.34822141281634,15.534984157665203,-0.14883067176658304,cruise,0.20677925270619735,0.40768533238864135,R01,eastbound,0.012697052544183967,1.2415396410731192,844
328.08030571099516,21102.731195605113,19.757170799832192,34.02401292853735,-118.34808879729906,15.380556594175985,-0.20206030321829083,cruise,0.20646160396318175,0.47548131384711323,R01,eastbound,0.012807036623929962,1.2522940736011745,844
339.9923817156305,21027.853795651085,6.1121852782912995,34.024164013087436,-118.34725111538296,5.998312862441937,-0.14096414430859427,cruise,0.07261812932898604,0.13939437326721987,R01,eastbound,0.01173902667307795,1.1478622232619629,841
340.98505471601675,21023.250933156705,6.217039523705523,34.024159986157315,-118.34720144561777,5.962079108083092,-0.09188630934870545,cruise,0.07549986766246305,0.18190202557677154,R01,eastbound,0.012280325216879568,1.2007913260947853,840
341.977727716403,21019.916253191237,6.29008978566594,34.02415707596284,-118.3471655500892,5.77887133158385,-0.08757497153724048,cruise,0.07527779448496111,0.24096611052058792,R01,eastbound,0.012639166798095666,1.2358794732371878,840
342.9704007167893,21015.37028328917,6.387673975727091,34.02415309893913,-118.3471164956789,5.715770016845716,-0.04430152866711046,cruise,0.09525521144377255,0.28366973975142923,R01,eastbound,0.016173000806402233,1.581423841980831,840
343.9630737171756,21009.887063802744,6.505389621288861,34.02414830207708,-118.34705732762973,5.723022095151621,-0.028758808438868133,cruise,0.07303074555547488,0.14597779355954002,R01,eastbound,0.012383615170407373,1.2108911954450237,840
388.633358734558,20843.925496258384,9.808417783373182,34.02399732298041,-118.34526636095106,11.748074333086171,0.21298477115925696,cruise,0.20675161790568966,0.4358403948315558,R01,eastbound,0.016868497202889736,1.6494306761226865,833
389.62603173494426,20830.743694188357,9.857317424854951,34.023982639996085,-118.34512457221626,11.946380298745163,0.1904063216259484,cruise,0.1712888450727819,0.5022618017257028,R01,eastbound,0.013739212900699953,1.3434438736079501,833
390.61870473533054,20817.571544500017,9.938080132913937,34.02396825293235,-118.3449828433026,12.08566929394837,0.20347824808571513,cruise,0.17573237333526281,0.4710367424406936,R01,eastbound,0.013930399573670023,1.3621384353978794,832
391.6113777357168,20803.28629369484,10.10495513024445,34.023953358915236,-118.34482902833444,12.366975761729924,0.28195485765009654,cruise,0.19565537978356043,0.508732852775364,R01,eastbound,0.015150916025704399,1.4814826337864027,832
399.552761738807,20576.52261645222,9.063659574732814,34.023674068363206,-118.3423926309806,20.989771065501138,-0.12003790611258047,cruise,0.13055079001595862,0.35053508638176756,R01,eastbound,0.0059024224759904815,0.5771490239016024,823
403.5234537403521,20519.173490210065,9.309282023297264,34.0236025162987,-118.34177675918593,19.52971638104795,-0.2685314244588053,cruise,0.1582470478630658,0.37829233088510505,R01,eastbound,0.007699044018102339,0.7528257690970478,820
404.5161267407384,20498.196648240722,9.334922220515928,34.02357554578637,-118.34155170759585,19.43146987489315,-0.19502274139800768,cruise,0.14488848851565614,0.3579046371352239,R01,eastbound,0.007085378058598307,0.6928204558599674,819
405.5087997411247,20478.383618213906,9.289510977746913,34.02354945057757,-118.341339250625,19.153076501308,-0.19909277968796424,cruise,0.13960302717537312,0.3165063945699182,R01,eastbound,0.00692785677608593,0.6774177538650564,819
406.50147274151095,20458.977070256995,9.245029721452873,34.023523890720504,-118.34113115240194,18.93304783726114,-0.15865077649403503,cruise,0.17056303509826737,0.3982068901128663,R01,eastbound,0.008564328413312543,0.837434765847836,818
407.4941457418972,20440.28972593702,9.20068947807585,34.023499264662284,-118.3409307686172,18.84233425687138,-0.09748157758667908,cruise,0.11818556251041679,0.326690623098751,R01,eastbound,0.005963408131160076,0.5831123061804135,817
408.4868187422835,20418.902288972113,9.105154017472739,34.02347108406287,-118.34070172069211,18.797282065434096,-0.040332723200245724,cruise,0.14397530748390297,0.38196593395216205,R01,eastbound,0.0072824188010748615,0.7120874386372562,816
409.4794917426698,20399.985949621256,7.1190136988013695,34.023429322922865,-118.34050176224612,18.708238292502912,0.06665310104747313,cruise,0.13253815098837562,0.3670394457028052,R01,eastbound,0.006736373876437748,0.6586942265209295,815
410.47216474305606,20378.205346672356,3.2980538825240826,34.02330731012071,-118.34028448892926,18.826920569511973,0.2047187159007553,cruise,0.2733797928226408,0.7125282690675132,R01,eastbound,0.01380568766901227,1.3499438908130217,815
411.46483774344233,20356.939307199515,5.071994684417847,34.02326293569913,-118.34005941703795,19.209684155604567,0.24683992505422125,cruise,0.22993340705404156,0.529402081891796,R01,eastbound,0.011376336007952612,1.112397706073165,814
412.4575107438286,20336.086506356358,5.898853917540793,34.023227557125225,-118.33983724451257,19.515148654023033,0.12318957447584822,cruise,0.1960632842370837,0.47186723696066357,R01,eastbound,0.009546124766374835,0.9334365022780916,813
413.4501837442149,20317.08703314761,6.993290195579277,34.02319245077031,-118.33963509656837,19.490198182104034,-0.046589022490229226,cruise,0.15009845428696367,0.3723882059666093,R01,eastbound,0.007317659869919749,0.7155333709756835,812
414.44285674460116,20299.23119702987,8.740671150267712,34.02315338943322,-118.33944638418451,19.28012833007999,-0.12099051749890677,cruise,0.14770118126996784,0.416699924363346,R01,eastbound,0.007280601528952391,0.7119097426427872,811
415.43552974498743,20280.171521156793,16.304496566759784,34.02306088199408,-118.3392539610706,19.16721849110497,-0.11810776429223502,cruise,0.13388887520705475,0.29273309421557825,R01,eastbound,0.006639303069790228,0.6492024760517197,811
416.4282027453737,20260.196430131033,10.450612275632146,34.02308681143042,-118.33903050179134,19.117504224878523,-0.10772449107314586,cruise,0.14800423587825753,0.42496200745945584,R01,eastbound,0.007358672021984816,0.7195436097596305,810
417.42087574576,20241.631005830506,11.15661122325841,34.02305416373907,-118.3388368112994,18.94936795481218,-0.11219478632658841,cruise,0.13126845178355426,0.2958636332628254,R01,eastbound,0.006585490484009548,0.643940588837906,809
418.41354874614626,20224.080617523367,11.780402149438704,34.02302044292586,-118.33865158044013,18.856367703760803,-0.18699538427835094,cruise,0.11744203831023661,0.2986407186607202,R01,eastbound,0.005921405326256398,0.5790051996576432,808
426.35493274923647,20116.05293557011,17.45475468280465,34.022791884360345,-118.33751176704021,13.924356373517575,-0.07609584746898967,cruise,0.13606465667284773,0.3113500358421947,R01,eastbound,0.009338877769009626,0.9131715343395171,804
427.34760574962274,20101.798570941963,17.51186518196743,34.02276780292721,-118.33735999523218,13.771417259830502,-0.06742497636773681,cruise,0.11765741621493277,0.26789795046219506,R01,eastbound,0.008166720100763605,0.7985559410235804,804
428.340278750009,20087.0530955834,18.839561713196357,34.02273165182072,-118.33720551771803,13.874319836005624,-0.15237433325512484,cruise,0.10610440223736567,0.25269856312826955,R01,eastbound,0.007309254548017922,0.7147114841400747,803
432.3109707515541,20041.575843913914,18.2321732822546,34.022661818025156,-118.33671973305145,12.210672470367378,-0.27843818611178506,cruise,0.0903142907663101,0.1785281053168819,R01,eastbound,0.0070847172846113275,0.6927558442427618,801
433.3036437519404,20029.366320112134,18.499782820146677,34.022639253548064,-118.33659016845358,12.106501718813062,-0.21515817742432386,cruise,0.08982506447881877,0.17987785561980266,R01,eastbound,0.007108017830559963,0.6950342117105823,801
434.2963167523267,20017.954464695464,17.946686666366737,34.022625825482486,-118.33646540251954,12.016392421326845,-0.2705811449963216,cruise,0.08572637398340259,0.1875315364557374,R01,eastbound,0.00683542944036459,0.6683800499713775,800
578.2339018083367,19920.17566181073,16.357508420783258,34.022464432552994,-118.3354316981732,9.669825927216605,0.2083848292996633,cruise,0.15870319162904037,0.3826519216202257,R01,eastbound,0.015783945901063478,1.543381384028393,796
581.2119208094955,19884.06745997842,2.3181488185158865,34.022517381637435,-118.33501698803694,10.969169363869897,0.2822554079564954,cruise,0.14533004818292483,0.30695301300104194,R01,eastbound,0.012714179651417567,1.243214359082943,795
582.2045938098818,19871.89371100219,1.0715478706781723,34.022504030703836,-118.3348853169761,11.255280629325242,0.16534173496482563,cruise,0.1645905620923336,0.37450746489665654,R01,eastbound,0.014026938832334631,1.3715782101908744,794
583.197266810268,19861.222831580133,0.7392464846512586,34.022485644681,-118.33477172689494,11.24097300422454,0.10997052070368252,cruise,0.13450243218503596,0.3043273700073573,R01,eastbound,0.011477572330337086,1.1222967678372555,794
584.1899398106543,19849.32828143024,0.12824131028655486,34.022467264901735,-118.33464453325335,11.3427493318618,0.09548074140368179,cruise,0.07893278075993011,0.21312670566607025,R01,eastbound,0.006674143451290277,0.6526092284922484,793
585.1826128110406,19836.837458016827,7.731862633306719,34.02251140770669,-118.33449362960778,11.536689261779136,-0.03261614132016444,cruise,0.08871911622871154,0.2241880728871481,R01,eastbound,0.007373366517322489,0.7209804627933405,793
586.1752858114269,19825.837310364004,9.194084988212861,34.022502295236855,-118.33437384584069,11.528251296060436,-0.16882720522038763,cruise,0.08256244846551844,0.22886192412700665,R01,eastbound,0.006866800118418818,0.6714475288398891,793
587.1679588118132,19823.393939402165,9.917599798781568,34.02250377558765,-118.33434628181305,10.861208062834036,-0.15252680447993505,cruise,0.0815136391978735,0.17970235170108,R01,eastbound,0.007203320058066694,0.7043530274688407,792
588.1606318121994,19813.010497304054,10.165617836343547,34.02248516850097,-118.3342356548783,11.012689280689193,-0.04072016678725898,cruise,0.0805384229021383,0.21149742503910088,R01,eastbound,0.007017571101635627,0.6861901749568402,792
589.1533048125857,19800.989084754212,10.364341310554572,34.02246263755943,-118.33410817997255,11.143795833295815,0.056698828293297865,cruise,0.08685807591520919,0.19219313138390826,R01,eastbound,0.007477660248964391,0.7311784832944194,792
590.145977812972,19792.5608110351,10.459947394797535,34.022446456968595,-118.33401891284552,11.003132664753029,0.0660444335994379,cruise,0.07404786205296711,0.16203235394669382,R01,eastbound,0.006457727976088819,0.6314477510179064,791
591.1386508133583,19781.449557134147,10.64309029823989,34.022425627178684,-118.33390109054966,11.208465054771963,0.09052891195357127,cruise,0.08542994566820628,0.2160811818314864,R01,eastbound,0.007311549589027165,0.7149358971982194,791
592.1313238137445,19770.412698916913,10.83113913191625,34.02240499071965,-118.3337840422431,11.341383215572844,0.07194784748331884,cruise,0.08685381389439238,0.20050411721069128,R01,eastbound,0.0073448044407646565,0.7181876138109081,790
593.1239968141308,19759.465632220457,11.091602080520031,34.02238517166904,-118.33366776661157,11.34473892237994,0.02874163355229431,cruise,0.09362922038082275,0.2222166012314744,R01,eastbound,0.007915385289532435,0.7739799907989701,790
594.1166698145171,19748.71094038246,10.89463766405874,34.022361723101724,-118.33355463412623,11.295382910940654,0.029684278466212355,cruise,0.09315640874610391,0.1939623895974164,R01,eastbound,0.007910419425472536,0.7734944200681969,789
595.1093428149034,19737.405477474764,10.830378697959787,34.022338327959915,-118.333435361089,11.42565162109031,0.057548592481568406,cruise,0.0925677858827376,0.2593877898733451,R01,eastbound,0.007769283373568259,0.7596938941103849,789
596.1020158152896,19726.16682541517,10.606952559710647,34.02231366962661,-118.33331718039155,11.437271207478613,0.03673671721814653,cruise,0.10436270939426523,0.29713105684231766,R01,eastbound,0.008750188241420266,0.8556084595831174,789
597.0946888156759,19714.147935333553,10.319925393196513,34.02228687698355,-118.33319091184896,11.545612229642096,-0.08871321884031236,cruise,0.08233643603521791,0.24262285396339006,R01,eastbound,0.006837528221678995,0.6685852724189266,788
598.0873618160622,19702.914815922486,10.231794115073727,34.022263418242524,-118.33307246101424,11.39422758622055,-0.2510750161998869,cruise,0.07563454018907648,0.18253061992261788,R01,eastbound,0.006365872273212598,0.6224659423672286,788
601.065380817221,19673.05541627928,9.723178451777821,34.02219804415375,-118.33275801957694,10.196476615380785,-0.07079211505994731,cruise,0.07881026701802742,0.20482628672826433,R01,eastbound,0.007426514908896469,0.7261774039549802,786
602.0580538176073,19662.6348019732,9.480131560268607,34.02217451544651,-118.33264863617762,10.282513837818845,0.15846626177723788,cruise,0.08322276423439406,0.1801118582979823,R01,eastbound,0.0077755737677051955,0.7603089796707387,786
603.0507268179936,19649.86305391393,9.378856570708136,34.02214740357158,-118.3325140878525,10.783316733821325,0.22121018560746197,cruise,0.08437638704633484,0.24743956905110526,R01,eastbound,0.0075110887938642165,0.7344471839233331,785
604.0433998183798,19638.383119217095,9.307747930618763,34.02212320880291,-118.33239309938027,10.904146118364025,0.2513077660976002,cruise,0.08681650689272302,0.1951646468786305,R01,eastbound,0.007641202886533466,0.7471699637455786,785
617.9408218237877,19405.860589968717,6.247881485226563,34.021601266830714,-118.32995099046775,18.148682071705732,0.21867420951939387,cruise,0.43464428539373945,1.2378963820743922,R01,eastbound,0.022784206577240097,2.2278789158039585,776
618.933494824174,19386.040341449596,6.843771623965235,34.02156420595259,-118.3297407253885,18.396555720520617,0.07781879455163576,cruise,0.4916615927846166,0.8757961226305785,R01,eastbound,0.025419877074808955,2.485599311317133,775
619.9261678245603,19368.98139767234,8.60194887515995,34.02154265577653,-118.3295550403721,18.118517407635732,0.05549631545254563,cruise,0.5159536255275115,1.1873774488293845,R01,eastbound,0.02709227447198813,2.649129205912753,774
620.9188408249465,19349.635433242467,10.091793516170299,34.02151140943338,-118.32934810468142,18.24990350042126,0.232732971833304,cruise,0.2553292450142307,0.609118802103841,R01,eastbound,0.013308939943822581,1.3013710436668235,773
630.8455708288093,19105.99460511047,9.932841559722004,34.020935524537826,-118.32679794860239,23.972090317984428,0.19827357038381166,cruise,0.2050745266725414,0.6826879590390721,R01,eastbound,0.00809975276223214,0.7920077594550903,764
631.8382438291956,19081.011527136543,10.016074822224494,34.02087565114236,-118.32653689352777,24.128759024096414,0.09121398799987723,cruise,0.2946343798287205,0.8848176213329755,R01,eastbound,0.0115602098851744,1.1303772101143,763
632.8309168295818,19057.287121197478,10.08922740795905,34.02081874312223,-118.32628900783757,24.124375972345888,-0.008682869981267771,cruise,0.18544204165434447,0.5505719501510907,R01,eastbound,0.0072773079411616115,0.7115876899624995,762
633.8235898299681,19033.247896218694,10.093830276095726,34.02076068053124,-118.32603808279063,24.09971307551369,-0.08274247877500684,cruise,0.1384841762003183,0.36005097544509856,R01,eastbound,0.005440196191899844,0.5319517426548361,761
634.8162628303544,19009.27188732707,10.078980125223987,34.02070261032541,-118.32578775591271,23.94942076298953,-0.09170267397965226,cruise,0.12419605607507295,0.39963821805042204,R01,eastbound,0.004910048805457706,0.48011301917245436,760
635.8089358307407,18985.203896562587,10.04841742971588,34.02064418140022,-118.32553651417773,23.810896885462864,-0.02881882320663287,cruise,0.11723833604726948,0.32133554386058777,R01,eastbound,0.004662407695300259,0.4558982453932705,759
636.8016088311269,18960.810968402853,9.993214693661113,34.02058459879747,-118.32528162443239,23.867007551259743,0.0748685674152938,cruise,0.13695461220058158,0.3753374448407826,R01,eastbound,0.0054334723686540465,0.5312942756505706,758
637.7942818315132,18936.469136408796,10.017276078199064,34.020525271371824,-118.32502760297862,24.010480281042692,0.14508270427565684,cruise,0.12628708779295414,0.30054589911286395,R01,eastbound,0.004979802244660724,0.48693363045766164,757
638.7869548318995,18911.288813056417,10.074492118286734,34.02046418074512,-118.32476473628554,24.19575740011429,0.14521461387777634,cruise,0.13345692501706538,0.3040221617329131,R01,eastbound,0.005221538212362186,0.5105709892486208,756
639.7796278322858,18886.066788177544,10.096495957685223,34.02040268266216,-118.32450153810834,24.346265136753154,0.10167965725165296,cruise,0.2050867494364173,0.49035965272890064,R01,eastbound,0.007973619264861884,0.779674209089175,755
640.772300832672,18861.465747225346,9.975165326916697,34.02034170424819,-118.32424541600267,24.396126454297185,0.04849243081836363,cruise,0.2305424282661622,0.6996396675485607,R01,eastbound,0.008944682774832872,0.8746264696577768,754
641.7649738330583,18836.70392044848,9.69138007901176,34.02027917184345,-118.32398774468153,24.41571912951327,0.014476799305665367,cruise,0.21263193149092594,0.5055292251375172,R01,eastbound,0.008243049766441975,0.8060195870469217,753
642.7576468334446,18812.08752396047,9.3575439461365,34.02021655776874,-118.32373173758928,24.41512616813311,-0.002565025439999147,cruise,0.159137220318368,0.3163386566796973,R01,eastbound,0.006169385869086595,0.6032531637475096,752
643.7503198338309,18787.726152070827,9.094916097519864,34.02015518047236,-118.3234781850618,24.413489789733696,-0.04010202603030599,cruise,0.14531948675640427,0.3386245805357645,R01,eastbound,0.005634088068650082,0.5509108239242722,751
644.7429928342171,18763.734032036256,8.966464078032468,34.020095863642865,-118.32322809586228,24.383078405079228,-0.07511280218363048,cruise,0.14022739720529884,0.3494148703986597,R01,eastbound,0.005443563458853791,0.5322809998104518,750
645.7356658346034,18740.805618912353,8.959060092718323,34.02004017798371,-118.32298875800204,24.20891770156073,-0.07159350599513381,cruise,0.11640571169587498,0.29284285689866785,R01,eastbound,0.004551886473420674,0.44509129018332333,749
646.7283388349897,18716.89129170149,9.073049461716636,34.019983138913915,-118.32273876023325,24.172323552039792,-0.05050959174644021,cruise,0.12104776579189587,0.32195691157813283,R01,eastbound,0.004740696867393548,0.46355349532488843,748
647.721011835376,18692.246025735312,9.18578761719804,34.01992429232217,-118.32248116177605,24.197831000346948,-0.047078077136243124,cruise,0.16756962630657748,0.395307695905143,R01,eastbound,0.006555635368127068,0.6410213042458367,747
648.7136848357623,18668.49477370653,9.232805696364697,34.01986704545283,-118.32223308769508,24.093328058369657,-0.07022080563590194,cruise,0.2027443185864914,0.4779923553683397,R01,eastbound,0.007966731137625768,0.7790006761580767,746
649.7063578361485,18644.849210862463,9.291300321815108,34.0198101547555,-118.3219860833885,24.00751437873135,-0.07079352768290725,cruise,0.15222651458112132,0.32621446088123063,R01,eastbound,0.006003410279587104,0.5870237850710791,745
650.6990308365348,18621.458823649427,9.230041623202233,34.01975284402209,-118.32174209243338,23.944402386734613,-0.06177218337311885,cruise,0.1360857437678859,0.34719906194447864,R01,eastbound,0.005381250547165908,0.526187936105944,744
651.6917038369211,18597.68639310072,9.047541306858758,34.01969259182818,-118.32149388797818,23.92510773078448,-0.06717781433819248,cruise,0.12477342131936653,0.3303334006313269,R01,eastbound,0.004937973877813208,0.48284358078811634,743
652.6843768373074,18574.330051238787,8.901573963070177,34.01963282784685,-118.32125113037715,23.807817234660106,-0.06365806462848234,cruise,0.16431825388100813,0.4185824394693982,R01,eastbound,0.006535571239406266,0.6390593992223058,742
653.6770498376936,18551.006448148648,8.436594682360237,34.01957038384155,-118.32100967459986,23.743985915694953,-0.01652192095526317,cruise,0.14326432056127128,0.36825526274731535,R01,eastbound,0.0057137574045703346,0.5587010286492478,742
654.6697228380799,18527.797917412638,7.736415429440397,34.01950619168057,-118.320770125483,23.746374349742887,0.03368816161071564,cruise,0.09990032327735265,0.23857024575926788,R01,eastbound,0.003983879655313856,0.38955060634150923,741
655.6623958384662,18503.457722853727,6.967179751076482,34.01943872385926,-118.32051904339602,23.88814542662086,0.017911756614374497,cruise,0.11297869983472698,0.2776200050185507,R01,eastbound,0.004478228973619559,0.4378889331365055,740
656.6550688388525,18479.811702573188,6.316565979845889,34.01937411529931,-118.32027469373031,23.864305694515853,-0.023794293767977592,cruise,0.11963800288037105,0.3115603411903338,R01,eastbound,0.004747008045628688,0.4641706131901204,739
657.6477418392387,18456.16840502913,5.752045721552683,34.019312583760126,-118.32003058885601,23.73273767400547,-0.01674200174262097,cruise,0.09890551362483911,0.23059665175623373,R01,eastbound,0.003946513405934771,0.3858968701944056,738
658.640414839625,18432.865301581758,5.382567802837949,34.01925515943674,-118.31978758786346,23.760062384437884,0.0841023450104732,cruise,0.15428618316101886,0.3744544338491312,R01,eastbound,0.006149103184144246,0.601269887920644,737
659.6330878400113,18408.830003642357,5.329235866671038,34.01919878481322,-118.31953603475961,23.892672738084908,0.1191676398419439,cruise,0.1114461966368402,0.3037857573293715,R01,eastbound,0.0044166324468453136,0.43186591878128194,736
660.6257608403976,18383.401389939685,5.4477821054452455,34.01914066576488,-118.31926940974813,24.205287393402827,-0.008135920628067339,cruise,0.12403709496841449,0.3289504515310413,R01,eastbound,0.004851041262918172,0.4743431601496454,735
661.6184338407838,18360.25834652907,5.71271019481936,34.01908913799667,-118.31902631016412,23.997279656585633,-0.13679271735033005,cruise,0.12258014655852392,0.31855394719031466,R01,eastbound,0.004836333351325854,0.47290499525147567,734
662.6111068411701,18337.066129711922,5.482503653764353,34.019039194411505,-118.31878513510239,23.60699761349256,-0.1237851710075013,cruise,0.15336471588343703,0.328147777368713,R01,eastbound,0.006152693824949272,0.6016209869556981,733
663.6037798415563,18313.592560828994,4.922661768163502,34.018989210593055,-118.31853782356299,23.676219895016335,-0.0027369756611026475,cruise,0.12554525227811467,0.30787430131168775,R01,eastbound,0.0050216525449014735,0.49102582481213036,732
664.5964528419427,18290.499099986788,4.57309296717715,34.01894180806514,-118.31829405230609,23.789077972328045,0.059513672395651085,cruise,0.1451535361199386,0.372785841849202,R01,eastbound,0.005777942488465399,0.5649771565729546,731
665.589125842329,18267.213671384725,4.328123460245266,34.018894958223186,-118.31804800651551,23.798897766701263,0.04231355074755072,cruise,0.18414576160182333,0.37550706976161363,R01,eastbound,0.007326979981555439,0.7164447075252229,730
666.5817988427152,18243.813952549925,4.379890876562104,34.018850502185074,-118.31780006535493,23.838785436253648,0.019112463664749058,cruise,0.15634226292745043,0.3197994254081782,R01,eastbound,0.006210118382599188,0.6072360589927212,729
667.5744718431014,18220.319276290975,4.466637171797333,34.018808798511536,-118.31755101409567,23.87853354735618,-0.005474323794377511,cruise,0.16236491502844844,0.4544793934954011,R01,eastbound,0.006438425896271966,0.6295603604471902,728
668.5671448434878,18197.40094980032,4.566655703156077,34.018772615512475,-118.31730787026201,23.823276751578284,-0.010244432746940646,cruise,0.17482970800566935,0.3986064290795689,R01,eastbound,0.006949062349284436,0.6794912712932947,727
669.5598178438742,18173.978538078296,4.651601042520189,34.01873519521083,-118.31705717661421,23.781801170820298,0.008400744128719495,cruise,0.17465894736924845,0.4322892229852009,R01,eastbound,0.006954590843863977,0.6800318570041967,726
670.5524908442602,18150.04360239613,4.991772776714805,34.018698033322956,-118.31680223965033,23.87450158203656,0.05623615782320002,cruise,0.16606987286372765,0.4207770470552553,R01,eastbound,0.0065864737432306895,0.6440367336160937,726
671.5451638446467,18126.513606686894,5.300851494728608,34.01866333252331,-118.31655060318786,23.877343868176265,0.12871455952861055,cruise,0.12529551484275783,0.33449447621696804,R01,eastbound,0.004968725987083145,0.4858505749367486,725
672.5378368450329,18102.345714161867,5.848746057757049,34.018629735303044,-118.31629170388285,24.062678747321712,0.05421424160120303,cruise,0.1386982341650884,0.38424039413864164,R01,eastbound,0.005457135413797468,0.5336080889132807,724
673.5305098454193,18077.629703550483,6.473765891971857,34.01859760105308,-118.31602769145836,24.3602528135391,-0.25650171838801583,cruise,0.11981946212975397,0.3151146812599017,R01,eastbound,0.004655770065687087,0.45524920655068585,723
684.4499128496682,17908.238322900284,5.792402455559476,34.01846183427829,-118.31421035433911,15.38858066079405,-0.04271294312642748,cruise,0.11934478529830193,0.32056068650695724,R01,eastbound,0.007399159550557186,0.7235025499559286,716
685.4425858500546,17894.02353189805,5.351715132570723,34.01845496555425,-118.3140564217035,15.461110440985538,0.10250567727755477,cruise,0.27040850093471297,0.6199071269037235,R01,eastbound,0.01668483972504884,1.6314723319852964,715
686.4352588504408,17879.20972641391,4.87914008584257,34.01844768738375,-118.31389600557698,15.498547982956188,0.07233481870476943,cruise,0.35044246335857704,0.661575146397527,R01,eastbound,0.021569994045927913,2.1091511256285655,715
687.4279318508271,17861.618961062675,4.097155950785088,34.0184370550965,-118.3137055723723,15.736724949290267,0.01803877089338446,cruise,0.2547751745877629,0.5111170765706392,R01,eastbound,0.015440207420709605,1.5097700440708333,714
688.4206048512133,17848.384115417593,2.3895600710582343,34.01841893900508,-118.3135625384809,15.543795081585682,-0.021844231257351687,cruise,0.1251333277214982,0.36341729329845746,R01,eastbound,0.007679243980313492,0.7508896873391709,713
689.4132778515997,17832.8401676314,1.1304598858067583,34.0184042518254,-118.31339442461535,15.523302947312155,0.003972978648510761,cruise,0.15447529113928685,0.3689455665382562,R01,eastbound,0.009492645859493597,0.928207242761108,713
690.405950851986,17817.30631668879,0.029760047059827512,34.018391477158744,-118.31322636844985,15.581864913434051,0.05102973220614615,cruise,0.1992897450733815,0.37985463863904034,R01,eastbound,0.012199717539439155,1.192909368721698,712
691.3986238523722,17802.8159830203,5.458709935643861,34.01833977872856,-118.31306943082336,15.722318329254792,0.007357057709869608,cruise,0.18684155193498445,0.479120809443631,R01,eastbound,0.011333762294965792,1.1082347751758663,712
692.3912968527584,17786.828232066542,9.578111245249978,34.018302411300276,-118.31289620717844,15.648714723910944,-0.10965789359491218,cruise,0.23130647874199156,0.46922173645013243,R01,eastbound,0.014098126385651225,1.3785390516212774,711
693.3839698531448,17771.075006204937,11.691337873001233,34.01828312914421,-118.31272548957412,15.500272052140515,-0.16567188054887438,cruise,0.15343699568150235,0.3508608200471186,R01,eastbound,0.00944309258128606,0.923361837969272,710
694.376642853531,17757.371503922986,12.574438617873536,34.018274964827505,-118.31257696763636,15.150784609042805,-0.1216110621875428,cruise,0.19078998406504727,0.38678258956659417,R01,eastbound,0.012017504795125651,1.1750922931140555,710
695.3693158539173,17740.99999244027,12.588394935195222,34.018274594269535,-118.31239951043771,15.233500427658322,-0.019732166089026393,cruise,0.16668603533729207,0.38138119963191525,R01,eastbound,0.01044125465633567,1.0209638428501253,709
696.3619888543035,17725.908223815906,12.311387762268177,34.01827721037549,-118.312235474152,15.191166240501921,0.0442237497102127,cruise,0.160445867119054,0.33957551342115316,R01,eastbound,0.010078859453249578,0.9855282164478211,709
697.3546618546899,17709.76890315773,12.490642028241917,34.0182758390772,-118.3120605302554,15.342364889587063,0.029529521245947876,cruise,0.1450061184807029,0.3190867392858398,R01,eastbound,0.009017662989514397,0.8817626006004374,708
698.3473348550762,17694.430979613808,12.516404520119295,34.018275839076686,-118.31189427582119,15.305318480993042,0.008884118718483158,cruise,0.1279853564317939,0.2915513692691928,R01,eastbound,0.007978770129086685,0.7801778694543363,707
699.3400078554624,17679.252424356862,12.545128872956948,34.0182758099681,-118.3117297487905,15.295227137898324,-0.04044561329342056,cruise,0.11257971863751433,0.259335596662964,R01,eastbound,0.007023073239941364,0.6867281835059479,707
700.3326808558486,17663.923277043843,12.584975031275814,34.01827386298333,-118.31156741960578,15.291218140895044,-0.0655552720551622,cruise,0.08885270847820124,0.17672966835797516,R01,eastbound,0.005544386720592862,0.5421396717940286,706
701.325353856235,17650.3310041274,12.178511092228215,34.01827431568288,-118.31142002239102,15.11556961988244,-0.017560425120286105,cruise,0.10769055091874598,0.29010610220244537,R01,eastbound,0.006799301852648993,0.6648474322926543,706
702.3180268566213,17635.796154290805,11.831026086805965,34.018274014413905,-118.31126242844437,15.094526307396107,0.09064241531466699,cruise,0.08894594658712715,0.2556161087218516,R01,eastbound,0.005623779984542968,0.5499028817268241,705
703.3106998570075,17618.427724978847,11.415799994642098,34.01827365440002,-118.31107411144438,15.38732841204395,0.14269764283109332,cruise,0.08777578230091646,0.18595680122785863,R01,eastbound,0.005442389295532041,0.5321661881008859,704
704.3033728573937,17601.940244066747,11.027998527930578,34.01827325530844,-118.31089534792473,15.55932901896955,0.08159943761125987,cruise,0.11911758940813794,0.29076492359374595,R01,eastbound,0.007302643556146442,0.7140650499816988,704
705.2960458577801,17586.69781769539,10.671853936129743,34.01827286082623,-118.31073009114297,15.500679491852104,-0.03695321234217275,cruise,0.16978836901558697,0.32111343042738966,R01,eastbound,0.010449138500466216,1.0217347386921367,703
706.2887188581664,17571.06540473111,10.305170324641072,34.01827246535603,-118.3105605989066,15.467184578968286,-0.10194213197709612,cruise,0.12132403362682534,0.2709322397986448,R01,eastbound,0.0074829874878273705,0.7316993898751268,702
707.2813918585526,17557.71843009275,10.208118481560936,34.01827018134312,-118.31041594769212,15.259378115027555,-0.10973456730739528,cruise,0.12935789700951547,0.3011122996064786,R01,eastbound,0.008089033089808939,0.7909595714440215,702
708.2740648589388,17542.946431833927,10.277013152389259,34.01826606493891,-118.31025590259976,15.193459183701234,-0.08931373154913924,cruise,0.103178110256348,0.32048095743181604,R01,eastbound,0.006480428884624638,0.6336674849079189,701
709.2667378593252,17527.851652125777,10.445956633344181,34.0182609707153,-118.31009238842293,15.120821634068474,-0.006096556934138242,cruise,0.13261950141970905,0.33243913738049463,R01,eastbound,0.008370292721872842,0.8184616221306534,701
710.2594108597115,17512.931544702908,10.658189573051123,34.01825582177591,-118.30992854572385,15.073785080691927,-0.03775619792570506,cruise,0.19319802068840117,0.379919296532263,R01,eastbound,0.01223241694123163,1.1961067724831977,700
711.2520838600977,17495.347732246224,11.164727256106406,34.01825015046848,-118.30973799034645,15.342740893253794,-0.16606494403785277,cruise,0.17401915777180643,0.34786596543582443,R01,eastbound,0.010821660602851352,1.0581605907296556,699
712.2447568604839,17486.408393421945,13.07853228051794,34.01823233937909,-118.30964124021807,14.746662574847386,-0.23276343197825433,cruise,0.1976582898675596,0.4370403910935648,R01,eastbound,0.012797263877752683,1.2513384776674712,699
713.2374298608703,17474.041300375262,13.599170467353803,34.01822686909912,-118.30950723074461,14.458855022370894,-0.1603213787466391,cruise,0.4112217932464766,0.7824247970915499,R01,eastbound,0.02716347341163267,2.6560911607178905,698
714.2301028612566,17459.34385773832,13.545225722843337,34.01822643087789,-118.30934791878533,14.571323105162422,0.01187905139459744,cruise,0.546377451323138,0.868992226658465,R01,eastbound,0.03580791020226942,3.5013590615144836,698
715.2227758616428,17445.686480079763,13.839321991590948,34.018222921231796,-118.30919990657927,14.563200138539685,0.13391663602305748,cruise,0.2909963791170271,0.6706231538841716,R01,eastbound,0.019081834689475292,1.8658546232636974,697
716.215448862029,17431.280852089185,13.001130448632836,34.018229569663035,-118.30904369832304,14.713069540216306,0.14215044078102768,cruise,0.26902882471845213,0.5004631085127969,R01,eastbound,0.017458559182641824,1.707127951612648,697
717.2081218624154,17412.788558584172,10.869948700936055,34.01824725111326,-118.30884383086253,15.114721160612804,0.08294872923745356,cruise,0.22350316261381822,0.5039626764054863,R01,eastbound,0.014112215305986027,1.3799166904894091,696
718.2007948628017,17398.902323244256,10.733636896764091,34.01824683062773,-118.30869330571903,14.866455510427253,-0.057216173663487524,cruise,0.17138792319360183,0.3567761574944235,R01,eastbound,0.011005459297132952,1.0761327432535586,695
719.193467863188,17383.567890798167,10.495165703917221,34.01824715886099,-118.30852706973147,14.903859951911015,-0.27423868483716607,cruise,0.1500900703392059,0.31791656371597166,R01,eastbound,0.009613240737321163,0.939999217379806,695
765.8490988813429,17160.861055146434,11.286156920549212,34.01821790153189,-118.30611265959801,15.0968136555719,0.13125358974181367,cruise,0.12238860689608135,0.2619991220422449,R01,eastbound,0.007737064439254751,0.756543471285548,686
766.8417718817292,17145.65290619432,11.197844925848354,34.01821763282491,-118.30594780961712,15.24495419165937,0.005764116467020131,cruise,0.11714458442207236,0.2936714612802126,R01,eastbound,0.007332357939170857,0.7169705734727975,685
767.8344448821153,17131.230385285435,11.128534946323606,34.01821724785443,-118.30579147673173,15.050987767713078,-0.02538116599732465,cruise,0.12378711353604079,0.31233914025600684,R01,eastbound,0.007849710903005219,0.767558236301778,685
768.8271178825017,17116.105114867427,10.982040015046437,34.01821750934035,-118.30562752018056,14.961755581612744,0.05326898976846728,cruise,0.14437758401787493,0.30251950829147334,R01,eastbound,0.009210959385067198,0.9006634546939554,684
769.819790882888,17099.87400206536,10.792049713722905,34.01821775172926,-118.30545205089159,15.228841076395351,0.11232150847513367,cruise,0.17608597289918326,0.35839582613070575,R01,eastbound,0.011033501854632546,1.0788747927687248,683
770.8124638832743,17084.04562127627,10.647717684970333,34.01821736726252,-118.30528047390997,15.384373010383136,0.03980286303626812,cruise,0.1858408077816654,0.4559847340710975,R01,eastbound,0.011524997404665217,1.1269340731925197,683
771.8051368836605,17068.87189431596,10.502390716376965,34.01821706146373,-118.30511599237386,15.297361511898227,-0.07071457487750177,cruise,0.1881200970970827,0.4107002961709838,R01,eastbound,0.011733851588440283,1.147356194583164,682
772.7978098840468,17054.50671529769,10.38070382777137,34.01821662869637,-118.30496027744417,15.130302510954968,-0.0812571805865776,cruise,0.16682765949748105,0.4469592263602209,R01,eastbound,0.010522632635609664,1.0289211216616845,682
773.7904828844331,17040.565428580092,10.282441449949115,34.0182160299489,-118.30480915994006,15.061732880535327,-0.018707849869433524,cruise,0.213761096221285,0.47595869051772854,R01,eastbound,0.01354539344382853,1.3244918736788518,681
774.7831558848194,17025.98496569667,10.142466835948799,34.01821573907727,-118.30465110927925,15.136030786211146,0.020526773618939842,cruise,0.20698014212671634,0.5096436648176849,R01,eastbound,0.013050219413218747,1.2760729050959734,681
775.7758288852056,17010.899270692196,10.045428745460805,34.01821543107275,-118.30448637935011,15.18020857187805,-0.025348206039315535,cruise,0.20879195123092562,0.4650122100180774,R01,eastbound,0.013125485478537,1.2834325504463435,680
776.768501885592,16995.50515271754,10.136862636107242,34.01821450403454,-118.30431951681662,15.134085063351623,-0.27717589604753456,cruise,0.2572706542144716,0.5599856010922356,R01,eastbound,0.01622318705823311,1.5863311400224898,679
820.4461139025881,16826.081258990358,12.045062126549878,34.018194908549404,-118.30248354260924,11.479504012666911,-0.2758610397041794,cruise,0.1048392920120337,0.250103231156804,R01,eastbound,0.008757252855141928,0.8562992496663898,673
823.4241329037468,16794.41940226189,12.09489100198618,34.01819448708091,-118.302139416435,10.201266259405003,-0.18995541015440232,cruise,0.09136633248814723,0.24277576321821798,R01,eastbound,0.008605596652019622,0.8414700452241962,671
824.4168059041332,16784.07700373952,12.004767498348444,34.01819556407809,-118.30202731405672,10.096538285117168,0.03170445293006896,cruise,0.09980499059815419,0.25622040809982444,R01,eastbound,0.009499609046580046,0.9288881151735007,671
825.4094789045195,16771.62096556137,11.75507975404729,34.018198133331055,-118.30189230605383,10.371192631197511,0.08624689618596992,cruise,0.13429824772624038,0.4560722713009826,R01,eastbound,0.0124384740139129,1.2162553875390965,670
826.4021519049057,16760.676342490224,11.321609436265904,34.018202320338055,-118.30177368650547,10.460726987979628,0.019933310991075537,cruise,0.08583005152911218,0.22432347983953654,R01,eastbound,0.007880227297241754,0.7705421818289333,670
827.3948249052919,16751.015683461344,11.046046309350123,34.018205051259656,-118.30166897946634,10.35076734780813,-0.09197278860763003,cruise,0.08070825701581417,0.1836742021149138,R01,eastbound,0.007490065347542414,0.7323914751744198,670
828.3874979056783,16740.790691036324,10.087766896861524,34.01821394996937,-118.30155817641979,10.23568712628145,-0.20741574778303917,cruise,0.08503600066959306,0.2366946392647999,R01,eastbound,0.007981959799718363,0.7804897609360336,669
892.9112429307862,16520.910979366283,10.60705344000404,34.018202093898935,-118.29917573571092,15.817800030782843,-0.040450591509162415,cruise,0.126624588409268,0.33896961144539484,R01,eastbound,0.007633855793044937,0.7464515523047394,660
893.9039159311725,16504.794594175724,10.224288593748591,34.01820481179952,-118.29900102474993,15.6752303262871,-0.1990665881935909,cruise,0.184959344080292,0.44858956612186923,R01,eastbound,0.011253872055153,1.1004229700882475,660
894.8965889315587,16489.15787504662,10.467022711504367,34.01820191389089,-118.29883154718894,15.36660335897299,-0.23061068302962706,cruise,0.2203752575823929,0.42787443859260693,R01,eastbound,0.013682742019463536,1.337922053691291,659
895.889261931945,16473.807167974308,10.188093732922084,34.01820373069755,-118.29866514130089,15.15235878299615,-0.1531171045632771,cruise,0.1587327513828969,0.3962044631131615,R01,eastbound,0.009997222989920673,0.9775456626206911,658
896.8819349323313,16459.34365649031,10.925059872679412,34.01819653168209,-118.29850781044286,14.967145582208891,0.06027895094624025,cruise,0.17808980443763792,0.3994178441045436,R01,eastbound,0.011357559902096429,1.1105617461411794,658
897.8746079327176,16443.730516480966,12.38473230227828,34.01818337555383,-118.29833857305624,15.162716809467364,0.2599516370530255,cruise,0.234390803434597,0.5361516137531641,R01,eastbound,0.014752020895326854,1.442477981701096,657
898.8672809331038,16426.681333009838,13.57696144003421,34.01817262991041,-118.29815376979101,15.715269055077425,0.2691880876282502,cruise,0.2640581173156908,0.5604847897623355,R01,eastbound,0.016025008597469286,1.5669529091938046,657
899.8599539334901,16410.420042416765,14.135452187620103,34.01816759619479,-118.29797750682782,15.952517139179983,0.07843317667918015,cruise,0.20124893802073063,0.535294714596255,R01,eastbound,0.012028542443068946,1.1761715733185063,656
900.8526269338764,16395.335556861697,14.267938666976988,34.01816640208502,-118.29781399974902,15.780639732181259,-0.11315597266260102,cruise,0.19399855495152227,0.5302442223829097,R01,eastbound,0.011723666276277392,1.1463602572376321,655
901.8452999342627,16380.49298706533,14.340145063586533,34.01816575128379,-118.29765311489683,15.564497113307336,-0.16271286135591723,cruise,0.21486020061702682,0.4914180157534,R01,eastbound,0.013167807660767765,1.2875708862335955,655
902.8379729346489,16365.25225736642,14.581528722774237,34.018163575676226,-118.29748791422209,15.429327807582395,-0.11403895811192033,cruise,0.19817350382578724,0.431391959473156,R01,eastbound,0.012253392251982829,1.1981577744532077,654
903.8306459350352,16349.963117149413,14.63487421022728,34.01816309486967,-118.29732218880541,15.334705078077207,-0.0537281147217028,cruise,0.27825883312828026,0.6591649898715067,R01,eastbound,0.017313195899092096,1.69291407967225,653
904.8233189354215,16334.586112825886,14.038249329198152,34.01816847229086,-118.29715551099275,15.331211399152126,-0.023833418484710656,cruise,0.23036860213174454,0.5635224777374445,R01,eastbound,0.014336800059570854,1.401876974058049,653
905.8159919358078,16319.119672054867,13.305340976760403,34.018174811829006,-118.29698857732132,15.342606828662227,-0.03018183267643426,cruise,0.16578315450180736,0.33942782266359695,R01,eastbound,0.010309583156461882,1.0080887770721432,652
906.808664936194,16304.400645404117,12.40594891175941,34.01818226235338,-118.2968289853721,15.2794733107773,-0.061761989327827393,cruise,0.1809453017804178,0.4053242082717683,R01,eastbound,0.011299769774243419,1.1049109280207912,652
907.8013379365804,16289.56721261903,11.708742886791827,34.018187885487066,-118.29666816417323,15.206679024051622,-0.06705446037265528,cruise,0.15319652468590453,0.387073622534358,R01,eastbound,0.009613485593402969,0.9400231598287218,651
908.7940109369666,16274.524844286792,11.223432191911726,34.01819158950982,-118.29650508961332,15.099282448227413,-0.008928110702989933,cruise,0.1749559556099532,0.4411444805049241,R01,eastbound,0.01105838528190764,1.0813079370957472,650
909.7866839373529,16259.509846445828,11.19669644970878,34.018191161634604,-118.29634233629653,15.123418777007645,0.05897257532472011,cruise,0.1450437005160151,0.37552921993853233,R01,eastbound,0.009152848122066891,0.8949812354264015,650
910.7793569377391,16243.892491905171,11.860304060392082,34.01818510226174,-118.29617245363366,15.309557391185372,0.07261356172426314,cruise,0.2364246189243664,0.5489672352018307,R01,eastbound,0.014734860738048413,1.4408000320010304,649
911.7720299381255,16228.417517764647,12.148053429089487,34.01818250875684,-118.29600471388498,15.347646980822198,0.021892106993594673,cruise,0.5379539088199823,1.246689885640035,R01,eastbound,0.03344264935052026,3.2700797863672695,649
912.7647029385117,16213.359399508838,12.173964143265039,34.01818227522178,-118.29584149261244,15.307543377526192,-0.028272496947173487,cruise,0.5332126294854604,1.3519534158761917,R01,eastbound,0.03323623986197389,3.2498967114818047,648
913.757375938898,16198.452686701123,12.040434427093714,34.01818347873432,-118.29567991248716,15.255823011871518,-0.03441918167837699,cruise,0.27487557075475433,0.5682129648078487,R01,eastbound,0.017192646879177084,1.6811265891191327,647
914.7500489392842,16183.46018691908,11.578836530102468,34.01818704037889,-118.29551800958829,15.232989293898271,-0.05137958433067169,cruise,0.3057289354725111,0.6101385987371303,R01,eastbound,0.01915159010982682,1.8726754282690143,647
915.7427219396706,16168.341368313177,10.76942093101504,34.01819367835064,-118.2953540899474,15.217199110365037,-0.07485917891721705,cruise,0.17731392900953294,0.47335489578377177,R01,eastbound,0.011119091627765351,1.0872439080295344,646
916.7353949400568,16154.031536666154,10.104191517052875,34.01819905194666,-118.29519894669252,15.040148522215887,-0.03673163703134552,cruise,0.14143119095784132,0.351437486133957,R01,eastbound,0.008975149362172814,0.8776055449808982,646
917.7280679404431,16139.504714249226,10.583165334097993,34.01819410344676,-118.29504151123236,15.002799669100645,0.03916435050645273,cruise,0.17712398661161682,0.4370261424519044,R01,eastbound,0.0112686594622072,1.1018689081894397,645
918.7207409408293,16123.853433171302,12.010763644132552,34.018180693730486,-118.29487148100218,15.228613709116628,0.07280186477862927,cruise,0.3466578088485732,0.7717402800946407,R01,eastbound,0.02172181919017045,2.1239968494241324,644
919.7134139412157,16108.624649059642,12.334962218273136,34.01817758991264,-118.29470641460988,15.261998283416778,0.012514436183854727,cruise,0.46292782217996226,0.8478770836618827,R01,eastbound,0.02894283707203585,2.830080400550362,644
920.7060869416019,16093.61100431011,12.209381142580511,34.018178542554494,-118.29454367374417,15.214560581160852,-0.09037285590337873,cruise,0.3223907679134143,0.692920933981902,R01,eastbound,0.020220209802147848,1.9771669001780316,643
921.6987599419882,16079.103145161946,12.05410020863598,34.018179768920895,-118.29438641486999,15.091389254545085,-0.11479550677506722,cruise,0.22168546783566329,0.5471041784964277,R01,eastbound,0.01401945740505462,1.3708466633608039,643
922.6914329423744,16065.087973061774,11.78621162697459,34.01818201610843,-118.29423449481642,14.86095857384982,-0.08341236714052247,cruise,0.26815181307919816,0.5793133144263878,R01,eastbound,0.017225509178058325,1.6843399212382113,642
923.6841059427608,16050.042434990115,11.273640336610107,34.01818645633599,-118.29407140269001,14.931873889880222,-0.0487688186178481,cruise,0.16581272943287595,0.42057486280647727,R01,eastbound,0.010600006792028537,1.036486899786516,642
924.676778943147,16034.911634423892,10.49565758825806,34.01819048502468,-118.29391094042813,14.877268717273498,-0.08931295143211226,cruise,0.13035339149160838,0.44372989209770475,R01,eastbound,0.008364290093982249,0.8178746748489242,641
925.6694519435333,16020.241385522093,10.106708736244764,34.01818984221368,-118.29374957864381,14.784610174105337,-0.16716400432347367,cruise,0.18913542630891378,0.46054812514178545,R01,eastbound,0.012213486011465907,1.194255673602987,640
926.6621249439195,16006.254295388444,10.64913355672787,34.01818354553366,-118.29359804182307,14.476270956795892,-0.20242472026808933,cruise,0.18354281654305812,0.3929421184714592,R01,eastbound,0.01210918121129382,1.184056570801985,640
927.6547979443059,15992.368783565169,11.35700011751242,34.01817576803467,-118.29344762601342,14.337236487987697,-0.1987061832679169,cruise,0.19739333067762446,0.43001409291599685,R01,eastbound,0.013151437188780524,1.285970153319834,639
928.6474709446921,15978.643149128942,11.729393460407177,34.01817103008509,-118.29329890245863,14.118993076865857,-0.15897274707545428,cruise,0.17354388851381317,0.3709293897291996,R01,eastbound,0.011744279665129892,1.148375869861757,639
929.6401439450784,15964.77723350658,11.78085064476387,34.018169170452765,-118.2931486195767,13.958386475196077,-0.1134528900444538,cruise,0.14957818646396204,0.3968945521418692,R01,eastbound,0.010240927690197266,1.0013755274697445,638
930.6328169454646,15950.930224184061,11.512117183770398,34.01817085865456,-118.29299761170017,13.908273246673264,-0.12775661579536202,cruise,0.1688889509280266,0.4282830973108675,R01,eastbound,0.011605427655416237,1.1347986814786832,638
931.625489945851,15936.38106696635,10.919096671764112,34.01817566895806,-118.29283988237574,13.872226593602772,-0.26689991104274835,cruise,0.10612209519922808,0.2524777275190756,R01,eastbound,0.0073115954573545324,0.7149403822821787,637
936.5888549477824,15879.394565386952,12.529303145589607,34.018158851380115,-118.29222237488584,10.945092556890085,-0.28009712823329647,cruise,0.09996821811335006,0.26492570393382586,R01,eastbound,0.008765276026082729,0.8570837691235983,635
937.5815279481686,15869.012115192092,12.959114666708462,34.018154516283445,-118.29210985947418,10.74147373671645,-0.13952814773843691,cruise,0.08559415729035366,0.2079871207178366,R01,eastbound,0.007649686338989062,0.7479994903211464,634
938.5742009485548,15859.244327329543,13.367584055269509,34.018150400847894,-118.29200400542473,10.608862008948684,0.01717898267849094,cruise,0.0878316566323928,0.2868329250499195,R01,eastbound,0.007949475214999217,0.7773133623575232,634
939.5668739489412,15848.851721977577,13.647675592888785,34.01814741472025,-118.29189137193958,10.732719372530918,0.17158857495200053,cruise,0.09337388019770618,0.2663197846761523,R01,eastbound,0.008351896471186025,0.8166628050906103,633
940.5595469493275,15837.95109443098,13.923222007397424,34.018144446989574,-118.29177323161242,11.056165594749984,0.23444355264021244,cruise,0.08460409006662725,0.21418187099387898,R01,eastbound,0.007342339722599638,0.7179466094285686,633
941.5522199497137,15827.629659449765,13.756370263712716,34.01814549230523,-118.29166134568554,11.316158224092808,0.12342933960632774,cruise,0.11698621001481699,0.3253847615928228,R01,eastbound,0.00991538685979494,0.9695435850306715,633
942.5448929500999,15817.295634837319,13.520775649626819,34.01814715663832,-118.29154931962343,11.421777866310263,-0.16274750435549468,cruise,0.13787241180094956,0.32871158462482597,R01,eastbound,0.011575726585210902,1.1318944597379368,632
987.2151779674824,15630.966659234575,15.935460578669977,34.01811707021759,-118.2895287137712,14.378326416534602,0.10103713248412927,cruise,0.1615722348545984,0.4963088460802575,R01,eastbound,0.010733545503698884,1.0495445447462128,625
988.2078509678687,15618.065199292978,16.063770673697135,34.0181160771204,-118.28938886760857,14.210908930803035,-0.033141962973084915,cruise,0.1712487625757679,0.5269070042775319,R01,eastbound,0.011512718692061157,1.1257334395504806,624
989.200523968255,15603.528356944847,16.15492607387136,34.018115330943395,-118.28923189131258,14.259177703541479,0.005131072603606235,cruise,0.16532859727835308,0.3788016016823686,R01,eastbound,0.011076447017615457,1.083074044685663,624
990.1931969686411,15589.269660093809,16.19493737059495,34.0181147135825,-118.28907733647945,14.307460937887926,0.017905073454839382,cruise,0.19845920106994588,0.4353732269994941,R01,eastbound,0.013250442757329384,1.2956510881362135,623
991.1858699690275,15575.28658603678,17.20109506945137,34.018105393257606,-118.2889257901528,14.312335272869424,-0.007758264467048193,cruise,0.22682871196207272,0.5058130246372001,R01,eastbound,0.015139331585435801,1.4803498872877126,623
992.1785429694138,15561.840817126778,16.8852940923851,34.01810799748815,-118.28878003926486,14.264394659406381,-0.019508898192158952,cruise,0.40982653960743,0.7955548646192571,R01,eastbound,0.027446753059101565,2.683790731985945,622
993.1712159698001,15547.941776735066,15.994171600906443,34.01811569762476,-118.28862980447863,14.256035464025253,-0.030617533058220125,cruise,0.3423347255901127,0.772354750251036,R01,eastbound,0.022940390661895606,2.243150864291984,621
994.1638889701862,15534.226862727852,13.605061630351969,34.018136668927006,-118.28848102662455,14.247565007716245,-0.09863053369990471,cruise,0.39825442506128417,0.8192946814273037,R01,eastbound,0.026703797400121156,2.611143249511258,621
995.1565619705726,15520.592148371148,11.831438252411699,34.018152096147965,-118.28833314839399,14.1468057341276,-0.20471620669845425,cruise,0.47097919361367746,1.4102189736160933,R01,eastbound,0.03180895599877017,3.110334439917992,620
1002.1052729732764,15432.304250620195,12.844517714644317,34.01813833238108,-118.28737656785565,11.36818718729462,-0.2059695012003644,cruise,0.16549380801996655,0.427692327731819,R01,eastbound,0.013961441659914075,1.3651737839939009,617
1003.0979459736628,15419.440527345827,12.820181800737569,34.01813773988649,-118.28723713412374,11.301072650122185,-0.18989386083305515,cruise,0.1226347250279668,0.32435458298632314,R01,eastbound,0.010408251168875546,1.0177367050689106,616
1004.0906189740491,15408.762550907315,12.822295604274332,34.01813724592166,-118.28712088780567,11.059108059208649,-0.22254430432228478,cruise,0.16151540436221568,0.3336860581324923,R01,eastbound,0.014013270659305337,1.3702417127181057,616
1005.0832919744354,15398.231356990522,12.840636641946434,34.018136760861765,-118.28700673708607,10.77381281711056,-0.23523946819100416,cruise,0.13963505564589224,0.3265537541634598,R01,eastbound,0.012441305560909761,1.2165322610756855,615
1006.0759649748215,15387.687761953324,12.858999268263695,34.018136275230766,-118.28689245194708,10.56996468656337,-0.20042560976180912,cruise,0.10945672656643962,0.24026715887098377,R01,eastbound,0.00994380381982339,0.9723222442692105,615
1007.0686379752079,15377.625499364232,11.678925599444174,34.018146605741826,-118.28678334038256,10.389120810576916,-0.17881048395330978,cruise,0.12674209029235914,0.3069272470273706,R01,eastbound,0.011718030481047052,1.145809179484501,615
1008.0613109755942,15367.162704071005,12.316003026823978,34.01814054607658,-118.28666995365322,10.250057517363295,-0.17704902410522205,cruise,0.1449957417405368,0.34978535218508067,R01,eastbound,0.01359071095619244,1.328923097999522,614
1009.0539839759805,15357.482932379884,13.559115548232697,34.01812904798067,-118.28656507652687,10.028717948671863,-0.1714019558458446,cruise,0.09577688351954858,0.23661014395434438,R01,eastbound,0.009178920477620582,0.8975306352058714,614
1010.0466569763666,15348.19277969355,14.69193739190016,34.01811864414988,-118.28646263224518,9.875856832624466,-0.1824555103874923,cruise,0.1161436171868549,0.36085191737594846,R01,eastbound,0.011306069092505179,1.1055268861974228,613
1011.039329976753,15338.893875127784,15.747564214843043,34.01810978791449,-118.28636175079494,9.74244493262638,-0.2568569635280582,cruise,0.09465209399862788,0.2165349768019027,R01,eastbound,0.009342324547139234,0.9135085662346756,613
66.9197198299953,15847.375259886963,5.71555360553879,34.01821884102491,-118.29187494436744,7.614683774455289,0.09231482890658325,cruise,0.050461025133584615,0.17398411434325184,R02,westbound,0.00639937850385008,0.7547634043577699,633
73.85942182964936,15889.475133584107,1.0974040459829735,34.01826233443565,-118.29233103032517,3.4994672838865073,-0.17270183204424136,cruise,0.03599758102192055,0.08791052135524272,R02,westbound,0.010067307202713677,1.1873707817820434,635
74.85080782959994,15893.397472544035,1.6015922787619388,34.01825796445083,-118.2923735726255,3.572978545316048,0.01955980309401201,cruise,0.0392929491023131,0.1186600021168983,R02,westbound,0.01075897376017897,1.2689481732863659,635
75.84219382955052,15898.244123624363,2.3118354946284327,34.018251778361815,-118.29242614482018,3.5027821467579203,-0.08572946256334586,cruise,0.07577215737635826,0.1823047332772847,R02,westbound,0.021170513532050173,2.496918857954579,635
76.8335798295011,15902.642655596994,4.47315583103218,34.018232493866584,-118.29247393724626,3.5389890492807154,-0.12453042841959291,cruise,0.053100916592071674,0.11706517317726067,R02,westbound,0.014681851927035283,1.731625115791938,636
77.82496582945168,15906.192473863264,5.243222245826389,34.018225710983884,-118.29251245589181,3.023510846110308,-0.08426385729807388,cruise,0.048859265229250985,0.13429375223527368,R02,westbound,0.015855119505115513,1.8700040897691235,636
118.47179182742548,16102.281088326197,6.174170361746411,34.01834433812708,-118.29463738842007,17.717926748602,-0.08872436077072393,cruise,0.19957599428321265,0.4055565166493772,R02,westbound,0.010720619577092054,1.2644245568475778,644
121.44594982727722,16152.092275568513,5.0580466001872475,34.01833562434888,-118.29517713375549,16.576456279371993,-0.2793968277530581,cruise,0.30656768643409504,0.6370011283371265,R02,westbound,0.01762206015315097,2.07840278629989,646
122.4373358272278,16168.628303750314,3.763534837580621,34.01832467583332,-118.29535644030983,16.472634392856804,-0.2521882406282539,cruise,0.2294261731056615,0.6120436489277988,R02,westbound,0.013272380863807144,1.5653875385981828,646
123.42872182717838,16185.06547381396,4.227514725063413,34.018329572242216,-118.29553458337409,16.334798765274794,-0.27386462234451586,cruise,0.20878188556535943,0.6233582356041177,R02,westbound,0.012181779571193634,1.4367584937753575,647
124.42010782712896,16200.525794167224,4.857643441297114,34.01833578227527,-118.2957023837703,15.802732052462844,-0.2438173316650087,cruise,0.2389187004917168,0.5082520842910607,R02,westbound,0.014417736148517145,1.70047444639193,648
125.41149382707954,16216.196257423762,4.935900951270014,34.018336487615606,-118.29587224250767,15.61732530492133,-0.09416158515792081,cruise,0.25418105677236447,0.5660653690571364,R02,westbound,0.01552400595820064,1.830951486809619,648
126.40287982703012,16232.11649702691,5.0154057699255645,34.01833720419802,-118.29604480867584,15.739805318262283,-0.007073279830611478,cruise,0.4004042582115025,0.7381530070038727,R02,westbound,0.024260974727090656,2.861417849724012,649
127.3942658269807,16247.840948481266,5.093932830262929,34.018337911967826,-118.29621525261398,15.837622635923045,-0.05353571019826421,cruise,0.6242022329631769,1.1042629423846888,R02,westbound,0.0375835635863381,4.432727081740032,649
128.38565182693128,16262.502750410336,5.143753774157719,34.01833857075939,-118.29637390186447,15.540360617874327,-0.07482170917393184,cruise,0.39909165410730035,0.8358623865932685,R02,westbound,0.024497159974108215,2.8892743018764833,650
129.37703782688186,16277.67016428876,5.118558215222295,34.01833901930559,-118.29653830718007,15.498322683781469,-0.0616238791983681,cruise,0.21886933074908324,0.51635403156951,R02,westbound,0.013471769162270887,1.5889040395907492,651
130.36842382683244,16293.224589620533,5.0573963236153,34.01833916092815,-118.29670690935099,15.6340421005994,-0.03044637200801724,cruise,0.15507208760894742,0.45649580340203877,R02,westbound,0.009460664472076333,1.1158213754874688,651
131.35980982678302,16307.561367178314,4.98653918831195,34.018339160927724,-118.29686231360651,15.377382846598525,0.009717879563066507,cruise,0.09783644634227388,0.22973421430089375,R02,westbound,0.006070174709911583,0.7159360438428346,652
132.3511958267336,16322.268325146753,4.9138524698226576,34.01833916092704,-118.29702173045209,15.480195813309056,0.013016926410269533,cruise,0.0703115494292439,0.16680170175881254,R02,westbound,0.004332947062826255,0.5110417947732255,652
133.34258182668418,16337.352191065193,4.906133038923144,34.01833921931536,-118.29718549367735,15.709973989559993,-0.06433571671531661,cruise,0.06129699146803157,0.17882074212567622,R02,westbound,0.0037212322871851707,0.4388941750815571,653
134.33396782663476,16351.221546484843,4.847950601018965,34.018338694913034,-118.29733582944988,15.3788797492711,-0.18048161957764502,cruise,0.07721549670955048,0.20803867743699098,R02,westbound,0.004790292023853386,0.5649825391037935,654
135.32535382658534,16365.052387126476,4.767602855339646,34.01833797073326,-118.29748574774456,15.096009737546375,-0.17286053113908273,cruise,0.16716863607935192,0.39120183551244114,R02,westbound,0.01056850474300269,1.2464836411849818,654
136.31673982653592,16379.378803108573,4.899822984356433,34.0183391624424,-118.29764103778864,15.020598359936567,-0.05439336666276405,cruise,0.13193873449881624,0.34288842137084663,R02,westbound,0.008383848257667475,0.988818187386327,655
137.3081258264865,16393.641514760195,4.9189625745639205,34.01833933494885,-118.2977956373147,15.040026315802676,0.006722360677309834,cruise,0.10880417890755413,0.28984084241648234,R02,westbound,0.006904713320629651,0.8143642275351443,655
138.29951182643708,16407.926509571014,4.670802470296621,34.018337098264716,-118.2979504783773,15.111314237816941,0.021656947097519284,cruise,0.1369522322440703,0.3356875933688238,R02,westbound,0.008649285311659843,1.0201246922904272,656
139.29089782638766,16422.15030396053,4.4883564207702875,34.018335453865895,-118.2981046560628,15.045280585238618,0.0063931709031386785,cruise,0.17567473314327148,0.3680212446105057,R02,westbound,0.011144358476513318,1.314401693548211,656
140.28228382633824,16436.92653060773,4.385709109716117,34.0183345286986,-118.29826482179372,15.144166455425536,-0.039434816866304186,cruise,0.2104813712630395,0.4373602542703241,R02,westbound,0.013263721994510464,1.5643662835396925,657
141.27366982628882,16451.262462063445,4.25266835000366,34.01833332959306,-118.29842021498001,15.04520269896606,-0.0633083056152913,cruise,0.11498599267211244,0.2896092377224434,R02,westbound,0.007294457473262685,0.8603319138179393,658
142.2650558262394,16465.45951711099,4.6849198347447105,34.01833740137568,-118.29857384640735,14.876821371978284,-0.0399366453033131,cruise,0.08720413121567137,0.2347277451524625,R02,westbound,0.0055957344329942895,0.6599790226484952,658
143.25644182618998,16479.956776656767,5.595123737241094,34.01834626340944,-118.2987309365874,14.936047861480311,-0.0027321602081157134,cruise,0.10452364749975719,0.24664207042260333,R02,westbound,0.0066800445769743325,0.7878660690480268,659
144.24782782614056,16494.134332767848,5.9201851135243135,34.018349837060576,-118.29888459337133,15.01576550667911,-0.03991878281517173,cruise,0.11828122374980202,0.26558792476897797,R02,westbound,0.00751846295737364,0.8867518453285814,659
145.23921382609115,16507.48020969751,6.543045808345618,34.01835605699189,-118.29902921908408,14.890006811985552,-0.0800038136913614,cruise,0.0954178031004013,0.22402339912885583,R02,westbound,0.006117276092529522,0.721491333293722,660
146.23059982604173,16520.747758560326,7.01569222534138,34.01836091949141,-118.29917300398128,14.68541288696487,-0.037927188264742874,cruise,0.18345338396049546,0.3729956090204062,R02,westbound,0.01192796881019309,1.4068232314807216,660
147.2219858259923,16535.622528724616,7.380844518886602,34.01836515297483,-118.29933391535577,14.790512516176928,0.010113698485493127,cruise,0.23274061920106567,0.4556944443569446,R02,westbound,0.015023205738182865,1.7718854886449023,661
148.2133718259429,16550.536657781322,7.578912274219355,34.01836811662922,-118.29949555083266,14.88965690170879,0.012227482617630393,cruise,0.16610753190341046,0.3806697168970503,R02,westbound,0.010649479349189181,1.2560340482120196,662
149.20475782589347,16564.736846229007,7.743587921004436,34.01837072291372,-118.29964945107803,14.745922271759065,0.01855555257579697,cruise,0.09918336212433193,0.24267340483014888,R02,westbound,0.0064218934457601394,0.7574188894481939,662
150.19614382584405,16579.467726661987,7.786484851389198,34.01837227357609,-118.29980911506875,14.80273606187328,0.11703374780424494,cruise,0.10771125348806422,0.3424410777246086,R02,westbound,0.006946828309404548,0.8193314055639336,663
151.18752982579463,16594.53528729668,7.424596250923306,34.01837020262347,-118.29997246680537,14.98780764628239,0.23892573701838968,cruise,0.2438230961456,0.5100504158308856,R02,westbound,0.015527852132354237,1.8314051170326437,663
152.1789158257452,16609.981882442127,6.915460008436085,34.01836623822069,-118.30014071882735,15.34392524175472,0.25873304817258874,cruise,0.22599221882118137,0.5018013123806746,R02,westbound,0.014052585394971045,1.657407385163336,664
153.1703018256958,16625.504837208522,6.551903443268902,34.018362740940624,-118.30030897223783,15.625938876125064,0.1710070574390173,cruise,0.16386109695597484,0.4035709749006313,R02,westbound,0.010002139188112456,1.1796846553049078,665
154.16168782564637,16640.702854904495,6.227538853153308,34.018359601516245,-118.30047370419281,15.703630762127672,0.02377617369457269,cruise,0.13947788431285438,0.3452162413705005,R02,westbound,0.00847093560189874,0.9990895505146246,665
155.15307382559695,16655.893618622533,5.830016196708908,34.018355802817034,-118.30063835626908,15.645306141736151,-0.04669912578233777,cruise,0.2469186712606622,0.5315670587106633,R02,westbound,0.015053024510592374,1.7754024111341768,666
156.14445982554753,16670.73077247404,5.7817906552748095,34.01835515737639,-118.30079918139185,15.465986170542786,-0.006201770620364423,cruise,0.39585331828681203,1.071659516116655,R02,westbound,0.024417247071511643,2.879849115605721,666
157.1358458254981,16686.382169381555,5.109254698633747,34.0183494519585,-118.30096853495263,15.585802310646711,0.0390091465988147,cruise,0.3322932525103714,0.6834069936703979,R02,westbound,0.020336430674085044,2.398544427216427,667
158.1272318254487,16701.995080873727,4.7185339587724915,34.0183464355638,-118.30113778397575,15.726244501809504,0.038157687168766774,cruise,0.19004266588015412,0.4528291032943709,R02,westbound,0.011525013536925135,1.3592973828889154,668
159.11861782539927,16717.158592812695,4.501003104633873,34.01834496559053,-118.30130215506031,15.617086541317937,0.004474134594791382,cruise,0.1589132436028085,0.34334844487064564,R02,westbound,0.00970571346748551,1.1447232468017234,668
160.11000382534985,16732.48119851455,4.338677274779481,34.018343998328426,-118.30146824846976,15.66167592096922,0.0061195894784164175,cruise,0.15244883468039344,0.3258011718610172,R02,westbound,0.009283932333241074,1.0949770152599128,669
161.10138982530043,16747.66885383332,4.086869591074941,34.0183415303854,-118.30163316772756,15.676984457882021,0.04797504996497977,cruise,0.13516680022590696,0.3086387930458103,R02,westbound,0.008223303077397045,0.9698829694208261,669
162.092775825251,16763.13071301272,4.23897871487695,34.01834250560747,-118.30180076932399,15.702747837251497,0.06518344495327108,cruise,0.13739488460408023,0.4719733707327013,R02,westbound,0.00834490566033323,0.9842251714675397,670
163.0841618252016,16778.813676061596,5.121544147080914,34.018350058796976,-118.3019707900328,15.861385382328919,0.04924087139776713,cruise,0.10067104074108897,0.40798547590219647,R02,westbound,0.006052222275439654,0.7138186756405334,671
164.07554782515217,16794.367043028073,5.226828330665386,34.01835060964222,-118.30213938207525,15.865006725053656,0.003286542973204469,cruise,0.21855095801349758,0.8730101760718881,R02,westbound,0.013135970880871138,1.5492989038897933,671
165.06693382510275,16809.75635462487,5.121693395387338,34.01834926817204,-118.30230618938286,15.80762583325455,-0.09493931658192775,cruise,0.13252368110588283,0.3000583495018529,R02,westbound,0.00799472695607857,0.9429239621707576,672
166.05831982505333,16825.297411300824,4.508763023778754,34.01834407765544,-118.30247427692359,15.776056782477099,-0.19751291848285277,cruise,0.17902272064233427,0.3619391898819735,R02,westbound,0.010821847749724665,1.2763637350266994,673
167.0497058250039,16840.100459839596,4.722239652551243,34.01834657374938,-118.30263472199258,15.385606269080276,-0.2403132957954597,cruise,0.24413373158097645,0.5503004240202967,R02,westbound,0.015138823625071211,1.785521836277723,673
168.0410918249545,16854.911963617284,4.058237566595509,34.01834116146659,-118.30279529948983,15.11215703606824,-0.14891532811645183,cruise,0.29301256212472626,0.5484386049967869,R02,westbound,0.01850430210137296,2.1824572559498168,674
169.03247782490507,16869.797259604744,4.566962856405533,34.01834618999863,-118.30295679825838,15.042066157341797,-0.016436252038491715,cruise,0.23373918233403648,0.5364352017219691,R02,westbound,0.014831042681798634,1.7492211560786857,674
170.02386382485565,16885.264750373233,4.197666247791583,34.01834296493286,-118.30312445981534,15.2338014653794,-0.02939437984340864,cruise,0.13665547857465205,0.32560724839745103,R02,westbound,0.008559961053386139,1.0095895002829796,675
171.01524982480623,16900.238473520574,5.512740052829734,34.01835491790783,-118.30328675567354,15.166193818793403,-0.12133468755040341,cruise,0.1498281541717048,0.30422151600716424,R02,westbound,0.009427642150007754,1.1119266159871073,676
172.0066358247568,16913.95537471552,5.528129139087574,34.01835514833383,-118.30343543876597,14.81318231469272,-0.11387857806644541,cruise,0.1930963507196781,0.411517596401742,R02,westbound,0.01244479964123112,1.4677799317722624,676
172.9980218247074,16927.594926551443,4.663217997664981,34.01834744403814,-118.3035832905157,14.74094824475339,0.008443383533899208,cruise,0.1681441102900638,0.3903306648429642,R02,westbound,0.010890679271392785,1.2844819473796802,677
173.98940782465797,16941.84207030622,5.044753309124657,34.01835097811007,-118.30373771818402,14.981661271483297,0.10637154249734283,cruise,0.11872733489876397,0.34576274726930867,R02,westbound,0.007564295139658648,0.8921574411860177,677
174.98079382460855,16956.24255184799,5.708463757671948,34.01835705647062,-118.30389380567541,15.047938775369149,0.07970612238302432,cruise,0.0937270840260477,0.25471578127417804,R02,westbound,0.005944739558949388,0.7011418163238032,678
175.97217982455913,16970.86058162249,7.68487862259971,34.018374967778044,-118.3040522407063,15.138923332227044,0.036783771500258446,cruise,0.15782692179868923,0.2985950377541917,R02,westbound,0.009949146004235819,1.1734344677520971,678
176.96356582450971,16985.38677280698,6.75938555920291,34.01836672338231,-118.30420970359711,15.057803387054907,0.10546487220914644,cruise,0.16807401387487947,0.48793476738227975,R02,westbound,0.010653168502856815,1.256469158930929,679
177.9549518244603,17000.584339631296,6.679745485935342,34.018366107205196,-118.3043744370064,15.19059815634196,0.22509296682311916,cruise,0.3405199923301122,0.7397252493760782,R02,westbound,0.021391536984242874,2.522987078973152,680
178.94633782441088,17016.673653024274,8.111944123909048,34.018379264484935,-118.3045478497109,15.623602338022588,0.2526040381604308,cruise,0.30142347032914346,0.6235639504213015,R02,westbound,0.018401793947864245,2.170367112685105,680
179.93772382436146,17032.5052547454,8.042178516265103,34.01838032132001,-118.30471945205527,15.912048477234048,0.17459881506169736,cruise,0.24555592162667542,0.5112457011336314,R02,westbound,0.014714717281307615,1.7355013620025794,681
180.92910982431204,17047.97809213962,7.95142844507052,34.01838115083616,-118.3048871685606,15.838921707942212,0.04859857335151733,cruise,0.23794098008558714,0.4669705567809763,R02,westbound,0.014325363494023457,1.689579716671962,681
181.92049582426262,17064.283137778566,7.793212100416092,34.01838146092192,-118.30506391373015,16.013847711583097,-0.00714537551248778,cruise,0.16796489817090063,0.3955942423429838,R02,westbound,0.010000064410245414,1.1794399492908358,682
182.9118818242132,17079.60515252025,7.614225254754075,34.018381479151316,-118.30523000681768,15.810882775103138,-0.0015019700200940536,cruise,0.18782916372084915,0.6504713322614393,R02,westbound,0.011328754349987329,1.3361499394331882,683
183.90326782416378,17095.53423698794,7.460516890617147,34.01838178983633,-118.3054026764932,15.897584458588303,0.018473301853685696,cruise,0.15796287740619377,0.37933653148096713,R02,westbound,0.009474543478201904,1.1174583103720261,683
184.89465382411436,17111.5660244925,7.333633907938156,34.0183822670342,-118.30557677855501,15.946250768635405,0.08525809752122138,cruise,0.17951072298638385,0.4004788202853612,R02,westbound,0.010733549645830277,1.2659495709866182,684
185.88603982406494,17127.54738611576,7.093985059348759,34.018381225901514,-118.30575002220127,15.98836475503446,0.09297985787494943,cruise,0.1276197049854987,0.3955847913027539,R02,westbound,0.007610366062542065,0.8975911948820167,685
186.87742582401552,17142.616865229636,6.258099826189102,34.01837474717503,-118.30591343206522,16.227244584246748,0.11634718459807405,cruise,0.1563099156974844,0.2999299503884616,R02,westbound,0.009181693896064604,1.0829186832120263,685
187.8688118239661,17158.128017238032,6.549113754280246,34.01837845588129,-118.30608153438897,16.169664219224682,0.1336686352861718,cruise,0.1728093891196929,0.39669151225057747,R02,westbound,0.01018764852292637,1.2015642264226432,686
188.86019782391668,17174.640937353357,5.471221673782457,34.01836989704415,-118.30626061021925,16.457021124110362,0.10341520674298386,cruise,0.15006361890472966,0.3693259384486129,R02,westbound,0.008689608446180429,1.0248805332313597,686
189.85158382386726,17191.30378590347,4.363615826755269,34.0183610808986,-118.30644131363945,16.553691497102108,-0.03261631553615938,cruise,0.10308809058628839,0.24113122188522648,R02,westbound,0.005933977575923906,0.6998725132280312,687
190.84296982381784,17207.650691045004,3.8863612374717573,34.01835843875566,-118.30661834482495,16.458363635251253,-0.1970000539491422,cruise,0.22193584536686586,0.5332255316077621,R02,westbound,0.012850387012938391,1.515616218569508,688
191.83435582376842,17223.236865603787,3.170341856137271,34.018353705121186,-118.30678737226116,15.974309556528667,-0.24252809199176656,cruise,0.4227087671832268,0.8437972042661306,R02,westbound,0.025230019607830438,2.975710138064605,688
192.825741823719,17238.93692568421,4.766662646785748,34.01836982377043,-118.30695732727862,15.86458449183567,-0.22255411184308907,cruise,0.23973617048410165,0.5097591852308785,R02,westbound,0.01440969483532721,1.69952602789862,689
193.81712782366958,17254.68035158109,4.812717434471998,34.01837197559591,-118.30712795799576,15.704836910545517,-0.19009101993452907,cruise,0.22034187698297228,0.671462567989414,R02,westbound,0.013381017674075266,1.5782005154688596,690
194.80851382362016,17269.771174973666,4.798038388633089,34.01837344627796,-118.30729167525651,15.404014096958358,-0.17527650017791271,cruise,0.14971898419217683,0.37741296716479755,R02,westbound,0.009272844684591214,1.0936693021067907,690
195.79989982357074,17284.708336262214,5.072933919767431,34.01837718083408,-118.3074535505472,15.304158496129466,-0.09446100054846061,cruise,0.2730864779504285,0.7720597031078615,R02,westbound,0.017025871434916594,2.0080863600495054,691
196.79128582352132,17299.771738328232,5.398966167528462,34.018381386892436,-118.30761678897973,15.222662895871412,-0.04051242370475408,cruise,0.18983949947913498,0.44721554161525434,R02,westbound,0.011900205118781326,1.4035486918930296,691
197.7826718234719,17315.014701973094,5.906746059850995,34.01838724609415,-118.30778195527698,15.324304230722056,-0.12722813411967665,cruise,0.08597139168324636,0.23589129898505634,R02,westbound,0.005352811771695222,0.6313279380584175,692
198.77405782342248,17329.84857085494,6.4344433707893876,34.01839335427401,-118.30794241625584,15.142887664256014,-0.25773248971474433,cruise,0.06370848058676067,0.17344986260877554,R02,westbound,0.004015006922085504,0.4735429059572095,693
222.5673218222364,17488.97005547505,10.472334665801766,34.01844476091771,-118.30966722505308,7.393166922237941,0.29756235952139415,cruise,0.06749042302685689,0.12840355274473111,R02,westbound,0.008819943362753734,1.040252654958551,699
223.558707822187,17496.167470027736,10.42210728667596,34.01844476091779,-118.30974524275408,7.333622620223557,-0.06296826561330743,cruise,0.07287819060091424,0.25646893030549867,R02,westbound,0.009602705169186371,1.1325741148423334,699
224.55009382213757,17503.289876699375,10.372403336633399,34.018444760917724,-118.30982244739332,7.131436966117245,-0.25566222645682773,cruise,0.07502931430227942,0.35609663156015137,R02,westbound,0.010171321037831001,1.1996385100069369,700
284.0332538191724,17673.97999230878,5.818959385279482,34.01844140634677,-118.31167293310943,14.21179973466321,0.01487426710780755,cruise,0.131997597871579,0.34604024443989656,R02,westbound,0.008873374022326738,1.046554439810336,706
285.02463981912297,17688.947343842257,5.599768533963941,34.01843920417905,-118.31183516630378,14.027763325823448,-0.24395690478777096,cruise,0.1547282715184514,0.33501989207484606,R02,westbound,0.010540239010378307,1.2431498892324429,707
288.9901838189253,17740.743044923238,5.673135721358395,34.01843918263643,-118.31239639692869,12.482342227309424,-0.16771625496561088,cruise,0.15159568042608648,0.3365386224842861,R02,westbound,0.011628721744550858,1.3715290644186673,709
289.98156981887587,17753.25036010477,5.744317483997682,34.01844001119735,-118.31253196750824,12.524862238053819,0.03360610999287434,cruise,0.08323305042323258,0.27552560716993696,R02,westbound,0.006362659547557498,0.7504326518574795,710
290.97295581882645,17765.93076650218,5.444864119896422,34.018437501790785,-118.31266942095782,12.514807033289424,0.23423014759485047,cruise,0.14242493746989487,0.2760360105068247,R02,westbound,0.010896416921427532,1.2851586643875326,710
313.7748338176898,18196.503116551485,10.103776347007418,34.018820384656046,-118.31728795416446,24.48352972196743,0.12413901328090955,cruise,0.13115574397897023,0.3245914976247344,R02,westbound,0.005070158357825761,0.5979908799711189,727
314.7662198176404,18220.708534502526,10.106598974090987,34.01885930493196,-118.31754290711349,24.38058686958873,0.07967418796594451,cruise,0.2890615086032603,0.5688745108839415,R02,westbound,0.01122240209226266,1.3236064100805938,728
315.75760581759096,18245.248436645426,9.792859291263127,34.018900923862915,-118.31780276315718,24.529341046883076,0.14499253380649446,cruise,0.21300477005813212,0.5687187616668286,R02,westbound,0.008218597650722598,0.9693279961755923,729
316.74899181754154,18269.52126463531,9.85089415500862,34.018948022646555,-118.31805969778743,24.743013602678136,0.22513526952624596,cruise,0.2048779374178016,0.4248478930115061,R02,westbound,0.007835596714270511,0.9241556266251939,730
317.7403778174921,18294.244721741416,10.170494972988674,34.01899828977661,-118.31832080117744,24.983564397556737,0.17849213101460742,cruise,0.21426512722314017,0.5987534355818638,R02,westbound,0.008114360334305981,0.9570339098432413,731
318.7317638174427,18319.428311957145,10.588975614433199,34.01905031082564,-118.31858654950356,25.265539244735603,0.04144938945207089,cruise,0.22097764056619432,0.5744343309267925,R02,westbound,0.008273573113785026,0.9758119801487514,732
319.7231498173933,18344.381028766747,11.219842962925906,34.019103404202056,-118.31884701873416,25.06854300356096,-0.07177378139337133,cruise,0.18355282168660428,0.5420856467323573,R02,westbound,0.006927296863165223,0.8170278036052816,733
320.71453581734386,18369.35208998057,11.12992200104478,34.01915746315139,-118.31910638678511,24.904589063129592,-0.12130802219277892,cruise,0.27175157661616095,0.5896529717745032,R02,westbound,0.010324607280958608,1.2177175854413091,734
321.70592181729444,18394.324476395825,10.933000598665748,34.019213838468076,-118.31936845335298,24.917581446941345,-0.15260408460142505,cruise,0.2613715913215667,0.7371562958672275,R02,westbound,0.009924975607295484,1.1705837329395852,735
322.697307817245,18418.780157334855,10.855188517212522,34.01927004900952,-118.31962477566873,24.69492235205354,-0.18391665679198116,cruise,0.23145766770238027,0.4707193671608809,R02,westbound,0.00886967932094496,1.0461186747760725,736
323.6886938171956,18442.56675940295,11.008206747592302,34.01932671316385,-118.31987344550555,24.370472396582258,-0.14878669583156562,cruise,1.5300385167190036,8.046707505929286,R02,westbound,0.059426647654712283,7.008971084685056,737
324.6800798171462,18466.53385087371,11.590421621717455,34.01938753449046,-118.32012280477102,24.357703721280952,-0.11419592437627321,cruise,0.21837946584332676,0.7669800649008369,R02,westbound,0.008486374376041505,1.000910449485375,738
325.67146581709676,18490.47396322721,12.123907406070298,34.01945100530992,-118.32036833525915,24.369769794356007,-0.0902308909297985,cruise,0.14241170641681516,0.399716491532232,R02,westbound,0.0055314283930248415,0.6523945602481376,739
326.66285181704734,18513.493429814043,12.837439649421565,34.01951459618177,-118.32060596991464,24.016351510211475,-0.08155577879963807,cruise,0.16991138170071288,0.3688021044420372,R02,westbound,0.006698346493065124,0.7900246562431186,740
327.6542378169979,18537.88672578601,13.606855108268826,34.01958228754072,-118.3208574919112,24.175102755466515,-0.08594112784400906,cruise,0.14646046686490288,0.34971244477314806,R02,westbound,0.005735285392330958,0.6764381142754349,741
328.6456238169485,18562.028858263056,14.26019835207988,34.019648412567385,-118.32110690321133,24.067251216268286,-0.1473152325859361,cruise,0.1863017537943821,0.4797538598860474,R02,westbound,0.007328697636462488,0.8643703094413425,742
329.6370098168991,18585.61667039969,14.622936263545649,34.01971063312029,-118.32135141803113,23.807665102512118,-0.24356890872760018,cruise,0.19073729953843774,0.4246089121432579,R02,westbound,0.007586407976109131,0.8947655006576261,743
330.62839581684966,18608.606092901413,14.641694641301966,34.01976861795782,-118.32159212570926,23.50751160817491,-0.21607273893971468,cruise,0.11974809616199644,0.44993323398481855,R02,westbound,0.00482474221957891,0.5690457066427888,744
331.61978181680024,18631.566132952925,14.849860490591588,34.01982615920308,-118.32183119544466,23.286017526745184,-0.15116560863079034,cruise,0.18271870555560854,0.43921545565017234,R02,westbound,0.007433111922490697,0.8766852681422262,745
332.6111678167508,18654.972724591444,14.823368949045067,34.01988274759733,-118.32207561172831,23.30362986190037,-0.1685712050425417,cruise,0.23972092068294062,0.778049697664058,R02,westbound,0.009744500835882897,1.1492979545174926,746
333.6025538167014,18677.81347039384,14.766461423363708,34.01993769841724,-118.32231421000122,23.112366040363227,-0.2582972093676317,cruise,0.13913591666692288,0.31963060278232613,R02,westbound,0.005703397621886599,0.6726771674641964,747
334.593939816652,18700.05773427411,14.720326358864405,34.0199912948121,-118.32254655021377,22.67844829851301,-0.29692079960669954,cruise,0.20777360374506806,0.5208846602870087,R02,westbound,0.0086827527261959,1.0240719474363904,748
335.58532581660256,18722.265094563685,14.589531481931417,34.02004406677574,-118.32277875234384,22.374765666972284,-0.24286635795378045,cruise,0.09152020490283458,0.27196049629271724,R02,westbound,0.0038773910291362494,0.4573120423204323,748
336.57671181655314,18744.15606409027,14.494039295870223,34.02009635195449,-118.32300758678261,22.275051492346016,-0.1988827377964501,cruise,0.11691792448964546,0.37596527946579167,R02,westbound,0.004975959788869965,0.5868807959921931,749
337.5680978165037,18765.800727940485,14.520102677284454,34.02014908537491,-118.32323346860036,22.07111700372405,-0.153293097632518,cruise,0.14582116710928353,0.5228541815148346,R02,westbound,0.006264399570606925,0.738843552279964,750
338.5594838164543,18787.25710211693,14.644834029723652,34.020202218513084,-118.3234570969247,21.79907959046179,0.008566409992874415,cruise,0.1281733322650637,0.29238916791650305,R02,westbound,0.005576161795639497,0.6576705624764213,751
339.5508698164049,18809.06055261449,14.79672589914879,34.02025642937995,-118.32368426928737,21.938901783564884,0.2393994421187313,cruise,0.18091274091251922,0.4938916009696408,R02,westbound,0.00781956064005033,0.9222642801508956,752
341.53364181630604,18853.727655397997,15.44134434953172,34.02037038163268,-118.32414868754721,22.835997699934946,0.27129498087923376,cruise,0.12233426632035467,0.2990509125949113,R02,westbound,0.005076411349792226,0.5987283780736599,754
342.5250278162566,18876.509076820705,15.611944980052657,34.02042715183639,-118.32438560211567,22.95541344430877,0.1502075422050989,cruise,0.16273394510708872,0.4196777600335756,R02,westbound,0.00671711438454402,0.792238202083032,755
343.5164138162072,18899.39847186534,15.637695185034483,34.020483358946755,-118.32462432423341,23.055459040785145,0.06978416369206498,cruise,0.15798511507410617,0.34731683137615404,R02,westbound,0.006492315523288916,0.7657246971052325,755
344.5077998161578,18922.203387269237,15.599449337526737,34.020538804276526,-118.32486235324255,23.132243011850363,0.025269329263887502,cruise,0.14843648401554793,0.40453687743242744,R02,westbound,0.006079324057410793,0.7170151474873528,756
345.49918581610837,18944.889286376772,15.550529688453482,34.02059386591804,-118.3250991719885,23.07426638980879,-0.002708590670751398,cruise,0.15113394020665827,0.36931957836321605,R02,westbound,0.0062056207676575645,0.7319109900957702,757
346.49057181605895,18967.642553806254,15.55887782059622,34.02064958962629,-118.32533711424497,23.086916050847282,0.00479990283484788,cruise,0.12417354612182503,0.31612615275421607,R02,westbound,0.005095774422586853,0.6010121215235131,758
347.4819578160095,18990.535522580725,15.612122486364422,34.02070537590084,-118.32557601986396,23.08467444856474,0.0169629899173287,cruise,0.15354314993940493,0.34587833679418356,R02,westbound,0.006301652513859173,0.7432372849298607,759
348.4733438159601,19013.43686643763,15.632329905526996,34.02076089555098,-118.32581510895696,23.150386291923958,0.04336611789814576,cruise,0.12266928191033463,0.32258538912846485,R02,westbound,0.005020004481473976,0.5920755695336697,760
349.4647298159107,19036.10620032258,15.646370253048229,34.02081580096875,-118.3260517932039,23.111697373060164,0.14722645315432004,cruise,0.13691257926043365,0.32945089715408904,R02,westbound,0.00561242473069526,0.6619475303566968,761
350.45611581586127,19059.31038432726,15.654830859257816,34.02087196316825,-118.32629389515809,23.317848499290427,0.2800840781140046,cruise,0.1320264034655502,0.3339709920265332,R02,westbound,0.0053634593505587635,0.6325837479572036,762
352.4388878157624,19107.617692590375,15.478242239031548,34.02098759859479,-118.3267987171968,24.135150560016125,0.2166755043793679,cruise,0.20647757994094001,0.6563222943551428,R02,westbound,0.008099126714565084,0.9552372074463736,764
353.430273815713,19131.33598308583,15.445513870967421,34.0210448426877,-118.32704642112859,24.122618427286003,0.12431535196602156,cruise,0.21546665540101492,0.5498570128780276,R02,westbound,0.00845619147413372,0.9973505803850227,765
354.4216598156636,19155.179843883187,15.330430447826021,34.0211021415652,-118.32729498650727,24.277046149523777,0.08616137848047402,cruise,0.22390886631314405,0.5955139262706268,R02,westbound,0.008730657631844179,1.0297220069930768,766
355.41304581561417,19179.20790160032,15.184081556528248,34.02115979492035,-118.32754604301334,24.390533115676337,0.05411005964349543,cruise,0.16611956697443,0.5212424950462771,R02,westbound,0.0064466807804475276,0.7603423878945434,767
356.40443181556475,19203.544775273636,15.111680150051004,34.02121884691815,-118.32780010254513,24.379750977797702,-0.020082820697504923,cruise,0.15225033906125268,0.37234855708163184,R02,westbound,0.00591110909833748,0.6971753309961589,768
357.39581781551533,19227.67432478743,15.260446907234627,34.02127900075938,-118.32805533138985,24.3417773325344,-0.10207177724242147,cruise,0.1847708801415321,0.46112860467297906,R02,westbound,0.007185100705452503,0.8474340228255066,769
358.3872038154659,19251.972638343304,15.803203787525284,34.02133853105629,-118.32830886218686,24.206342968991564,-0.1911363288349457,cruise,0.20123990928116361,0.5168075921733548,R02,westbound,0.007870063395766031,0.9282207385492383,770
359.3785898154165,19276.003685240947,16.13148342163682,34.02139570354228,-118.32855948124475,23.95678593879321,-0.2759848329379252,cruise,0.16639088941557653,0.4153100996664273,R02,westbound,0.006576150019128677,0.7756124087704461,771
361.36136181531765,19322.345255827415,16.34062548156489,34.0215034882644,-118.32904478886114,23.27867221548041,-0.273645754299259,cruise,0.18149184679087838,0.47558233869998895,R02,westbound,0.007385572300866309,0.871078291365104,772
362.35274781526823,19345.487865056606,15.905446060520402,34.02155261054202,-118.32928863148547,23.02592575635628,-0.14223454676768482,cruise,0.2887644039637036,0.6791680342759205,R02,westbound,0.011882104116874173,1.4014138011667645,773
363.3441338152188,19368.59518588247,14.31319085192152,34.021591564501406,-118.32953528591115,22.930931852493107,0.07399893562621651,cruise,0.22518974923720045,0.6923207671495706,R02,westbound,0.009305176075936037,1.0974825710022562,774
364.3355198151694,19391.10786852174,12.52450689526402,34.02162476187032,-118.32977952072521,23.129487421343914,0.26438096429945085,cruise,0.3403175084544529,0.7871788507995512,R02,westbound,0.013939639934825483,1.644086232186538,775
366.31829181507055,19437.724758847242,11.386182438697782,34.02171423326734,-118.33027338544338,23.914199525569607,0.20601864962043437,cruise,0.3222024594882578,1.128585307793586,R02,westbound,0.012757248527772215,1.5046311643023702,777
367.30967781502113,19461.14815548154,12.171749310610183,34.0217712406014,-118.33051781341881,24.02038981472918,-0.001248480322933462,cruise,0.20914621543787842,0.6378845167315245,R02,westbound,0.008243675195217334,0.9722857229055228,778
368.3010638149717,19484.601539351697,13.562028110378098,34.02183372995006,-118.33076113967522,23.949841239628512,-0.2541295836718048,cruise,0.3577843657237864,0.9982119635991422,R02,westbound,0.014144630515843797,1.6682634845083963,779
383.1718538142304,19699.399522191554,15.767009931361317,34.0223049402214,-118.33302188293607,7.56305409970198,-0.2503796287547425,cruise,0.04536178067729546,0.11751410509430114,R02,westbound,0.005792650363774516,0.6832039245977305,787
384.163239814181,19706.419175656785,15.754202990236632,34.02231900349031,-118.33309606853454,7.678876424705747,0.14868688290798124,cruise,0.03832573870324139,0.10962964393080302,R02,westbound,0.004819075619619555,0.5683773695106933,788
387.13739781403274,19731.608611702686,15.653262648761956,34.02236898537536,-118.33336241085095,8.7684516716653,0.19375343332519548,cruise,0.06662469278395364,0.15532193249752477,R02,westbound,0.007319676852946031,0.8633063690488874,789
388.1287838139833,19740.694085830793,15.592200575572827,34.02238679657441,-118.33345853664267,8.968114097489408,-0.02131335738458694,cruise,0.060636365538039215,0.18308139998415024,R02,westbound,0.006510936079370526,0.7679208657317226,789
389.1201698139339,19748.992201798625,15.536430222142734,34.0224030642335,-118.33354633205717,8.74840604968367,-0.23551795128261827,cruise,0.03802326259146162,0.08186759304719557,R02,westbound,0.004187136768245949,0.4938444568971131,789
391.10294181383506,19763.93379346374,15.434463081064766,34.022432342199544,-118.33370442028055,7.999099134687742,-0.22154646597357716,cruise,0.032301427397717596,0.08792204603305612,R02,westbound,0.003896245323605619,0.45953577880857777,790
392.09432781378564,19771.44504204421,15.374974779884905,34.02244698816955,-118.33378391238357,7.89142234915042,-0.14381561586319244,cruise,0.03407163962668753,0.09865113237997822,R02,westbound,0.004166819174353237,0.4914481341408336,790
465.4568918101286,19970.358963197632,11.251167927977404,34.02280491552927,-118.33589836414376,13.843753896285403,0.2414836744150408,cruise,0.18794649559988008,0.5025575897084632,R02,westbound,0.012976220733433769,1.5304574546687566,798
466.44827781007916,19983.693319331574,10.99191073297081,34.022829012041036,-118.33604516602126,13.920699023692702,0.10016858038422535,cruise,0.11616515024252758,0.2679051508170085,R02,westbound,0.007975194218385287,0.9406202078938478,799
467.43966381002974,19997.780043046234,11.32579940160819,34.022854042194915,-118.33619490507299,13.989709661711686,-0.08341736734415048,cruise,0.1130545774803602,0.2908071238793928,R02,westbound,0.007722696345184715,0.9108397918338659,799
476.36213780958496,20089.890921994862,11.99231322557576,34.023009516427706,-118.33717442971692,6.776606920721607,-0.23620791069274086,cruise,0.03704509030120525,0.09731051123230693,R02,westbound,0.005289603011052524,0.6238728923318339,803
477.35352380953555,20095.828612949317,12.015553833164766,34.023019542745054,-118.33723765173197,6.506145992006045,-0.21290959509157473,cruise,0.0418737438418692,0.10908109656077473,R02,westbound,0.006231993417742845,0.7350214657690449,803
478.3449098094861,20101.677397956133,12.038446497006262,34.02302941893719,-118.33729992711409,6.266656562828147,-0.15354312288034785,cruise,0.04082068021492411,0.09908041469571548,R02,westbound,0.00631151371014001,0.7444003463226955,804
479.3362958094367,20107.961725875914,12.063043433208858,34.0230400305779,-118.33736683997337,6.190968454743298,-0.0329406383362753,cruise,0.031839378909422525,0.0764699257367479,R02,westbound,0.004984091018347618,0.5878398195033786,804
480.3276818093873,20114.390845062404,12.075422397236133,34.0230507734388,-118.33743531993804,6.178461443510744,0.13837455665600756,cruise,0.04140952269071193,0.0899608605765638,R02,westbound,0.006495535492311543,0.7661044706691782,804
487.26738380904135,20170.03521303397,11.996170245330058,34.023141957756785,-118.3380284820507,8.98706228473252,0.21772825898992593,cruise,0.04783769949670005,0.10745405775310007,R02,westbound,0.005125640718303868,0.604534649065425,806
488.25876980899193,20179.10008834859,11.9622169373392,34.02315661217202,-118.33812514728282,9.047062358202997,0.13446381766904955,cruise,0.05048724343809648,0.14291219198611627,R02,westbound,0.0053730389653619684,0.6337135987195789,807
489.2501558089425,20188.33772756379,11.927616506693651,34.02317154587984,-118.3382236548197,9.117462866604427,0.162026734368255,cruise,0.049485202485148636,0.13470376637358683,R02,westbound,0.005225036794707867,0.6162577438880475,807
490.2415418088931,20197.701930566534,11.892542037951335,34.02318668419276,-118.3383235119965,9.3119272883119,0.2734193751518296,cruise,0.060087946499521316,0.15522406199473088,R02,westbound,0.0062098072816478,0.7324047611002139,807
496.18985780859657,20262.654752872066,11.843678860797972,34.02328883393224,-118.33902160557814,11.770295070935397,0.2664707690935006,cruise,0.062997981071054,0.15002561990729257,R02,westbound,0.005130023167804369,0.6050515293378506,810
497.18124380854715,20274.557363176722,12.165952914349528,34.02330735957816,-118.33914873272793,12.030595942672665,0.24567979257116898,cruise,0.08445717132448417,0.22284550510438206,R02,westbound,0.006726141790706019,0.7933029235717283,810
498.17262980849773,20286.67722357276,12.494109209925353,34.023326223359824,-118.33927818024146,12.250578144199219,0.23661535468181807,cruise,0.10568589534843317,0.22504294714546164,R02,westbound,0.008263075126134852,0.9745738135216354,811
499.1640158084483,20298.92685353266,12.825779004061626,34.02334528911828,-118.33940901377342,12.452451606020428,0.2663532323930489,cruise,0.089718690302591,0.22282551891716196,R02,westbound,0.006899016941970134,0.81369237820681,811
500.1554018083989,20311.48276709496,13.199911373619116,34.02336513626546,-118.33954306456287,12.755902307617003,0.2830542887390758,cruise,0.11640873617696072,0.29025268214138467,R02,westbound,0.008734814096144211,1.0302122338398396,812
501.1467878083495,20324.488212836888,13.654118177831926,34.02338624274959,-118.3396813444396,13.109624973071192,0.26499892978384343,cruise,0.17394352343624953,0.4372373552581352,R02,westbound,0.012693837211805318,1.4971522285455325,812
510.0692618079047,20465.8292751459,14.811919306179444,34.02358242833201,-118.3411959728784,18.475263567876134,0.01638267758267604,cruise,0.1320082087120125,0.34448598553430954,R02,westbound,0.00679551041793359,0.8014844838920636,818
517.0089638075588,20573.74403761449,14.625005504001706,34.023720138669084,-118.34235427469646,13.205787808261501,-0.08870677087021382,cruise,0.0898229795359471,0.2728306556272092,R02,westbound,0.006506440627614341,0.7673906576076708,822
518.0003498075093,20586.419428983212,14.578825745120081,34.02373591520496,-118.34249035314119,13.245147886718861,-0.07486168741031242,cruise,0.10924575636483133,0.23400404203772246,R02,westbound,0.00788943421292304,0.9305053953942458,823
518.9917358074599,20597.86088461966,14.537141571388222,34.023750155912325,-118.34261318449546,12.990709267983467,-0.13641153562589048,cruise,0.12190512716040384,0.25591660962559076,R02,westbound,0.008979085650972418,1.059022411296757,823
519.9831218074105,20609.97411242491,14.493010024698666,34.023765232747365,-118.3427432277541,12.859947469524876,-0.13192127357635164,cruise,0.09580429045130347,0.24790595875098098,R02,westbound,0.007129586639860995,0.8408865143275519,824
520.9745078073611,20622.207822391556,14.443866093647978,34.02378041873681,-118.34287457149054,12.779569305547891,-0.07052941445213536,cruise,0.07224608710906348,0.22711100356004865,R02,westbound,0.005410825661218567,0.638170283878458,824
521.9658938073117,20634.108304139867,14.363226379627692,34.02379489812986,-118.34300238804964,12.671578426838963,0.012320956120542698,cruise,0.09778060007768082,0.26149235601071374,R02,westbound,0.007386705924020532,0.8712119945474717,825
522.9572798072622,20646.309284921703,14.279656727480106,34.02380973516827,-118.34313343347702,12.759547066234024,0.09633317265885387,cruise,0.08923878695179813,0.21228491458266233,R02,westbound,0.006694151580003607,0.7895298946250349,825
523.9486658072128,20659.34306814979,14.315150720005525,34.02382583637012,-118.3432756443998,12.953258649262208,0.1267601747513466,cruise,0.07401254479034074,0.1601506908432612,R02,westbound,0.005467526212550336,0.6448577303432016,826
524.9400518071634,20673.03920759869,14.407940092379153,34.02384238356573,-118.34342276623268,13.070909235353504,0.07706402566322948,cruise,0.09484268319470025,0.2437239268696523,R02,westbound,0.006942167027359469,0.8187816388791064,826
525.931437807114,20686.315501807185,14.370735574264984,34.023857286839295,-118.34356555363665,13.114225833318125,-0.006779791079279814,cruise,0.14819528354802305,0.3056777435358947,R02,westbound,0.010810954312075806,1.2750789277473573,827
526.9228238070646,20698.86774552778,14.30220595122128,34.02387107915537,-118.34370059986418,13.05698105903225,-0.22079614771601064,cruise,0.17533602656399674,0.39362411512157913,R02,westbound,0.012847936358976346,1.5153271805127368,827
538.8194558064715,20778.368451674927,13.941186457285204,34.02395907206896,-118.34455583758303,3.7212349030265273,0.2188677936747262,cruise,0.030309799867169494,0.07929507694781932,R02,westbound,0.00796303967310996,0.9391866615010368,831
539.8108418064221,20781.498641850638,13.932950334340577,34.023962588912674,-118.34458950250367,3.6877008469369152,0.04953783534197542,cruise,0.03082714453009676,0.07381690450093467,R02,westbound,0.008173877804492208,0.9640535928311272,831
540.8022278063727,20784.743559226314,13.932664455967222,34.02396630842725,-118.34462438992166,3.6781020702556897,0.028623432782899975,cruise,0.029265438227563285,0.07504060470291209,R02,westbound,0.007780387928759021,0.917644123847535,831
541.7936138063233,20788.373150843232,13.93272414404179,34.02397047227024,-118.34466341260442,3.766235749906851,0.04610264729189899,cruise,0.028637303529394167,0.06876285176663768,R02,westbound,0.0074322055913178045,0.876578372511484,831
542.7849998062738,20792.26857071359,13.932788237240262,34.02397494106992,-118.34470529327578,3.8129612232455528,0.04677411090348872,cruise,0.035758438925188644,0.08375804095299366,R02,westbound,0.009164676501529136,1.0809115966449228,831
543.7763858062244,20796.19648605978,13.901603855903998,34.02397916778887,-118.3447475664217,3.827074808462143,0.0470022510938645,cruise,0.04773813894815243,0.08773689266273728,R02,westbound,0.012189107519748733,1.4376227757357194,831
544.767771806175,20800.07509359746,13.850056855177286,34.02398315591211,-118.3447893375352,3.895490203959524,0.061444536808191536,cruise,0.04614826496181922,0.09360499433766883,R02,westbound,0.011572688462173113,1.3649203178131457,832
545.7591578061256,20803.98428203635,13.796571844647945,34.02398716178768,-118.34483144010606,3.9632910113965942,0.06416124924453535,cruise,0.042972637710816754,0.10857892503791479,R02,westbound,0.010588833995110932,1.2488813389489182,832
546.7505438060762,20808.02449574616,13.741294174006093,34.0239913019293,-118.34487495383956,4.0422365417016355,0.0700348488265801,cruise,0.060693159350685325,0.12276237167712772,R02,westbound,0.01465827148500546,1.7288439621702258,832
547.7419298060267,20811.689911927326,13.691144454415934,34.023995058003585,-118.34491443094502,4.061979856162263,0.07472021781379459,cruise,0.06126657907456906,0.17011971792551406,R02,westbound,0.014723606601920155,1.736549797234831,832
548.7333158059773,20816.036389653167,13.631676499827805,34.023999511983966,-118.3449612431899,4.21339077100582,0.07141077323914415,cruise,0.03775898933753903,0.10011169714469928,R02,westbound,0.00874265918435127,1.0311375089238317,832
549.7247018059279,20820.05806477155,13.576652019253231,34.02400363312443,-118.3450045572605,4.236596249215534,0.058205955492690545,cruise,0.0392088477826297,0.10090606513178757,R02,westbound,0.009027778527779633,1.0647654067212151,832
550.7160878058785,20823.929661010185,13.57990834026043,34.02400810313512,-118.34504617739364,4.292393993657962,0.06327399699315302,cruise,0.03910806151288471,0.08354386916874815,R02,westbound,0.008885520086214732,1.0479869858808855,832
551.7074738058291,20827.99220742368,13.568359027081376,34.02401265981535,-118.34508987091012,4.329204049845321,0.09446367092533675,cruise,0.03493855045954736,0.08686030033109324,R02,westbound,0.007869536871029488,0.9281586385183692,833
552.6988598057796,20832.78019100532,13.55059756200564,34.024017993070274,-118.34514137237608,4.497156699055594,0.10844603248839772,cruise,0.042208408649500394,0.09520095332076076,R02,westbound,0.009145952746781025,1.0787032564338317,833
553.6902458057302,20837.345031896257,13.533663860743728,34.02402307777024,-118.34519047363005,4.593733308973808,0.09127739753616229,cruise,0.05215466651802884,0.09793903893864361,R02,westbound,0.01105952949483142,1.3043966890053618,833
554.6816318056808,20841.998251881432,13.516402363699973,34.02402826091469,-118.34524052552482,4.672936004684576,0.05713973545824411,cruise,0.053983896570299936,0.13982690412874038,R02,westbound,0.01125008857336145,1.3268718432341784,833
555.6730178056314,20846.555624843277,13.49949640776561,34.024033337296636,-118.34528954645069,4.696371548391987,0.04438672686050527,cruise,0.05700626109892819,0.12528429277645473,R02,westbound,0.011819640888701025,1.3940466859516265,833
556.664403805582,20851.302194478467,13.481888516713749,34.02403862442076,-118.34534060245176,4.734403662282509,0.03339615670299005,cruise,0.051258053879288376,0.10915170205740667,R02,westbound,0.010540974077094903,1.2432365853791256,834
655.80300380064,21408.791641101212,10.835501703456005,34.0245916783811,-118.35134924871022,22.929887903322587,0.10124489647396309,cruise,0.14041185301262601,0.46394889839572173,R02,westbound,0.005802295743580126,0.684341531897256,856
656.7943898005906,21430.936078761762,10.95894757111872,34.024614590368635,-118.35158769850497,22.906441804651482,-0.1356914188867724,cruise,0.14569387489899385,0.3029371168233823,R02,westbound,0.006026835337394528,0.710824458034303,857
230.4998824885115,16116.204250555471,4.99740494891787,34.018333898078794,-118.29478832418928,16.06622337072793,0.1795379770187997,cruise,0.2232972302943644,0.5529951883374951,R03,westbound,0.013250281392204705,1.1183537614448842,644
231.49126848846208,16132.467827050199,4.986405605036402,34.01833412551545,-118.29496442233,16.06040934562339,0.0005629425157316879,cruise,0.3318268574161746,0.7061807863792535,R03,westbound,0.019697594539510793,1.6625215942687792,645
232.48265448841266,16148.837750882738,4.9328738026570225,34.01833435468666,-118.29514186354925,16.013149649714883,-0.12165857169097517,cruise,0.3459894362821332,0.6410018953540063,R03,westbound,0.020599959328959635,1.738683226358286,645
233.47404048836324,16164.62246466758,4.881255746552526,34.01833457566549,-118.29531296140455,15.768154401660077,-0.13641645914995024,cruise,0.27268716284487343,0.5846863490970194,R03,westbound,0.016492226858894257,1.3919813018535323,646
234.46542648831382,16180.064472800774,4.842427160347662,34.01833489701688,-118.29548034390382,15.634814686200738,-0.09863449089606331,cruise,0.2581401320948052,0.5822192036852692,R03,westbound,0.01574786577951709,1.3291555407731395,647
235.4568124882644,16195.601548490184,4.84099825415126,34.01833555958312,-118.29564875491295,15.627296102552991,0.06686176666845359,cruise,0.25280182658712275,0.605389173234431,R03,westbound,0.015429749472605789,1.302305803935059,647
236.44819848821498,16211.160340536539,4.910752076655626,34.018336260947066,-118.29581765608799,15.567298828502311,0.20215424229780266,cruise,0.22942583239519973,0.5142942086172075,R03,westbound,0.014057895150262331,1.1865181918734897,648
237.43958448816556,16228.06379569896,4.995167097542435,34.01833702178547,-118.29600087974283,16.23338517580091,0.20447220582988715,cruise,0.5235326355684718,1.0483481162680377,R03,westbound,0.030740639843361364,2.5945796304575968,649
238.43097048811615,16244.032250700671,5.074912798125297,34.01833774053897,-118.29617396853799,16.231202926820767,0.11027857266227195,cruise,0.5915899733527786,1.0687302749699064,R03,westbound,0.03474156180679249,2.9322665062761755,649
239.42235648806673,16260.16761684928,5.1436337601407605,34.01833846565914,-118.29634859068594,16.179657297667127,0.02892577496413692,cruise,0.2562905148294144,0.6261232360126956,R03,westbound,0.01509962699044963,1.2744427187122755,650
240.4137424880173,16276.367984801262,5.131328117309266,34.01833907639458,-118.2965241917976,16.27699850482756,0.07469124210852676,cruise,0.1740666377493644,0.3981080853075429,R03,westbound,0.010192938622761803,0.8603071068097352,651
241.4051284879679,16292.677753003092,5.060099313180641,34.018339160931234,-118.29670098188664,16.359649247817106,0.10547245698195282,cruise,0.15817451260657275,0.3781516432518258,R03,westbound,0.009214735413713161,0.7777445403316674,651
242.39651448791847,16309.124444192214,4.978814311048642,34.01833916093102,-118.29687925666212,16.495498087142668,0.12033967433832497,cruise,0.1133455706656242,0.23986267686439705,R03,westbound,0.006547834465245311,0.5526520597391713,652
243.38790048786905,16325.617659141064,4.899655296467245,34.01833916093102,-118.29705829815391,16.588541218745807,0.06887095482035635,cruise,0.126945644987724,0.2856608535292322,R03,westbound,0.007291655823875202,0.6154322671660244,653
244.37928648781963,16342.444987077952,4.911661580204964,34.018339269144484,-118.29724069663378,16.76392494416462,-0.1626547843564931,cruise,0.14797869511588882,0.41995927406246747,R03,westbound,0.008409331347734098,0.7097666129194543,653
249.33621648757253,16415.027371319695,5.187532805837691,34.01834175559086,-118.29802744760221,13.755169226839135,0.22360179086675244,cruise,0.2647074294088761,0.590216359230326,R03,westbound,0.018395687097817727,1.5526376573640805,656
253.30176048737485,16476.4682304557,5.105634106918695,34.018341693225885,-118.29869314998432,15.783437425342923,0.23038003448503797,cruise,0.14015365282537776,0.3934064314955673,R03,westbound,0.008468199124181048,0.714735186587337,659
254.29314648732543,16492.124862235374,5.220424780071089,34.01834343889042,-118.29886285037227,15.988225063849441,0.09221731433696485,cruise,0.14658159494205145,0.3844238881159041,R03,westbound,0.008741201133044848,0.7377771744861343,659
255.284532487276,16507.459462153573,5.877337116404263,34.01835005604745,-118.2990290305558,15.969558025948944,-0.0030497778322337854,cruise,0.14013359564689787,0.289173614611981,R03,westbound,0.008366619531873662,0.7061616389183919,660
256.2759184872266,16523.460969859145,6.489138698139298,34.018356296911584,-118.29920244200524,15.892670211930447,0.026857859172214192,cruise,0.23499694155614928,0.465566607279953,R03,westbound,0.01409944592381709,1.1900251712741874,660
257.26730448717717,16539.19266923792,6.80886836257451,34.01836028002737,-118.29937266647853,15.860851234986896,0.08788869352632028,cruise,0.19704383686051344,0.41903334178381396,R03,westbound,0.011846445040301848,0.9998667936490708,661
258.25869048712775,16555.60315941056,7.103302704410879,34.018364230450544,-118.29955051186109,16.25669088824336,0.042552730241217855,cruise,0.1567658346025112,0.4437867299059343,R03,westbound,0.009191508426750088,0.7757841300227614,662
259.25007648707833,16571.579731299968,7.382605968099981,34.01836801021299,-118.29972365543972,16.12832707153169,-0.0389322657158106,cruise,0.172600701515055,0.4557567972332256,R03,westbound,0.010201874520090736,0.861061316784142,662
260.2414624870289,16587.568818386713,7.276187559944303,34.01836831456199,-118.29989697132689,15.878311461510554,-0.06826827829790978,cruise,0.25576489396755575,0.5276349517318375,R03,westbound,0.015359606063801455,1.2963855413568588,663
261.2328484869795,16603.30446680916,7.179339424833977,34.018368685138306,-118.30006753928194,16.007649242657635,0.01074124733319022,cruise,0.2565023601162492,0.6248462458437134,R03,westbound,0.015277301819859162,1.2894388767486722,664
262.2242344869301,16619.080804768517,7.2867016912563365,34.0183694549814,-118.30023935209077,15.971287425045748,0.03683127942859733,cruise,0.19068179262040116,0.44005748982059756,R03,westbound,0.011383325197932172,0.960778429984689,664
263.21562048688065,16635.408180226706,7.231266071065023,34.018368723385365,-118.30041633020862,16.09924344136528,-0.014326754105226458,cruise,0.18365187797083676,0.4777304511523526,R03,westbound,0.010875021726673135,0.9178764657009366,665
264.20700648683123,16651.30281441059,6.610646881350279,34.01836290390482,-118.30058860801162,16.005801351517587,-0.056283156141577646,cruise,0.254829477337678,0.4996507027399435,R03,westbound,0.015179447209598011,1.2811797260015294,666
265.1983924867818,16666.918260671573,5.948468971992714,34.01835671381937,-118.3007578588731,15.887915255517855,-0.10164411800842821,cruise,0.38279329994485567,0.7596581050872351,R03,westbound,0.022973986217154494,1.9390564729027697,666
266.1897784867324,16682.600803203237,5.325579507408706,34.018351279345445,-118.3009275389817,15.847825612702412,-0.0993622915256985,cruise,0.366345056985227,0.746208756859323,R03,westbound,0.022043394366596154,1.8605124129212096,667
267.181164486683,16697.780806044775,4.767990214920283,34.01834674495536,-118.30109210204954,15.65260784675518,-0.13932371170812338,cruise,0.25274176723586084,0.4876317992197885,R03,westbound,0.015400709554582169,1.2998547690783298,667
268.17255048663355,16713.143923915984,4.746660706218032,34.018347049805456,-118.30125862909802,15.65007045183075,-0.19986181248402796,cruise,0.18960994298512526,0.5239492210226715,R03,westbound,0.011555704809006452,0.9753276595998988,668
277.0950244861888,16825.493366980067,5.342452150913616,34.018351599256256,-118.30247636220582,9.216603446703068,-0.16319827747075483,cruise,0.0653471312205052,0.18940458330990745,R03,westbound,0.006824374193074002,0.5759926391315539,673
283.04334048589226,16898.907931758746,5.489744003179509,34.01835470174574,-118.30327233356107,14.449344136920413,0.1918306573922694,cruise,0.2246170763406788,0.5013514219537415,R03,westbound,0.014847134213711775,1.2531317564584046,675
344.50927248282824,17132.119393109642,7.084549758070337,34.01838146092599,-118.30579957940614,15.375167142756274,0.16589454048056304,cruise,0.15100487057693973,0.43061958766574376,R03,westbound,0.009370335365697978,0.7908775287137284,685
345.5006584827788,17147.93128430702,6.81347433783793,34.01838012468823,-118.30597098879247,15.417515885972533,-0.05295280022315523,cruise,0.1853376021899741,0.4358734991616793,R03,westbound,0.011468658240117913,0.9679807320248632,685
346.4920444827294,17163.168698447782,6.144711198924891,34.01837516395555,-118.30613620484979,15.21866140678468,-0.1731777489409913,cruise,0.18957597432969603,0.43432224513650275,R03,westbound,0.011886864255012385,1.0032782669203306,686
347.48343048268,17177.84193384998,5.567635741272495,34.01837099009005,-118.30629529800191,14.977687743290424,-0.221487196803833,cruise,0.15334075666581487,0.31954120901573047,R03,westbound,0.009772204159115049,0.8247961651126282,687
348.47481648263056,17192.519684120467,5.372726335111929,34.018370260925685,-118.30645440791643,14.784879310620045,-0.2602945246803203,cruise,0.11150810692204344,0.3231030230431685,R03,westbound,0.007200541499701096,0.6077420118314043,687
349.46620248258114,17207.50665413356,5.199892325127336,34.01837026092544,-118.30661660939846,14.533822145659451,-0.29446098396547127,cruise,0.3570342032134291,0.8231059171193289,R03,westbound,0.0234603468894033,1.9801064152495271,688
468.4325224766508,17704.436028681335,5.450369844075333,34.018437623159635,-118.31200305171164,15.76461996517561,0.27510089714564556,cruise,0.17160454871709738,0.44473874669706,R03,westbound,0.010381077545188053,0.8761864579979575,708
469.42390847660135,17720.23538948724,5.473448444909273,34.018437591984465,-118.31217430780234,15.762559299681827,0.08297064149544514,cruise,0.19642401112997324,0.43877537646789866,R03,westbound,0.011884090873427185,1.0030441872328189,708
470.41529447655194,17736.54368389014,5.641164721771071,34.01843885673214,-118.31235108306373,15.796659301442936,-0.02637269262049038,cruise,0.2692600363857285,0.5261431651882247,R03,westbound,0.016255061840914433,1.371964037156277,709
471.4066804765025,17752.643629551763,5.70065838415837,34.01843960862424,-118.31252539169483,15.73091983649307,-0.0039022223754531177,cruise,0.3395531802767991,0.6828993641453518,R03,westbound,0.020585755842160287,1.737484419901464,710
472.3980664764531,17768.77916687223,5.285016335913186,34.01843610365982,-118.31270029879825,15.639386318894632,0.14601795305755322,cruise,0.3612892454389202,0.9232066164580547,R03,westbound,0.02203393464953313,1.8597139913747915,710
473.3894524764037,17784.87124490973,4.1210535000145905,34.01842585338808,-118.31287474828405,15.896620630439827,0.28411998002530137,cruise,0.22981530383413026,0.47938319044956534,R03,westbound,0.013785070344506599,1.163491160318379,711
474.38083847635426,17801.506138219604,1.4219419347046025,34.0184017748496,-118.3130551091673,16.499519433912376,0.24772409946813853,cruise,0.15561505923798835,0.4302037822952388,R03,westbound,0.008987462227786512,0.758562168664741,712
475.37222447630484,17817.61440889161,1.9429963606023222,34.01837375187873,-118.3132301091516,16.560822144495262,-0.00829750650304514,cruise,0.1385728631015925,0.36800340800495934,R03,westbound,0.007973065686228534,0.6729448029448356,712
480.32915447605774,17892.09564433737,2.4127024573413713,34.01838460921098,-118.31403743343833,13.555557202031812,0.20276647831459163,cruise,0.3836341057772637,0.8858189176224099,R03,westbound,0.02705981769719973,2.2839099042439894,715
492.2257864754647,18108.604070323316,11.219592472296156,34.018687341475975,-118.3163481968748,21.550654079683728,0.20054332676342917,cruise,0.4014789945869824,0.7158668238647579,R03,westbound,0.017671110719778386,1.4914817698890315,724
493.2171724754153,18129.74998579025,10.769922494756726,34.018717001285694,-118.31657466628906,21.435045562393643,-0.01370966884560298,cruise,0.4705942590975561,0.9092997691993607,R03,westbound,0.020826863710291847,1.7578344700820983,725
494.20855847536586,18150.8876729214,10.533956732528258,34.01874854387554,-118.31680063894274,21.315819462840587,-0.08363288458804186,cruise,0.47503649820283006,0.8704137534206164,R03,westbound,0.02114308117128635,1.7845239400239068,726
495.19994447531644,18172.230340526457,10.224543507219083,34.01878155916192,-118.31702719171432,21.250335871044673,0.02684862871402453,cruise,0.4516491845115986,0.9313267824819965,R03,westbound,0.020165163590498775,1.7019854812180224,726
496.191330475267,18193.086518847056,10.074442467545195,34.01881482455385,-118.31725152751407,21.237888945536298,0.24016308256321547,cruise,0.40135595440951144,0.7001419201213729,R03,westbound,0.017930362090906666,1.5133631728176988,727
503.1310324749211,18354.707570079612,11.297120226225223,34.01912567751892,-118.31895570330298,24.66912503582761,0.23793106339927833,cruise,0.31569826617714614,0.7051947289976399,R03,westbound,0.012110728542765741,1.0221729198602625,734
504.12241847487167,18379.499037634145,10.987664911624949,34.019179827956926,-118.3192130455577,24.7997829345663,0.12525985163421358,cruise,0.285541589681172,0.746961242421317,R03,westbound,0.010895165918224705,0.9195766810945672,735
505.11380447482225,18403.926357930548,10.890469882667054,34.019235803745424,-118.31946912509972,24.68737352069995,0.10032707394218829,cruise,0.39125938444478775,0.7894078971203176,R03,westbound,0.014998097555591389,1.2658734044456452,736
506.1051904747728,18428.607549769637,10.87301811962226,34.019293064464456,-118.31972764014942,24.991913974506843,0.11836122007397212,cruise,0.27214417132100355,0.5260053021514475,R03,westbound,0.010302775085817685,0.8695775530717001,737
507.0965764747234,18453.27563274229,11.231666453131032,34.019353569663295,-118.31998496576843,25.07377113502081,0.10372555448705185,cruise,0.2616552439036062,0.585455632832546,R03,westbound,0.009872793539204873,0.8332861366275762,738
508.087962474674,18478.270393177343,11.852227914362626,34.019418216382455,-118.32024203559813,25.11743525935587,0.05539100652042893,cruise,0.23891441872793778,0.5216057059971184,R03,westbound,0.008998794621850046,0.7595186483916233,739
509.07934847462457,18503.109343253433,12.514067476836606,34.019485897354095,-118.32049877735997,25.17884461118437,0.02471444028422181,cruise,0.20115687014954994,0.44154358151064904,R03,westbound,0.007557847070829861,0.6378994113332861,740
510.07073447457515,18528.08558495859,13.29863827774306,34.01955507024929,-118.32075636620908,25.21632370866844,0.0365582331995775,cruise,0.24117520366886083,0.5772177400575512,R03,westbound,0.0090477126380842,0.7636474397612973,741
511.0621204745257,18552.97539389555,14.048075341322724,34.01962389995298,-118.32101327321526,25.121891986274605,0.10575846857694361,cruise,0.3301261569453046,0.7750581936075631,R03,westbound,0.01243207260278143,1.0492950863712274,742
512.0535064744763,18578.437723250652,14.516618748222035,34.0196917316439,-118.32127698768674,25.391847807727558,0.1148744366074159,cruise,0.28011753563956604,0.6957944795967431,R03,westbound,0.010434750849049431,0.8807166064141155,743
513.0448924744269,18604.291063647437,14.606772552406225,34.0197572665733,-118.32154591334066,25.632405302865607,-0.11076836813329913,cruise,0.2392179917327059,0.56810312006359,R03,westbound,0.00882612609291275,0.7449450334543748,744
518.0018224741798,18720.947038382717,14.610895511586032,34.020041052700044,-118.3227649309254,22.25706782393372,0.02319350892256306,cruise,0.4219633803066527,0.8398536435382119,R03,westbound,0.01797327954412782,1.5169855030777755,748
520.9759804740315,18789.468391661707,14.660244122633744,34.020207716584714,-118.32348013655924,23.582249546994998,0.2920801562401029,cruise,0.42639364320251827,0.8691696177245136,R03,westbound,0.01712434356370448,1.445333383486497,751
521.9673664739821,18812.802384118688,14.92497739950162,34.02026661986648,-118.32372295769322,23.700823244340413,0.16257344709291133,cruise,0.4748864115029339,1.1088788424567606,R03,westbound,0.018974803325266867,1.6015163786614668,752
522.9587524739327,18836.413181225205,15.24633560952934,34.020326686171856,-118.32396850330916,23.786318269241036,0.1377698358969409,cruise,0.4524117427107147,0.8311838864835355,R03,westbound,0.018010705055314203,1.5201443009908457,753
523.9501384738833,18860.130891195942,15.510922333914921,34.02038651903095,-118.3242153306611,23.887161505472665,0.2149410408731906,cruise,0.45893502707546213,0.9999474313328309,R03,westbound,0.01819194458493702,1.5354413277993046,754
524.9415244738339,18884.32372212474,15.634353298224983,34.02044645957467,-118.32446706393984,24.21540980500504,0.23334770260255688,cruise,0.45709083546405277,1.0034946952748902,R03,westbound,0.017869038854354685,1.5081873527553242,755
525.9329104737844,18908.789359123333,15.621379226430129,34.02050618598813,-118.32472234439956,24.55026894099532,0.12757182121453176,cruise,0.3671288033021294,0.7653468943398998,R03,westbound,0.014153052099330163,1.1945496539057028,756
526.924296473735,18933.019454422363,15.574541834356117,34.02056504254522,-118.32497526713395,24.511236706603214,0.030867522743060836,cruise,0.3867265679008389,0.7953000803348262,R03,westbound,0.014932708003807563,1.2603543781674817,757
527.9156824736856,18956.98839254288,15.540362880833001,34.020623370164664,-118.32522542806349,24.35017210911621,0.05477122299903429,cruise,0.39743963936108406,0.793194279622113,R03,westbound,0.015449633669871432,1.3039840752220693,758
528.9070684736362,18981.45945307802,15.591308608457986,34.020683261626125,-118.32548130328642,24.599116416287902,0.1295678184793991,cruise,0.3952559685630424,0.6938125891650697,R03,westbound,0.015206595010362046,1.2834710618758962,759
529.8984544735868,19006.104279631123,15.627793733986675,34.020743135977575,-118.3257385514302,24.788185773399107,0.1323256736596236,cruise,0.3681087406634988,0.7456401844636916,R03,westbound,0.014052294303631209,1.186045467731882,760
530.8898404735373,19030.666345833266,15.643006419659645,34.02080262561789,-118.32599499717173,24.84393337002801,0.07388956794733857,cruise,0.3280322371279108,0.5882331295302873,R03,westbound,0.012493819764436968,1.0545066866725346,761
531.8812264734879,19055.27559307391,15.656447764564891,34.02086219090611,-118.32625176900517,24.892470077177183,0.04550054719051396,cruise,0.3801245287773406,0.7112322556955173,R03,westbound,0.014449152885240343,1.2195412309060412,762
532.8726124734385,19079.95131794734,15.575030067038469,34.02092133458351,-118.3265096101534,24.934350611742158,0.0386325109678481,cruise,0.35985042397327593,0.9268137750237762,R03,westbound,0.013655131387563227,1.1525240180400773,763
533.8639984733891,19104.61094742443,15.484336720144519,34.02098035870387,-118.3267673103295,24.96842016453355,0.0337277576110811,cruise,0.3813416249503897,1.1056316634860868,R03,westbound,0.014450566548843656,1.2196605473161148,764
534.8553844733397,19129.307577574848,15.446839573460714,34.021039934342426,-118.327025241605,24.997781665770418,0.033878659820513086,cruise,0.3462947922696242,0.7980325117738628,R03,westbound,0.01310682302193638,1.1062455500604285,765
535.8467704732902,19154.151154038223,15.334226100219496,34.02109965188716,-118.3272842455534,25.029662383381044,0.03737098171560413,cruise,0.3956389043133056,0.8411481259939289,R03,westbound,0.014955034608753083,1.2622387941947375,766
536.8381564732408,19179.038742543868,15.185115235367242,34.02115938906632,-118.3275442755496,25.07462936715353,0.04102254200288988,cruise,0.37201597172508716,0.8930154052547681,R03,westbound,0.014036443352981383,1.1847076115945672,767
537.8295424731914,19203.91427340369,15.112898738462853,34.021219763586416,-118.32780395300534,25.113866871614,0.020802962686311686,cruise,0.35749738360090383,0.823931039071975,R03,westbound,0.013467209381808778,1.1366629751102724,768
538.820928473142,19228.53044735223,15.281440133733085,34.02128111455638,-118.32806425917899,25.157592220481753,-0.04043872861426028,cruise,0.37265011175107443,0.8258957393572302,R03,westbound,0.014013206401142972,1.182746360227612,769
539.8123144730926,19253.410595858386,15.888173834572296,34.0213425152095,-118.32832372263587,25.070442125841048,-0.11461638754561713,cruise,0.4273163587930262,0.9201094273509911,R03,westbound,0.01612570785892408,1.3610462680889805,770
540.8037004730431,19278.294745124665,16.183330818276758,34.021401394135275,-118.32858336000751,24.87751177650261,-0.14877519072834447,cruise,0.34257857484182114,0.9667738470258165,R03,westbound,0.01302993453777516,1.0997559878444831,771
541.7950864729937,19302.928485689306,16.226552884990802,34.02145809673384,-118.32884152132988,24.71217282372732,-0.07806037579802931,cruise,0.3905762514131316,0.8261541715165427,R03,westbound,0.01495662807584904,1.2623732864268458,772
542.7864724729443,19327.41289000422,16.34542539984065,34.02151511740717,-118.32909790886156,24.63089967522715,0.0943295086383914,cruise,0.48091447438532836,1.10591896724387,R03,westbound,0.018477830442855787,1.559570741740313,773
543.7778584728949,19352.949309093805,15.451637682266732,34.02156571495848,-118.32936811124345,24.852726444814234,0.24442525773351909,cruise,0.46524711505280086,1.0035464320994916,R03,westbound,0.01771356894862334,1.4950653405716114,774
544.7692444728455,19378.47652845442,13.498096044167522,34.021606343354776,-118.32964399649961,25.2980598808936,0.2389788482518239,cruise,0.3628118932196349,1.10951023603414,R03,westbound,0.013566194450586362,1.1450175391166955,775
545.760630472796,19403.167782934474,11.867525150158771,34.021644733996276,-118.32990821478231,25.49893128936882,0.06730000058507245,cruise,0.41683341347682135,0.9763075134012235,R03,westbound,0.015461271248139776,1.3049663131870812,776
546.7520164727466,19427.641885841887,11.290949853233483,34.02169189127363,-118.33016744225107,25.406216537319587,-0.22537610689638576,cruise,0.38147057650970145,0.8841037409126764,R03,westbound,0.014202111479072015,1.1986903766756154,777
554.6831044723513,19593.60024306561,16.030092081626528,34.02208804725042,-118.33190085601682,17.272762852813404,-0.2606908528634587,cruise,0.27233942922106225,0.6998062419108042,R03,westbound,0.015012855403860879,1.2671190002661783,783
555.6744904723018,19610.449278744025,15.949527062915926,34.02212414361782,-118.33208187360867,17.24162704960314,-0.08162746537204904,cruise,0.2777514375856602,0.5903674730568255,R03,westbound,0.015339321039839343,1.2946734393887924,784
556.6658764722524,19627.726449787722,16.035275890287842,34.0221603698118,-118.33226401240053,17.238566913931407,-0.19424731204899465,cruise,0.21839989117373,0.6337041901333075,R03,westbound,0.012063703454434301,1.018203895893067,785
561.6228064720053,19703.07369880115,15.760306780132034,34.022312301118085,-118.3330607126289,13.514048146277664,-0.24484416495581776,cruise,0.12895768293617002,0.2993756663357618,R03,westbound,0.009124513161126691,0.7701295778595897,788
562.6141924719559,19716.556821822323,15.726986914909922,34.02233923678751,-118.3332032271032,13.78143518167359,-0.21212231052279315,cruise,0.1169368922644731,0.32060147822461005,R03,westbound,0.00811070619653779,0.6845619737712688,788
633.0025984684471,20001.080337254243,11.374720962965855,34.02285964626756,-118.33623004174383,16.847865915308663,0.11270336947688947,cruise,0.18250313422932277,0.4980533851696052,R03,westbound,0.010318726325856599,0.8709238738606099,800
640.9336864680517,20107.247311900057,12.060246817323135,34.023038824223576,-118.33735923319703,9.487656337974395,0.05002406630718428,cruise,0.06283998599817141,0.16967153427014914,R03,westbound,0.006371883092192427,0.5378013653229117,804
644.8992304678541,20150.56533862624,12.069096214284642,34.02311048246004,-118.337820860891,11.731417269739497,0.2045129474810701,cruise,0.0791906067796312,0.2003585220528416,R03,westbound,0.006470352642439437,0.5461124183977027,806
645.8906164678046,20162.267166829904,12.025266003862606,34.02312939981379,-118.33794564583283,11.800820747290606,0.08810787624713429,cruise,0.08483623171282287,0.20989469693265467,R03,westbound,0.006890168631874986,0.581545838791036,806
646.8820024677552,20174.11785140873,11.980878183387645,34.02314855781052,-118.33807201813649,11.866746310255925,0.061026668467100205,cruise,0.09737879239049832,0.3175517850825904,R03,westbound,0.007864150235043693,0.6637520921708824,806
647.8733884677058,20185.986424850125,11.936423368683148,34.023167744726756,-118.33819858120182,11.911633772403563,0.06667997868818858,cruise,0.1129672098306305,0.27316694205701186,R03,westbound,0.009088075762998383,0.7670541789267011,807
648.8647744676564,20197.921536845854,11.891719358770196,34.023187039210505,-118.33832585381516,11.98361015307799,0.10302526100789844,cruise,0.12188797393877246,0.26850590814743636,R03,westbound,0.009745834855797999,0.8225705361860868,807
649.856160467607,20210.051367465323,11.802311219946693,34.02320625882804,-118.33845529010294,12.08059048855938,0.2272441533726601,cruise,0.09219089161616682,0.28365926964888233,R03,westbound,0.007311146700642752,0.6170773413121231,808
665.7183364668163,20486.439171795446,14.859158843890631,34.023609573089225,-118.3414169747215,21.869824931863423,0.0035527736062628567,cruise,0.2830968649142924,0.6493759352592541,R03,westbound,0.01227556232320388,1.036085264278444,819
673.6494244664209,20625.949587548814,14.417048035086935,34.023784958311694,-118.34291476198898,13.921937111341414,0.011731690964235873,cruise,0.1420303178465403,0.39272016667825627,R03,westbound,0.009750057578076036,0.8229269435108367,825
677.6149684662232,20685.12696993721,14.377224400995207,34.02385598088872,-118.34355276654068,15.961493875911707,0.22703246004640754,cruise,0.1951409567415606,0.4074650387014911,R03,westbound,0.011656799299376745,0.9838602635665952,827
678.6063544661738,20700.91827495747,14.291010841026171,34.023873332261275,-118.34372266096118,16.00665166359004,0.11666298440648708,cruise,0.1257936885330337,0.2999638505482781,R03,westbound,0.007492757483655769,0.6324057027476053,828
679.5977404661244,20716.95410325299,14.203463115341828,34.02389095232161,-118.34389518614093,16.08137343069292,0.07426678553954898,cruise,0.11436347033553053,0.27667891058893174,R03,westbound,0.006779734905184538,0.5722249821255092,828
680.589126466075,20733.219515106244,14.125379528206247,34.023908920458624,-118.34407016655693,16.188842327569084,-0.03206078431599946,cruise,0.19411254326050262,0.4307625646375447,R03,westbound,0.011429745771336385,0.9646964315227976,829
692.4857584654819,20851.33299551967,13.481774293544731,34.02403865872985,-118.34534093376003,4.208046240799285,0.24913619559000588,cruise,0.02749727375637134,0.06511876069086076,R03,westbound,0.0063749024467496885,0.5380562056863952,834
734.1239704634063,20928.390691522007,13.17977436412043,34.0241206454485,-118.34617149611174,4.6418517892834,0.08141355563279391,cruise,0.05802576613538367,0.10805944275928304,R03,westbound,0.012174777186283414,1.0275787704435997,837
735.1153564633569,20932.964324321936,13.10588997878571,34.02412491203257,-118.34622081188814,4.698775969385183,0.04906130464170764,cruise,0.061397727649911825,0.1517166208581586,R03,westbound,0.012723538480936644,1.0738954666589613,837
736.1067424633075,20937.577920382948,13.031360057442214,34.0241292158974,-118.34627055857342,4.725980583588506,0.04180986681210772,cruise,0.060851842545241557,0.1770259904808446,R03,westbound,0.012536578343653194,1.0581156076067448,837
737.098128463258,20942.211718173083,12.956503810630752,34.024133538607934,-118.34632052308639,4.762873315164152,0.04260364648991496,cruise,0.057872093091306316,0.14877011474698582,R03,westbound,0.011828761774203805,0.9983742859377243,837
738.0895144632086,20947.073792675423,12.877959919336927,34.02413807427022,-118.34637294902193,4.826452743208363,0.040580268866861016,cruise,0.046139023456585194,0.12089682610554152,R03,westbound,0.009304229136941011,0.7852980132757557,837
739.0809004631592,20951.89136488396,12.874599406872424,34.024143234758675,-118.34642479861894,4.851723761826999,0.01839659178265706,cruise,0.046124898533833565,0.10328167605825687,R03,westbound,0.009252101751238678,0.7808983438537319,838
740.0722864631098,20956.84370952801,12.809666377658916,34.024147989476006,-118.346478178378,4.8785143994986795,-0.024300541698172397,cruise,0.057994564087047715,0.20411650691606487,R03,westbound,0.011568035161685709,0.9763683692943285,838
741.0636724630604,20961.834748755104,12.731692663575792,34.02415266918996,-118.3465319914538,4.820240400114629,-0.05676046350416697,cruise,0.06364973220420474,0.13322258896026865,R03,westbound,0.01285220256493687,1.0847550067732692,838
742.0550584630109,20966.59823451486,12.657273897135473,34.024157135543966,-118.34658335106226,4.7133888039360325,-0.0616685745618043,cruise,0.039080754517340124,0.10329067969815613,R03,westbound,0.008073220696425375,0.6813981126569663,838
743.0464444629615,20971.12389058458,12.5893317035752,34.02416139270021,-118.34663230506287,4.679220184177222,-0.06298578853088178,cruise,0.05799825805764719,0.1786746660988902,R03,westbound,0.01207015854007924,1.018748719742296,838
744.0378304629121,20975.72031045913,12.522897346189968,34.02416570233351,-118.34668186250612,4.652710446691199,-0.07732162031210624,cruise,0.03372081255184799,0.08232381680691235,R03,westbound,0.007058394979160909,0.5957445235353487,839
745.0292164628627,20979.667334607246,12.465849030663689,34.02416940308914,-118.34672441832795,4.506259383687279,-0.07079580120257205,cruise,0.039275283892522245,0.08801904512121614,R03,westbound,0.008492900481183095,0.7168200370669867,839
746.0206024628133,20983.84854258144,12.405415865552207,34.0241733234164,-118.34676949906101,4.426416173200476,-0.02957928553307085,cruise,0.03991715732385127,0.09672582505094024,R03,westbound,0.008790099832991827,0.7419043355174194,839
747.0119884627638,20988.418531144318,12.339363492042223,34.02417760826716,-118.34681877152856,4.48439866066286,0.029762664983792323,cruise,0.033950558849751046,0.08886059160693323,R03,westbound,0.007377885866714546,0.622710278093073,839
748.0033744627144,20992.722930977547,12.27714979002065,34.02418164410006,-118.34686518048524,4.498624232319455,0.056702353241548535,cruise,0.0408286076462076,0.09128382218540723,R03,westbound,0.008844034109932649,0.7464565106525877,839
748.994760462665,20997.273369995866,12.211380030934611,34.02418591062154,-118.34691424217445,4.611089060885205,0.04634485679654059,cruise,0.040638386355646684,0.13436177237683333,R03,westbound,0.008584480699997166,0.7245496149644732,839
749.9861464626156,21001.875403842812,12.144864522927245,34.02419022551846,-118.34696386014616,4.637009287985672,0.02152030880102615,cruise,0.0668659840669258,0.1540568552234975,R03,westbound,0.014044506412200945,1.1853881520555611,840
750.9775324625662,21006.449466168848,12.078753307672558,34.024194514189155,-118.34701317653594,4.621687458183472,0.029777636362559454,cruise,0.0774417442863309,0.1709077166919038,R03,westbound,0.016320688876615433,1.3775031076149518,840
751.9689184625167,21011.02031564995,12.01268853421538,34.02419879984751,-118.34706245828565,4.616035432180894,0.08510305793640727,cruise,0.048548292544997554,0.11720567854768069,R03,westbound,0.010244196512741197,0.8646333888233314,840
752.9603044624673,21015.870974571313,11.942580103109174,34.024203347862105,-118.34711475686964,4.809189707498748,0.13131771033578318,cruise,0.057448508936896556,0.12688976263222426,R03,westbound,0.011627160801044582,0.9813587071760379,840
753.9516904624179,21021.152980203668,11.822291955897365,34.02420790701374,-118.34717176251432,4.955726919817216,0.12412791065274845,cruise,0.06025010598213353,0.1358092483620615,R03,westbound,0.011827502143922468,0.9982679702889116,840
754.9430764623685,21026.649711904658,11.692314224721558,34.024212646794915,-118.3472309185041,5.063115207981918,0.07151225033020153,cruise,0.047972234268922116,0.11195054459438089,R03,westbound,0.009214134829480181,0.7776938496620781,841
755.9344624623191,21031.946414407128,11.571653886529969,34.02421728074609,-118.34728807553874,5.100461968643232,0.024823504335328386,cruise,0.033774714054141,0.08873774191924783,R03,westbound,0.0064388704832657895,0.5434552528562245,841
756.9258484622696,21037.107286970127,11.454087828549216,34.024221795863426,-118.34734376682431,5.089832121486669,0.006089813312039155,cruise,0.0360313499000234,0.08842391567621899,R03,westbound,0.006883672235068364,0.5809975281861912,841
757.9172344622202,21042.27704527859,11.336319376359189,34.0242263187549,-118.34739955399645,5.0766680543190095,0.04166774248146016,cruise,0.028074800900037892,0.09638096126078889,R03,westbound,0.0053777470820958765,0.45389403434853937,841
758.9086204621708,21047.581818965755,11.215475232106666,34.02423095976787,-118.34745679812768,5.1231332562653495,0.10530337286790102,cruise,0.031541567456425355,0.12237085638070747,R03,westbound,0.005986072985636885,0.5052381184681178,841
759.9000064621214,21052.966688861812,11.141622294897422,34.02423610767279,-118.34751484325294,5.315013733138548,0.1332550286288998,cruise,0.026957002103752944,0.0761579643807529,R03,westbound,0.0049281837402144445,0.4159498700308956,842
760.891392462072,21058.562735726893,11.09125873032298,34.02424169356791,-118.34757513048777,5.477864180320008,0.16797977443969073,cruise,0.027944287387474814,0.0911152289195296,R03,westbound,0.004954228134970475,0.4181480759389677,842
786.667428460787,21478.844740747158,12.17043529022722,34.02467270677481,-118.35210229389355,24.032742155587997,0.272966947368903,cruise,0.38410632285767243,1.035823383814978,R03,westbound,0.015131960578374785,1.2771717467688708,859
787.6588144607376,21503.170123338456,12.28353720122744,34.02469792307158,-118.3523642200542,24.291215946038285,0.09794590482941769,cruise,0.3716204680608679,0.9782468378040221,R03,westbound,0.014481632515738484,1.2222825852865833,860
788.6502004606882,21527.21817985808,12.27769081611971,34.024721797899346,-118.35262330086607,24.163945653762287,-0.06224752059861754,cruise,0.425278125451643,0.8208342229761993,R03,westbound,0.016661403860353963,1.406260223963348,861
789.6415864606388,21551.392498361165,12.247475075491806,34.02474558005431,-118.35288377107996,24.06375405007702,-0.2738487453042418,cruise,0.4649177795732271,1.1389384897432357,R03,westbound,0.018291537537037356,1.5438471985350262,862
855.0730624573771,22122.599888772158,13.510273795928411,34.025085559957006,-118.35906803380475,24.016473890182922,0.2160504408338005,cruise,0.39512015644523196,0.9509155955788658,R03,westbound,0.015576578621857674,1.3146985167005558,884
856.0644484573277,22146.805770187995,13.531698028348945,34.025109313943055,-118.35932858802352,24.198043283697217,0.04720346949047288,cruise,0.4341866404936516,1.119306579371734,R03,westbound,0.016986037144655488,1.4336600084541442,885
857.0558344572783,22171.045017086362,13.541732372960302,34.025133043476984,-118.35958977298144,24.053077763204893,-0.09342564479699483,cruise,0.4364310684796156,0.9052287316607257,R03,westbound,0.017178520485334595,1.449906038383033,886
858.0472204572288,22195.152341862136,13.551023163695831,34.02515665003536,-118.35984953562578,23.917011426394918,-0.07069607540779484,cruise,0.36726289696024056,0.6964136609887996,R03,westbound,0.014539627480462546,1.227177491668132,887
859.0386064571794,22218.868763703354,13.598306487083208,34.02517953207309,-118.36010513126796,23.741780489756643,0.048780767723548175,cruise,0.38490138062863444,0.9050449371713372,R03,westbound,0.015352328556033775,1.295771303217681,888
860.02999245713,22242.98844654207,13.682535956422692,34.02520275691117,-118.36036527169273,24.088817960681027,0.10006313923730698,cruise,0.4387888847633678,1.0174816462674905,R03,westbound,0.017245261668385102,1.4555391454015547,889
861.0213784570806,22266.94706715812,13.739720540705141,34.02522606578655,-118.36062345265807,24.171434650046592,0.027621905127956443,cruise,0.36202658676204963,0.7814386342539705,R03,westbound,0.01417888628933103,1.1967301180563243,890
862.0127644570312,22290.803941033908,13.720574153671304,34.02524995727653,-118.36088044620733,24.0825644382108,-0.09475671513313015,cruise,0.2867089092296995,0.6481196723941881,R03,westbound,0.011271197444250643,0.9513145936041366,891
863.0041504569817,22314.379473359102,13.665967512338918,34.02527371094713,-118.36113420581792,23.91233783244178,-0.08830032460523238,cruise,0.29649299007893565,0.6595058736760804,R03,westbound,0.011740240326779314,0.9909028752736484,892
863.9955364569323,22337.887303596897,13.606623827993646,34.0252973556886,-118.36138742624358,23.7842718935801,0.035320806561221794,cruise,0.2997972951146958,0.6047621496254201,R03,westbound,0.011936103142115847,1.0074341405181482,893
864.9869224568829,22361.54605200722,13.553981362346539,34.025321088775776,-118.36164228069606,23.944488961048965,0.17709995290532013,cruise,0.2727834666123753,0.5460687730393281,R03,westbound,0.01078666096526584,0.9104186173006664,894
865.9783084568335,22385.571458117276,13.520118608294196,34.025345014110684,-118.36190110799323,24.260512628394157,0.2181343995319102,cruise,0.28406510999896367,0.5746902451906665,R03,westbound,0.011083949088816523,0.9355104082871881,895
866.969694456784,22409.50813244517,13.575333122310179,34.025368548609414,-118.36215967810733,24.489543581041175,0.11526861480486601,cruise,0.28133899122481903,0.6042911554304484,R03,westbound,0.010873156466622349,0.9177190335278284,896
867.9610804567346,22433.63762939834,13.838746127273218,34.02539087768343,-118.36241986132693,24.536749612409256,-0.042201421628181565,cruise,0.24235801710647487,0.5536744869086243,R03,westbound,0.009348294281229134,0.7890172112614094,897
868.9524664566852,22457.724594591524,14.104322309668364,34.0254131438706,-118.36267958916865,24.353906122741314,-0.16835461836050084,cruise,0.4719294587246588,1.2288160019458203,R03,westbound,0.018342408269126646,1.5481408035457833,898
869.9438524566358,22481.66650660927,14.431532941029635,34.025434709723186,-118.36293783072036,24.145122695212883,-0.18709304607074537,cruise,0.3909941794912666,0.8493820408795092,R03,westbound,0.015330386154095956,1.293919314794497,899
870.9352384565864,22504.887247144412,15.125911430885171,34.025455745952044,-118.36319304457999,23.8797440282198,-0.07875948113822497,cruise,0.3196024230795848,0.7261887953652418,R03,westbound,0.012672875876666363,1.0696194281075388,900
871.926624456537,22528.512360344735,16.17019992647062,34.02547677139603,-118.36344812695188,23.89802314755489,0.06441820265472274,cruise,0.3512962062180176,0.6956950919208041,R03,westbound,0.013918760144839422,1.1747748822744266,901
872.9180104564875,22552.84102377011,5.989326340172127,34.025599048336275,-118.36369354165916,24.132519388616466,0.1368144121320424,cruise,0.2279974507712412,0.5327978322668956,R03,westbound,0.00894424005430648,0.7549141193246225,902
873.9093964564381,22576.937137504476,1.4160561617445684,34.02567129665704,-118.3639447923191,24.275527160339447,0.11069189294239502,cruise,0.23787350659760925,0.5241059218735183,R03,westbound,0.00927575743798141,0.7828949373950481,903
874.9007824563887,22601.14793094838,1.3997379531747234,34.025703055914335,-118.36420442899588,24.316055372110302,0.05648316949088813,cruise,0.22162794431087238,0.4355905962885927,R03,westbound,0.008627618052905885,0.728190505256254,904
875.8921684563393,22625.564205480292,1.425510150704827,34.02573475694694,-118.3644663571336,24.372917521887764,0.007420538303112386,cruise,0.257198844295021,0.5824275170518394,R03,westbound,0.009988575578483152,0.8430584029894664,905
876.8835544562899,22649.95454492387,1.5568084943947509,34.025765855363325,-118.36472807938627,24.371108767864758,-0.007491095056484995,cruise,0.19769753761657125,0.42206685287877876,R03,westbound,0.007678362166174657,0.6480711583475821,905
877.8749404562404,22674.131759468484,1.586420640745054,34.02579757838731,-118.3649873547185,24.26461347129981,0.015818307825942075,cruise,0.444318490825016,1.1655179388564574,R03,westbound,0.017333902422022512,1.46302062578023,906
878.866326456191,22698.215584647627,1.7303695825016372,34.025827380384705,-118.36524537497532,24.379800022118477,0.023798706888156367,cruise,0.28692271086535287,0.635812978990859,R03,westbound,0.011139732013809363,0.9402186135051424,907
879.8577124561416,22722.300446319106,1.530963386194069,34.02585465726289,-118.36550438074265,24.45831856116334,0.016444226308906726,cruise,0.2494398253119419,0.6850387412253107,R03,westbound,0.009652840519261017,0.814721603549804,908
880.8490984560922,22746.39690587676,1.6321683466287453,34.025879505642685,-118.36576393229831,24.318965906956297,0.006991650546949304,cruise,0.5377692912251331,2.000112214036375,R03,westbound,0.02093194170464349,1.7667032908074738,909
881.8404844560428,22770.63117180688,2.0848665140591365,34.02590191704669,-118.36602499360438,24.423263040918,-0.038196814901537736,cruise,0.4715879852097217,1.5011630809486873,R03,westbound,0.01827619129065174,1.542551940580768,910
882.8318704559933,22794.889948952045,2.58496267479366,34.02592129703953,-118.36628696581266,24.456444089176564,-0.09660584250515628,cruise,0.22433281479333436,0.7944102352847835,R03,westbound,0.008681924421840534,0.7327740857984912,911
883.8232564559439,22818.796677001086,3.142665471509734,34.02593974270934,-118.36654515953394,24.09363365372653,-0.09782769392332834,cruise,0.46215412671196415,0.9867746510352526,R03,westbound,0.018159868521012555,1.5327340353516605,912
884.8146424558945,22842.70220010229,3.2735086445795054,34.025960808164264,-118.3668027939952,24.07395321550951,-0.020991554942869535,cruise,0.3594881002746182,0.9325892290477875,R03,westbound,0.01413745966313803,1.1932336169741535,913
885.8060284558451,22866.82048046942,3.3581279960665937,34.02598183425429,-118.36706299798621,24.223843877606825,0.02774401325796663,cruise,0.3438873046157364,0.9145072302971751,R03,westbound,0.013438815300590802,1.1342664503427624,914
886.7974144557957,22890.90311880707,3.5236726303134223,34.02600125874088,-118.36732245744545,24.201369463170945,-0.023363982212857654,cruise,0.26809819062845863,0.6513887799895367,R03,westbound,0.010486939838951935,0.8851214753701674,915
887.7888004557462,22914.810844904954,3.4517028882832332,34.026020462922524,-118.36758057330128,24.131247564023457,-0.08899094112901403,cruise,0.25506898756039886,0.6455376297672366,R03,westbound,0.010006781022190357,0.8445949836737607,916
888.7801864556968,22938.664745041304,3.4076567318898845,34.026039374580684,-118.36783813394995,24.02757317987935,-0.13961954095373172,cruise,0.22135628771558977,0.5179969278416175,R03,westbound,0.008722292230383379,0.7361812202727627,917
889.7715724556474,22962.404022457325,3.3190064490731883,34.02605869628569,-118.36809448954112,23.868293921952038,-0.18816778804582587,cruise,0.21973459961912525,0.5624867417826379,R03,westbound,0.008717168436699984,0.73574876048047,918
890.762958455598,22985.992557335743,3.203018943592132,34.0260785449984,-118.3683490619704,23.63382195591603,-0.21382914864211627,cruise,0.46692305582043736,1.1606634790550632,R03,westbound,0.018710417618963148,1.5792016262147017,919
891.7543444555486,23009.342896836664,3.0533031526735748,34.02609813558993,-118.36860100558316,23.40571732372496,-0.2059138469469983,cruise,0.31561915567099785,0.9435635212134723,R03,westbound,0.0127727959860269,1.0780529116570343,920
892.7457304554991,23032.416189047944,2.8847416395016285,34.02611785519,-118.36885019356752,23.218226432035557,-0.18746053412119257,cruise,0.30773165838935385,0.8613904045336398,R03,westbound,0.012555898561710532,1.0597462777711588,921
893.7371164554497,23055.34150509489,2.8153032330179464,34.026137711108035,-118.36909754183924,23.059048815477198,-0.2728291141295751,cruise,0.3448271037116861,0.8931835203017999,R03,westbound,0.01416824517360543,1.195831983786912,922
902.659590455005,23212.512136639518,23.28942117346384,34.026502469787374,-118.37076916680068,12.906938422192198,0.029907024967440188,cruise,0.16078173361480907,0.3430092170343088,R03,westbound,0.01192078366877074,1.0061411422691497,928
905.6337484548567,23253.50322438396,23.78402200608414,34.02654155673801,-118.37120739936451,14.08573262848617,0.0908549298063412,cruise,0.12100668664868576,0.2910050720273675,R03,westbound,0.008208585658220044,0.6928232220346413,930
1002.7895764500136,23546.227443487736,12.703233180122579,34.0267173834359,-118.37437369329548,17.371365651527007,-0.05466906818563385,cruise,0.16881530237684533,0.4002822024053556,R03,westbound,0.009252304381619973,0.7809154463168719,941
1005.7637344498653,23595.209080821234,12.637812926320938,34.02676575537127,-118.37490142968585,16.134139149417233,-0.1342887226026544,cruise,0.1535691993886213,0.41720797173472013,R03,westbound,0.009073657315622641,0.765837229310345,943
1006.7551204498159,23611.41678180713,12.953482295617626,34.02678478283041,-118.37507564870754,16.230244485660403,-0.003060825540079232,cruise,0.21323681464582311,0.5162978159875797,R03,westbound,0.012523242970028672,1.0569900718681582,944
1007.7465064497665,23627.21516746327,13.423650197846387,34.02680475738795,-118.37524570085783,16.214809943961306,0.0009099034694169809,cruise,0.2730725867465271,0.5254152545370778,R03,westbound,0.016052882683765934,1.3548996583563064,945
1008.737892449717,23643.020638091264,13.997072551193765,34.026825282593315,-118.37541534929946,16.205580252117688,-0.04187537507799876,cruise,0.23047370244453652,0.5451296447844992,R03,westbound,0.013556508059381484,1.144199985759287,945
1009.7292784496676,23659.11005200569,14.170725804536838,34.02684255796971,-118.37558820737742,16.164215776325268,-0.11351200157466894,cruise,0.1978255252370079,0.49894485526698445,R03,westbound,0.011666425866787022,0.984672767660238,946
1010.7206644496182,23675.85718034516,13.525832938308929,34.026853386485705,-118.3757694037047,16.031750689726394,-0.23976765797764332,cruise,0.12004610600262255,0.36052885060535966,R03,westbound,0.007139022317375679,0.6025496535019337,947
1012.7034364495194,23708.01659590758,2.654617478154419,34.02678790968439,-118.37612874409545,15.23014798105547,-0.2838700715105162,cruise,0.1842896006870794,0.4659682792032879,R03,westbound,0.01154653112210836,0.9745533796472606,948
1013.6948224494699,23722.436678548976,6.391568496978703,34.02672161605702,-118.37629514672626,15.001137933042957,-0.13960037644179024,cruise,0.2079119021978167,0.4782095735098783,R03,westbound,0.013228882573873451,1.1165476527093132,948
1014.6862084494205,23738.05047592037,11.608600530096897,34.026690831122636,-118.37646970577067,15.055498119708096,-0.04364060166143658,cruise,0.11746753382451737,0.27121457042045727,R03,westbound,0.007446697505807879,0.6285181362912008,949
1015.6775944493711,23752.740126893637,11.416643468888434,34.026707541161514,-118.37662767352435,15.057696959821678,-0.1065026891708819,cruise,0.12279914798370847,0.2689676699847172,R03,westbound,0.00778353173511859,0.6569477081759639,950
1016.6689804493217,23767.23099894313,11.207693949956195,34.02672531748873,-118.37678429985972,14.914000865177341,-0.2686292299243547,cruise,0.16832843049567786,0.3923033801446268,R03,westbound,0.010773947289822484,0.9093455542967191,950
1019.6431384491734,23808.849734359555,10.751336745465547,34.02677485362719,-118.37723149932073,13.722779314485033,-0.2517737492266404,cruise,0.11872634487713385,0.28213654307673236,R03,westbound,0.00827062733103787,0.6980596797451144,952
1020.634524449124,23822.332344787268,10.924138079506864,34.02678803246057,-118.37737679310342,13.568882844248506,-0.16114941590712542,cruise,0.26254857347749855,0.5074148202497935,R03,westbound,0.01850049124090565,1.561483364422524,952
1021.6259104490746,23835.454925762777,11.414393245924154,34.02679783293723,-118.37751844331699,13.44879086810405,-0.11761532551305741,cruise,0.33209308371974916,0.670116236655419,R03,westbound,0.02361351810676841,1.9930344129285906,953
1022.6172964490252,23848.598294130363,11.5372792490932,34.02681089144252,-118.37766004784268,13.321600793013358,-0.09146053072218076,cruise,0.21841488440854345,0.5289457843472559,R03,westbound,0.01568125843121656,1.323533729710652,953
1023.6086824489757,23861.76186219635,11.447722899254826,34.026825872740154,-118.37780159453567,13.270448243160518,-0.10690438430683476,cruise,0.14923397145807862,0.38121998266201873,R03,westbound,0.010756375188314267,0.9078624291285422,954
1024.6000684489263,23874.589231938266,11.424248952909062,34.02683990054604,-118.37793960876333,13.203189330955926,-0.1673618116977566,cruise,0.09893079527478557,0.2716523850712153,R03,westbound,0.00716761134510208,0.6049626321963094,954
1025.591454448877,23887.28269565227,11.504386590778822,34.02685285694254,-118.37807631615846,12.931301270550694,-0.19107308654416247,cruise,0.11522464416045815,0.3474662215535559,R03,westbound,0.00852668844935406,0.7196718181105055,955
1026.5828404488275,23900.0886814271,11.585234080726146,34.02686592819666,-118.3782142354048,12.665226823362048,-0.11273374874752864,cruise,0.15649593963299685,0.34853568202209056,R03,westbound,0.011828309364448033,0.9983361015296272,956
1027.574226448778,23912.80541710866,11.665518400463041,34.02687890834935,-118.3783511934365,12.671847652951028,0.0023010224276758537,cruise,0.17126252867261696,0.3604920218833298,R03,westbound,0.012937521289080265,1.091956100338239,956
1028.5656124487286,23925.5063615033,11.760226177802943,34.02689192616636,-118.37848877496121,12.792066987174119,0.035022828067808105,cruise,0.15573141043417754,0.37396646357276875,R03,westbound,0.011651815995434411,0.9834396614266581,957
1029.5569984486792,23938.37880953886,11.933787713280516,34.0269049595729,-118.37862743439263,12.81814831526084,0.017316701034450734,cruise,0.12770876963940694,0.37109932023059217,R03,westbound,0.009535387302291724,0.8048082860055678,957
1030.5483844486298,23951.104238719025,12.115659251466289,34.026917752093134,-118.37876452419131,12.727253009602842,0.013646941970392084,cruise,0.18376611429412745,0.52984936826426,R03,westbound,0.013820597824999866,1.1664897601419029,958
1031.5397704485804,23963.95804286378,12.29936558695635,34.026930673664566,-118.37890299696096,12.839666840347615,0.02123789264070786,cruise,0.15254928562919037,0.37295393476013927,R03,westbound,0.011370689522012084,0.9597119503171747,958
1032.531156448531,23976.83033240871,12.423156751716494,34.026943498015875,-118.37904042786214,12.851724785356852,-0.003180024751145678,cruise,0.19102855501485866,0.48101861584007066,R03,westbound,0.014225260858483324,1.2006442367313712,959
1033.5225424484815,23990.066298801896,12.476014470663085,34.026956415358335,-118.37917885530129,12.82000623610154,-0.0628203984121498,cruise,0.15164656273878252,0.3792003379003681,R03,westbound,0.0113210357243968,0.9555210573323853,959
1034.5139284484321,24002.90285373886,12.144505026382028,34.026969322575454,-118.37931717422859,12.72799782174222,-0.10999953361899288,cruise,0.11500371675488316,0.28577471642426766,R03,westbound,0.008648632065567317,0.7299641355217055,960
1035.5053144483827,24015.51638690508,11.818755383477416,34.0269820055416,-118.37945309000878,12.5897182229795,-0.15394600502156838,cruise,0.157371205161061,0.3942269373061368,R03,westbound,0.011967033507192347,1.0100447333880112,960
1036.4967004483333,24027.501365481843,11.663663742173737,34.026994523818175,-118.3795859701963,12.427700812693123,-0.18630266200878895,cruise,0.14689701344349468,0.3502579143070227,R03,westbound,0.011318690631470962,0.9553231261777994,961
1037.4880864482839,24039.555032677286,11.688840932996438,34.02700687194808,-118.37971577856008,12.204583760390413,-0.18876135778024336,cruise,0.11413385747228035,0.2765399564622889,R03,westbound,0.008957790072092069,0.7560577715165732,961
1038.4794724482344,24051.507762350248,11.768460287872854,34.027018627393545,-118.37984456846971,12.004945179117078,-0.1341149325734492,cruise,0.1443398780648797,0.3651554732039174,R03,westbound,0.011520165707583801,0.9723280789436135,962
1039.470858448185,24063.3351067876,11.827118788186755,34.027030439698144,-118.37997198211366,11.88966165194557,-0.07944935053941989,cruise,0.176067205811664,0.4959783175585838,R03,westbound,0.014191020862237336,1.1977543034944749,962
1040.4622444481356,24075.147738661923,11.885703873668957,34.027042237312884,-118.3800992372615,11.944864921912162,-0.09118033383558038,cruise,0.2211658469322155,0.597780278539406,R03,westbound,0.017742175699745892,1.497479815160766,963
1041.4536304480862,24086.91875436082,11.846111854798657,34.02705389160638,-118.38022494649906,11.792074174615651,-0.15285421558508622,cruise,0.25546708338721563,0.7786463895751013,R03,westbound,0.0207639981625047,1.752528475458134,963
1042.4450164480368,24098.274279109693,11.807292164652925,34.027065213561485,-118.38034727908615,11.560163217834509,-0.2020905667472109,cruise,0.15308784863901503,0.4005792039538457,R03,westbound,0.01269671522811717,1.071631523366218,963
1043.4364024479873,24109.4424157155,11.782873307099567,34.02707622537548,-118.38046760894136,11.365138179836325,-0.2057557148900666,cruise,0.2149028996561123,0.5292428073355342,R03,westbound,0.018134654746878687,1.5306059357054582,964
1044.427788447938,24120.39835449183,11.822097757327642,34.02708686391275,-118.38058615263199,11.169702365119907,-0.18352885985031087,cruise,0.2067807479764184,0.7392421404635316,R03,westbound,0.0177598717177223,1.4989733991595298,964
1045.4191744478885,24131.19812546227,11.85542110274529,34.027097362522426,-118.380702533563,10.95863501641924,-0.11097025695280222,cruise,0.22027745651827058,0.4837030563475146,R03,westbound,0.019289787205927035,1.628101731628993,965
1046.410560447839,24141.98713777065,11.861888628405811,34.027108090935755,-118.38081876630625,10.87497872779665,-0.030098985287696216,cruise,0.24007138784895993,0.5824738258152968,R03,westbound,0.02118766429837518,1.7882868569311736,965
1047.4019464477897,24152.86143982979,11.859654770074329,34.02711898255997,-118.38093590737397,10.999775662236024,0.0080530486645195,cruise,0.1538174650043904,0.3332756064139459,R03,westbound,0.01341861442065781,1.1325614503213401,966
1048.3933324477402,24163.710139123355,11.853901935422908,34.027129880108795,-118.3810527684041,10.94952344354148,-0.006429363930268385,cruise,0.12816690996666924,0.2957602286210043,R03,westbound,0.011233129267868028,0.948101553292865,966
1049.3847184476908,24174.577395653556,11.840622383412622,34.02714086363047,-118.38116982029301,10.931992378891968,-0.009262253244068269,cruise,0.09332099587500277,0.33857869083491865,R03,westbound,0.008192417489664672,0.6914585919875985,966
1050.3761044476414,24185.332177574383,11.827480466350348,34.02715173347247,-118.38128566071121,10.904518122806373,0.06662241495862974,cruise,0.15916747112006735,0.4289199600840517,R03,westbound,0.014008726890761063,1.1823682794052692,967
1051.367490447592,24196.230240823228,11.814163225915918,34.02716274813084,-118.38140304442112,10.989686173806128,0.13149981225651802,cruise,0.11738795196490527,0.288855446903451,R03,westbound,0.010250167036995696,0.8651373145936735,967
1052.3588764475426,24207.38577461782,11.800531483317304,34.02717402301326,-118.38152320136228,11.288120825464627,0.12277110891359115,cruise,0.09380764036878987,0.2173418184105958,R03,westbound,0.007970931899310316,0.6727647064959018,968
1053.3502624474932,24218.51824946531,11.79110422350879,34.02718523718099,-118.38164311495542,11.330592113437168,0.06546766647669587,cruise,0.10164796590821981,0.24968769502461235,R03,westbound,0.00860420138307365,0.7262140852835581,968
1054.3416484474437,24229.63356707681,11.809527142426292,34.02719618472914,-118.38176287720698,11.293893534627387,0.060887089964680674,cruise,0.08428888943503435,0.19751114857621743,R03,westbound,0.007158390052556859,0.6041843342192265,969
1055.3330344473943,24240.696994747912,11.860345868736236,34.027207458329116,-118.38188479903413,11.373335832609943,0.09503499754966316,cruise,0.11685368987423707,0.2862833320983035,R03,westbound,0.009853508993839539,0.8316584773191661,969
1056.324420447345,24252.233192697116,12.10362653948194,34.02721903183,-118.38200909565835,11.607552757704143,0.09237627276863668,cruise,0.10858011958479653,0.34538875223694215,R03,westbound,0.008967961004515647,0.7569162212503276,970
1057.3158064472955,24263.767369761827,12.335662664182525,34.02723070338091,-118.38213335445505,11.582231086816858,0.15769434600763763,cruise,0.13793566706647156,0.3298261045891959,R03,westbound,0.011417860455549536,0.9636932839500976,970
1067.2296664468013,24407.79244015194,16.11257450793883,34.0273735759506,-118.38368604227686,16.639725682002332,0.27893208176964224,cruise,0.2803525905531117,0.6155967757774656,R03,westbound,0.01605284254815939,1.354896270820207,976
1068.2210524467519,24424.56159264065,16.576392286088893,34.027389966738596,-118.38386680807827,16.927353718937546,0.18747839546236708,cruise,0.3725552109523163,0.8961298946485434,R03,westbound,0.020963658333499488,1.7693802461212171,976
1069.2124384467024,24442.426568637646,16.580401419163785,34.02740711447512,-118.38405047336143,17.168048795604864,0.013457079367707934,cruise,0.41333715224875217,1.0144149338729167,R03,westbound,0.02292680420687931,1.9350742043680935,977
1070.203824446653,24459.55396662493,15.94437416672303,34.02742631042339,-118.38423481244654,16.962396952816107,-0.10622388553799189,cruise,0.19167154950065285,0.566442530488927,R03,westbound,0.010762681324211503,0.9083946812816931,978
1071.1952104466036,24476.05842957188,15.204752155815877,34.027445946039194,-118.38441232699664,16.684729408635985,-0.08355367034743011,cruise,0.1510254525780512,0.3937972178488998,R03,westbound,0.008623912366365874,0.7278777369188816,979
1072.1865964465542,24492.71776942637,14.477501547139141,34.02746559251975,-118.38459152561926,16.778819868010114,0.018303500697735894,cruise,0.1144429087350036,0.29667241636734143,R03,westbound,0.00649768749677801,0.5484195420174377,979
1073.1779824465048,24509.42250132037,13.76095554548849,34.02748508395885,-118.38477096845935,16.854622246249278,0.019601646144726894,cruise,0.16888294775597287,0.4166786457286229,R03,westbound,0.009544747556697488,0.8055983126784296,980
1074.1693684464553,24526.606735107067,12.339986733899602,34.02751110023039,-118.38495523386364,16.901379121253743,-0.09542209515851456,cruise,0.19421987204012567,0.5097000906078601,R03,westbound,0.010945824805068942,0.9238524058868116,981
1075.160754446406,24543.178162031192,9.828919061636244,34.027546432865314,-118.3851318698683,16.67876694077557,-0.13335091815786435,cruise,0.18871566671147094,0.462431314131865,R03,westbound,0.010780031809946264,0.9098591015766297,981
1076.1521404463565,24558.876181241576,6.588586873502643,34.027587640543864,-118.38529839682785,16.387074398127197,-0.05124895748431994,cruise,0.12100335788731574,0.25403497834266886,R03,westbound,0.007037263878353333,0.5939610107651574,982
1077.143526446307,24574.718243546573,3.9067401024894672,34.027623423999984,-118.3854666035619,16.57571356932225,0.0652282144525027,cruise,0.15392512368685485,0.45315029351370395,R03,westbound,0.008848295296062954,0.74681616441359,982
1078.1349124462577,24589.60906597931,0.586237842228084,34.02767389245436,-118.38562389446521,16.699587498934967,0.08844303274078029,cruise,0.1840694824130184,0.4050470550582074,R03,westbound,0.010501292467794,0.8863328697532021,983
1079.1262984462082,24611.568481822604,10.30657932972479,34.027776130701795,-118.38585332937062,16.754251871627705,-0.005640351105309317,cruise,0.18572007228172288,0.4845886163904032,R03,westbound,0.010560296097810415,0.8913129097700564,984
1080.1176844461588,24627.638301949257,7.426050720833649,34.02776112790172,-118.38602937096752,16.73462320253602,-0.10692451909557588,cruise,0.1777003733944031,0.6552435464526796,R03,westbound,0.01011634079684053,0.8538420768075835,985
1081.1090704461094,24642.58643925291,3.122368145859208,34.02773287774435,-118.38619424104573,16.50712727499754,-0.15595727106543725,cruise,0.16898066128189607,0.4420041519687769,R03,westbound,0.009754809945502147,0.8233280540857326,985
1082.10045644606,24657.44593554604,1.210373213500094,34.02770472126615,-118.38635856399172,16.310691267868318,-0.11394587206103836,cruise,0.202783852332904,0.427688068871286,R03,westbound,0.011849601504193489,1.0001332063509292,986
1083.0918424460106,24672.864941833806,3.5204579951288224,34.027695141574796,-118.38652716927048,16.250500675546782,-0.05634876899300538,cruise,0.20503721149637508,0.40752275910774655,R03,westbound,0.012026418284532717,1.0150569431023075,986
1084.0832284459611,24688.788857133866,3.766897978280517,34.02770446733563,-118.38669943123291,16.31346374810594,-0.0720880296561186,cruise,0.21708850269489288,0.46451481782480375,R03,westbound,0.012683295617651299,1.0704988778474245,987
1085.0746144459117,24704.667104341403,3.611437356422176,34.02771737063186,-118.38687084951589,16.169174510595234,-0.15164603160434598,cruise,0.2418433695620405,0.5258339706042714,R03,westbound,0.01425785464199157,1.203395225884523,988
1086.0660004458623,24720.346822444066,3.507021960255456,34.02773146476437,-118.38704083086508,15.963215052629277,-0.2140470368842927,cruise,0.23953633048179812,0.5537428672128972,R03,westbound,0.014307199961441279,1.2075600826134336,988
1087.0573864458129,24735.881441163412,3.4995140148187955,34.02774593817345,-118.38720831508375,15.698710854939767,-0.21547886101482597,cruise,0.15693043434206957,0.3987915892100708,R03,westbound,0.009533922810462753,0.8046846795781225,989
1088.0487724457635,24751.227132157128,3.4580147946226676,34.0277605411193,-118.38737372439462,15.510707989573442,-0.2881496979306811,cruise,0.15785024221096974,0.447140341089588,R03,westbound,0.009708051792204627,0.8193815600400091,990
42.17486978427041,24800.52384344148,9.60250916031634,34.027751169814934,-118.38791208900227,11.401203715373768,0.24567694380705052,cruise,0.15753111730261404,0.38322358949777324,R04,eastbound,0.01325054417412686,1.05745035695142,992
43.167245783115504,24789.231359699057,11.291407433723386,34.02772555631063,-118.3877922182281,11.410720269056394,0.04195197080322825,cruise,0.16604090809022432,0.4336173185668073,R04,eastbound,0.01395448696641917,1.1136280163139973,991
44.159621781960595,24777.567732185555,11.478820315730976,34.02771305979277,-118.38766667126337,11.446119937006973,-0.06547167335454986,cruise,0.1610857816405659,0.38854942833796446,R04,eastbound,0.01349545740452156,1.0769954850231178,991
45.15199778080569,24766.792050982218,11.3967060790399,34.027703803089665,-118.3875503974456,11.344592273506679,-0.18885861067163145,cruise,0.12867990027528722,0.34234267582635025,R04,eastbound,0.010878701954578029,0.868167157051471,990
46.14437377965078,24756.913750962827,10.570415182812024,34.02770205029514,-118.3874429691392,11.077496607475796,-0.1668026729120171,cruise,0.1377019662433167,0.39621330314857317,R04,eastbound,0.011927015039659209,0.9518270453887728,990
47.13674977849587,24747.951292420847,9.761907909925199,34.02770098737598,-118.38734543517083,10.654831084153036,-0.04735398253567407,cruise,0.15602649847294756,0.4226876839182017,R04,eastbound,0.014059687802831018,1.1220234950621468,989
48.12912577734096,24733.903242219098,3.877503270535588,34.02774071491953,-118.38718740791425,11.142695311514055,0.07148356266385254,cruise,0.15970721124467532,0.3629846648041617,R04,eastbound,0.013750664307409769,1.0973620923872556,989
49.12150177618605,24723.03404143962,3.900235710576317,34.027730431515614,-118.38707024271054,10.99743583515962,0.06635349620770005,cruise,0.14725909290410621,0.3670187223200802,R04,eastbound,0.012849260253280113,1.0254261759244383,988
50.11387777503114,24710.950832596693,5.596635615047132,34.027704089527354,-118.38694047111922,11.160523287866488,-0.07258895594511978,cruise,0.13688095153940003,0.34938607832684376,R04,eastbound,0.011766191781237893,0.9389926583787829,988
51.10625377387623,24700.599940620155,7.044534845110164,34.027683580673234,-118.38682989858086,11.032088810256482,-0.15938985675439035,cruise,0.15224103096304084,0.40690711556825443,R04,eastbound,0.013241521946445092,1.0567303444178056,988
52.098629772721324,24691.29241154651,8.19521038507104,34.02766649814827,-118.3867303398383,10.675829110450229,-0.16568878726228045,cruise,0.11860686005445967,0.2611356140902211,R04,eastbound,0.010666387833675815,0.8512235779815445,987
53.091005771566415,24681.585742186035,7.293439894728393,34.02766756532015,-118.38662467989538,10.533082002761398,-0.015248789588935227,cruise,0.11794185004128825,0.26703715069832734,R04,eastbound,0.010752815963586066,0.8581209140926677,987
54.083381770411506,24670.843306416376,7.533164541850535,34.02765762682748,-118.38650882403545,10.672976640820547,0.12704720958692248,cruise,0.13408932123784512,0.3381978194214766,R04,eastbound,0.012062013361307512,0.9626004914856948,986
55.0757577692566,24659.709664208844,6.4539957831284225,34.02765925362627,-118.38638759200462,10.944146083089171,0.18084932586434055,cruise,0.1506620252605044,0.30986702560711366,R04,eastbound,0.013211302907993926,1.054318735311267,986
56.06813376810169,24649.38383362322,3.5856304780445685,34.027677539772384,-118.38627352850476,11.021236639208281,0.13826668886797253,cruise,0.1185399173823122,0.26886495379167724,R04,eastbound,0.010320615137344244,0.823629431178591,985
57.06050976694678,24637.312201401684,4.7848120688782245,34.02765801838295,-118.38614414776289,11.261645186744182,0.06970776462155377,cruise,0.14988023866909495,0.3543336519538928,R04,eastbound,0.012765934593605841,1.0187764302681186,985
58.05288576579187,24626.155964781403,4.894325769857429,34.02764939341739,-118.38602338614197,11.178752797999682,0.04079689501082939,cruise,0.140212197221074,0.3916471989329962,R04,eastbound,0.012032551107516911,0.9602492770466458,985
59.04526176463696,24614.457050374436,5.488823702276985,34.027636125135786,-118.38589741971839,11.201687799559211,0.014664215094755191,cruise,0.13738475174444018,0.4275794728750555,R04,eastbound,0.011765354826627258,0.9389258658048224,984
60.03763776348205,24602.271536784978,5.323102250957314,34.027629359746264,-118.3857655744108,11.324109183010151,-0.007830686636217436,cruise,0.15095151319325206,0.4536705760960146,R04,eastbound,0.01278504257758208,1.0203013294881633,984
61.030013762327144,24591.362900530614,5.018678417686499,34.027624705948845,-118.38564741756339,11.203603292345337,-0.06006306292029689,cruise,0.12077746847436387,0.30821628517795974,R04,eastbound,0.010341341571704677,0.8252834896930757,983
62.022389761172235,24582.26400926326,11.132419503120955,34.027563594388106,-118.38555405068973,11.130211392380003,-0.04764250200109914,cruise,0.1533345394232101,0.38473553006842953,R04,eastbound,0.013217044853357717,1.054776967221953,983
63.014765760017326,24572.52360138267,14.686742597230557,34.02752505120598,-118.3854516646609,11.037954737834006,-0.0031202513591211786,cruise,0.14440487001163702,0.3955054430216415,R04,eastbound,0.012553163849279542,1.0017964106870367,982
64.00714175886242,24561.38099184795,17.401948936175156,34.02749246880271,-118.3853354796236,11.206082084456563,0.025843928192499577,cruise,0.11945060355768532,0.29991899454465953,R04,eastbound,0.010225429986859616,0.8160332472005035,982
64.99951775770751,24549.89267224274,19.692118080221384,34.027463040962,-118.38521353445273,11.109153824913843,0.0753253102243817,cruise,0.10510520889569606,0.3202662540318335,R04,eastbound,0.009077268685468385,0.7244050421970687,981
65.9918937565526,24537.738617669347,21.380279991446745,34.02743850559433,-118.38508384108766,11.212893669624844,0.1114620796064977,cruise,0.11844972327815122,0.3266844987736783,R04,eastbound,0.010133485192517517,0.8086956575649983,981
66.98426975539769,24524.64899439903,22.40979452732204,34.02741916317738,-118.38494343287341,11.47964933249915,0.27040274396126396,cruise,0.10985276343186648,0.2572464368175074,R04,eastbound,0.009175911247420931,0.7322771424652975,980
68.96902175308787,24498.8302560809,24.662712661687138,34.027378956136985,-118.38466717248755,12.432834320944416,0.2538067647857251,cruise,0.10804559446070458,0.25778629828503585,R04,eastbound,0.008321619315971729,0.6641009758127907,979
69.96139775193296,24485.275544879616,25.318467661891237,34.02736239602608,-118.38452142989065,12.743983571384383,-0.09629320387505547,cruise,0.11914840701531368,0.31761045765119983,R04,eastbound,0.008948892637119444,0.7141600819624793,979
70.95377375077805,24476.48978344645,25.97295331874703,34.027349602158374,-118.38442718112624,11.74615654379036,-0.2736821354625132,cruise,0.12388630083384536,0.32141058108776344,R04,eastbound,0.01010934186040972,0.8067689159293424,979
71.94614974962315,24465.27124078897,26.297268844210958,34.027337857303166,-118.38430635059647,11.612583723257394,-0.06272281384602457,cruise,0.13767166092189315,0.3498931499662965,R04,eastbound,0.01136570862770392,0.9070323820239112,978
72.93852574846824,24452.283903685853,25.756075063093803,34.0273324908555,-118.38416560110767,11.934660673797396,0.1686275474815898,cruise,0.15207906404205374,0.37104148601932857,R04,eastbound,0.012210566020415344,0.9744556319490117,978
73.93090174731333,24439.35127371252,25.662356268426503,34.02732314977702,-118.38402586605824,12.182011751132407,0.07432852253502176,cruise,0.17111194563580326,0.4637066424117976,R04,eastbound,0.013455024791803154,1.0737687888067435,977
74.92327774615842,24426.637455037595,25.51738300461009,34.027312669764584,-118.3839022664731,12.180780101104393,-0.11004063797050304,cruise,0.19292733126474543,0.5547846630128493,R04,eastbound,0.01517199168934582,1.2107901242946426,977
75.91565374500351,24416.718812943924,25.356974250795503,34.02730195757105,-118.38379551462675,11.809035346710631,-0.1915152730751523,cruise,0.22438000296880029,0.5492913588521396,R04,eastbound,0.018210640595269265,1.453287362747155,976
76.9080297438486,24405.252677544235,26.05700179231237,34.027281667321034,-118.38367341136761,11.652426950101994,-0.1417674454261542,cruise,0.1369998121779214,0.3318983540901053,R04,eastbound,0.011270905755426743,0.8994667054892622,976
77.90040574269369,24393.51114705794,26.378487623549958,34.0272644200656,-118.38354779324617,11.57003393966254,-0.020737291796499975,cruise,0.16725761103753858,0.4201877989677817,R04,eastbound,0.013859881119299122,1.1060780632334193,975
78.89278174153878,24381.587854126443,26.199330821762956,34.02725142075209,-118.3834194859803,11.575661846601507,0.1643941791887771,cruise,0.1610965181848925,0.3889532112576233,R04,eastbound,0.013342737382876568,1.0648077711239816,975
80.87753373922897,24352.356446066035,23.70141979371833,34.027237934415055,-118.38310189358583,12.43898061017346,0.22521710538702058,cruise,0.20402032385267863,0.47534429980712933,R04,eastbound,0.01570564862320547,1.253378240509626,974
81.86990973807406,24339.09254567475,23.546179516087957,34.02722303796637,-118.38295978720701,12.528322444135407,-0.03089745365075421,cruise,0.17878992295819013,0.41622767184291876,R04,eastbound,0.013663560468943164,1.090410831830108,973
85.83941373345442,24299.16898009855,22.91899407633285,34.02717898531222,-118.38253024033179,10.973776259888192,-0.13721692195554558,cruise,0.19514894097410165,0.4422329999851543,R04,eastbound,0.017065288265930883,1.3618833257824754,971
86.83178973229951,24287.843675248198,21.770896274968468,34.02717509971211,-118.38240555833968,11.175373445837927,-0.029562142116015655,cruise,0.20487588747442362,0.4696300007940557,R04,eastbound,0.017587185091825025,1.4035329348537149,971
87.8241657311446,24277.587937885273,22.111407908155837,34.027159836485474,-118.38229585595867,11.12208980203525,-0.019363589676772246,cruise,0.1461030799688727,0.408410941315932,R04,eastbound,0.012603066011072283,1.0057788176060989,971
88.8165417299897,24267.76352189152,22.323742111604428,34.027146232367635,-118.38219060411774,10.923484264124255,-0.05937556794356103,cruise,0.1473624499360029,0.3691103711845416,R04,eastbound,0.012946831446859012,1.0332127763932437,970
89.80891772883479,24255.75061250407,21.738025801554624,34.02713715010182,-118.3820606948337,11.110369671721573,-0.12146998868726304,cruise,0.1426254314152664,0.335940670781019,R04,eastbound,0.012316280618837763,0.9828921111130178,970
90.80129372767988,24246.212755002623,20.4698136290062,34.02713711458086,-118.38195640007869,10.83355624488169,-0.1486477353468083,cruise,0.13460093175341356,0.3392161231888872,R04,eastbound,0.01192550093110665,0.9517062130208092,969
91.79366972652497,24237.57680385512,20.45307122151453,34.02712670189099,-118.38185883841778,10.488754413158473,-0.05437135463487026,cruise,0.159108337744066,0.36760630840272024,R04,eastbound,0.014568346781422324,1.1626166670413167,969
92.78604572537006,24226.06594741008,20.93929413862076,34.027110838562045,-118.38173542196606,10.660012853642256,0.1131587843062217,cruise,0.140854152012102,0.49620700576520665,R04,eastbound,0.012686218192945162,1.0124147189885082,969
93.77842172421515,24214.133441419846,20.977935135507632,34.02709856288031,-118.38160692513755,10.960172098774962,0.15729034062099545,cruise,0.1349051806437958,0.30391669572194924,R04,eastbound,0.011812016713397622,0.9426496848550387,968
94.77079772306024,24203.405097952524,21.016046765381574,34.02708749580528,-118.3814913995504,11.035914928889106,0.0779958621608778,cruise,0.15135401644603905,0.31734311345000843,R04,eastbound,0.01315972922505385,1.0502029338228445,968
95.76317372190533,24192.62808955659,21.03104796879589,34.027076587087834,-118.3813753219323,11.049399291206297,0.014144680073934367,cruise,0.15391363505855987,0.38198327638640894,R04,eastbound,0.013365667463026946,1.0666376900406167,967
96.75554972075042,24181.867046602478,21.040361960721754,34.0270657452748,-118.38125940946448,11.035192990917025,0.06608653695177014,cruise,0.20652028918610735,0.5911685190408548,R04,eastbound,0.0179574484164072,1.4330815390167013,967
97.74792571959551,24171.045658886494,21.04972822560193,34.027054842663674,-118.3811428469937,11.045115082847337,0.19226263528292642,cruise,0.24843182284606136,0.8105353790968265,R04,eastbound,0.021582020577764555,1.7223379707115962,966
98.7403017184406,24158.18110229887,21.068776161400873,34.02704181066556,-118.381004286064,11.433695295954427,0.21201403020000983,cruise,0.19918103939711718,0.4585426257453438,R04,eastbound,0.01670545028793785,1.3331667090705068,966
99.7326777172857,24144.970168028285,21.094534133395534,34.02702837227055,-118.38086200183777,11.795677934545791,0.060473073451260365,cruise,0.2022387458763977,0.507786693140117,R04,eastbound,0.016432566889754783,1.311389441433586,965
100.72505371613079,24134.3645326061,21.116012018151054,34.02701757686918,-118.38074777812747,11.547015949152017,-0.09742123354122834,cruise,0.1512530356542755,0.38139280231550526,R04,eastbound,0.012559069403346675,1.0022676992752049,965
101.71742971497588,24124.193652428457,21.136600766533185,34.027007224079995,-118.38063823676237,11.291866589666311,-0.12006187783177429,cruise,0.16156828889692978,0.3730650989738653,R04,eastbound,0.013723991634157563,1.0952334984607912,964
102.70980571382097,24112.816342720533,21.14053716449909,34.026995814322035,-118.3805156790763,11.357435677168723,-0.07896883034210181,cruise,0.16455454694068994,0.414324175179649,R04,eastbound,0.01389557116947059,1.1089262825818083,964
103.70218171266606,24101.96829911357,21.161827114547858,34.02698495649564,-118.3803979614679,11.270379050909938,-0.04399105301005049,cruise,0.16482438407667435,0.43671834340143695,R04,eastbound,0.014027724449242435,1.119472682113075,964
104.69455771151115,24091.465332783613,21.19669674351746,34.02697449385806,-118.38028481225301,11.098302856578155,0.15817242370947332,cruise,0.1829311775587104,0.37179174040149754,R04,eastbound,0.015814315185310474,1.2620502990588136,963
107.67168570804643,24048.50576315571,23.235931499912382,34.02691283336121,-118.37982663316869,12.892692412211781,0.26927573200815574,cruise,0.13720387396047556,0.31200664419103297,R04,eastbound,0.010184092622349024,0.8127343479037855,961
108.66406170689152,24036.22860445543,21.79793075357904,34.02691290040671,-118.3796926461757,12.646921092282899,-0.00888790134985411,cruise,0.16524726626358047,0.42194672711163317,R04,eastbound,0.01250814344901777,0.9982035893129634,961
109.65643770573661,24023.64815606548,20.270654112301507,34.02691345032461,-118.37955528179302,12.526029378704408,-0.13092453604229726,cruise,0.205847303695775,0.6523747786975168,R04,eastbound,0.015734280658022962,1.2556631999075294,960
110.6488137045817,24010.764029720638,20.56052020851129,34.026899829757106,-118.37940990024603,12.59429060428818,-0.2505920269848821,cruise,0.1891210723388307,0.4822222176512443,R04,eastbound,0.014376088749436963,1.1472736500392928,960
112.63356570227188,23991.54831529792,20.590410895148764,34.02688469611729,-118.37920240948368,11.515096695660201,-0.283646263220275,cruise,0.2754061118400858,0.6618733584614414,R04,eastbound,0.022932414936350433,1.830105242587124,959
113.62594170111697,23979.551326448094,20.780657558229148,34.026871542338874,-118.37908027749513,11.510434704387155,-0.03514561078888073,cruise,0.18747956573260063,0.38832613446742853,R04,eastbound,0.015617411194687571,1.2463365145958394,959
114.61831769996206,23967.84095491972,21.539995094887033,34.02685244757077,-118.37895734342501,11.56071813404631,0.17616208642661405,cruise,0.14923467228378792,0.41139160360339305,R04,eastbound,0.01237653829660964,0.9877009327003874,958
115.61069369880715,23954.486778165076,21.023057036924268,34.026841938657675,-118.37881303585301,11.91087729478075,0.24058966759983683,cruise,0.11263072352248733,0.27525458447229756,R04,eastbound,0.009061591223263445,0.7231539133538415,958
116.60306969765224,23941.118192921684,21.45700185522238,34.026822911038245,-118.3786698690723,12.163568264124086,0.20102833801767567,cruise,0.10229768962080399,0.27867420042956403,R04,eastbound,0.008056368724673987,0.6429328389601882,957
117.59544569649734,23927.540995754578,21.57545596405512,34.02680646802851,-118.37852402909138,12.340117044486563,-0.009089812266941276,cruise,0.10015054227508201,0.25061203100261376,R04,eastbound,0.007772502599757192,0.6202791025418904,957
122.55732569072279,23878.171245568483,20.634799812464237,34.02676133882491,-118.3779900895619,10.160115162957315,-0.13127460215818537,cruise,0.10848373413524744,0.2922939681489579,R04,eastbound,0.010259945885870243,0.8187877642414378,955
123.54970168956788,23866.91490089521,20.593350123590213,34.0267495843073,-118.37786889816778,10.330543328914015,0.07250375920043274,cruise,0.1002947667023243,0.30200281770701815,R04,eastbound,0.009326311261770779,0.7442797098142137,954
124.54207768841297,23855.389306884586,21.71952628093989,34.026727091292486,-118.37774632183024,10.57264781139141,0.21441559442913932,cruise,0.10392544194741232,0.3001259896439035,R04,eastbound,0.009438866559044787,0.7532621061381002,954
125.53445368725806,23844.000293988043,21.551600789456103,34.0267163256279,-118.37762353884929,10.775428011537379,0.2231723328101026,cruise,0.12054791181277727,0.2542224338865908,R04,eastbound,0.010739027685808289,0.8570205502837362,953
126.52682968610316,23832.26364582287,20.99889287192722,34.02670862869994,-118.37749651623218,10.991915818471432,0.11244734756623002,cruise,0.08866651711276344,0.2873366158569817,R04,eastbound,0.007740650302548462,0.617737152369092,953
127.51920568494825,23820.129954191707,19.836857731596712,34.02670588811651,-118.37736480267712,11.24010052195608,-0.23600019623878998,cruise,0.12743630236017373,0.3848878994554737,R04,eastbound,0.010875452898370244,0.8679078684063007,952
130.49633368148352,23798.038986295862,19.477409779910285,34.026684977659805,-118.37712664169445,9.878599536926785,0.06683630567159149,cruise,0.1434005855968636,0.3260033548038337,R04,eastbound,0.013955472432417564,1.1137066607347903,951
135.45821367570898,23736.7731933569,20.97925345745647,34.02660561242624,-118.37646745048396,11.732575162023522,0.22988622993738925,cruise,0.0954857132817297,0.2361214606621112,R04,eastbound,0.0078009784245309565,0.6225515957071371,949
136.45058967455407,23723.969626689577,20.615808016172902,34.026595800858296,-118.37632911366924,11.953528126526688,0.057440327155007416,cruise,0.08276435307945591,0.22281904009688946,R04,eastbound,0.006634555882028274,0.5294660652023553,948
137.44296567339916,23711.850358600175,21.658747015861277,34.026574093304546,-118.37619987262221,11.907740875086347,-0.26629742225238756,cruise,0.11296482229950107,0.27287279487378735,R04,eastbound,0.009090905831007284,0.7254933450039878,948
140.42009366993443,23688.628314541093,25.329196306509683,34.026517972391915,-118.37595332888195,9.933530198511168,-0.19490067568175343,cruise,0.12823294933387244,0.3705498294757646,R04,eastbound,0.012409194340053687,0.9903070252761139,947
141.41246966877952,23675.929194372115,22.621993814434536,34.026529632612686,-118.37581328502539,10.426762124811663,0.14750936171571224,cruise,0.287353359804028,1.1898750108300296,R04,eastbound,0.026469902954313094,2.112411985476231,947
142.4048456676246,23664.94473144729,12.036321032243661,34.02661357119088,-118.37568231934748,10.513249625121448,0.22380461095788368,cruise,0.14135048537746114,0.4587486275539589,R04,eastbound,0.012911721498583759,1.0304108516686192,946
143.3972216664697,23653.944215389754,10.727595611821203,34.02661437568907,-118.37556200953713,10.712752334113965,0.1906377354490047,cruise,0.11297575382551121,0.49601819426853305,R04,eastbound,0.010124359656214447,0.8079674005595314,946
144.3895976653148,23642.261728570524,9.759022666884222,34.02661168114266,-118.37543498500976,10.980129935281665,0.1761360414616945,cruise,0.1098942901030541,0.25903304453822573,R04,eastbound,0.009604325170817305,0.7664664142616241,945
145.3819736641599,23631.15454211807,8.428134967553811,34.02661279313259,-118.3753137357217,11.094987693454081,0.13822898265835384,cruise,0.1106559971206689,0.2966098848899025,R04,eastbound,0.009569066994263008,0.7636526602834592,945
146.37434966300498,23619.525260654427,8.601308466986328,34.02659981086094,-118.37518890777687,11.17977334625035,0.09803128713482456,cruise,0.13567745144988894,0.4456316540871781,R04,eastbound,0.011642312938812939,0.929106594499476,944
147.36672566185007,23606.60401013591,13.048278288807278,34.02654706223662,-118.37505505828528,11.336159671554833,0.02223744894336547,cruise,0.13061628256191976,0.3871509309652109,R04,eastbound,0.011050760707650872,0.8818981848087127,944
148.35910166069516,23595.38899918296,11.922146188097752,34.026545939953934,-118.37493289020928,11.322661336111866,-0.05864114336972152,cruise,0.11902571618308193,0.32378324204059217,R04,eastbound,0.010082355274754567,0.8046152704443772,943
149.35147765954025,23586.19509069097,10.905189483787835,34.02654585985971,-118.37483262582042,11.084507167234197,-0.10372818396961084,cruise,0.11370723803069549,0.321699265408976,R04,eastbound,0.009842382674155537,0.7854644258581226,943
150.34385365838534,23574.780130372514,11.699219840741767,34.02652733791494,-118.374710611912,11.082261471221306,-0.10036195496561348,cruise,0.12769139380862682,0.39438772850627624,R04,eastbound,0.011055115216535037,0.88224569332711,942
151.33622965723043,23563.651998552523,12.849295617995056,34.0265059133915,-118.37459211586652,10.958935375394011,-0.13899636246376657,cruise,0.10457168842321278,0.2549683242258759,R04,eastbound,0.0091571303413304,0.7307783454658443,942
152.32860565607552,23552.83073168691,11.514558960761136,34.02650705323273,-118.37447393866985,10.850652356121774,-0.17395694770671927,cruise,0.11021413919446213,0.3301726639671825,R04,eastbound,0.009749206969424613,0.7780286042848996,942
153.32098165492062,23543.323403927505,9.102664980328436,34.02651915498831,-118.37436862116556,10.48849635811884,-0.06491310318305547,cruise,0.08909191573146777,0.21056249311915187,R04,eastbound,0.008157676870503948,0.6510176642746955,941
154.3133576537657,23532.65510340395,2.7292520143044654,34.026614475964635,-118.37423947365446,10.516916290077484,-0.18714554192550223,cruise,0.09299047966896996,0.24556197114657194,R04,eastbound,0.008491243355914183,0.6776377030013183,941
157.29048565030098,23510.95098630109,8.988323076132652,34.02664844680259,-118.37399791562544,9.542688572129727,-0.1382811199890561,cruise,0.10064780420582825,0.2698948537194803,R04,eastbound,0.010145676481548368,0.8096685748103551,940
158.28286164914607,23500.93467218735,10.358038614007588,34.026650444526666,-118.37388836048252,9.627519268097656,0.09603953384814815,cruise,0.09850483601208791,0.27545729443876343,R04,eastbound,0.009840666016379954,0.7853274291918952,940
159.27523764799116,23489.79926221376,11.310138231737096,34.02664755551113,-118.37376726853272,9.773955794133261,0.049074140509402696,cruise,0.1276807036402286,0.31823742940844296,R04,eastbound,0.012560978030303567,1.0024200159069094,939
160.26761364683625,23479.02930372418,8.42525331179149,34.02661068250106,-118.37365484237529,9.659250789855971,-0.038066570906194634,cruise,0.13209541916932033,0.29133431771751384,R04,eastbound,0.01315228069665628,1.049608509253614,939
161.25998964568134,23468.772940455143,9.179760683116045,34.02660692522086,-118.37354346054717,9.803157045604307,-0.0965878447925475,cruise,0.09481514275733319,0.20883058100999732,R04,eastbound,0.009299466092638927,0.7421373499754134,938
162.25236564452644,23462.06458814732,9.471212912068657,34.0266026584645,-118.3734708584121,9.371659908672761,-0.04242753173946115,cruise,0.12435140167431759,0.2705963835037184,R04,eastbound,0.012767819413452513,1.0189268469901385,938
163.24474164337153,23452.29967458478,10.091891977166094,34.02659820658186,-118.37336493403178,9.486437921602676,0.10176620047937938,cruise,0.11722867046645313,0.23868957857127565,R04,eastbound,0.011888369493573178,0.9487429647679142,938
164.23711764221662,23441.49415370287,10.07042721028375,34.026586937861886,-118.37324859489132,9.723345528726723,0.23484333651377193,cruise,0.1886774088380966,0.5187932224993589,R04,eastbound,0.01865999522953257,1.4891477932438382,937
165.2294936410617,23430.512098037954,8.402257189436598,34.02656144141042,-118.37313306773252,10.057413434646708,0.23620608827521333,cruise,0.11793671117769586,0.3008775702611861,R04,eastbound,0.011269838345381174,0.8993815215814266,937
166.2218696399068,23420.54377555998,8.50237210771273,34.02655287641293,-118.37302550352113,10.199001739498541,0.1554572117897891,cruise,0.12338251222020542,0.37419381494439546,R04,eastbound,0.011623755838768898,0.9276256581841305,936
167.2142456387519,23409.264473509204,7.715978535610542,34.026535121256764,-118.37290482010684,10.417213227543296,-0.02211624474486753,cruise,0.08452288849737788,0.24492194681367802,R04,eastbound,0.007793188068141958,0.6219298917955037,936
209.8864135890908,23217.67327583974,2.328428288386726,34.02627649070731,-118.37084903161961,12.640255444964023,0.23950545184936067,cruise,0.17825229317223443,0.521774810227644,R04,eastbound,0.013499776928686837,1.0773402016106337,928
210.8787895879359,23204.709646115178,3.48022992895264,34.02625599425281,-118.37071013008605,12.678109576006447,0.14704395285037486,cruise,0.3129165131911233,0.7074310003584128,R04,eastbound,0.02362647650908641,1.8854943381737803,928
211.871165586781,23190.827446042673,3.6179167546010356,34.02624366794356,-118.37056059741516,12.817466976127077,0.18096901859000222,cruise,0.2818797209251644,0.6167622085236957,R04,eastbound,0.02104771390775981,1.6796980027605992,927
212.86354158562608,23176.859925869652,6.789685732164853,34.02632542946274,-118.37039941455185,12.89496918354564,0.2749181441386085,cruise,0.23495194773012343,0.6329449036962331,R04,eastbound,0.01743640749398864,1.39150023472026,927
213.85591758447117,23158.571828074917,11.4859662323479,34.026352334074595,-118.37019732433825,13.500931700924438,0.1151568521074303,cruise,0.21875284226150626,0.6295758157813497,R04,eastbound,0.015493343917481478,1.2364354128113748,926
214.84829358331626,23142.368488586475,11.15567022585526,34.02633586542395,-118.37002277309811,13.631577858550235,-0.1459683236693818,cruise,0.1585417036469348,0.43314473340204684,R04,eastbound,0.011119381805202163,0.8873744432284763,925
217.82542157985154,23107.99514139432,10.562374178665591,34.02630189297764,-118.36965237695743,12.508955812902476,-0.2818835436281685,cruise,0.11789536150787198,0.3449269329085592,R04,eastbound,0.009024039464699004,0.7201571216767376,924
222.787301574077,23059.690278023765,9.81188249442327,34.026254675044115,-118.36913173545464,10.572830368007242,-0.2762677649014759,cruise,0.13591687233832225,0.3716412161712531,R04,eastbound,0.01234422163350739,0.9851219241341067,922
259.50521353134536,22760.423503983155,13.120757359300832,34.02602685903124,-118.365895402044,19.92908388327544,0.2529060634847589,cruise,0.20719856382584265,0.44951973680937063,R04,eastbound,0.00987518626211498,0.7880822931201127,910
260.49758953019045,22740.452672397747,14.18423088609424,34.026014488550544,-118.3656791341975,19.940391244545648,-0.058563898329671245,cruise,0.2109254661008899,0.5795480529309589,R04,eastbound,0.010047013709267177,0.8017948616710654,909
261.48996552903554,22721.20488933826,14.589685142321121,34.025997788888965,-118.3654720677461,19.84884538942569,-0.09153180467459704,cruise,0.2444248127101511,0.5707867670805108,R04,eastbound,0.011697311955738934,0.9334957523571534,908
262.48234152788064,22703.02831987504,13.342756766044179,34.02596738943934,-118.36527799471372,19.640764773868508,-0.0672102173356372,cruise,0.4076299277133683,0.9982387320677958,R04,eastbound,0.019717980363051762,1.5735795526031013,908
263.4747175267257,22683.59898864791,13.43237254120926,34.0259440028635,-118.36506496580134,19.683706557412297,-0.005068570425007282,cruise,0.41362267570666394,0.8417900204778079,R04,eastbound,0.01996346413288566,1.5931702121734086,907
264.4670935255708,22663.831767039894,16.85536089192631,34.0259483677973,-118.36484757519081,19.705343237192764,0.03931042735523828,cruise,0.26441867753746184,0.7101703809280859,R04,eastbound,0.012747891644014329,1.017336525367967,906
265.4594695244159,22643.892639014564,18.556538636953917,34.02593715460054,-118.36463108099392,19.75408736027204,0.14234813216016218,cruise,0.2676338261814385,0.7849050069720611,R04,eastbound,0.012870511708277781,1.0271221333415608,905
270.42134951864136,22483.967486081914,7.399216477135711,34.025632554128926,-118.36293574882562,24.56999969464228,0.2871913199878521,cruise,0.3099905328052371,0.8169726303760121,R04,eastbound,0.011940573284938522,0.9529090516159766,899
271.41372551748645,22462.297563594864,7.400681191081107,34.025610395850585,-118.36270237595264,24.567741848071233,0.029405090251336162,cruise,0.42356284575414055,1.179655008798696,R04,eastbound,0.01631680799202845,1.302151384029119,898
272.40610151633155,22437.97591562014,7.402325256537618,34.02558552608821,-118.36244044548796,24.60579047244964,0.06789865895076429,cruise,0.2732964648917329,0.6721934744745894,R04,eastbound,0.010511573146991107,0.8388687008123692,897
273.39847751517664,22412.76480587413,7.404028887416447,34.025559746814075,-118.36216893602113,24.770000457577265,0.08189962885660745,cruise,0.26545614676586793,0.6552771208778124,R04,eastbound,0.010141170948873703,0.8093090139445921,896
274.3908535140217,22387.692146824953,7.37739263642284,34.025534325861926,-118.36189924783805,24.772027082115297,0.10993999611238493,cruise,0.20045000522195233,0.5466374387954896,R04,eastbound,0.007657116357935642,0.6110707846797659,895
275.3832295128668,22362.618198391523,7.3619429826007785,34.02550953456094,-118.3616291010049,24.889156594355285,-0.05258702697721635,cruise,0.2876825151635235,0.8617002345223689,R04,eastbound,0.010936762135291529,0.8728006089318878,894
415.30824535002466,21003.736939473434,2.891335892107838,34.024057642325396,-118.34700319012906,8.784688953521941,-0.2481612717554272,cruise,0.10438064757475804,0.22701169387941517,R04,eastbound,0.011446148555696497,0.9134518338932909,840
416.30062134886975,20995.55958418601,3.044673722363518,34.02404754508029,-118.34691537235697,8.240178417194947,-0.21535330120601714,cruise,0.1134623618465358,0.2760994434274598,R04,eastbound,0.013278806157219984,1.0597057846317666,839
417.29299734771485,20987.38222890049,3.19801155237731,34.0240374478352,-118.3468275545849,8.240178416291297,-0.09144896367104662,cruise,0.2553283314904236,0.5894849583594652,R04,eastbound,0.029881763128390804,2.384693086654821,839
418.28537334655994,20979.204873614857,3.3513493835577632,34.024027350590096,-118.34673973681282,8.240178415387646,0.00017906531659913407,cruise,0.1563800077842258,0.4116416908720152,R04,eastbound,0.0183015739924681,1.4605442385450917,839
428.20913333501085,20897.42565915503,4.801560703661942,34.023926378139095,-118.34586155909204,8.249774247362758,-0.000924618553556406,cruise,0.13998647698065939,0.3858958479842589,R04,eastbound,0.016363611170248676,1.3058864787441025,835
429.20150933385594,20889.248130206226,4.9453391697545825,34.023916280894,-118.34577374131997,8.240831284994023,0.0018013962320651234,cruise,0.13269927738581003,0.33242481138540675,R04,eastbound,0.015528902737217055,1.2392731594071393,835
434.1633893280814,20836.084892702915,8.669102276452026,34.023823144449935,-118.34520755371021,12.76596500128266,0.21021679172099073,cruise,0.18193370586492233,0.5079606911745616,R04,eastbound,0.013640582036297802,1.0885770541766235,833
435.1557653269265,20823.416255433545,9.924340464988632,34.02379739138186,-118.3450730811826,12.76596500128266,3.1276647433150624e-10,cruise,0.20552083631769574,0.5128971391324227,R04,eastbound,0.015409040422897112,1.229707631727896,832
470.88130128534976,20159.84265799944,19.893127311919113,34.0231951152978,-118.33790419888177,11.632461906683966,2.2344098327849208e-05,cruise,0.15645375670169548,0.36711585881828973,R04,eastbound,0.012893843767813558,1.0289841319402822,806
564.1646451767883,19273.987366362442,0.16069372825311187,34.02124905453986,-118.32858314168494,25.137862852099975,-0.000670432340848507,cruise,0.1716164752348957,0.5516840622118739,R04,eastbound,0.006458651079683519,0.5154281061884051,770
565.1570211756334,19249.0434061444,0.6582986696224252,34.0211882757414,-118.3283227645002,25.136139762567574,-0.11552480455387158,cruise,0.1565734811941117,0.4364168915500434,R04,eastbound,0.005892930712072766,0.47028119019737946,769
591.9511731444509,18624.952128542336,11.831020266829045,34.01978390041562,-118.32177096555084,25.240209085555463,0.2755638796804071,cruise,0.214899128570127,0.49015170634776667,R04,eastbound,0.008054202577695022,0.6427599711242703,744
592.943549143296,18599.95608847284,11.649096957254663,34.01972080111339,-118.32150968467874,25.292344196544413,0.008118579679706335,cruise,0.15279032554667407,0.433356723926889,R04,eastbound,0.005714420561927383,0.45603531323488666,743
606.8368131271272,18248.16371193701,1.9452857324206265,34.0188374108822,-118.31785175246951,25.19087396496948,0.003263661869688785,cruise,0.3217439407242393,0.7677388659709582,R04,eastbound,0.012082661289947208,0.9642482849063596,729
607.8291891259723,18223.119597273075,0.011076207629788167,34.018774311579975,-118.31759047159743,25.226633749227013,-0.009133135717691553,cruise,0.2611176817672804,0.6158151008408879,R04,eastbound,0.009791784371349447,0.7814264638951783,728
608.8215651248174,18198.166074511475,2.482894470817854,34.01871121227774,-118.31732919072533,25.18593188678641,-0.21872617489227744,cruise,0.1985737268829067,0.470894816763384,R04,eastbound,0.007458657890207406,0.5952329462648706,727
715.0057970012422,17164.815974348967,7.212353786269447,34.01838490171894,-118.30615396994193,16.05330501357293,0.2529614475458311,cruise,0.23710974094072026,0.6780288899352834,R04,eastbound,0.014081422002515852,1.1237579775794502,686
715.9981730000873,17148.749947100925,8.110824102279688,34.018245672325236,-118.30598111883548,15.999730096176577,0.012766439186240073,cruise,0.16984912696816748,0.44625171239761746,R04,eastbound,0.010121321306708142,0.807724927214455,685
716.9905489989324,17133.327703601568,11.138613638149764,34.018217303839805,-118.30581421060921,15.970000266979884,-0.05864535371803032,cruise,0.1301898313607473,0.36818153387541874,R04,eastbound,0.007772712164782434,0.620295826731315,685
717.9829249977774,17117.664367993526,11.063340740920655,34.01821688574878,-118.30564442791547,15.770178922971793,0.014631120225337559,cruise,0.18098327104431033,0.4786916970144942,R04,eastbound,0.01094451004181969,0.8734189251622376,684
718.9753009966225,17101.84896255531,10.840261635207353,34.018217527496596,-118.30547346299797,15.933666737936392,0.06905518705697691,cruise,0.17753092523908265,0.5094403153136784,R04,eastbound,0.010623698766558309,0.8478168070091134,684
719.9676769954676,17085.842679293168,10.664103567247361,34.01821741091882,-118.3052999537161,16.123181060507118,0.0166990033552603,cruise,0.15579209060349875,0.43550420761645803,R04,eastbound,0.009211360965255527,0.7351061822606002,683
720.9600529943127,17070.32673627317,10.522620461205682,34.01821703404165,-118.30513176350728,16.028170390831164,-0.04499853486305391,cruise,0.19461257520464015,0.47709367950506076,R04,eastbound,0.011576045640307423,0.9238181793568215,682
721.9524289931578,17055.048398474926,10.389273381757869,34.018216609136886,-118.30496614966339,15.775105410883388,-0.004625472837858646,cruise,0.21452715946545448,0.5400989375290307,R04,eastbound,0.01296887159900906,1.0349716752318165,682
722.9448049920029,17039.39090795503,10.2803762954894,34.01821592350957,-118.30479642944124,16.01380959167239,0.06998782372994625,cruise,0.25672993848147013,0.6000861585663106,R04,eastbound,0.015284873001923122,1.2197985380404788,681
723.937180990848,17023.36728715494,10.111541384724045,34.01821573908635,-118.30462273318129,16.110000610300283,0.06498592322907504,cruise,0.19180885782742185,0.5089900034060597,R04,eastbound,0.011350326103087678,0.9058047904674813,680
724.9295569896931,17007.63103353122,10.008829894659405,34.018215739086344,-118.30445095326934,16.11000061030028,0.012110025735178359,cruise,0.19006457645331687,0.5222661774801807,R04,eastbound,0.011247107916837666,0.8975675357208365,680
725.9219329885382,16992.184810660812,10.1441297360504,34.01821441633298,-118.3042835263019,16.06585721510744,0.011766005193003533,cruise,0.25061918920529846,0.5259401520780373,R04,eastbound,0.014871889634830252,1.186840690935597,679
726.9143089873833,16975.552957005726,10.336040112554235,34.018212575416946,-118.30410324824287,16.130059180175152,-0.004491068128612123,cruise,0.15964257857005512,0.39784396900539837,R04,eastbound,0.009434930685765584,0.752948006539675,679
727.9066849862284,16959.753562251073,10.647272227203624,34.018209664612705,-118.30393199451281,16.15999984736035,-0.04816711116294222,cruise,0.1225644829276534,0.28172607261329224,R04,eastbound,0.007229951288454818,0.5769811767916854,678
728.8990609850734,16944.57662912488,11.182513386506187,34.01820473896237,-118.30376748970556,15.989117008727286,0.07190448061466588,cruise,0.2255841057913593,0.7280767748927935,R04,eastbound,0.013451648889529043,1.073499377300478,677
729.8914369839185,16928.801621376013,11.877680015712272,34.018198367893895,-118.30359650340398,15.920000076244461,0.22512946652454685,cruise,0.2691216491392706,0.5469547899185419,R04,eastbound,0.016118678808853915,1.286339823936402,677
730.8838129827636,16908.771296697072,13.067199927263083,34.01818751273167,-118.30337939592194,16.798196635919545,0.178037382249437,cruise,0.5236715429404871,1.1655038053005704,R04,eastbound,0.029697441498618027,2.369983428648648,676
731.8761889816087,16891.940139856586,13.200119576650595,34.01818620217027,-118.30319695705812,16.691398695438657,-0.04065795501741573,cruise,0.4591681410282889,0.9098314295955789,R04,eastbound,0.02620893581284739,2.0915856863243563,675
732.8685649804538,16876.603385992883,12.958015703323593,34.018188281713684,-118.30303071363589,16.277798539782395,-0.25056880217350286,cruise,0.1659952542486254,0.45258888586363005,R04,eastbound,0.009719811164204253,0.7756826927272565,675
733.8609409792989,16860.210121723678,12.821613726292236,34.01818922833729,-118.30285351238514,16.198310300053166,-0.25046960174357935,cruise,0.2878468181918851,0.6160114787667915,R04,eastbound,0.016938935530414177,1.3517998346051983,674
734.853316978144,16846.79576305761,11.861483791618276,34.01819736360595,-118.30270806522977,15.799334239286942,-0.26608612400274284,cruise,0.36742364342985995,0.8577483486473574,R04,eastbound,0.02217731805923936,1.7698452674690366,673
795.3882529076946,16591.821001301578,13.812276434890363,34.018178586097555,-118.29994506485181,12.380151860592523,-0.062068604112645774,cruise,0.155279151226915,0.4992234449126768,R04,eastbound,0.012011294848316081,0.9585529362334693,663
796.3806289065396,16579.631899760803,12.532838293663001,34.0181891541274,-118.29981282554648,12.233016687115919,-0.014857634604385704,cruise,0.18033140567543499,0.4770273434463901,R04,eastbound,0.014119839897882331,1.126823890694772,663
797.3730049053847,16566.066194408275,12.481409287969793,34.01818854567146,-118.29966578192868,12.440904898966622,-0.006553692176711845,cruise,0.237825491085225,0.6290628166446472,R04,eastbound,0.018305117099555644,1.4608269937138763,662
798.3653809042298,16553.941910158384,12.69943547991166,34.01818562259266,-118.29953438748664,12.230261256752813,-0.029684321939054403,cruise,0.23308235594622786,0.5034982190131951,R04,eastbound,0.018254389809917997,1.4567787380475732,662
799.3577569030749,16540.47154564682,11.95036930817718,34.01819130928082,-118.29938831097007,12.343884930035705,0.021123597203304745,cruise,0.18930965433556818,0.4932138180014222,R04,eastbound,0.014687418404559912,1.1721190941669501,661
800.35013290192,16529.04504014254,10.76625627591251,34.018201078432774,-118.29926434650501,12.153288604240982,0.1455711405039642,cruise,0.18601254137859113,0.4628475937251146,R04,eastbound,0.01466186572303922,1.1700798803927808,661
801.3425089007651,16515.17834378305,9.838706514502345,34.01820875862152,-118.29911355608716,12.643652856721436,0.17226062616924023,cruise,0.15936544831562968,0.4175394981755857,R04,eastbound,0.012066099850831393,0.9629266109075783,660
802.3348848996102,16502.650669158735,10.58903822149648,34.01820142695924,-118.29897780606281,12.797261165830923,0.14939063030122482,cruise,0.1651414747088264,0.39056437342217437,R04,eastbound,0.012350775232487093,0.9856449294906667,660
803.3272608984553,16490.807888636944,10.753615688348164,34.018199405778425,-118.29884944780605,12.725596234184056,0.1364774651319734,cruise,0.17986519258726874,0.3928047802755427,R04,eastbound,0.013529010528673445,1.0796731684936978,659
804.3196368973004,16477.59030401468,10.370988997171098,34.018202254085715,-118.29870615777136,12.960855282558013,0.18324942434230962,cruise,0.16024584045436446,0.38349501975977274,R04,eastbound,0.011830777811992307,0.9441469011312192,659
805.3120128961455,16463.16930978158,12.308916074626042,34.01818413269338,-118.2985499503856,13.292680504675467,0.1547474347690943,cruise,0.22439512964759667,0.4202059846526699,R04,eastbound,0.016146269334726043,1.2885416664455518,658
806.3043888949906,16449.753838944,12.848126775585115,34.01817919894749,-118.29840386237996,13.321290878456443,-0.04358587180087186,cruise,0.22845460197051123,0.48305058413687024,R04,eastbound,0.016402455543001772,1.308986426587265,657
807.2967648938356,16436.944792992188,13.216974949929863,34.018175874493465,-118.29826501974738,13.2865664791718,-0.17164086972044212,cruise,0.2190020327029195,0.45036039222088026,R04,eastbound,0.015765587181756215,1.2581615950120322,657
808.2891408926807,16427.117180959074,13.341624987311661,34.01817475101409,-118.2981584941301,12.707447869678136,-0.00028396950376978334,cruise,0.1509436376790558,0.36995272121235206,R04,eastbound,0.011370097389425623,0.9073826240659135,657
813.2510208869062,16346.539398149342,15.26400163397193,34.01815742450082,-118.29728507767622,15.272008769742758,0.05484436958418064,cruise,0.2508926402170548,0.540057361752447,R04,eastbound,0.01567566868135917,1.2509857123394508,653
814.2433968857513,16334.614182351843,14.926914458163083,34.01816046269078,-118.29715581525015,14.614634276472295,-0.0776417020937322,cruise,0.14973649770635733,0.34969894397673373,R04,eastbound,0.00978369132142526,0.7807806037388938,653
815.2357728845964,16318.735559263543,12.046156835517161,34.01818614369357,-118.296984346356,14.900351264954647,0.03834627212200255,cruise,0.1513606996910711,0.399316865872121,R04,eastbound,0.009696946442078224,0.7738579896617799,652
816.2281488834415,16304.31891104747,11.187096885219072,34.018193244175706,-118.29682803413434,14.835417844480254,0.270257132341748,cruise,0.17393566521396212,0.3779033381338882,R04,eastbound,0.011192828889026365,0.8932358360879934,652
817.2205248822866,16287.237401251537,10.825975086213633,34.018195738055454,-118.29664286338598,15.279548722329153,0.23120153561112636,cruise,0.21176672538125332,0.4717741504475673,R04,eastbound,0.013224456262851403,1.0553684295431696,651
818.2129008811316,16269.113037245335,11.13008359926069,34.0181921897878,-118.29644642447789,15.844616969013705,-0.05944601403665771,cruise,0.22052008147934948,0.668071703757767,R04,eastbound,0.013271674757585762,1.0591366683004164,650
821.1900288776669,16229.322067169625,12.129562155809253,34.01818267541996,-118.29601451867616,14.66878855440182,-0.17760271539868214,cruise,0.5879881180936476,1.1427940910881955,R04,eastbound,0.0382745147003487,3.0544707221198397,649
822.182404876512,16217.151227390546,12.351193359587342,34.018180677842636,-118.29588259382851,14.174484489155963,-0.03062411219971027,cruise,0.3872415084931537,0.7435527021565211,R04,eastbound,0.026101538753331887,2.0830149395363144,648
823.1747808753571,16201.496718710441,12.5619314936921,34.018178778445304,-118.2957129080295,14.529033259763299,0.011037621590073996,cruise,0.30783877074712124,0.6266275402969097,R04,eastbound,0.020234548031824274,1.6148038720389521,648
824.1671568742022,16187.440305793429,12.71513743299872,34.01817697196776,-118.29556121067606,14.45063600306755,0.03570945683991271,cruise,0.30043575293867997,0.6889463322284314,R04,eastbound,0.019856924449101452,1.5846678876524969,647
825.1595328730473,16173.164800425899,12.343386305954262,34.018179701946785,-118.29540645483753,14.458357864992188,-0.15115210125128714,cruise,0.2516056025055624,0.5869077087679994,R04,eastbound,0.016620522685561082,1.3263891215036732,646
826.1519088718924,16158.881849339343,11.549018965757359,34.018186240626875,-118.29525159619736,14.457783131325407,-0.21586022041145567,cruise,0.20727512289179856,0.5645741690681553,R04,eastbound,0.013692700607940332,1.0927363401246533,646
827.1442848707375,16148.405258786606,11.581987540229026,34.01818548803237,-118.29513803907379,13.621887826764754,-0.06555512385627428,cruise,0.28565978579658374,0.7118483844681991,R04,eastbound,0.020049353338413237,1.6000245398032695,645
828.1366608695826,16133.208433274245,11.703724347991397,34.0181837301697,-118.29497332257581,14.001819030244551,0.1457020942832277,cruise,0.39901996175483134,0.9419937045665451,R04,eastbound,0.027232857119392554,2.1732990059335635,645
829.1290368684276,16117.167195754722,11.956442004277118,34.018181103516596,-118.29479900534834,14.523989976975338,0.26809675919752485,cruise,0.5107192751079455,1.136447063087221,R04,eastbound,0.03358194238031233,2.679983289027697,644
830.1214128672727,16103.475445901167,11.90487129767878,34.01818140487884,-118.29465059410697,14.423228549203666,0.28057370134253196,cruise,0.3125081068212056,0.8452234161535134,R04,eastbound,0.020694756300468575,1.6515304691926105,644
833.098540863808,16053.441983288587,11.754139890608805,34.018182166146886,-118.29410825868887,15.845416546149734,-0.028509799184920772,cruise,0.18842038235227743,0.5058504852837683,R04,eastbound,0.011339219807693042,0.9049184603760426,642
912.4886207714153,15569.840064556578,12.395595074515018,34.018148607405834,-118.28886664907593,15.922104116539163,0.1772962648823974,cruise,0.3012867047704093,0.9252224936425215,R04,eastbound,0.01804273589516148,1.4398878462646936,622
913.4809967702604,15554.060631541008,12.1896917845198,34.0181501791038,-118.28869560505215,15.910185306951846,0.022268414634988343,cruise,0.37013211149026937,0.7499687670892698,R04,eastbound,0.0221824752410545,1.7702568327360637,622
914.4733727691055,15537.616238521561,12.10341122697835,34.01815034207632,-118.28851769115272,15.998837545145896,-0.06997524243887711,cruise,0.3016993706647927,0.7503041276604616,R04,eastbound,0.01797930674802587,1.4348259277956663,621
915.4657487679506,15522.693065189698,13.177247951125578,34.01814005243972,-118.2883559871649,15.718271103992485,-0.013134284879787603,cruise,0.35775126302392246,0.7654555324363859,R04,eastbound,0.021706786918552802,1.7322948607734905,620
916.4581247667957,15507.338098797447,13.13049096665225,34.01813984500331,-118.28818954764596,15.697367812840268,0.03854864549383783,cruise,0.3046268560383517,0.6798576912248181,R04,eastbound,0.01850846653643342,1.4770551524812836,620
917.4505007656408,15490.421154481815,13.07897769522193,34.01813961646508,-118.28800617713235,16.133450144797305,0.03061250293111516,cruise,0.21631829075236184,0.5368991463897905,R04,eastbound,0.012781751260092074,1.0200386682110936,619
918.4428767644858,15475.400936945613,13.026284024453142,34.01813941398385,-118.28784371329569,15.813187007797515,-0.0680787008614052,cruise,0.15609863236505694,0.5188966429072083,R04,eastbound,0.009413559154221285,0.7512424664982142,619
919.4352527633309,15459.674301626428,12.939735458412422,34.018139201523866,-118.28767324329579,15.784726588075722,-0.14602311288387934,cruise,0.20191424841489575,0.7440347351630621,R04,eastbound,0.012198811653687391,0.9735175829806922,618
920.427628762176,15444.281902919402,12.867780722824547,34.0181388786256,-118.28750639724585,15.640733356957375,-0.1649084530338526,cruise,0.28490229745326273,0.7124842210872151,R04,eastbound,0.017373804340242237,1.386504234072628,617
921.4200047610211,15429.07640915967,12.838411440687512,34.0181381837067,-118.28734158031969,15.436444800621793,-0.2709991339447052,cruise,0.23803245258462513,0.4974067655301416,R04,eastbound,0.01471103389690881,1.1740037119219469,617
929.3590127517818,15339.124323019629,14.661654673465478,34.01811955868604,-118.28636434103718,10.629344569232261,-0.156186007171498,cruise,0.1064356526826857,0.3009108544840246,R04,eastbound,0.009614405116328799,0.7672708372226065,613
930.3513887506269,15329.158511106674,15.417875708705543,34.01811344811702,-118.28625625639641,10.47570865716966,-0.04877697623894307,cruise,0.11347854324042797,0.29895250029266696,R04,eastbound,0.010403533914973995,0.8302467058995618,613
931.343764749472,15318.887343806702,15.69867897252578,34.0181116439934,-118.28614490243449,10.494768255182164,0.008427163080063053,cruise,0.12871657675182588,0.4083766164250411,R04,eastbound,0.011778733476500583,0.9399935395469845,612
932.3361407483171,15308.04615928834,15.732380333156598,34.01811210727706,-118.28602739103209,10.573758568177457,-0.013345278657740834,cruise,0.13229344449844935,0.32790350636805266,R04,eastbound,0.012014062345995951,0.9587737944390633,612
933.3285167471622,15297.119232655123,13.339366404593777,34.018134448105414,-118.28590915674737,10.58147214449851,-0.14958856714936145,cruise,0.11511948902160567,0.25357534062407355,R04,eastbound,0.010446679218465434,0.833689886494883,611
934.3208927460073,15288.22769264512,13.45587917772137,34.01813402708738,-118.28581277066385,10.309543562426267,-0.25812679349234147,cruise,0.12110398883084171,0.2882180641899837,R04,eastbound,0.011284673774865693,0.9005654525957139,611
935.3132687448524,15280.59447465375,13.261313839441128,34.01813632072361,-118.28573005011026,9.868294638489436,-0.24193187700321414,cruise,0.08756781582920142,0.22082968939405895,R04,eastbound,0.00853098553219352,0.6808092994233483,611
936.3056447436975,15271.267246949074,13.863632968161255,34.01813104612016,-118.28563007748997,9.749983067062669,-0.14504739181458867,cruise,0.09988452528273219,0.23013308786811323,R04,eastbound,0.009851021204364095,0.7861538176847928,610
937.2980207425426,15261.808158582595,13.785088635515422,34.01813175404565,-118.28552754645561,9.700508311300911,-0.05836206385327998,cruise,0.15020790594617356,0.4540809270330671,R04,eastbound,0.014890977626953008,1.1883639947198377,610
938.2903967413877,15253.710091636103,13.286712234374136,34.018136245946515,-118.28543976810444,9.613680587623527,-0.031200747065141168,cruise,0.4286180173012907,2.6401867601435143,R04,eastbound,0.04288178127465884,3.422150390181143,610
14.448375754049266,24814.02336141351,4.823771661840385,34.02780706640793,-118.38805247941508,9.532430856337662,0.2344986681272081,cruise,0.06668907235173999,0.15368597383148747,R05,eastbound,0.006729867341455967,0.7373585732524461,992
15.44537575432878,24805.151749515248,5.280949209331778,34.027794383066045,-118.38795740450618,9.46109567598449,0.22775248703238038,cruise,0.07297200317989229,0.1843553167380582,R05,eastbound,0.0074203850653801985,0.8130152151868091,992
17.439375754887806,24783.57487087343,5.547501726062973,34.027771806200555,-118.38772482457972,10.351367646639044,0.28260105075112474,cruise,0.06388851166003733,0.1800543823577358,R05,eastbound,0.005928772552524921,0.6495865443793818,991
18.43637575516732,24772.677859228894,5.3808224854411995,34.0277631951262,-118.38760714827751,10.470299695657632,0.16242694461077534,cruise,0.06825683707759374,0.16994678115219963,R05,eastbound,0.006260967542643612,0.6859835209507708,990
19.433375755446832,24761.638871037867,5.622904939688815,34.02775078774489,-118.38748839707816,10.562837179985005,0.08429222079438059,cruise,0.06018334881035006,0.15843996185882786,R05,eastbound,0.00547122319285004,0.5994551040515474,990
20.430375755726345,24750.619411945012,5.262070555666397,34.02774380376469,-118.38736918402573,10.641690163179078,0.06554344467460638,cruise,0.06299155294349018,0.13650285686520744,R05,eastbound,0.0056833553216133256,0.6226973814798661,990
21.42737575600586,24739.658339418198,4.985867431808381,34.02773611519046,-118.3872506948775,10.684213244050946,0.06751443735477025,cruise,0.07961346836580456,0.22956988192566205,R05,eastbound,0.007153973177126642,0.7838257706029529,989
22.42437575628537,24728.974433285937,4.686737051891675,34.02772888919595,-118.38713516853757,10.7410045177451,0.10164376354976223,cruise,0.06366326247734105,0.17232023278599634,R05,eastbound,0.005689940123881763,0.62341884598421,989
23.421375756564885,24717.876314892415,4.118270496694921,34.02772369374175,-118.38701487582354,10.86739418978845,0.17832791458372554,cruise,0.06901663412228348,0.15269069298025567,R05,eastbound,0.006095434424346804,0.6678468686602433,988
24.418375756844398,24706.459957649993,3.5883071559545985,34.02771887767675,-118.38689019993026,11.066542211166713,0.27568435102803246,cruise,0.07080688062104912,0.21448792981320985,R05,eastbound,0.006139092253504412,0.6726302429803661,988
26.412375757403424,24682.7167848034,2.7465200757058312,34.02770923398468,-118.38663293729454,11.83210935987734,0.26536036504568816,cruise,0.047074664136967016,0.12530672723348518,R05,eastbound,0.00381299265060098,0.41777091256317994,987
27.409375757682938,24670.528602621936,2.7176015086267973,34.02770066124849,-118.38650122698868,12.070168836370263,0.14190182911123994,cruise,0.0637682191889522,0.16248720987981255,R05,eastbound,0.0050615442429444435,0.5545685898504225,986
28.40637575796245,24658.5158419342,2.488005316493914,34.02769401850221,-118.38637123709839,12.009192214913039,0.07424985857812594,cruise,0.07283451377562174,0.1784357424366607,R05,eastbound,0.0058110332436478755,0.6366864254907789,986
29.403375758241964,24646.214205626828,2.3130706220251898,34.02768667534062,-118.38623817374037,12.09720702291397,0.08963674157357104,cruise,0.134029006348895,0.3348594978210334,R05,eastbound,0.0106142438744518,1.1629506678694912,985
30.400375758521477,24633.773065051868,2.219834846334487,34.027678590651334,-118.38610353864658,12.249233827472503,0.1223895138076383,cruise,0.15923604111832246,0.3530419328069893,R05,eastbound,0.012451294974118253,1.3642273512147591,985
31.39737575880099,24621.25265124492,2.0029859280896276,34.027672057902535,-118.38596803182931,12.366334212054227,0.11650506169900332,cruise,0.1156019983812314,0.23777075788019508,R05,eastbound,0.008952315031061584,0.9808612716550065,984
32.3943757590805,24608.61601390957,1.7810625004609038,34.027665492028056,-118.38583126464559,12.472199097575333,0.10324399422223252,cruise,0.10119042808381674,0.23745077552793786,R05,eastbound,0.007768616965170927,0.8511692773343594,984
33.39137575936002,24595.93445719305,1.6046659902987728,34.027658486547296,-118.38569404902981,12.571175032089963,0.10097732507905821,cruise,0.0841762573851539,0.22917135363496552,R05,eastbound,0.00641064897901836,0.7023833821616728,983
34.38837575963953,24584.061131207884,4.649570860653447,34.02762307689844,-118.385568193778,12.66199858104731,0.08579034155900978,cruise,0.06746729971690307,0.14367733600976507,R05,eastbound,0.00510065025154245,0.5588532435058964,983
35.38537575991904,24573.768267560947,14.284314740985666,34.027529511229744,-118.38546479010151,12.780581087374529,0.04335727037227777,cruise,0.07098771316460252,0.19907599464092568,R05,eastbound,0.005316152398997296,0.5824647573616459,982
36.382375760198556,24561.05718591661,17.367027461450203,34.02749253261247,-118.38533195023663,12.77599086564064,-0.021085365359395425,cruise,0.06971794156458072,0.16876621909158757,R05,eastbound,0.0052229694282187435,0.572255156057702,982
37.37937576047807,24547.441556729722,19.98079880942635,34.02745855781114,-118.38518733108401,12.71654593893631,-0.04721043993463425,cruise,0.055621852031588474,0.1211858787082342,R05,eastbound,0.004186765561747674,0.4587233781171167,981
38.37637576075758,24533.318136334758,21.83346760462629,34.02743102599671,-118.38503652187882,12.59990107387026,0.004058753238128432,cruise,0.06901854939385567,0.15233727969356975,R05,eastbound,0.005244087121317142,0.5745689181667258,981
39.373375761037096,24520.048658023632,22.659495826262738,34.027413372145496,-118.38489398251616,12.67425802737675,0.09280180880920685,cruise,0.06784153512084494,0.14862932343039487,R05,eastbound,0.005123896747631621,0.5614002481227395,980
40.37037576131661,24507.07201126523,23.06267647253025,34.027399741355545,-118.3847542133486,12.842558239077496,0.14977567070387288,cruise,0.06419405532174184,0.20847362203145758,R05,eastbound,0.004783788429621202,0.5241362470071994,980
41.36737576159612,24493.710563778466,23.318604041039467,34.02738699336342,-118.38461061740902,13.02902919418138,0.13103727500664064,cruise,0.07434041351983277,0.16469614266232557,R05,eastbound,0.005459261732926508,0.5981445455255419,979
42.364375761875635,24480.710106536437,23.554789572047323,34.02737463679775,-118.38447046234738,13.141087969467383,0.09383140817125035,cruise,0.07148608055093326,0.18922776299074784,R05,eastbound,0.005204118590934429,0.570189762227581,979
43.36137576215515,24467.897245755456,23.8851002074189,34.027361582823836,-118.38433242207576,13.159593276296357,0.09633903643532093,cruise,0.07313409462673555,0.2526092464511658,R05,eastbound,0.00531647689288643,0.5825003105663349,978
44.35837576243466,24454.64599110657,24.42991513332302,34.02734625772828,-118.38418985114848,13.273293640800308,0.13601621643117134,cruise,0.08534575283661561,0.2986558661209864,R05,eastbound,0.006150146311983079,0.6738413819783474,978
45.355375762714175,24441.420211547553,25.058854993039663,34.02733019736541,-118.3840476349584,13.473123638966108,0.13782580281129242,cruise,0.2526817564225639,0.5392791866432336,R05,eastbound,0.017933959827954336,1.964936061970905,977
46.35237576299369,24426.485786446952,25.43396327763176,34.02731322895639,-118.3839005148764,13.641206613717003,0.07832645946437555,cruise,0.35912875436075026,0.6437132822883562,R05,eastbound,0.025169545167355572,2.7577036771127763,977
47.3493757632732,24412.444069222758,25.311756371273045,34.027297127270806,-118.38374954185267,13.616154256027952,0.007246794410873392,cruise,0.2856512147717638,0.5870760471402365,R05,eastbound,0.02005733927509141,2.197584338701399,976
48.346375763552714,24398.30891320512,25.083293588274433,34.02728185999035,-118.38359740893132,13.598811904385723,-0.039073879522746324,cruise,0.17400107208618926,0.3453210803370466,R05,eastbound,0.01223354114800301,1.3403691319664344,975
49.34337576383223,24384.865060732474,24.639290003462776,34.027269363829035,-118.38345238248338,13.55886867247539,-0.07541852960911921,cruise,0.10925169075008453,0.25933773673562754,R05,eastbound,0.007704206558759865,0.8441121448584619,975
50.34037576411174,24371.596575945805,24.26876818021999,34.027256426234715,-118.38330934750124,13.464752249898968,-0.12660839458674378,cruise,0.15640466242308834,0.3230342933171819,R05,eastbound,0.011107762171689052,1.2170230483580655,974
51.337375764391254,24358.379100432852,23.9087043011591,34.02724345771272,-118.38316687570394,13.299060266266475,-0.16076502604841814,cruise,0.1893543105062585,0.41151718274209664,R05,eastbound,0.013618271543105484,1.4920872530923048,974
52.33437576467077,24345.564399094517,23.651210125900697,34.02723006645719,-118.38302888030839,13.101248893964396,-0.14509031567503783,cruise,0.11207735877075829,0.23581781332719293,R05,eastbound,0.008184363216612955,0.8967205560215297,973
53.33137576495028,24332.697381909085,23.368328173298266,34.027216672193056,-118.38289086441779,12.960675642318709,-0.11748901336484696,cruise,0.12994073422404234,0.3991726122812266,R05,eastbound,0.009593519713942318,1.0511149254260537,973
54.328375765229794,24319.73404820559,23.042045495400703,34.027203462857,-118.38275120549359,12.935206605235333,-0.10528203109929013,cruise,0.10645772070037358,0.25633343639968553,R05,eastbound,0.007875511808996037,0.8628812213492728,972
55.32537576550931,24306.968707524924,22.654891472025035,34.02719104314706,-118.38261358112649,12.762283276849981,-0.11887456308779853,cruise,0.13262114934118252,0.3492978871009007,R05,eastbound,0.009946263200863755,1.0897633000586824,972
56.32237576578882,24294.263938653206,22.26848879398365,34.02717869206087,-118.38247660816604,12.669844149220603,-0.15369089233762168,cruise,0.1130103289586265,0.26573474010430603,R05,eastbound,0.008538404318496253,0.9355111039643239,971
57.31937576606833,24281.93971575808,21.920343861987295,34.02716672918008,-118.38234233880284,12.514930461742864,-0.15298238711027068,cruise,0.08417676875660819,0.22264027874174408,R05,eastbound,0.00643999556553617,0.7055987437827417,971
58.316375766347846,24269.830441277194,21.706255931609373,34.02715421197373,-118.38221192672819,12.263180502121047,-0.10531711368325691,cruise,0.05772143766944529,0.1453626473907899,R05,eastbound,0.004508245861001902,0.4939463985363548,970
59.31337576662736,24257.528654344027,21.45751073481219,34.02714177498865,-118.38207939658115,12.25380628399934,-0.02978539308189987,cruise,0.06795992649530976,0.17516502989509278,R05,eastbound,0.005312038045789487,0.5820139678501678,970
60.31037576690687,24245.12376177187,21.09198185038861,34.027130258478415,-118.3819455912767,12.30096135273425,0.022339502473553985,cruise,0.0693933602353239,0.17160012873637345,R05,eastbound,0.005402931438960856,0.5919727113597264,969
61.307375767186386,24233.315060792705,20.937276560062543,34.027118103956205,-118.38181351083723,12.298973389663784,0.03627890546932111,cruise,0.06058259369966768,0.15665661910203607,R05,eastbound,0.004717705219753119,0.5168958336569818,969
62.3043757674659,24220.957028279656,20.946307420540293,34.02710566808443,-118.38168039440983,12.351648300290876,0.03471805108061332,cruise,0.06381371374192657,0.15727920508274626,R05,eastbound,0.004947763980068745,0.5421022442240371,968
63.30137576774541,24208.544603739334,20.99837738575957,34.027092792313454,-118.38154674379011,12.420139749021034,0.028243911343806438,cruise,0.06728975043427186,0.1432073889223582,R05,eastbound,0.005188012271229132,0.5684250717343392,968
64.29837576802493,24196.224421435654,21.02793527765104,34.02708021041268,-118.38141405978564,12.387478374999452,0.024838777400778334,cruise,0.07804239918852703,0.19583389848158197,R05,eastbound,0.006033175160004877,0.66102542627547,967
65.29537576830444,24183.73975651977,21.038741252381016,34.0270676320393,-118.38127958134105,12.432098392661228,0.031234164966552846,cruise,0.17224832591359054,0.38310785579687096,R05,eastbound,0.013267281403618478,1.4536309841427562,967
66.29237576858395,24171.111106317854,21.05034410665299,34.02705490257821,-118.38114355276866,12.488275223103795,0.035360875398362523,cruise,0.29081475135413654,0.6078735012455967,R05,eastbound,0.022297268211968858,2.443002371670456,966
67.28937576886347,24158.653715234606,21.06681885783825,34.02704230069414,-118.38100937494805,12.50618567579899,0.04006440224454355,cruise,0.1568920753877764,0.39751812041225065,R05,eastbound,0.012011662365955899,1.3160589615181335,966
68.28637576914298,24146.077934328958,21.092290536857337,34.02702949985998,-118.38087393258678,12.52491984855399,0.036797200294553356,cruise,0.15230007354527855,0.34677344264734433,R05,eastbound,0.011642358152203899,1.2755961092311554,965
69.28337576942249,24133.116928441897,21.116248112553098,34.02701632745855,-118.38073433855708,12.635119021505082,0.022431063136331808,cruise,0.12343868936624593,0.2595980663919605,R05,eastbound,0.009352383741425436,1.0246948390211374,965
70.280375769702,24120.82176726442,21.12644205236331,34.027003944024344,-118.38060190081148,12.579462729621435,0.016187202015685465,cruise,0.08970570021058087,0.2547381883533252,R05,eastbound,0.00682717888480368,0.7480205220135846,964
71.27737576998152,24108.47308898864,21.136901332609938,34.02699146614938,-118.38046803416879,12.585825414450703,0.03082203294225394,cruise,0.11136169315100317,0.26348307909077895,R05,eastbound,0.008470980442129846,0.928123800358139,964
72.27437577026103,24095.76933573428,21.183204905737387,34.02697877418947,-118.3803311805144,12.671045298093352,0.056550024575215296,cruise,0.18566791340534222,0.37119203250504984,R05,eastbound,0.014026636895374608,1.536829842839958,963
73.27137577054054,24083.00419533111,21.22322022940768,34.02696607925412,-118.38019365798651,12.727913854145418,0.06257365189384423,cruise,0.2031882252578423,0.3411824159046278,R05,eastbound,0.015280479991859762,1.6742072842958406,963
74.26837577082006,24069.98909036221,21.217119359296365,34.0269533166609,-118.38005540253805,12.775656537030496,0.060710769485069704,cruise,0.14772918646976557,0.2890434118095858,R05,eastbound,0.011067532207294483,1.212615248375851,962
75.26537577109957,24057.085936305954,21.147045485952532,34.02694048434434,-118.37991639178256,12.855529761247473,0.06573439971048334,cruise,0.1449823381384003,0.29609932531654926,R05,eastbound,0.010793101840395121,1.1825472583951924,962
76.26237577137908,24044.18615612738,21.076989769643628,34.02692765538461,-118.37977741737498,12.906601214152799,0.07178278937812,cruise,0.14394349694378406,0.3446141205096336,R05,eastbound,0.010672635825514766,1.1693483876967443,961
77.2593757716586,24031.157973288486,21.005185393067553,34.026914708139245,-118.3796370583161,12.990192356201474,0.07017281327066982,cruise,0.14239666130353962,0.37782778241828296,R05,eastbound,0.010488841623001595,1.1492109579286467,961
78.25637577193811,24018.68772349611,21.029553338940598,34.02690174767855,-118.37949590791034,13.0703985882568,0.055893213673049225,cruise,0.18060575462404052,0.509890768481654,R05,eastbound,0.013220262224010685,1.4484793231319162,960
79.25337577221762,24005.610712099482,21.343545028124733,34.026888811751014,-118.37935497589501,13.111506156246302,0.02632955298400219,cruise,0.32224168116036317,0.6631158563277614,R05,eastbound,0.023512726329347682,2.576174159137616,960
80.25037577249714,23992.47789488601,21.65887655631067,34.026875820620745,-118.37921344245575,13.119640618393891,-0.008515948775949411,cruise,0.21210898101397282,0.38250892533836073,R05,eastbound,0.015467009167300287,1.6946443716401247,959
81.24737577277665,23978.66504084957,21.650748506905636,34.02686282271182,-118.37907183515787,13.098453712058848,-0.04577995427324044,cruise,0.16693349820273848,0.3515106261224931,R05,eastbound,0.012192836865900539,1.335909363318179,959
82.24437577305616,23965.374514185383,21.51503673324251,34.02684987610031,-118.37893078672568,13.03250862685224,-0.07397246091343135,cruise,0.12999758209426326,0.3273924905538618,R05,eastbound,0.009543908337035696,1.0456792500647258,958
83.24137577333568,23952.63533296208,21.309862650815393,34.02683727635932,-118.37879351729192,12.924782461248645,-0.0905407970921166,cruise,0.07003394354038812,0.16428493946375317,R05,eastbound,0.005185210070860789,0.5681180483770077,958
84.23837577361519,23939.855627782137,21.10940005009941,34.02682458857405,-118.37865581850693,12.850808607895893,-0.10981827114248865,cruise,0.09066541456634013,0.2068435937630342,R05,eastbound,0.006752041361582047,0.739788071935536,957
85.2353757738947,23927.102178423047,20.950273046473924,34.02681156093342,-118.37851845838843,12.738538682658312,-0.12713292345521143,cruise,0.09248346801564408,0.22324103808430196,R05,eastbound,0.006949186217478641,0.761388267346895,957
86.23237577417422,23914.69219375289,20.85615755940637,34.02679869868391,-118.37838340476388,12.56181950728402,-0.11936279966450947,cruise,0.07808956213542398,0.1756402375700164,R05,eastbound,0.005951607175888086,0.6520884221207307,956
87.22937577445373,23902.279696335005,20.784622858542683,34.02678596796357,-118.37824973219601,12.453262413538225,-0.07648424488243233,cruise,0.08592608227583517,0.20261308355049484,R05,eastbound,0.006606942600825386,0.7238903120267823,956
88.22637577473324,23889.983573627575,20.730477668983646,34.0267732069936,-118.37811733454878,12.422056609222707,-0.010845787143368923,cruise,0.07144767072915113,0.1518895616786703,R05,eastbound,0.005507721570563952,0.603454052374255,955
89.22337577501276,23877.908789045112,20.823633295100343,34.02675936633465,-118.37798750970806,12.420772827704647,0.04106057743771796,cruise,0.09798436032126355,0.2225046716265567,R05,eastbound,0.0075541624807843166,0.8276725507851123,955
90.22037577529227,23865.376201820516,20.9669422843847,34.02674458373122,-118.37785282309383,12.529429594407778,0.053996336042981596,cruise,0.13377832110336044,0.272040174988216,R05,eastbound,0.010222745509026254,1.1200561111844567,954
91.21737577557178,23852.903948511812,21.058547607276342,34.02673032878847,-118.37771871879524,12.591513802654449,0.05766776610306401,cruise,0.11451880227888891,0.2500647117085592,R05,eastbound,0.008707130072659755,0.9539975577157328,954
92.2143757758513,23840.4359046729,20.965057742930693,34.026717734698074,-118.37758442000936,12.57432171657258,0.035983114009147776,cruise,0.08562817834588098,0.17596961407462824,R05,eastbound,0.006519563589924281,0.7143166221542699,953
93.21137577613081,23827.233619802217,19.207009083221717,34.02671924492398,-118.37744006310834,12.720849282465089,0.003989727888478178,cruise,0.23543569476849752,0.4959943436341547,R05,eastbound,0.017715606903575695,1.9410122024627767,953
94.20837577641032,23815.31330360967,19.002564331766806,34.02670809182104,-118.37731188189244,12.615345102660205,0.004743835105442962,cruise,0.21707239684985227,0.4242828477404246,R05,eastbound,0.016472803610875428,1.804844338187958,952
95.20537577668983,23802.934821470426,19.14636402046813,34.0266932863241,-118.37717888386892,12.574356968802388,0.023653529111377303,cruise,0.11680396440063476,0.24983962417420696,R05,eastbound,0.008893202174257034,0.974384565719693,952
96.20237577696935,23790.11550761345,19.300651525488536,34.02667790554863,-118.37704115646966,12.749191651843999,0.02999223816264429,cruise,0.046829259214239326,0.13592478938080124,R05,eastbound,0.0035157488710176018,0.3852033687913072,951
97.19937577724886,23777.608668142453,19.4173565409908,34.026663202274904,-118.37690674179187,12.728498144465226,-0.015880571819463896,cruise,0.055942946649762335,0.14612898486694068,R05,eastbound,0.0042069128781208436,0.46093082080536624,951
98.19637577752837,23764.91737902873,19.589537064489893,34.026647801237026,-118.37677041538258,12.640617495736603,-0.05154285902635358,cruise,0.08005115795975841,0.1806053785730514,R05,eastbound,0.006062425740435237,0.6642302689801807,950
99.19337577780789,23752.654092736735,19.79392817477394,34.02663243387425,-118.37663702847343,12.58793354425911,-0.03125533760764121,cruise,0.10307247127916382,0.25680371732731766,R05,eastbound,0.007839106287341253,0.8588924468097624,950
100.1903757780874,23740.288758345952,20.066157492680624,34.0266173769939,-118.37650419146412,12.581426869268029,0.001280251617059136,cruise,0.0916572658903233,0.16555836611153613,R05,eastbound,0.00697459780570659,0.7641724904956064,949
101.18737577836691,23727.98869756522,20.45168674851996,34.026601372113234,-118.37637219648691,12.600719341312477,0.030923446439246938,cruise,0.1019276279933705,0.18928302684255005,R05,eastbound,0.007744034876274487,0.8484759383610058,949
102.18437577864643,23716.63424055768,21.289348548481865,34.026582283341874,-118.37625094029829,12.635490163858629,0.04750928867116855,cruise,0.10148855223721703,0.24966718503204607,R05,eastbound,0.007689092710641036,0.8424561946116265,948
103.18137577892594,23704.04791391145,22.52891804744463,34.02655834767632,-118.37611611461892,12.718854306319944,0.0492614625603327,cruise,0.06835323626579028,0.19904485833841015,R05,eastbound,0.005144131895368541,0.5636173140629456,948
104.17837577920545,23690.1107470562,23.88546806430809,34.02653237574399,-118.37596757844292,12.747492469171169,0.028842926487784304,cruise,0.07963557469479447,0.19644370839723407,R05,eastbound,0.00597952323903725,0.6551470483090501,947
105.17537577948497,23676.687637109455,1.8759669427054089,34.02671623504697,-118.37579671703489,12.783399105118464,-0.007405779672021495,cruise,0.13897532508519406,0.26798093794564054,R05,eastbound,0.01040529842120996,1.1400575388562442,947
106.17237577976448,23664.0406624847,2.116225219079328,34.02670154255552,-118.37566074975547,12.743483751358406,-0.04016020094524375,cruise,0.14002265444793327,0.27665134819323667,R05,eastbound,0.010517116634736659,1.152308912353875,946
107.16937578004399,23651.47096971448,2.3160380321279455,34.02668733829624,-118.37552550955118,12.678561650122255,-0.06364056826180331,cruise,0.10318903707471308,0.2192242028967297,R05,eastbound,0.0077909117345925,0.8536120059258159,946
108.1663757803235,23638.94780185341,2.541442607012057,34.02667312687772,-118.37539082375514,12.612091602045579,-0.06185240686165194,cruise,0.0882408828127587,0.2303117746452038,R05,eastbound,0.006698024158559107,0.733869671805012,945
109.16337578060302,23626.578861979877,2.4905318650987276,34.02666154148369,-118.37525747640946,12.534093374982453,-0.05420116680108844,cruise,0.1347038589734649,0.2650046735332293,R05,eastbound,0.010289575058746891,1.12737829733359,945
110.16037578088253,23613.84295515885,2.792374577162404,34.02669618994946,-118.37511399898895,12.51795092854807,-0.04161893821947338,cruise,0.14381968894081543,0.2872126377525844,R05,eastbound,0.011000313336170412,1.2052504061890863,944
111.15737578116205,23601.51122829454,2.5427332364343114,34.0266816280334,-118.3749814547718,12.448470943724761,-0.03803364232757289,cruise,0.06594090764502078,0.14286171161883834,R05,eastbound,0.005072247633440347,0.5557413078765873,944
112.15437578144156,23589.074271341604,2.3606843521412504,34.02666756639599,-118.37484769570732,12.448749544804585,-0.05276686008869991,cruise,0.07804665381472825,0.2246918654229218,R05,eastbound,0.006003298366552423,0.6577519724797679,943
113.15137578172107,23576.82044339027,2.2596573354077627,34.02665441355042,-118.37471581201896,12.375777510258605,-0.07691035175110272,cruise,0.12194696595542213,0.25930227175175563,R05,eastbound,0.009436344727248603,1.0338940326418018,943
114.14837578200058,23564.691339589972,2.170406599047731,34.026641490854395,-118.37458525777365,12.274993004875135,-0.09822894006830651,cruise,0.1277241709377195,0.25276028223491787,R05,eastbound,0.009965938894934181,1.0919190694032208,942
115.1453757822801,23552.855746767775,2.43680809491683,34.02663204727372,-118.3744574378813,12.162149759350127,-0.10208889659452236,cruise,0.12232217815664548,0.25473704932852426,R05,eastbound,0.009634523416554696,1.0556075001117515,942
116.14237578255961,23540.85184261364,2.5866428235617684,34.02662139131912,-118.3743279449639,12.074771776059704,-0.10221082291244077,cruise,0.10785832078090721,0.25849499811080856,R05,eastbound,0.008557836179674424,0.9376401577341825,941
117.13937578283912,23529.01539407513,2.784094687265505,34.026611329268455,-118.37420019873433,11.965302959474393,-0.10485114400892659,cruise,0.08703871034965135,0.1890164371190614,R05,eastbound,0.006970212715766013,0.7636920376875326,941
118.13637578311864,23517.3500784333,2.9835888727576374,34.02660123646341,-118.37407423061289,11.860414661917241,-0.11950573011556109,cruise,0.05852029200482947,0.14493885353431968,R05,eastbound,0.004728568380471871,0.5180860569232338,940
119.13337578339815,23505.76238941785,3.190398627338789,34.02659121006337,-118.37394918681964,11.749287329855346,-0.16243841953700322,cruise,0.08978415095710045,0.3085931387846489,R05,eastbound,0.007324560095627946,0.8025161430070009,940
120.13037578367766,23494.28823619416,3.3931213633049473,34.026581263448925,-118.37382537074173,11.575904127927041,-0.21750946574271612,cruise,0.09172093367352277,0.19750116265531692,R05,eastbound,0.007596578061597291,0.8323198180438993,939
121.12737578395718,23483.113007539763,3.6543274181268113,34.02657214694971,-118.37370470171084,11.278106867521819,-0.2748410527692027,cruise,0.09155347201820975,0.22092775352706942,R05,eastbound,0.007786419178073882,0.8531197785316118,939
122.12437578423669,23472.08283643688,3.850824345635917,34.02656259970244,-118.37358567459047,11.030453499813063,-0.29802931675201894,cruise,0.06651217817708069,0.16372372817033568,R05,eastbound,0.0057859256371407455,0.6339355081290295,938
123.1213757845162,23461.612315787206,4.037349230929391,34.02655353684554,-118.37347268668842,10.650638779843021,-0.2737028196599862,cruise,0.07555123781856381,0.16066869591222216,R05,eastbound,0.006810715711057103,0.7462167327724201,938
124.11837578479572,23451.25875901486,4.221792358665697,34.02654457524457,-118.37336096094698,10.420560842295439,-0.2254340718204233,cruise,0.09263105790057115,0.24093827287170952,R05,eastbound,0.008537987414744585,0.9354654258640113,938
125.11537578507523,23441.04386137279,4.4037658782498745,34.02653573366584,-118.3732507314824,10.250709257374384,-0.22680892274883124,cruise,0.08746036300505021,0.2537656094380705,R05,eastbound,0.008197286521585133,0.8981364991943307,937
175.9623757993304,23202.11006012923,12.64935215153223,34.02639878496962,-118.37066686417762,12.850725520351576,0.2150814435962758,cruise,0.3045963964541216,0.6246338547045032,R05,eastbound,0.02268407422470603,2.4853828102744133,928
176.95937579960992,23189.336779326033,12.250536340656813,34.026384836249576,-118.37052860346682,13.055951647921335,0.1410453865879573,cruise,0.35350599999461535,0.6561923625562606,R05,eastbound,0.025905610757824944,2.8383507754984176,927
177.95637579988943,23176.437852488285,11.918361371672079,34.02637110474832,-118.37038971856605,13.048210726581214,0.09438018043731677,cruise,0.24693539154207017,0.520230017932979,R05,eastbound,0.018106828458228495,1.9838764303484313,927
178.95337580016894,23163.311355158126,11.582422257430173,34.02635714980078,-118.37024838127459,13.226327341643003,0.0188876595530294,cruise,0.20212122988729656,0.44128697825713753,R05,eastbound,0.0146177787197311,1.6015983546221013,926
179.95037580044846,23150.05565590198,11.296732687781056,34.026343538134036,-118.37010559914356,13.244932066164218,-0.03831474146547009,cruise,0.14225624349969113,0.33652845128548714,R05,eastbound,0.010273532942212232,1.1256206412670162,926
180.94737580072797,23137.813148008514,11.074984070122639,34.026331344731126,-118.36997368827643,12.972216287816227,-0.013409915756738222,cruise,0.17292440164947845,0.544198875799849,R05,eastbound,0.012755448952901033,1.3975520116375315,925
181.94437580100748,23124.943916907767,10.853330852199791,34.02631862985154,-118.36983501310331,13.073122996897288,0.09768879432532263,cruise,0.17660961759700247,0.3677499186654432,R05,eastbound,0.012925006289471392,1.4161295777966523,924
182.941375801287,23111.67501533042,10.625546325200876,34.02630552684757,-118.3696920304407,13.317918294830633,0.16999753950211982,cruise,0.19643696686477444,0.44179111001349125,R05,eastbound,0.014107304324301673,1.5456681775772867,924
183.9383758015665,23097.977369066175,10.393460645880195,34.02629201435873,-118.36954435686462,13.483604426967727,0.12123507455278038,cruise,0.18036308553486768,0.37029599499542926,R05,eastbound,0.012791057308425393,1.4014534445920224,923
184.93537580184602,23084.19921973592,10.18216761479414,34.0262785592969,-118.36939587125657,13.578660139332573,0.0027085968803808314,cruise,0.13216948905108541,0.3175213085430442,R05,eastbound,0.009306504707717222,1.0196680982072583,923
185.93237580212553,23070.2813920155,9.971894756819998,34.02626499620936,-118.36924587715937,13.5376093685734,-0.13405284593192235,cruise,0.10909537257907334,0.231178767775906,R05,eastbound,0.007705472596556016,0.844250858413379,922
186.92937580240505,23056.93606408771,9.770271096144159,34.02625199102763,-118.36910205296128,13.280116179767937,-0.1991572966134756,cruise,0.1253962408581409,0.26547437892935777,R05,eastbound,0.009031523997502166,0.9895398098074081,922
187.92637580268456,23043.941314302578,9.573943886581143,34.026239327487154,-118.36896200698598,12.980244261942788,-0.1473649727553381,cruise,0.13076906388317713,0.27916251508521306,R05,eastbound,0.009639869981013812,1.0561932969694536,921
188.92337580296407,23030.722963152657,9.374238654163195,34.02622644604616,-118.36881955123178,12.944666297287375,-0.0425180695425027,cruise,0.1337126536172806,0.26293484376536047,R05,eastbound,0.009884419763199887,1.0829874177645462,921
189.9203758032436,23017.333195886647,7.899234301236263,34.026202713962114,-118.36867701615031,12.991521983784384,0.016473345012582463,cruise,0.11956944896317812,0.27851653858963993,R05,eastbound,0.00880648771731724,0.9648836877669259,920
190.9173758035231,23004.21025723088,7.567494044217785,34.02618949869934,-118.36853561603513,13.01449536585178,0.023721625562353132,cruise,0.10079875319432473,0.19839860445917917,R05,eastbound,0.007410664742893614,0.8119502071032009,920
191.9143758038026,22991.23454093198,7.034277140112269,34.02617458916733,-118.3683959947442,13.008958743271279,0.014005882215907484,cruise,0.1384050938624704,0.300841175978086,R05,eastbound,0.010179865873368991,1.1153579997112841,919
192.91137580408213,22977.888316886692,8.0909409170567,34.0261734775617,-118.36825073161317,13.069132301954257,-0.017889052844628495,cruise,0.12673375486151994,0.2578089362445475,R05,eastbound,0.009277769720541845,1.0165197465279399,919
193.90837580436164,22964.773718053155,8.30053845347219,34.026164902853466,-118.36810893329303,13.020668235120954,-0.07061978202407371,cruise,0.27037346624823166,0.6102120355908844,R05,eastbound,0.019868111659398176,2.1768515964869977,918
194.90537580464115,22951.96632958277,8.108063698000898,34.02615310603163,-118.36797102953638,12.895773559855538,-0.11337121423733088,cruise,0.3068256225695284,1.072301500960479,R05,eastbound,0.02276889888690364,2.494676632681486,918
195.90237580492067,22939.390709498897,6.910626569723412,34.02613259195883,-118.36783634140404,12.75986994918355,-0.13275104358897405,cruise,0.13366742441713533,0.3145850104479766,R05,eastbound,0.010026659921723583,1.0985719746401568,917
196.89937580520018,22926.763629891055,6.407647943288405,34.02611827388798,-118.36770044926061,12.651743984133818,-0.12823096032449044,cruise,0.3322737137180111,0.6957604962750792,R05,eastbound,0.025141206807885452,2.754598781986763,917
197.8963758054797,22914.708825777427,5.982471429194493,34.026105098665624,-118.36757066457422,12.470581067870807,-0.0992699327951776,cruise,0.4090563566843052,0.6934044037937865,R05,eastbound,0.031408322093831015,3.4412558810334826,916
198.8933758057592,22902.16168423613,7.103951822613366,34.02610542960674,-118.36743411922576,12.41798483629213,-0.0725784232436606,cruise,0.4081281278751581,0.8753089421132232,R05,eastbound,0.031472066316631214,3.448240023036923,916
199.89037580603872,22889.464162172186,7.344800642845341,34.02609773611515,-118.36729677198477,12.39979635887799,-0.05859994897802867,cruise,0.32686990654091824,0.5338889019766209,R05,eastbound,0.025243594330266617,2.765816880886985,915
200.88737580631823,22877.210191158756,5.894854462723966,34.02607419672059,-118.36716499810974,12.288364565161334,-0.037462968766268645,cruise,0.45336112966873404,1.0733625968235674,R05,eastbound,0.03533527223743142,3.8715125574588827,915
201.88437580659775,22864.764701438864,5.706463940693739,34.02606126585497,-118.36703097999772,12.249656444116768,0.012355074614126771,cruise,0.35484529643164353,0.8275183650403438,R05,eastbound,0.027745781487978852,3.039969261463053,914
202.88137580687726,22852.16128281594,6.117332878849788,34.026053566315206,-118.36689460768025,12.3440212718307,0.061242267488255564,cruise,0.28458276941276195,0.5110388438202288,R05,eastbound,0.022078848852998,2.419071233249736,914
203.87837580715677,22839.912950542057,7.1547955772530285,34.02605180660997,-118.3667613842578,12.418047708571043,0.07989654684434377,cruise,0.2141648996733961,0.48449521316846084,R05,eastbound,0.01651485588053134,1.8094517992243002,913
204.87537580743628,22827.474916984407,7.45692881522677,34.026043119149904,-118.366626354791,12.486324544924514,0.07846759635639433,cruise,0.14673933244583662,0.3338533989888628,R05,eastbound,0.01125254541658234,1.2328862387404005,913
205.8723758077158,22814.696628442503,6.47006332169374,34.02602190466531,-118.36648966544004,12.58529431437982,0.07784223576518201,cruise,0.10131517667564009,0.27513523563524434,R05,eastbound,0.0077071001400045355,0.8444291803704426,912
206.8693758079953,22802.04022912331,6.660237547390389,34.02601115988686,-118.36635307178587,12.646167827557475,0.0816539166879311,cruise,0.19594740672804115,0.39214286935942866,R05,eastbound,0.014832843096122207,1.6251619040484508,912
207.86637580827482,22789.339001631455,6.731907926352475,34.02599930931187,-118.36621613529904,12.723856680415949,0.069633773737241,cruise,0.17546464224307798,0.434307784225446,R05,eastbound,0.013199847543141461,1.446242586626516,911
208.86337580855434,22776.454417690908,7.059676593715787,34.025989572836956,-118.36607692026895,12.836215908652527,0.046764549628306895,cruise,0.10308201702843028,0.2715806724671402,R05,eastbound,0.007685608900187524,0.8420744905786719,911
209.86037580883385,22764.21673116479,6.770992111291874,34.02597420944349,-118.36594458160458,12.811795467897726,0.033872139773214904,cruise,0.11135336519324254,0.27826906928787865,R05,eastbound,0.008318403105260695,0.9114066495264325,910
210.85737580911336,22751.56074061968,6.382748192245434,34.02595686738551,-118.36580892736869,12.837974576030662,0.021424170065929893,cruise,0.11133815510349508,0.28247490371519485,R05,eastbound,0.008300014900892601,0.9093919441170094,910
211.85437580939288,22738.62099827087,6.660237863127007,34.025945248402564,-118.36566963546198,12.924721153217991,0.0028377919825723907,cruise,0.13276046833519733,0.3338644808779325,R05,eastbound,0.009829437043773506,1.0769632307348795,909
212.8513758096724,22726.37028336476,6.04659445552743,34.025926789381295,-118.3655385447151,12.851449608702584,-0.012494638003883729,cruise,0.12454994510668714,0.2948606295346206,R05,eastbound,0.009275021991068097,1.0162186912795004,909
213.8483758099519,22713.967137922813,5.782964671199595,34.02591130189272,-118.36540536760968,12.815296106870303,0.012167547040323967,cruise,0.08031827667969446,0.18685989043953652,R05,eastbound,0.0059983293514968665,0.6572075418593804,908
214.84537581023142,22701.346017570337,5.364827293594192,34.02589420074165,-118.36527004080315,12.872656697818163,0.05145924927626311,cruise,0.08769071603703373,0.22777939553268547,R05,eastbound,0.006519234999093848,0.7142806200678069,908
215.84237581051093,22688.47919532427,5.027623865830922,34.025875527484075,-118.36513066430618,12.976300330518036,0.05977095912776509,cruise,0.14414827864404958,0.39641162882890846,R05,eastbound,0.010629427374361603,1.1646142495216147,907
216.83937581079044,22675.725017631954,4.128923216273425,34.025850641094806,-118.36499534388302,12.998274614311757,0.06093175671733064,cruise,0.18046609408490166,0.34607967634563075,R05,eastbound,0.013284602592539892,1.4555287819004405,907
217.83637581106996,22662.835088903525,4.89682553803512,34.025840433597786,-118.36485591618306,13.047228067979246,0.0852733881625447,cruise,0.1990853388349446,0.38825274882306415,R05,eastbound,0.014599285361720966,1.5995721280436068,906
218.83337581134947,22649.629245675846,5.228665545737175,34.025825920452206,-118.36471379507061,13.166222729142211,0.11873686818051343,cruise,0.20511750617085195,0.4122818946696756,R05,eastbound,0.014903362853943912,1.6328884082089727,905
219.83037581162898,22636.152885368483,5.106944966554452,34.02580700571519,-118.36456949513881,13.318457623818933,0.12052517626352977,cruise,0.19127279416996154,0.3648613367662308,R05,eastbound,0.013735868613329476,1.504971787588979,905
220.8273758119085,22622.653732548322,4.954737197924703,34.02578780663399,-118.36442510125443,13.437329004127026,0.12204075977258722,cruise,0.1643572287103923,0.3330313837225187,R05,eastbound,0.011696780347018392,1.2815588823269175,904
221.824375812188,22609.320417236027,4.867754201906582,34.025769620675945,-118.36428223719307,13.497103397604995,0.15141815000934145,cruise,0.13471504767122436,0.296897584757561,R05,eastbound,0.00954405316720827,1.045695118396744,904
222.82137581246752,22595.26176218879,4.838322784996053,34.025751000834774,-118.36413150343995,13.71762478052044,0.18275887259683632,cruise,0.20575061559287344,0.455055634165463,R05,eastbound,0.01433832645835916,1.5709801402825592,903
223.81837581274704,22581.092930156345,4.885347955866981,34.025732918966135,-118.36397946796706,13.94394522103534,0.17694559439767232,cruise,0.17499327982385068,0.4073708567641556,R05,eastbound,0.011993603612886108,1.3140803524724196,903
224.81537581302655,22567.035481368788,5.135530958632275,34.025716794296,-118.36382830805496,14.08375075687746,0.1325476126437426,cruise,0.17516119831618016,0.3853401677044841,R05,eastbound,0.011883901232844288,1.3020608004774268,902
225.81237581330606,22552.672088158735,5.587085518501856,34.02570206596039,-118.36367355064297,14.189465967231602,0.09263761372852564,cruise,0.18077348626080147,0.38187849986527905,R05,eastbound,0.012171728920364803,1.3335966692018113,902
226.80937581358558,22538.264318569407,6.073836186437726,34.02568773703237,-118.36351839713352,14.265003853381335,0.0694477261356985,cruise,0.11465536948579723,0.27906281621527074,R05,eastbound,0.007678323892253194,0.8412763079720844,901
227.8063758138651,22523.846993587344,6.5100433772062996,34.02567311236317,-118.36336304260696,14.31685033001087,0.05690565566146066,cruise,0.1231312294122339,0.30057803283871315,R05,eastbound,0.008215567158522225,0.9001394189676593,900
228.8033758141446,22509.290781410607,5.714493891252805,34.02564732069927,-118.36320810048053,14.371802691958408,0.05435825687739548,cruise,0.13098239562001374,0.25199950453538705,R05,eastbound,0.008705423066577345,0.9538105294274178,900
229.80037581442411,22495.01992637412,5.594186153999568,34.02562791941649,-118.36305517696108,14.423076760916826,0.05299908753389193,cruise,0.14049691475044307,0.3359452856461338,R05,eastbound,0.009304016355587167,1.0193954616628402,899
230.79737581470363,22480.408143920606,5.871857359575392,34.02561523521038,-118.36289929637003,14.483948515207127,0.050040647053119613,cruise,0.2641344137704835,0.5405628824578683,R05,eastbound,0.01741679118250225,1.9082724287678545,899
231.79437581498314,22465.86129067927,5.934940849501177,34.025600916623326,-118.36274255853303,14.521745048478769,0.04958639166587986,cruise,0.27402219216767415,0.5413575537869502,R05,eastbound,0.018020946076582063,1.9744667188065341,898
232.79137581526265,22451.23631307471,5.878549628712789,34.02558544823086,-118.36258512635646,14.572477555152151,0.05056356251234373,cruise,0.15278478609650595,0.4898812886075901,R05,eastbound,0.01001224157461951,1.0969922270300028,898
233.78837581554217,22436.548783721657,5.9904395855289,34.02557142276482,-118.36242681347396,14.63117351600026,0.05181309943345358,cruise,0.16641374024049155,0.37815386649608534,R05,eastbound,0.010860869467066612,1.1899722250371625,897
234.78537581582168,22421.86721649367,6.1735392125725275,34.025558041067825,-118.36226847717876,14.676991278719274,0.05072325722110094,cruise,0.16529240603458908,0.328765599424871,R05,eastbound,0.010753431671316021,1.178200792441449,896
235.7823758161012,22407.09866168667,6.341504164914372,34.025544434842125,-118.36210922270617,14.727177285809454,0.05400831231408176,cruise,0.15071220795209953,0.3338053739804142,R05,eastbound,0.00977090138601124,1.0705497656690675,896
236.7793758163807,22392.13141013583,6.082524141835366,34.02552708948629,-118.36194861081688,14.779900310124644,0.06069276050088401,cruise,0.1194332238997466,0.2792191234846282,R05,eastbound,0.007714942004631158,0.8452883750349653,895
237.77637581666022,22377.173103810746,6.1407825057059435,34.02551290432691,-118.36178737017214,14.85134220894831,0.06019838027347024,cruise,0.09016076821450128,0.33116458937882964,R05,eastbound,0.005795553084322999,0.6349903403208383,895
238.77337581693973,22362.213433461555,6.989910609447219,34.025505803450635,-118.36162517967601,14.9158904489985,0.05093493081039746,cruise,0.12152108343794152,0.29461108907482647,R05,eastbound,0.007777016811886203,0.8520896073609799,894
239.77037581721925,22347.179840955225,7.343418990535686,34.02549418949722,-118.36146277872793,14.95129385783245,0.03461346390472375,cruise,0.10861149734751953,0.29647917912063954,R05,eastbound,0.006934096834575213,0.7597349976337768,893
240.76737581749876,22332.078026661704,7.308856781814156,34.025479031634205,-118.36130010157768,14.98464141743372,0.013769969868481446,cruise,0.1302341537086059,0.30852117111528604,R05,eastbound,0.008295733111381185,0.9089228094305563,893
241.76437581777827,22317.1043692496,7.230854282759314,34.02546361058217,-118.36113885664909,14.989648981649202,-0.006357648278760841,cruise,0.12894556728637316,0.30405556045707627,R05,eastbound,0.008210860848767583,0.8996237716792513,892
242.7613758180578,22302.270411879897,7.131070029154298,34.02544813173535,-118.36097914270671,14.959907284958094,-0.023912571170491503,cruise,0.16656424860164748,0.3360764798423029,R05,eastbound,0.01062775328115842,1.1644308273361301,892
243.7583758183373,22287.417041608634,7.0912623673087545,34.02543302351182,-118.36081907284857,14.937996538293861,-0.03712041283597056,cruise,0.19806425237571787,0.4043687766359193,R05,eastbound,0.012656489712024684,1.386709532735571,891
244.7553758186168,22272.72399964752,7.493792717690639,34.025422020674654,-118.36066029948357,14.893248860007079,-0.04237421596913293,cruise,0.16987588324714278,0.30924091095496775,R05,eastbound,0.01088840384491682,1.1929890318383842,890
245.75237581889633,22258.116785574795,8.327234314144066,34.02541496330206,-118.36050193551063,14.834253096953187,-0.03397395468526465,cruise,0.13522705060623186,0.33509171224189305,R05,eastbound,0.008702609226589244,0.9535022307740096,890
246.74937581917584,22243.603993046836,9.601962899175515,34.02541195288492,-118.36034406110485,14.810168166300352,-0.012839262445076827,cruise,0.11276993353375012,0.27539966065622984,R05,eastbound,0.00726937487494094,0.7964697689069152,889
247.74637581945535,22229.0327942503,11.087414704454924,34.02541077206812,-118.36018530550419,14.817845035016353,0.002085576104496667,cruise,0.22501870546412409,0.4560901165849279,R05,eastbound,0.014497510525437586,1.5884211581555914,889
248.74337581973487,22214.554115437215,12.712151772250104,34.025411016460794,-118.36002754796277,14.832852453975933,0.003488996171962633,cruise,0.19887497161381917,0.40492715982711297,R05,eastbound,0.012799934605353296,1.4024260864978702,888
249.74037582001438,22200.329640674994,14.432997582303141,34.02541245598753,-118.35987224835225,14.82404472553821,-0.016922849451691313,cruise,0.1417040026155722,0.32807674768247047,R05,eastbound,0.009125824980582831,0.9998719062385422,888
250.7373758202939,22186.05137084339,16.195525917076104,34.02541421609875,-118.35971631984987,14.824839650885034,-0.1179167897422273,cruise,0.10153184006036238,0.2199707723567266,R05,eastbound,0.006538356343291174,0.7163756520142998,887
255.72237582169146,22119.445448200244,23.554817965777914,34.02541442264887,-118.35898953415847,12.654123348859914,-0.24247397054130548,cruise,0.15963327394354515,0.3218916607215754,R05,eastbound,0.01207620515872294,1.3231305989180675,884
256.71937582197097,22107.31793210013,24.859217569031813,34.02541399511416,-118.35885732172969,12.565337494854758,-0.08254449420903764,cruise,0.0804862176435136,0.17764632311122783,R05,eastbound,0.00613252163401142,0.6719103324132003,884
257.7163758222505,22095.178327912075,26.196294651319025,34.025413848217745,-118.35872493983186,12.583552202937238,-0.007555277973315455,cruise,0.061289870401859334,0.15390850086144583,R05,eastbound,0.004663010078823174,0.510903155193394,883
258.71337582253,22082.878701704747,27.640676279515663,34.02541450269458,-118.35859070518872,12.594938084119233,0.0026905593704844577,cruise,0.05034451099445543,0.16207363303320896,R05,eastbound,0.0038267513094278017,0.41927838136273843,883
259.7103758228095,22070.8217120224,29.101767480069988,34.025415549170255,-118.35845906431976,12.579327086746396,-0.009281239568170285,cruise,0.09488344162979744,0.20628587389542424,R05,eastbound,0.007221317407143342,0.791204347749045,882
260.707375823089,22058.29192269813,30.653687225359782,34.025417004256724,-118.35832283351553,12.585657537204353,-0.03180205749617926,cruise,0.17904198977409538,0.4026005074391496,R05,eastbound,0.013619420908517615,1.4922131834260597,882
261.70437582336854,22045.594797197333,32.20761346797884,34.02541845730474,-118.3581841881807,12.537312374739757,-0.06210191501201123,cruise,0.15264415061281725,0.3019984408856421,R05,eastbound,0.011656928409032152,1.2771925008450915,881
262.70137582364805,22033.2264987963,33.69935950686873,34.025419676179574,-118.35804915935799,12.446712888130392,-0.09738292218946487,cruise,0.12032410826964259,0.2339499775526243,R05,eastbound,0.00925679343757026,1.014221478033286,881
263.69837582392756,22021.033439960287,35.1496098883075,34.025420695371885,-118.35791606772983,12.346778080114358,-0.15997179576312526,cruise,0.06202569741565229,0.18318397002335174,R05,eastbound,0.004811060653250391,0.5271243308555639,880
264.6953758242071,22008.80873199379,36.56852764800541,34.02542140276143,-118.3577826720912,12.193647191129056,-0.23597919554092162,cruise,0.07902219913528474,0.2669942125239996,R05,eastbound,0.006207711730720402,0.6801485427105305,880
265.6923758244866,21997.621627500488,37.822156982290366,34.02542164824296,-118.35766065172469,11.833426789217786,-0.2663808270923127,cruise,0.1203767587776645,0.31233917860200994,R05,eastbound,0.009749272255265359,1.0681799678441934,879
266.6893758247661,21986.64895381206,39.024883383359615,34.0254216482461,-118.35754100194431,11.54843663090542,-0.2546874817053988,cruise,0.10167408707877633,0.21921449761888018,R05,eastbound,0.008441299185396047,0.9248717705621343,879
267.6863758250456,21975.747724817174,40.353160031949,34.02542164824936,-118.35741834531316,11.398498532225044,-0.26142434927524416,cruise,0.06448916456448293,0.19440888637120074,R05,eastbound,0.005425739550503365,0.5944716843308531,879
327.5063758418164,21636.485408552293,21.0251864192777,34.02453092196516,-118.35384007884967,16.806759559115275,0.1978751519260591,cruise,0.2657780283907093,0.6441468806419912,R05,eastbound,0.015064475065064167,1.6505406833724645,865
328.5033758420959,21619.040896900675,20.929155529464303,34.02451469434151,-118.35365199739326,16.928645364103737,0.04920336269194614,cruise,0.21699712504008406,0.7095451526530832,R05,eastbound,0.012209466931338704,1.3377314380638496,864
329.50037584237543,21601.6262506032,20.227260244430447,34.02450392432399,-118.35346352399921,16.974132457344062,-0.07532798057849632,cruise,0.2040672330795984,0.4025324111360733,R05,eastbound,0.011450661384192517,1.2545928341016046,864
330.49737584265495,21585.722453135568,19.320072048266855,34.02449647363959,-118.35329108847604,16.695540841114227,-0.13050243625071367,cruise,0.1788698978241128,0.5063677926799302,R05,eastbound,0.010207168489706497,1.118349413539707,863
331.4943758429344,21569.29801156601,12.010330085307338,34.02454587778311,-118.35310550032453,16.58925210215789,-0.13947204691379156,cruise,0.20614378633662983,0.48956516335663225,R05,eastbound,0.011840217284762125,1.2972745644347816,862
332.4913758432139,21552.961557508585,0.01036422744396562,34.02463752141167,-118.35291531762235,16.5328601454193,-0.16006310665692602,cruise,0.19311092171669791,0.43254539097069045,R05,eastbound,0.011130137112772503,1.219474560965494,862
333.48837584349343,21536.539220684666,0.37935161049780985,34.0246244869899,-118.35273795545916,16.3024913681668,-0.24854501309020982,cruise,0.1597018864755079,0.3846939822727702,R05,eastbound,0.009336896997536488,1.0229980324127905,861
337.4763758446115,21474.650446918913,3.048024808377304,34.02458681517294,-118.35206802383266,14.491977815499357,-0.09911888546957304,cruise,0.11894945182965928,0.2603343126499901,R05,eastbound,0.007839001954776473,0.8588810156021015,858
338.473375844891,21459.651679318027,4.876400518873181,34.02458837289253,-118.3519042989915,14.775543950670693,0.1519093039638788,cruise,0.14448414288931033,0.2660220779027345,R05,eastbound,0.00933593727534415,1.022892880356954,858
339.4703758451705,21444.39287901654,1.8070456653602205,34.024545848577056,-118.35174352743418,15.136812915007967,0.1769574101106004,cruise,0.15210074753077854,0.3525198350606541,R05,eastbound,0.009589537334263848,1.0506785956072207,857
340.46737584545,21429.15999284756,1.8223252464666426,34.02453098537451,-118.35157938209646,15.15866048774237,0.06895374028626922,cruise,0.18306118326146187,0.4291129943739072,R05,eastbound,0.011524588120624797,1.262692624206698,857
341.46437584572953,21414.002791550254,1.6644624912987724,34.0245146454981,-118.35141625727256,15.167420506006067,0.003747428936294206,cruise,0.18392667329712029,0.5175242405013412,R05,eastbound,0.011572272351481104,1.267917151622604,856
342.46137584600905,21398.819638472552,2.706569313079763,34.02450903073202,-118.35125143176062,15.15741763418069,-0.0019024963917928517,cruise,0.1449647463257794,0.41509147251638684,R05,eastbound,0.009126994091586826,1.0,855
343.45837584628856,21383.539331653457,5.281410524948922,34.0245170522407,-118.3510837443144,15.160472888472833,-0.0026375309016737347,cruise,0.09948355315807395,0.2350483830747669,R05,eastbound,0.006262209904408765,0.6861196404390367,855
344.4553758465681,21368.35280123236,5.279697014054405,34.02450208244242,-118.35092011856239,15.154227371856713,0.006472996099665451,cruise,0.13679029271177662,0.3247376494948963,R05,eastbound,0.008614173978197871,0.9438128141376066,854
345.4523758468476,21353.35669265489,5.293921606594401,34.02448727873174,-118.35075845737761,15.15483305847181,0.020407435415332742,cruise,0.15536043930628027,0.3936549662916736,R05,eastbound,0.009783204784289215,1.0718977887043093,854
346.4493758471271,21338.328756660056,5.310234521391482,34.02447241641753,-118.35059654676415,15.201778926860769,0.03246640895593522,cruise,0.13883680426549588,0.37589981102318315,R05,eastbound,0.008715231938570562,0.9548852394463778,853
347.4463758474066,21323.217352582295,5.324700538360214,34.02445745419982,-118.35043373919471,15.234998612157524,0.03661113978176367,cruise,0.15884228593061878,0.43854431119655085,R05,eastbound,0.009948924955700284,1.090054935487589,852
348.4433758476861,21308.01859911565,5.339250086583536,34.024442405494284,-118.35026999053865,15.268275876599853,0.03359229751048254,cruise,0.15698015549764632,0.3588590233104457,R05,eastbound,0.009810494565797852,1.0748877962834522,852
349.44037584796564,21292.813220966025,5.353805328900135,34.024427350223675,-118.35010617051022,15.307343946968638,0.027058490012312753,cruise,0.15883356235388382,0.3396939964710772,R05,eastbound,0.0099005538225852,1.084755147558541,851
350.43737584824515,21277.653954976675,5.350103052587993,34.02441234883359,-118.34994293669229,15.330382715813691,0.01831702891732956,cruise,0.13696824180681919,0.2980143184468452,R05,eastbound,0.008524574321933081,0.9339958190387074,851
351.43437584852467,21262.433255076598,5.328720681857661,34.02439716745175,-118.34977896630343,15.334755660242717,0.01647540801119618,cruise,0.07949205597985945,0.2299475965836305,R05,eastbound,0.004945959502508546,0.5419045364637283,850
352.4313758488042,21247.24912129171,5.273238435542584,34.02438171657707,-118.34961543028443,15.350436630339967,0.014387831042588672,cruise,0.1430802468626278,0.33975925441465327,R05,eastbound,0.008893137329398984,0.9743774609864809,849
353.4283758490837,21232.002950420047,5.201214854821631,34.024366056410834,-118.34945124543708,15.385845923192974,0.007699424918633291,cruise,0.19370224655154547,0.4207633667043203,R05,eastbound,0.01201135814117855,1.316025629100659,849
354.4253758493632,21216.754662227537,5.139635010650411,34.024350487725904,-118.34928702540716,15.365360458184323,-0.02239802054189788,cruise,0.14153807287981074,0.3517138047590196,R05,eastbound,0.008788592271233254,0.9629229714670784,848
355.4223758496427,21201.544450160756,5.110728466997079,34.02433517910641,-118.34912304753594,15.365889792274531,-0.16159786453473401,cruise,0.10461471116586865,0.2832424689400358,R05,eastbound,0.00649566442325306,0.7116981076212924,848
364.39537585215834,21107.974515239708,5.169837543345957,34.02424147107515,-118.34811508398819,5.395783148734874,-0.29057028435052246,cruise,0.03645531389720833,0.13681947807684186,R05,eastbound,0.006563165686957905,0.7190938901787793,844
367.3863758529969,21088.6025256912,5.275584480232574,34.02422205776098,-118.34790594859732,7.243034936711558,0.21860653082768966,cruise,0.07204998776108947,0.19527399059661665,R05,eastbound,0.009614368417743584,1.0533992156964378,843
368.3833758532764,21081.570221865728,5.337438589945671,34.02421502536872,-118.34783019016626,7.025939475988828,-0.09105537550174203,cruise,0.04321490647672105,0.08422278757223164,R05,eastbound,0.005947903993495809,0.6516826825798572,843
369.3803758535559,21074.984827104046,5.395361447412336,34.02420843988784,-118.34775924625032,6.639699443547028,-0.12664670732729855,cruise,0.04882804872399079,0.13826476690789974,R05,eastbound,0.007118330421941702,0.7799205686462873,842
370.3773758538354,21068.290914132405,5.454239214695147,34.0242017458911,-118.34768713327608,6.714875866227313,0.0022235772093806006,cruise,0.046415736325516384,0.12062132344007354,R05,eastbound,0.006689602910737942,0.7329469969641322,842
419.23037586753156,20854.125927511104,3.4321614994110132,34.02389065545832,-118.34539429373694,15.970312553963547,0.22981332639056085,cruise,0.2597576730460928,0.5341987016119145,R05,eastbound,0.015507981265074761,1.6991334835386676,834
420.2273758678111,20838.33500544894,3.266151588961687,34.02387402663297,-118.34522429206501,15.958462845984164,0.21043508609264272,cruise,0.19348887772807127,0.4022753561077668,R05,eastbound,0.011560344927805267,1.2666103222814047,833
427.20637586976767,20712.859157588333,7.7160832940755615,34.02382825766461,-118.34386011407844,19.45810250483464,0.24309999459143938,cruise,0.1847190084964363,0.49299125690534884,R05,eastbound,0.009020605066293602,0.988343476041987,828
428.2033758700472,20693.204980318023,2.1554774183574694,34.02371745364014,-118.3436624322998,19.522203948889906,0.1856001380905692,cruise,0.2040339493664192,0.4270505990510229,R05,eastbound,0.009930556505184422,1.088042394410917,827
429.2003758703267,20673.480061214035,2.4878092719874,34.02369184637836,-118.34345082447092,19.750702071214224,0.10545756180919597,cruise,0.13164065875496667,0.3297084816578452,R05,eastbound,0.006331703513034452,0.6937337144625693,826
430.1973758706062,20653.643033254863,2.7584945922367354,34.023666661562665,-118.34323792625665,19.813139141362328,0.0521658407024006,cruise,0.12863228821155992,0.3352279934135365,R05,eastbound,0.006167173795249096,0.6757069998471826,826
431.1943758708857,20633.79654978002,1.7494240717461245,34.0236507409332,-118.34302379131097,19.798014447281698,0.0011277619521941062,cruise,0.12004369502796737,0.2862716656434319,R05,eastbound,0.005759872959610936,0.6310810439682798,825
432.19137587116523,20614.01990538975,8.137329767682846,34.023713693734244,-118.3427964013687,19.786947631991687,-0.011848259905399061,cruise,0.11223033319737206,0.3139605330231596,R05,eastbound,0.005388040008095572,0.5903411302810215,824
433.18837587144475,20594.020444777634,2.1281343962996537,34.023596561412205,-118.34259757361538,19.783639852584784,-0.009520984719186387,cruise,0.10014139675879292,0.28811361752785836,R05,eastbound,0.004808482724998573,0.5268418798946068,823
434.18537587172426,20574.235012736957,1.917682075868171,34.02357316984608,-118.34238495180108,19.75663744528527,-0.003564424565542623,cruise,0.12657983109034907,0.3317604148710195,R05,eastbound,0.006086425330855936,0.6668597864510883,822
435.1823758720038,20554.408177064815,2.0262919360243536,34.02354687868898,-118.34217237579098,19.771370103381965,0.006100713518257805,cruise,0.1302389913384231,0.38924836884355185,R05,eastbound,0.006257624601900636,0.6856172513214239,822
436.1793758722833,20534.56687426964,2.034217065778018,34.02352129959403,-118.34195956762156,19.777894993437464,0.036138132132103706,cruise,0.15905007282463118,0.37543441419989754,R05,eastbound,0.007639353172178257,0.8370064772168679,821
437.1763758725628,20514.57475975542,2.1415513604946117,34.023494419867745,-118.341745286232,19.798876772709043,0.05378179401480665,cruise,0.17014135736592811,0.40538642203000247,R05,eastbound,0.00816327076817782,0.8944095598465045,820
438.1733758728423,20494.64095884658,2.253519174155091,34.02346757442482,-118.34153163757844,19.94530908243304,0.04169964845661234,cruise,0.15501640050941398,0.48210827816964225,R05,eastbound,0.007382044993736324,0.808814481488601,819
439.1703758731218,20474.765668500095,2.4853523722112416,34.02343973573146,-118.34131880346285,19.92567870627315,0.008209792839011243,cruise,0.1970938979793451,0.5281853758563549,R05,eastbound,0.009395225803957373,1.0293888337911603,818
440.16737587340134,20454.897371582752,2.7006204018885813,34.02341205385592,-118.3411060185322,19.90054035701074,-0.016670238891283162,cruise,0.1830488515663658,0.47272758592542485,R05,eastbound,0.008736927614833818,0.9572623283373692,818
441.16437587368085,20435.027848800197,3.0729319410315363,34.023382969670514,-118.34089346534122,19.892756478908083,-0.013637127394011017,cruise,0.1860920619527343,0.4316698121744428,R05,eastbound,0.008885715470705366,0.9735642843130721,817
442.16137587396037,20415.071878704526,3.2961047764067226,34.02335555957791,-118.34067956884923,19.878509940722495,-0.012949477387261155,cruise,0.16497178260124948,0.40768725676912915,R05,eastbound,0.007882985231266848,0.8637000475910581,816
443.1583758742399,20395.11476291006,3.53938731327222,34.023327871800035,-118.34046612028787,19.866131826467544,-0.12554271498256142,cruise,0.1473609059854766,0.34515190744462554,R05,eastbound,0.007045932793370416,0.7719883153934862,815
450.1373758761965,20277.39447553993,16.883865802006973,34.023052064134845,-118.33922509787206,13.592786954591308,-0.0630804467444932,cruise,0.14262394988852564,0.2978545757081921,R05,eastbound,0.010032022328944049,1.099159507311555,811
454.1253758773145,20216.518751513853,3.84908600702318,34.02307824503685,-118.33855526246235,15.786300873693088,0.12355284997106963,cruise,0.21471876917985946,0.460720132040498,R05,eastbound,0.012971091146769113,1.4211788696922394,808
455.12237587759404,20200.587579771574,3.9459202666410906,34.023051103696865,-118.33838568753809,15.884698162471329,-0.15126969203169338,cruise,0.19162281625006025,0.5106548349752259,R05,eastbound,0.011502936115503183,1.2603203201486104,808
545.8493759030297,19877.084974334935,18.29062132604514,34.02236305572186,-118.33498153743835,10.634344079326201,0.19119704051191455,cruise,0.12220753714966331,0.24928040863577272,R05,eastbound,0.011033811152046477,1.208920597660662,795
546.8463759033092,19866.43324754197,8.032391725590946,34.022431948074946,-118.33484431455719,10.686995756430242,0.08686830972483328,cruise,0.0931389762451568,0.1952878693776646,R05,eastbound,0.008367142937337549,0.916746833993275,794
547.8433759035887,19855.72725075604,4.144194165873434,34.02244474511656,-118.33472181446827,10.773567118947987,0.05698008054539905,cruise,0.07293887702537306,0.1864769062271159,R05,eastbound,0.006498911775740568,0.712053904114083,794
548.8403759038682,19844.936727958353,4.214624033004269,34.022422580548856,-118.33460792682942,10.822034497961653,0.03833417204825729,cruise,0.07074575213337178,0.19422956145373804,R05,eastbound,0.0062747873248863014,0.6874976867433649,793
549.8373759041477,19834.12936075804,4.205301420877966,34.022401083301546,-118.33449366963322,10.84016017971293,0.03530242622732693,cruise,0.04883072428671017,0.13111073699886105,R05,eastbound,0.004323669812191087,0.47372330570221405,793
550.8343759044272,19823.54994075953,5.454478496858724,34.022464860186744,-118.3343586481052,10.849717712922264,0.059311905341043136,cruise,0.06502401509194908,0.162426963159094,R05,eastbound,0.005752330281648862,0.6302546297199101,792
551.8313759047068,19812.785004585796,9.440070699771109,34.022478339983024,-118.33423503490629,10.957063017738452,0.07679504967974449,cruise,0.05706323749835142,0.1534190524576937,R05,eastbound,0.004997780365507481,0.547582294384784,792
552.8283759049863,19801.821585357302,9.674022604288856,34.02245825503854,-118.33411865091514,11.059935477785723,0.0647703826933661,cruise,0.05767402965672055,0.1346909973388104,R05,eastbound,0.005003487359787009,0.5482075817709989,792
553.8253759052658,19790.79269059295,9.90937110860908,34.02243805013781,-118.33400157185909,11.089330402162489,0.03411637303487325,cruise,0.04788709429776062,0.14768518539524847,R05,eastbound,0.004143224219383941,0.45395276668395396,791
554.8223759055453,19779.64624032463,9.838808796899732,34.02241492074428,-118.33388399391451,11.104906757878563,0.019829028086573608,cruise,0.05469207269697748,0.17616611791780257,R05,eastbound,0.00472524415996477,0.5177218383783609,791
555.8193759058248,19768.53173307945,9.847422094169593,34.022392551330086,-118.33376656112142,11.116175881197432,0.022646774848586126,cruise,0.055777971502389175,0.16387051751697168,R05,eastbound,0.004814093455958589,0.5274566201808077,790
556.8163759061043,19757.41666116694,9.92871719318931,34.02237081920681,-118.33364894584493,11.151707244797917,0.024875844193873675,cruise,0.06351673858179956,0.17570437187209842,R05,eastbound,0.00546424545077842,0.5986905870592497,790
557.8133759063838,19746.291909527994,10.003484872185815,34.022349010199584,-118.33353124416612,11.17800292242537,0.02225557422063673,cruise,0.04652159132851852,0.10444274399074657,R05,eastbound,0.003992602888539153,0.4374499258435475,789
558.8103759066634,19735.174921480768,10.07820064792441,34.02232721641454,-118.33341362462673,11.1918870166601,0.020234003943262024,cruise,0.05984173884962509,0.16601276292647535,R05,eastbound,0.005129291573466637,0.5619913327428104,789
559.8073759069429,19724.026050020835,10.153741825344046,34.02230536549314,-118.33329566627147,11.209128954360423,0.022723579290010676,cruise,0.07557118198457873,0.18256963834155282,R05,eastbound,0.0064673944372409435,0.7086007038398902,788
560.8043759072224,19712.8336846862,10.191539501158328,34.022283095202546,-118.33317734011945,11.241621024485394,0.026214028938230882,cruise,0.06143134920016869,0.15059462422729714,R05,eastbound,0.0052418487820635835,0.5743236743075651,788
561.8013759075019,19701.643117194915,10.211956097608402,34.02226067586855,-118.33305907517206,11.264201365951028,0.08902461845642584,cruise,0.06776319252085963,0.15424813593034495,R05,eastbound,0.00577034575735789,0.6322284970773606,788
562.7983759077814,19690.40397340067,10.23246137432778,34.02223815921662,-118.33294029685702,11.29362692622195,0.29202907048782833,cruise,0.05665485660571753,0.1300970988542543,R05,eastbound,0.004811634170986399,0.527187168382383,787
575.7593759114151,19477.688650036725,7.542831365477153,34.021766206477984,-118.33070389279665,20.31630826801314,0.29872136624914525,cruise,0.1802459194677769,0.49735647568677166,R05,eastbound,0.008424085591754435,0.922985761491801,779
576.7563759116946,19457.558417043543,6.412718878563263,34.02171312438985,-118.33049488085516,20.40292454490663,0.23757039019229786,cruise,0.21259721412190552,0.45452234466582253,R05,eastbound,0.009893170309972853,1.0839461722772759,778
582.7383759133717,19328.65518304841,10.739102292774945,34.021469080842294,-118.32912635066289,22.78347319265248,0.24372330369726924,cruise,0.31193023947907605,0.8261908053768604,R05,eastbound,0.012974284804122018,1.4215287830723575,773
583.7353759136512,19305.740311005924,10.712447958119341,34.021416452928634,-118.32888616579758,22.86954373849904,0.21876074153250258,cruise,0.3520567250372098,0.8897813263123894,R05,eastbound,0.014587230756582355,1.5982513640530043,772
584.7323759139307,19282.76484565217,10.631942116208624,34.0213632169778,-118.32864549370669,23.127632824899315,0.2843740221455153,cruise,0.2259927041292419,0.5266182594332467,R05,eastbound,0.0092575721463658,1.0143067973386046,771
586.7263759144897,19235.615241689135,9.91906781681091,34.02125029690783,-118.32815315451658,23.861008453137014,0.26856493430129547,cruise,0.10327396568098322,0.28024988713971577,R05,eastbound,0.004098290208169128,0.44902956735196004,769
587.7233759147692,19211.910392351092,9.5531664172954,34.02119115214271,-118.3279037530934,24.0317399346711,0.21763564489608456,cruise,0.2604207347885821,0.6726243987922268,R05,eastbound,0.010259772431172676,1.1241129695295884,768
588.7203759150487,19187.933419355482,9.599386938800183,34.021132755640686,-118.32765352472067,24.19558220663488,0.18879739132025364,cruise,0.2514042984217599,0.6363907699594868,R05,eastbound,0.009836333478547512,1.0777188392851649,767
589.7173759153283,19163.625344537122,9.72795695071351,34.0210742614182,-118.32739959992597,24.460456553601404,0.14565942894773087,cruise,0.22646990552004634,0.6252974342757365,R05,eastbound,0.008763169691856748,0.9601375440721006,766
590.7143759156078,19139.15350558964,9.86026431009167,34.02101539802042,-118.32714395596584,24.56167782940108,0.06630590630988564,cruise,0.21733662991576638,0.6790873376715378,R05,eastbound,0.008374508500177109,0.9175538426059298,765
591.7113759158873,19114.65094911863,9.905604566042065,34.02095628387772,-118.3268883964552,24.53697901611452,-0.004924089239796814,cruise,0.1868771267124672,0.4789388148974075,R05,eastbound,0.0072082028965252815,0.7897674551109585,764
592.7083759161668,19090.23415671963,9.975591616152993,34.020897669010715,-118.32663329179029,24.515701675778704,-0.026482339449740877,cruise,0.32361299492167006,0.8362451155608461,R05,eastbound,0.012493382944019329,1.3688387237519533,763
593.7053759164463,19065.85863072581,10.083543012636106,34.020839483787015,-118.32637850718783,24.47697680538305,-0.026958748841552804,cruise,0.22784078273151978,0.6991449416114344,R05,eastbound,0.008810162627085937,0.9652863296150327,762
594.7023759167258,19041.492771556404,10.10844611798845,34.02078073229524,-118.32612413761703,24.463262685499785,-0.026822415336043903,cruise,0.23852007087141197,0.52342070684941,R05,eastbound,0.009228369505587627,1.0111072071465728,761
595.6993759170053,19017.26674505325,10.083931972350747,34.020721973975206,-118.32587122801105,24.428150770778053,-0.02581135802333634,cruise,0.20829640371493788,0.5662972873055245,R05,eastbound,0.008070795348888944,0.8842774814907051,760
596.6963759172849,18993.092627948565,10.068959454330352,34.020663423951625,-118.32561883273911,24.40407602179851,0.010519330129236337,cruise,0.1555934936152949,0.4632295685657795,R05,eastbound,0.006034781975722746,0.6612014771966982,759
597.6933759175644,18968.91065762104,10.001111862869406,34.02060439583298,-118.32536650913194,24.38175992534544,0.10191515981987642,cruise,0.17009915951793111,0.49466777459310723,R05,eastbound,0.006603534835827735,0.723516939921634,758
598.6903759178439,18944.556043718745,10.000618011172229,34.02054490612297,-118.32511202013832,24.572580163783133,0.17640264823281981,cruise,0.20779933956501973,0.6145635462110235,R05,eastbound,0.008003399885816056,0.8768932909898026,757
599.6873759181234,18919.785119318632,10.051987098101753,34.020484766097866,-118.32485344177427,24.869303115006854,0.15318207729906774,cruise,0.23721575991423705,0.6315097660912857,R05,eastbound,0.009025501956945656,0.9888800043450533,756
600.6843759184029,18894.884007574336,10.085673539358247,34.02042415426115,-118.32459355721915,24.971773474161658,0.07207520318014815,cruise,0.312856970234556,0.7316124411932237,R05,eastbound,0.0118537884080413,1.2987614858837266,755
601.6813759186824,18870.066726830537,10.027719050228509,34.02036302531243,-118.3243350519665,24.898901801626838,0.052601620309973285,cruise,0.312283125326804,0.7537218158986267,R05,eastbound,0.011867271545569366,1.3002387671652489,754
602.6783759189619,18845.232938949266,9.791496079122394,34.0203007312022,-118.32407649065293,24.97413534270767,0.09921496788509998,cruise,0.2199815696324302,0.7088841721263138,R05,eastbound,0.00833404519394964,0.9131204765029793,753
603.6753759192414,18820.149191837205,9.469407980591987,34.02023708537328,-118.32381557041454,25.181604139243316,0.12932623140754806,cruise,0.21074917692442666,0.4813860435500914,R05,eastbound,0.007917365674088276,0.867466944170198,752
604.672375919521,18795.012495112052,9.178719360454025,34.02017358365762,-118.32355400580666,25.282575074600242,0.030019104303312005,cruise,0.20351043696966134,0.5583457703114024,R05,eastbound,0.007614365056032065,0.8342686518281974,751
605.6693759198005,18769.799829671505,8.993708747828535,34.020110814986374,-118.3232913398203,25.364091586231112,-0.26466274155728087,cruise,0.19645357548599773,0.41444573841195675,R05,eastbound,0.007326303216218131,0.8027071281848912,750
609.6573759209185,18676.564824008532,9.217573220448052,34.0198865028818,-118.32231737456928,22.180569209557103,-0.20262904713874264,cruise,0.19415985272934844,0.4235008394326062,R05,eastbound,0.008299137963486572,0.9092958623843787,747
610.654375921198,18654.19766583343,9.266065640208902,34.01983262862904,-118.32208374459424,22.484216492641647,0.19192320368905946,cruise,0.14007172030653395,0.35845339693379336,R05,eastbound,0.005904965452871235,0.6469781171781819,746
611.6513759214776,18631.282601870298,9.235943346343088,34.01977674198416,-118.32184462459094,22.881261496912604,0.29156864503723057,cruise,0.14089999130541414,0.3252582063928401,R05,eastbound,0.0058350540558175425,0.6393182681246872,745
612.6483759217571,18608.174571706364,9.06488652625365,34.01971916360767,-118.32160390166868,23.115252751620936,0.21904066069911288,cruise,0.17399615386118367,0.4875343701760877,R05,eastbound,0.0071314669262244655,0.7813598710223975,744
613.6453759220366,18585.062917945146,8.983371312981399,34.01966041846126,-118.32136263967398,23.293696585679513,0.11845189937854883,cruise,0.12275646103890728,0.32333978320642404,R05,eastbound,0.004992135495849818,0.5469638136888375,743
614.6423759223161,18561.61161598029,8.665796738077441,34.01959893084963,-118.32111941022109,23.382082636544176,-0.00757907915354572,cruise,0.20106382900132674,0.4423971014377032,R05,eastbound,0.008145221200235466,0.8924319571701763,742
615.6393759225956,18538.20637226764,8.055676018978446,34.019535025717474,-118.32087754156004,23.323010874270498,-0.1997816734488822,cruise,0.15357817351004993,0.3609113752076806,R05,eastbound,0.006237576810341894,0.6834207130791978,741
626.6063759256702,18321.487649625295,5.0849235323154875,34.019005792851765,-118.31862106430236,16.373940809356064,-0.2834607155068465,cruise,0.20472574382887151,0.4592221011412676,R05,eastbound,0.01191607068929969,1.3055854501192026,732
627.6033759259498,18305.139350211553,4.776196639318949,34.01897169622161,-118.31844863540609,16.377888099878493,-0.05718222406391682,cruise,0.1336128658910074,0.32878090514154257,R05,eastbound,0.0077750359962662175,0.85187257910391,732
628.6003759262293,18288.636409340776,4.538503523875,34.01893792832991,-118.31827440476926,16.438021147172236,0.018945245118777265,cruise,0.15842650970583771,0.3506286412217277,R05,eastbound,0.00918465755168843,1.006317902643846,731
629.5973759265088,18272.16052986129,4.313966259056576,34.018904328232956,-118.31810043036704,16.44875667125021,-0.00042558096157385705,cruise,0.2884847021159493,0.6658957608021248,R05,eastbound,0.016713579956628335,1.831225022051318,730
630.5943759267883,18255.86431661925,4.27738387204644,34.01887272816975,-118.3179279249251,16.416402694316652,-0.01862169146732917,cruise,0.20768352141178412,0.4877357131879313,R05,eastbound,0.012056424273166189,1.320963304258045,730
631.5913759270678,18239.529580224535,4.381564329880558,34.01884271592488,-118.3177552104239,16.39696072742122,-0.02293907360650138,cruise,0.13616095131526976,0.3258165210441829,R05,eastbound,0.007913936369218064,0.8670912120468066,729
632.5883759273473,18223.24117993393,4.4894002339627725,34.018814272653465,-118.31758199504316,16.378422132612418,-0.021451570326808778,cruise,0.24687323319932944,0.5585786985566982,R05,eastbound,0.014365267895163061,1.5739319814400696,728
633.5853759276268,18206.864668318234,4.62571492664317,34.0187878195309,-118.31740881074326,16.349515694601873,-0.02284741902513865,cruise,0.16151807007115726,0.3726261773498558,R05,eastbound,0.0094154527036739,1.0316049960362057,728
634.5823759279064,18190.553544577233,4.521853243083852,34.018761596370815,-118.31723483936801,16.33552443340507,-0.026394012357794594,cruise,0.17550918147183156,0.3575195495731376,R05,eastbound,0.01023995709917642,1.121941900742054,727
635.5793759281859,18174.388826310224,4.642893065986144,34.01873581443488,-118.31706156212327,16.30318516598187,-0.04369689168008151,cruise,0.12744509137651008,0.32062736940610437,R05,eastbound,0.007450695837577239,0.8163362179060921,726
636.5763759284654,18158.166531963518,4.8914431644348975,34.01871048348609,-118.31688835989634,16.266863679263828,-0.09890974283515774,cruise,0.18985648585428472,0.4227471794263318,R05,eastbound,0.011124601326640518,1.2188680320167038,726
637.5733759287449,18141.919837765552,5.081173668968786,34.01868589926598,-118.31671539492685,16.156781642639597,-0.16516468793453232,cruise,0.21639916321616284,0.4512931130410095,R05,eastbound,0.012767747804921417,1.398899536561616,725
638.5703759290244,18125.99593827334,5.314734622360393,34.01866263193242,-118.31654505353924,15.890249874941548,-0.17340651454897849,cruise,0.23840138120227453,0.4588204862087378,R05,eastbound,0.01430592309655787,1.5674298627786918,725
639.5673759293039,18110.35463812822,5.629816253106729,34.0186405375027,-118.31637757123727,15.691783806802784,-0.09408655579072,cruise,0.22777711838861683,0.6153900601323248,R05,eastbound,0.013844252792205526,1.5168469107443625,724
640.5643759295834,18094.772970023096,6.035784852822052,34.018619344266554,-118.31621055122555,15.694543744777834,0.016167636462041557,cruise,0.27986147102843123,0.5752096481245483,R05,eastbound,0.017006887788309562,1.86336132330647,723
641.561375929863,18078.986260435016,6.453962706948482,34.01859937677698,-118.31604224142995,15.789661995905428,0.06380092164277595,cruise,0.31288761952783745,0.7024997264092911,R05,eastbound,0.018897346802035586,2.0704896499774197,723
642.5583759301425,18063.15370886948,6.833374147064551,34.018579971442556,-118.31587217022128,15.889086487181943,0.04715555609617805,cruise,0.2459444371758718,0.5617514010841504,R05,eastbound,0.014759663881349593,1.6171440162270847,722
643.555375930422,18047.35753710674,7.29870641506896,34.01856138293258,-118.31570233960983,15.878898177772758,0.017761296407347693,cruise,0.2806784325044555,0.5204894800277152,R05,eastbound,0.016855120551464813,1.8467329311631415,721
644.5523759307015,18031.132857090826,7.535342454554711,34.01854390593413,-118.31553210829564,15.887392099556921,0.004243220443797213,cruise,0.4086859818503186,0.7662300896679781,R05,eastbound,0.024528800815827596,2.687500459591401,721
645.549375930981,18015.33397791532,7.344742701327532,34.01852699501743,-118.31536205698534,15.897604458668988,0.008394368521496887,cruise,0.3283725204187954,0.752126319828642,R05,eastbound,0.019695613244528554,2.157951790796466,720
646.5463759312605,17999.220895897593,7.151516028841081,34.01851091574545,-118.31519180556113,15.895763150987626,0.012281360388901597,cruise,0.20765789084214564,0.3719289149856596,R05,eastbound,0.012456680038998448,1.3648173663748608,719
647.54337593154,17983.42261464265,6.500317643830283,34.018495878727784,-118.31502137266618,15.920742238851732,0.01623374622228546,cruise,0.14308965266805956,0.33614069490322396,R05,eastbound,0.008569755699871682,0.9389461211299784,719
648.5403759318195,17967.49785355967,5.822582915813088,34.018481152969606,-118.31484990512176,15.937721417241185,0.017214366294845185,cruise,0.13075612517399599,0.37951340843009773,R05,eastbound,0.007822604451082103,0.8570844215066276,718
649.537375932099,17951.666703876657,5.394454682506134,34.018469255055614,-118.3146790008428,15.95275646234437,0.01514579460515364,cruise,0.14211289853247747,0.3804243662734039,R05,eastbound,0.008493883062445846,0.9306331281922735,718
650.5343759323786,17935.727310984345,5.184129559702455,34.01846195711775,-118.31450839193688,15.96672526669962,0.019916666472248323,cruise,0.14488953924303694,0.28594883515356945,R05,eastbound,0.008652132373676038,0.9479717294494021,717
651.5313759326581,17919.79464375863,4.981561834015508,34.01845688383069,-118.31433578490358,15.982340532746717,0.02259233739133748,cruise,0.20789160673871723,0.35969828604824006,R05,eastbound,0.012401986370039447,1.3588248491879136,716
652.5283759329376,17903.85648413559,4.961793778021683,34.018453456588496,-118.31416307353481,16.02727884570924,0.012455099547645787,cruise,0.2079184536829123,0.5319706591745499,R05,eastbound,0.012368212570453676,1.3551244195342005,716
653.5253759332171,17888.045037754895,4.897732866469779,34.018449656065336,-118.31399174617187,16.02735024564763,-0.0027730077314878088,cruise,0.37970944859582834,0.7235435664447504,R05,eastbound,0.022587249042015443,2.4747741496662248,715
654.5223759334966,17872.053377435677,4.913797142569491,34.01844654079328,-118.31381844625005,15.996221959313607,-0.013857870022357943,cruise,0.37310307288627936,0.802899200150022,R05,eastbound,0.0222381979675908,2.436530334569818,714
655.5193759337761,17855.59742113474,4.456836183989684,34.0184390685525,-118.31364023088618,15.996809286887931,-0.01883582992521049,cruise,0.20835146125113754,0.44229458284099293,R05,eastbound,0.012417984029907122,1.3605776343554226,714
656.5163759340556,17839.656964239006,1.5686139428427126,34.018409665471,-118.31346818041648,15.974922025971951,-0.022584472565833735,cruise,0.17489544358775694,0.4130535546629602,R05,eastbound,0.010438495073328651,1.1436947332912983,713
657.5133759343352,17824.2876120761,0.9874236936498136,34.01838349301473,-118.31330223543658,15.935974244345097,-0.02016159245363891,cruise,0.18107243252435967,0.38450157781729205,R05,eastbound,0.010834031542258671,1.18703172518161,712
658.5103759346147,17809.002680828653,2.9240997283020485,34.01836345241124,-118.31313697928891,15.92195668692975,-0.009470673545726171,cruise,0.1748441872796268,0.36998099759999703,R05,eastbound,0.010470748151598767,1.1472285449653792,712
659.5073759348942,17794.025549655482,7.787182593499062,34.01831866064789,-118.31297418961968,15.929167979838644,-0.0023700782566562495,cruise,0.2497981119006511,0.5968800124349272,R05,eastbound,0.014952562614280386,1.6382789847605481,711
660.5043759351737,17777.935767016086,10.706799857621817,34.01829210541559,-118.3127998384393,15.925074721311985,-0.0011758725020269978,cruise,0.15726367267635522,0.33831193872407966,R05,eastbound,0.009416042833394079,1.0316696536566947,711
661.5013759354532,17761.527432030012,12.234860931695343,34.01827808759528,-118.31262200932008,15.918678401827572,0.021110241777178018,cruise,0.18684017878348047,0.4607432709695578,R05,eastbound,0.011191486028623144,1.2261962609288142,710
662.4983759357327,17745.064521298616,12.621100281147507,34.01827436026278,-118.31244356810173,15.92541219563173,0.06416474465050381,cruise,0.1697773035803389,0.3607368217574607,R05,eastbound,0.010165067852183752,1.1137366530733062,709
663.4953759360122,17729.031644801846,12.450006954174388,34.01827591370796,-118.31226932765328,16.055111971865387,0.056228315849622845,cruise,0.16984723208317135,0.33857726228072615,R05,eastbound,0.010085695902225635,1.1050402576158707,709
664.4923759362918,17713.109075750323,12.455654164627196,34.01827610385846,-118.31209673637589,16.172474653881082,-0.004144120874752133,cruise,0.1660605827819659,0.3412754990469188,R05,eastbound,0.009788054973452384,1.0724292001541798,708
665.4893759365713,17697.40037282843,12.511416966842742,34.01827583907663,-118.31192646236767,16.007973729084963,-0.05697504024746536,cruise,0.16055935192503834,0.3623807881084832,R05,eastbound,0.00956273112513618,1.0477415706832782,707
666.4863759368508,17681.706985463225,12.578759702670402,34.01827546969235,-118.31175635416012,15.947760307332437,-0.04073011069720778,cruise,0.11902827209170459,0.25073231967802556,R05,eastbound,0.007116415304896914,0.7797107386600323,707
667.4833759371303,17665.632010514273,12.538707243755114,34.018274683336564,-118.31158592178967,15.93900162755814,-0.0036283307451352442,cruise,0.11645827716459571,0.3188703259991241,R05,eastbound,0.006966653424005089,0.7633020635377513,706
668.4803759374098,17649.69980995837,12.163420359224157,34.018274302606734,-118.31141317867508,15.9977992331489,-0.06603580437111489,cruise,0.11508299997181086,0.33018220623857764,R05,eastbound,0.0068586459299618706,0.751468211892906,705
669.4773759376893,17633.85340653702,11.784581198779216,34.01827397414202,-118.31124136422373,15.936230128745018,-0.24662758573274424,cruise,0.1308173200043082,0.31951238006678434,R05,eastbound,0.007827010456815492,0.857567165955586,705
677.4533759399256,17524.77804658535,10.48135777443642,34.01825992441016,-118.31005909388068,12.164639289507736,-0.014371607294261679,cruise,0.12887702364061662,0.3261268395976436,R05,eastbound,0.010148692892404318,1.1119425290040763,700
678.4503759402049,17512.630588384578,10.67436312982664,34.01825565707699,-118.30992528483465,12.519494586470843,0.2902073457230614,cruise,0.10798958660821799,0.2568189173227446,R05,eastbound,0.008258746129685567,0.9048703271648219,700
680.444375940764,17486.184744972456,11.28375338094911,34.018248501384484,-118.30963868029798,13.344818784010684,0.048338623275253845,cruise,0.10194188478631291,0.2901788866793779,R05,eastbound,0.007306040324970386,0.800487022524209,699
681.4413759410437,17472.938271996856,11.304172085748876,34.01824748419753,-118.30949510125068,13.164886760388644,-0.24827113476359663,cruise,0.18927927933206135,0.4756632186245199,R05,eastbound,0.013754013598262182,1.5069598446371841,698
736.2763759564167,17208.7759395705,11.683089548142073,34.018218244867434,-118.30663260655963,15.746558876075916,0.04938301825927649,cruise,0.532140418024137,1.0746510654990693,R05,eastbound,0.03222896023292411,3.531169178977825,688
737.2733759566964,17193.2147544559,11.278132904732562,34.01822023876848,-118.30646334368886,15.688815880633678,-0.12255174332133034,cruise,0.3453089675747511,0.7399737547721872,R05,eastbound,0.020991856375514623,2.2999747961779344,687
738.2703759569757,17178.178870868043,11.331596115156938,34.018218704329755,-118.30630037284443,15.379613883119895,-0.13105341737646992,cruise,0.17532304000502574,0.4613050348148794,R05,eastbound,0.010876155911615965,1.1916470858287833,687
739.2673759572555,17162.76717048603,11.328759656891206,34.0182176509995,-118.30613332374682,15.34152321666702,-0.05518568015112191,cruise,0.14469322168241983,0.48197668023151197,R05,eastbound,0.008998706670417347,0.9859441761567773,686
740.2643759575348,17147.383464498478,11.206161404408364,34.018217679017745,-118.30596656800027,15.309889997076759,0.0965365703413843,cruise,0.09093233796382846,0.23808805237802216,R05,eastbound,0.005667115942433207,0.6209181123122561,685
741.2613759578145,17131.962939995974,11.132055308892015,34.018217267408545,-118.30579941725698,15.428419027920048,0.18788022543533067,cruise,0.13724097484933304,0.3472703078310603,R05,eastbound,0.008486342647407065,0.9298069618813156,685
742.2583759580938,17116.200238619895,11.0355469794018,34.018217033752066,-118.30562855574057,15.870199835811155,0.1740054361604937,cruise,0.15406611115372326,0.3150835339754702,R05,eastbound,0.009257037075193921,1.0142481722133432,684
743.2553759583735,17100.245755346263,10.795439480572508,34.018217760759825,-118.30545608063451,15.905112886801822,0.07173859280141848,cruise,0.1349069506543142,0.25778854718629474,R05,eastbound,0.008087763269460554,0.8861365733671039,684
744.2523759586528,17084.408111281453,10.651022980572167,34.018217376068115,-118.30528440324056,15.87409665759881,-0.01600237300047791,cruise,0.1393542855894315,0.3796842051711714,R05,eastbound,0.008370988640720696,0.9171681888604477,683
745.2493759589325,17068.577978527443,10.506337651849428,34.018216994598944,-118.30511280722476,15.853662468391004,-0.06856717899944798,cruise,0.14185415833617546,0.27353110405003,R05,eastbound,0.00853232777157857,0.9348453265071779,682
746.2463759592118,17052.793179701835,10.36639953055757,34.01821657517256,-118.30494170317604,15.82592405890626,-0.16464758107719124,cruise,0.20687684999269168,0.4754493308160408,R05,eastbound,0.012465536284372497,1.3657877017651525,682
747.2433759594916,17037.292989210906,10.264000003713996,34.01821584773414,-118.30477368870802,15.543116620604792,-0.2262736601184132,cruise,0.2061289755833773,0.40972085502023076,R05,eastbound,0.012650386647411508,1.3860408498645256,681
748.2403759597709,17022.04577956285,10.095930458793934,34.01821573907774,-118.30460840780566,15.199720675104984,-0.16971205627392827,cruise,0.15784777779026138,0.4195715822978468,R05,eastbound,0.00990997662693698,1.085787558038621,680
749.2373759600506,17007.054279614567,10.023941313068246,34.018215599029446,-118.30444470171449,15.126296816984471,0.016155390339424258,cruise,0.18907441904901684,0.38635106828259536,R05,eastbound,0.011929056558158202,1.307008248110327,680
750.2343759603299,16991.986501198506,10.14975749500381,34.01821436428355,-118.30428137678814,15.227526341611506,0.14658124955668494,cruise,0.2222545060078849,0.47318123569475945,R05,eastbound,0.013927633368312936,1.5259825117177728,679
751.2313759606096,16976.32420345535,10.327298576764484,34.01821265936222,-118.30411160803467,15.611952499135464,0.13602465415498344,cruise,0.12334121965691745,0.3490430799081719,R05,eastbound,0.007535652522557083,0.8256445054022084,679
752.2283759608889,16960.855927766912,10.544309534538286,34.01821059999367,-118.30394394268465,15.590914028047933,0.04798091399629367,cruise,0.08030807266956383,0.2030151239884111,R05,eastbound,0.004913235125267686,0.5383190868718386,678
753.2253759611687,16945.608622024523,11.111046944663116,34.01820538999496,-118.30377867533254,15.576608611931324,-0.01959419636804327,cruise,0.1675700054914197,0.3711295760079968,R05,eastbound,0.010261483606786553,1.1243004546530264,677
754.2223759614479,16930.15391321297,11.80917292760199,34.01819899439543,-118.30361116090859,15.549892056421763,-0.017642083904364725,cruise,0.25515888479740984,0.48892897517134937,R05,eastbound,0.015652471474001072,1.7149645674066303,677
755.2193759617277,16914.484652094252,12.425136860215645,34.018193337893244,-118.30344132020194,15.535761988055128,-0.012396688540111,cruise,0.43463206574829644,0.8172291822528792,R05,eastbound,0.02668674469806693,2.923935792033273,676
756.216375962007,16898.747020257357,12.731807545628806,34.01819046861446,-118.30327073590924,15.52622570597863,-0.012121386874989426,cruise,0.5558107014434758,1.1962370387036017,R05,eastbound,0.034148528354439454,3.7414868478897376,675
757.2133759622867,16883.09267366374,12.867705759611283,34.018189139076235,-118.30310105300673,15.526117971506702,-0.012258328339258995,cruise,0.19586496934530473,0.5097261528394701,R05,eastbound,0.012033859102202395,1.318490949095178,675
758.210375962566,16867.633299025754,12.845651661979195,34.018189234476445,-118.30293348221636,15.487025936663663,-0.011746689332537308,cruise,0.25044910992437247,0.49014998641776586,R05,eastbound,0.015426994900689056,1.6902602046066304,674
759.2073759628457,16851.953825454126,12.660879097264894,34.01819035798942,-118.30276401227253,15.50163243722408,-0.011562470768031297,cruise,0.35503676329497896,0.6459489503581058,R05,eastbound,0.021848353650148304,2.3938170038137643,674
760.204375963125,16836.358496494166,12.35724717737587,34.01819249197167,-118.30259495539033,15.480442544654313,-0.011652673376131517,cruise,0.32964256080374177,0.6671871240356153,R05,eastbound,0.020313883289548498,2.225692608727953,673
761.2013759634048,16820.94019765134,11.913539753284738,34.01819589529344,-118.30242781088457,15.463534663362287,-0.04050932697222809,cruise,0.22014296629100139,0.4979533380043628,R05,eastbound,0.01358117206649477,1.4880224453101993,672
762.198375963684,16805.634218403706,11.428590948578465,34.018200205424606,-118.30226099855993,15.455417418369889,-0.09300656410736785,cruise,0.21412397965181115,0.5579555722344332,R05,eastbound,0.013216902916092923,1.4481112602314639,672
763.1953759639638,16790.495860335468,11.003392846815364,34.01820442521145,-118.30209692128403,15.28433076949277,-0.14800383378353477,cruise,0.15422424405620172,0.43137096391226915,R05,eastbound,0.009627965289752714,1.0548889583074978,671
764.1923759642431,16775.437748472585,10.624000861764094,34.01820823009239,-118.30193371241701,15.103281171877514,-0.16520160794265948,cruise,0.21495878051728587,0.47868041065595135,R05,eastbound,0.013583171973864591,1.4882415653567067,671
765.1893759645228,16760.761532282646,10.707211049961005,34.01820785575033,-118.30177462882159,14.930311975913412,-0.0765897025816571,cruise,0.09991271090197124,0.25395083452541534,R05,eastbound,0.00638785766031464,0.6998862490995699,670
766.1863759648021,16746.13890198539,11.035551652082983,34.018205270668346,-118.30161611851845,14.821200192959223,0.025947051328033766,cruise,0.1148354421345339,0.29899484350071587,R05,eastbound,0.007396916930973136,0.8104439267459964,669
767.1833759650818,16730.988246607783,11.343484192593923,34.01820260653028,-118.3014526760767,15.108252147438924,0.06926283328779714,cruise,0.1321961079602084,0.27241995926374485,R05,eastbound,0.008350631193570216,0.9149377231730375,669
768.1803759653611,16716.11397753282,11.746565110407161,34.01819849228172,-118.30129146434662,15.080556261439897,0.04102279254500196,cruise,0.15293442206661037,0.31470451441425107,R05,eastbound,0.00967868713710161,1.060446302471405,668
769.1773759656409,16701.244966815375,12.251105143959174,34.01819346375119,-118.30113031356174,15.085286176276442,0.028104620725941665,cruise,0.08731114117050993,0.23060704290629777,R05,eastbound,0.0055238558260400725,0.6052218036529583,668
770.1743759659201,16686.273692741557,12.80978573933101,34.01818794394232,-118.30096805641529,15.089564509194574,0.057479503064255866,cruise,0.09070850482048017,0.17521118170541977,R05,eastbound,0.005737139467553627,0.6285902466883447,667
771.1713759661999,16670.92520113598,13.323853504556638,34.018182954340034,-118.30080096246378,15.26736574091387,0.04315622114363915,cruise,0.10947006166618327,0.22235321829791163,R05,eastbound,0.006841760125055725,0.7496181170274223,666
772.1683759664792,16655.54999245121,13.527901965984366,34.018181333664295,-118.30063430083567,15.242319084229235,0.008139916459870555,cruise,0.10367844122607271,0.31789704616231174,R05,eastbound,0.006490621242408195,0.7111455510189479,666
773.1653759667589,16640.35346375633,13.673299461397539,34.01818023907472,-118.30046957699469,15.190692116195432,-0.004436118657861421,cruise,0.12047990961230538,0.28431525781403333,R05,eastbound,0.007568525446204839,0.8292462304956932,665
774.1623759670382,16625.13295628636,13.697289909960247,34.01818023907451,-118.30030459531227,15.214931114189545,0.007078271529635138,cruise,0.13167589871781551,0.2856055473268115,R05,eastbound,0.008258450944236275,0.9048379851422096,665
775.1593759673179,16609.80508212041,13.709337237146025,34.01818034824363,-118.30013845004258,15.268216849134753,0.008211872835598655,cruise,0.08298005424318847,0.21248926050068906,R05,eastbound,0.005185869322307582,0.5681902793262313,664
776.1563759675972,16594.274521240182,13.336162095387511,34.018183071062815,-118.29997161331693,15.207136571592054,-0.0013411525305029315,cruise,0.15445426128937395,0.510047604254491,R05,eastbound,0.00969211524065628,1.0619175539502517,663
777.153375967877,16579.040621394284,12.81000106251444,34.01818660941304,-118.29980644301767,15.247610082109233,-0.007452240882885874,cruise,0.1974886846496788,0.4321549516171095,R05,eastbound,0.012359095939932372,1.354125555019792,663
778.1503759681563,16563.895560084464,12.232355375750107,34.01819061880026,-118.29964223074693,15.227515106775321,-0.004740130552908894,cruise,0.2145593781734509,0.4749238346785425,R05,eastbound,0.013445426377632698,1.4731494556380353,662
779.147375968436,16548.788898914885,11.614732704467635,34.018194991523345,-118.29947843089629,15.203259008977543,0.08049287328800503,cruise,0.31091886771706273,0.5678142406668136,R05,eastbound,0.019515442771955438,2.138211395353546,661
780.1443759687153,16533.622633436124,11.001265171187773,34.018199322087355,-118.2993139853892,15.223132183748293,0.180343817225614,cruise,0.18446904379606519,0.4620494705578332,R05,eastbound,0.011563192214978802,1.2669222855789553,661
781.141375968995,16518.258399565817,10.670492617139788,34.018201401654984,-118.2991469871136,15.733501373279855,0.18936002511422245,cruise,0.08870088803924074,0.22137494400188623,R05,eastbound,0.005376683749970606,0.5890968807492469,660
782.1383759692743,16502.874735744663,10.563701790741083,34.01820166549154,-118.29898023340003,15.776089457419118,0.1021010051525355,cruise,0.17342345399399153,0.3924820419271838,R05,eastbound,0.010483352362553806,1.1486095265709944,660
783.135375969554,16487.160754288958,10.76956346089848,34.01819909640366,-118.29880991635692,15.783053405857578,0.01119618479426876,cruise,0.18876791697500053,0.4114119417126605,R05,eastbound,0.011405795282144294,1.2496770752440878,659
784.1323759698333,16471.5622640692,11.170366356851426,34.01819477556453,-118.29864086180342,15.784348364164037,-0.0021304588444319705,cruise,0.11169939598764594,0.28791668316173274,R05,eastbound,0.006748573299875012,0.7394080934155288,658
785.1293759701131,16455.90244560571,11.605367009527981,34.01819040002695,-118.29847050971176,15.792218043993046,-0.010786085645787757,cruise,0.20044806578336746,0.38625254256497776,R05,eastbound,0.012104387443326337,1.3262183936860485,658
786.1263759703924,16440.236792330383,12.08904440375045,34.01818604060925,-118.2983007031118,15.75418041447267,-0.013305104280019187,cruise,0.249754596360269,0.47111714095854995,R05,eastbound,0.01511888519501301,1.6565021345800421,657
787.1233759706721,16424.526925903498,12.541815823409706,34.01818195974923,-118.2981304172669,15.748698991197749,-0.015382684806799496,cruise,0.27037935277176256,0.4993084069190944,R05,eastbound,0.016373198838373338,1.7939311315503088,656
788.1203759709514,16408.73586557315,12.983844302129,34.01817797571607,-118.29795925132716,15.748276283133956,-0.015248020709939247,cruise,0.21063634772765516,0.41662671393864514,R05,eastbound,0.012755726100754627,1.3975823773692075,656
789.1173759712311,16393.10903765702,13.227243327070028,34.018175781943874,-118.29778986557159,15.70610295479168,-0.017229241847582344,cruise,0.28226051673022384,0.5569662586436385,R05,eastbound,0.01713983435692079,1.8779276270946776,655
790.1143759715104,16377.494698607117,13.47044909093529,34.01817358991356,-118.29762061518808,15.705562790966306,-0.01490547997574243,cruise,0.23053110668401006,0.49402833900173937,R05,eastbound,0.01399913548902706,1.5338166485646492,655
791.1113759717902,16361.263404548854,12.922029440291226,34.01817853285768,-118.29744467736992,15.688347158604275,-0.011005456032626704,cruise,0.29096400860618266,0.51442813889246,R05,eastbound,0.017688681376229556,1.9380621044265613,654
792.1083759720694,16345.634085635409,12.341263479087502,34.018183767341334,-118.29727526461339,15.676867498081496,-0.013209185162423864,cruise,0.22468342062306412,0.5334551369263865,R05,eastbound,0.013669435711317506,1.4976930601848266,653
793.1053759723492,16330.149486339405,11.857836437411606,34.01818812450259,-118.2971074205336,15.668963609670861,-0.014492169641149744,cruise,0.14874701760405082,0.3496269320808924,R05,eastbound,0.009054210974883053,0.9920255107022734,653
794.1023759726285,16314.559616150791,11.339206028273221,34.01819232939466,-118.29693904423401,15.645928994235945,-0.012847950449228485,cruise,0.17076168691483246,0.34105171380193006,R05,eastbound,0.01040980723078664,1.140551547018344,652
795.0993759729082,16299.068788391645,10.914938682500884,34.01819546325958,-118.29677111196345,15.632593503632156,-0.0019530949378365747,cruise,0.1390319234806352,0.3638711197450254,R05,eastbound,0.008482882907778596,0.9294278951706603,651
796.0963759731875,16283.641735921206,10.808636281429472,34.01819573416041,-118.29660388800541,15.636381164511377,0.007911228082278399,cruise,0.16074359486584536,0.3919146246948627,R05,eastbound,0.00980518053298877,1.0743055637591667,651
797.0933759734672,16268.132140563013,10.793741048264502,34.01819517753532,-118.29643577423803,15.666828025473986,0.01693397668356056,cruise,0.17446063547946658,0.38567099422698203,R05,eastbound,0.010620867898992274,1.1636764297659057,650
798.0903759737465,16252.602641498823,10.862924412358552,34.018194091713276,-118.29626686660589,15.65901943879557,0.03039383303651544,cruise,0.1950096180541268,0.5320796368424465,R05,eastbound,0.011877877071040377,1.301400762600393,650
799.0873759740263,16236.98382068627,11.049616231117398,34.01819240904704,-118.29609756764268,15.711254277897405,0.07112665657646744,cruise,0.4412154888406656,0.8869123376262376,R05,eastbound,0.026783194225041943,2.9345032938862565,649
800.0843759743055,16221.224837865833,11.132838643621653,34.0181916589577,-118.29592674940454,15.773770821363383,0.09330638074764241,cruise,0.5079202399634227,1.244396758068699,R05,eastbound,0.030708089854370842,3.3645348672546267,648
801.0813759745853,16205.280920853991,11.230340160429478,34.0181907801698,-118.295753926587,15.977556302665779,0.08280851433022463,cruise,0.20013967002534874,0.5028245771007545,R05,eastbound,0.011943173276361314,1.3085549477204563,648
802.0783759748646,16189.300064084957,11.262193221790813,34.018190148151255,-118.29558129318018,15.950876183816046,0.09273784349889524,cruise,0.21744895173256198,0.492957929323447,R05,eastbound,0.012998168738569892,1.424145628685295,647
803.0753759751443,16173.315767960044,11.213311019501967,34.01818989383781,-118.29540803213621,16.02950944830701,0.10555101325449634,cruise,0.20108627495158118,0.541780385435626,R05,eastbound,0.011960101205980463,1.310409657984239,646
804.0723759754236,16157.136564886394,11.162050419864157,34.01818965248756,-118.29523265831412,16.276575455688093,0.08556085271938763,cruise,0.15096135759020338,0.4360427989043704,R05,eastbound,0.008840180714946314,0.9685752643463532,646
805.0693759757033,16140.955275752842,11.110783199378448,34.01818941110629,-118.29505726188029,16.28326319225913,-0.046456941388829165,cruise,0.2525996368770038,0.6840195862214424,R05,eastbound,0.014785860231287914,1.62001422186932,645
806.0663759759826,16124.828922921703,11.0716164092393,34.018189169966924,-118.29488204125327,16.208947460974727,-0.24831427679609863,cruise,0.3104598019444611,0.7222854271949417,R05,eastbound,0.01825744719623827,2.0003789871046163,644
810.0543759771007,16065.297677804858,10.87517477187497,34.01819022984261,-118.29423675481284,14.135120090000052,-0.10759627369257707,cruise,0.22141419922439312,0.44336147634374856,R05,eastbound,0.014966430149203774,1.6397983825802718,642
811.0513759773804,16050.896194758647,10.855076297600148,34.01819023907113,-118.29408065093368,14.45915719316884,0.09363901145643805,cruise,0.15500921838311596,0.321347670568769,R05,eastbound,0.010238998379283994,1.1218368585033054,642
812.0483759776597,16035.784999876474,10.588311211829604,34.01818990267792,-118.29392043453075,14.786861022711351,-0.045211728447759114,cruise,0.20093625752319605,0.4874544431058019,R05,eastbound,0.012973519693667711,1.4214449536706257,641
827.0033759818526,15885.531014494207,11.642529309313174,34.01816711643817,-118.29228884225301,6.29510878853449,-0.22618204374396988,cruise,0.06776219149063493,0.24175921811973014,R05,eastbound,0.010428925078151753,1.1426461958340735,635
828.0003759821319,15879.324830224225,11.682837167527046,34.0181664774458,-118.29222157378386,6.244071227341891,-0.052656134474242666,cruise,0.036069247198934014,0.07905950464664308,R05,eastbound,0.005597387719647346,0.6132783327653255,635
828.9973759824117,15873.03917454295,11.723661187281087,34.01816583027091,-118.29215344392874,6.300619550444756,0.019934786561631945,cruise,0.03394866098277808,0.07852423067521447,R05,eastbound,0.005220212712405897,0.5719531162201407,634
829.9943759826909,15866.806036152893,11.764144116714515,34.01816518850325,-118.29208588330545,6.320420998824331,0.026732571159667984,cruise,0.024616686517017327,0.055820308382731804,R05,eastbound,0.0037731924129860697,0.4134101956375935,634
830.9913759829707,15860.469111687411,11.805301306725399,34.01816453604797,-118.29201719775098,6.338008910297134,0.02601607801407768,cruise,0.029302761076173738,0.07404124666140954,R05,eastbound,0.004478785906681307,0.4907186157608898,634
831.98837598325,15854.04570408435,11.771818399679796,34.018164552479,-118.29194757079316,6.3665961082114695,0.025084724894600008,cruise,0.02829123807300311,0.07602793274694356,R05,eastbound,0.004304429877525285,0.4716152803794479,634
832.9853759835297,15847.591107635644,11.789929547324801,34.018164102509395,-118.29187760852686,6.410072619781448,0.01927072669580232,cruise,0.018385346341246504,0.04710912955339892,R05,eastbound,0.0027779792999555928,0.3043695736054335,633
833.982375983809,15841.246524249475,11.817105766301246,34.01816357572382,-118.29180883920819,6.39841411370157,0.012666447957709437,cruise,0.02404519482334415,0.0581786100906373,R05,eastbound,0.0036399020351586607,0.39880622235900065,633
834.9793759840887,15834.745598155067,11.789693140786532,34.01816353400002,-118.29173837232936,6.421468391933646,0.009198520400333532,cruise,0.029109833215811762,0.0816199920143898,R05,eastbound,0.004390482370606016,0.481043630197276,633
835.976375984368,15828.66493135643,11.895690293820355,34.0181623085286,-118.29167246788977,6.430971027763522,0.007990828789390836,cruise,0.024466061496754194,0.08968784917486554,R05,eastbound,0.003684540480472132,0.4036970379841163,633
891.8083760000208,15589.345066028667,14.344286536475359,34.018131394950515,-118.2890781137601,16.294162682719172,0.03424822667721816,cruise,0.18275814531826332,0.4638427779628341,R05,eastbound,0.01069042601366662,1.1712975714009664,623
7.4533533754438395,15353.237366339912,4.338086314358781,34.018290226874434,-118.28651840380086,7.349999904632568,0.19517839806697523,cruise,0.06058614673717857,0.15192030066623718,R06,westbound,0.007964965611900103,1.0018156882810991,614
13.409985375801625,15409.182385533742,8.224990517236284,34.018326958233466,-118.2871246700067,10.289999961843499,0.27234613614284964,cruise,0.11851229721119985,0.29200520700035426,R06,westbound,0.011064510824612302,1.3916696025268,616
14.402757375861256,15420.269362757299,8.860157485587761,34.01833319379686,-118.28724447249806,10.586440986455113,0.21230654424391826,cruise,0.15144256072366732,0.3041064571117512,R06,westbound,0.013736305945583187,1.7277220600618923,616
18.37384537609978,15473.214447462065,7.896416875932187,34.01832784911725,-118.28781842560088,12.703817748788358,0.294689457202713,cruise,0.14004891907588288,0.38825938096045653,R06,westbound,0.010552499744191528,1.3272699857634929,618
19.36661737615941,15484.778856258943,7.870334217125799,34.01832820103065,-118.2879439866983,12.461243285491749,-0.03473837072867525,cruise,0.15506587832956398,0.33830661564515024,R06,westbound,0.01191540324843672,1.4986929621698402,619
20.359389376219042,15495.976351519093,7.868958903515413,34.018328647223534,-118.28806535987033,12.177005935048918,-0.12299683781516357,cruise,0.15857063679697692,0.32438563349057936,R06,westbound,0.012474079570162267,1.5689620293632531,619
21.352161376278673,15508.589334706643,7.870606039462984,34.01832917862838,-118.28820207580367,12.2024145919936,-0.06542095739766651,cruise,0.18655058238655542,0.3757444430192336,R06,westbound,0.014644060605542786,1.8418974255021527,620
22.344933376338304,15520.515666022633,7.872163492783987,34.01832968110339,-118.28833134891003,12.229999542213891,-0.15394154522037073,cruise,0.13691304390845566,0.3072341105379865,R06,westbound,0.010722898634617638,1.3487023798267541,620
25.323249376517197,15553.227081988538,7.880763475663978,34.018331060131345,-118.28868613526669,10.785456368004459,-0.09762501445092919,cruise,0.19441095906938727,0.4193702361089062,R06,westbound,0.017302747372494938,2.176301143376161,622
26.316021376576828,15564.450559214181,7.884944462058545,34.018331299900744,-118.28880779092016,11.230931488973647,0.23454911426457858,cruise,0.22177768457517918,0.4270684840412497,R06,westbound,0.01894229296295684,2.3825195470969267,622
30.28710937681535,15619.155804372382,7.776593780573481,34.01833093794677,-118.28940105218348,13.229999542207924,-0.01302622613261395,cruise,0.12453855198819505,0.2875024980491208,R06,westbound,0.009004313906412922,1.1325426088688646,624
34.258197377053875,15664.822637402332,6.276875768964096,34.018316842625474,-118.28989603085257,11.277066843686303,0.13157473603252967,cruise,0.2016493267197944,0.5422674128249985,R06,westbound,0.01715143561088947,2.157269485992565,626
36.24374137717314,15689.987137711381,6.2745435889929535,34.018316667086395,-118.29016848412383,12.106766485589675,0.27884851355818707,cruise,0.10384487478776579,0.24913172421807842,R06,westbound,0.00821724766660433,1.0335471649238706,627
37.23651337723277,15702.541118368099,6.1210607610798125,34.01831564856042,-118.29030456665316,12.31802603543583,0.059406396075837975,cruise,0.10047188526740108,0.22728341442547767,R06,westbound,0.007811666065184096,0.9825340117002207,628
38.2292853772924,15714.144957469169,5.887890075873352,34.018313884194946,-118.29043035303734,12.1663322864037,-0.24738224779366202,cruise,0.13673810831349736,0.2908793532771193,R06,westbound,0.010766206426585117,1.3541495377345063,628
72.97630537937948,15900.347673626162,8.514344654343594,34.01834944773141,-118.2924483674174,9.920578217090124,-0.034293981840574084,cruise,0.05029782576817089,0.12134369394620009,R06,westbound,0.0048738206681222095,0.613018341208971,636
73.96907737943911,15910.570077998409,9.032742762709756,34.01835454638237,-118.29255922689204,9.906028185096915,-0.15273748361272332,cruise,0.06103227811464879,0.14748525809342386,R06,westbound,0.005922816880494575,0.7449587554816934,636
76.947393379618,15935.388945038616,11.527509435868081,34.01837794363141,-118.29282813654635,8.850057865768283,-0.28403355285122966,cruise,0.04397974857710798,0.1084644833488713,R06,westbound,0.004786488562154787,0.6020339028432768,637
120.62936138224177,16087.606485116823,7.43582602650934,34.01835553432593,-118.29447830625467,12.921048508018101,-0.06848439119285832,cruise,0.21032815562764456,0.5130236616196462,R06,westbound,0.015576964549721989,1.9592360120670085,643
121.6221333823014,16099.28416658451,6.893094151747021,34.0183507820548,-118.2946048932329,12.794845921045336,0.11959188501562767,cruise,0.19155132084034404,0.4304157763023247,R06,westbound,0.01432869352023326,1.8022312537915635,643
127.57876538265918,16196.772263204524,5.687892419047016,34.01834324350444,-118.29566140035665,15.124775381602843,0.28271843111073736,cruise,0.255409807266786,0.6124774791572525,R06,westbound,0.01611592836576827,2.0270256840681418,647
128.57153738271882,16215.084338104505,5.338875836227089,34.01834011965603,-118.29586018994685,15.334464032900032,0.08843939864283534,cruise,0.22411861926541568,0.5068097843082536,R06,westbound,0.0139448281274562,1.7539495170697266,648
129.56430938277845,16231.174893690426,5.305800911504775,34.01833982154945,-118.29603460224153,15.194262883671213,-0.0009981853574050348,cruise,0.5273988320867102,1.203970473813475,R06,westbound,0.033123176263281436,4.166159559644266,649
130.55708138283808,16247.895415660147,6.370705351233482,34.018349419606594,-118.29621584300662,15.21372280191147,-0.01996784623341341,cruise,0.5773557290968319,1.085412315338683,R06,westbound,0.036213530485416354,4.554857451503957,649
131.5498533828977,16263.354095713368,7.015533106525505,34.01835547895273,-118.2963830295676,15.239570789749205,-0.15024614277069936,cruise,0.3327945588898271,0.5819773382465823,R06,westbound,0.020837887319580677,2.6209431960635476,650
135.52094138313623,16317.342897687737,4.704668861942507,34.018337056160526,-118.29696835353204,13.926521505480906,-0.15179071613400286,cruise,0.06543368591707494,0.1414328926726879,R06,westbound,0.00449036930275363,0.5647886799352158,652
136.51371338319586,16330.213320356548,4.747791633475572,34.018337792173355,-118.29710811245734,13.75234236161986,-0.09630716471012857,cruise,0.07074153228900508,0.18434751051269155,R06,westbound,0.004917169097745765,0.6184706104308676,653
137.5064853832555,16343.936725628317,4.7622200744226575,34.01833792221789,-118.29725686621488,13.768977927593406,-0.05141868997353338,cruise,0.10457755940229138,0.25699964683130955,R06,westbound,0.0072601421374119445,0.9131645567362157,653
138.49925738331513,16356.732720163405,4.485780214425176,34.01833543064637,-118.29739556737768,13.666549276351182,-0.020312267982236065,cruise,0.16534757428380475,0.39750012468944973,R06,westbound,0.011566529379119622,1.4548123815693395,654
139.49202938337476,16370.494938120932,4.566646344028413,34.01833615949837,-118.29754474184223,13.706032376636761,-0.05265269693456176,cruise,0.12054452261877129,0.28288246910703657,R06,westbound,0.008407720860230304,1.0575044602681731,654
140.4848013834344,16383.834955404267,5.998196147847921,34.01834906215546,-118.29768933989624,13.69429520711367,-0.15069095808353872,cruise,0.11971159369554549,0.38330098052261896,R06,westbound,0.008356905356029377,1.0511129989867405,655
141.47757338349402,16395.44640652345,6.347100650426,34.018352206855795,-118.29781520129511,13.427599257365372,-0.18718384942204747,cruise,0.14306235357766375,0.35105989105066426,R06,westbound,0.010188796328198944,1.2815241777114885,655
142.47034538355365,16405.963775261058,6.34257846372202,34.01835216609702,-118.29792920347519,13.047371812537593,0.019881775213779207,cruise,0.19012831753652357,0.3879178393532944,R06,westbound,0.01394229465914166,1.753630863050747,656
143.46311738361328,16419.320473273037,6.511059638578445,34.01835368462946,-118.29807398233864,13.237970463795312,0.29633804290687404,cruise,0.1932711877143002,0.5121564953057384,R06,westbound,0.013965222266506365,1.756514646593816,656
146.44143338379217,16468.310015648804,6.168580389788007,34.018350902999,-118.29860466273102,14.578891303547804,0.2718328488906616,cruise,0.09061852447833452,0.21405017677408475,R06,westbound,0.005935725454216094,0.7465823672206104,658
147.4342053838518,16484.175860272146,5.884922356372955,34.01834906696507,-118.2987766525989,14.821188351441497,0.26679454718480056,cruise,0.11325562712178881,0.28672240136157395,R06,westbound,0.007295161938238454,0.9175692695219256,659
148.42697738391144,16499.895447069277,5.636068733197938,34.01834753797926,-118.29894705523589,15.038167634214489,0.23512131735780972,cruise,0.11730239932438152,0.24661819702192517,R06,westbound,0.007444946288244395,0.9364088124661848,659
149.41974938397107,16516.964442582368,6.6469094516595115,34.018357423846,-118.29913201569241,15.367715926674663,0.184595060216302,cruise,0.20565569091571648,0.42235139149263645,R06,westbound,0.01276788769966053,1.6059165634840435,660
150.4125213840307,16533.070906550365,7.843365825479901,34.01836911992011,-118.29930621435886,15.432894891254445,0.114927628723831,cruise,0.2094563787586961,0.4089095031289035,R06,westbound,0.012947985959255549,1.6285689226637048,661
151.40529338409033,16549.500391353162,8.351400957806394,34.01837499696891,-118.29948424532517,15.526025937193936,0.04760283075546479,cruise,0.15968003910740974,0.4396774072575673,R06,westbound,0.009810731775968612,1.2339720578327233,661
152.39806538414996,16565.476897987697,8.46571882773403,34.01837728975862,-118.29965740387554,15.564439214676822,-0.009683902082211482,cruise,0.09453305555502356,0.25907977692237333,R06,westbound,0.005793524346333386,0.7286966276318534,662
153.3908373842096,16580.77948376765,8.59342182579663,34.01837964993109,-118.29982325652327,15.519724148237898,-0.05634724715390327,cruise,0.126069066316846,0.30037447441550646,R06,westbound,0.007748874924803094,0.9746362814922253,663
154.38360938426922,16595.263837196333,8.807165531836649,34.01838272090731,-118.29998023217081,15.38151323917925,-0.06469699559995412,cruise,0.2198113524739347,0.4390020113021046,R06,westbound,0.013634273346946025,1.7148886263709697,663
155.37638138432885,16610.27907517666,9.088744112248015,34.018385821933826,-118.3001439773508,15.373312097162506,-0.01784137363605076,cruise,0.1387728458568759,0.3494519655419195,R06,westbound,0.008612356067185543,1.0832430222019644,664
156.36915338438848,16625.163331592074,8.897802189251733,34.01838388951304,-118.30030531059914,15.325475071434527,0.04733961454162028,cruise,0.10678487956724123,0.22416965530936264,R06,westbound,0.006648199229755429,0.836195736644047,665
157.3619253844481,16640.569497326356,9.426906174039901,34.0183884394932,-118.30047231333687,15.469487818851777,0.06755204309158813,cruise,0.15388726185390036,0.37980322560338153,R06,westbound,0.009489975069953083,1.193627991597506,665
158.35469738450774,16656.023537900786,8.902511440738515,34.01838349354845,-118.30063981701048,15.56732218035319,0.04712074868483107,cruise,0.23877306795562925,0.4670167119629409,R06,westbound,0.014630617647586847,1.8402066001008426,666
159.34746938456738,16670.870894629763,7.722111481388382,34.01837264360944,-118.30080073338326,15.533847649812747,0.006145874346402458,cruise,0.3880868500825813,0.7135155279327515,R06,westbound,0.023831819591282728,2.997513349104882,666
160.340241384627,16685.917316575124,5.352415708657657,34.01835162853042,-118.3009634867881,15.541796199970445,0.018744526502048053,cruise,0.2776324479248556,0.5646644600556361,R06,westbound,0.017040114452478803,2.143267757878785,667
161.33301338468664,16700.391364802836,4.524096105416342,34.01834463120304,-118.30112040830136,15.53162251103648,0.07095355718401741,cruise,0.18227506736423768,0.36345296546234884,R06,westbound,0.01119486414597544,1.4080651538353997,668
162.32578538474627,16716.152115562705,4.767342717575091,34.01834733354651,-118.30129123513669,15.681201565523116,0.11783914739445844,cruise,0.13232117161823537,0.34762555329506484,R06,westbound,0.008047978040005824,1.0122568071572897,668
163.3185573848059,16732.219586205712,4.828817619517777,34.018348407503886,-118.30146539368955,15.817086513521613,0.1255065936249542,cruise,0.1719826440502967,0.3406611755138149,R06,westbound,0.010368846715437715,1.3041705156124825,669
164.31132938486553,16748.74623717946,4.918011189445192,34.01834899391637,-118.30164487147485,15.958256633750016,0.08282902218340027,cruise,0.09176877829079674,0.25636099774105686,R06,westbound,0.0054829646415555785,0.6896351175696482,669
165.30410138492516,16764.727299431263,5.026190570427509,34.01834955990937,-118.30181809955668,16.002164034651887,0.021863841096983805,cruise,0.0758041760999394,0.2786331597127875,R06,westbound,0.004516477250585133,0.5680724796401821,670
166.2968733849848,16780.310787694973,5.131678672098158,34.01835011182158,-118.30198701810151,15.989506048488826,-0.04734168347036949,cruise,0.0860130901689583,0.2500028764688678,R06,westbound,0.005128859806858497,0.6450965977591284,671
167.28964538504442,16795.58212521555,5.235053678614564,34.018350652677825,-118.30215255306186,15.916071954311835,-0.07928101738841864,cruise,0.11221859326843238,0.2935795924858843,R06,westbound,0.006722868885226893,0.8455875201036133,671
168.28241738510405,16810.55745548116,5.333608426429986,34.018351157665144,-118.3023148793397,15.762351727379654,-0.07230876810629816,cruise,0.17780361575240858,0.3753411929996549,R06,westbound,0.010757659514302083,1.3530745260861554,672
169.27518938516369,16826.305628913404,6.27397915601778,34.01836002648433,-118.30248512328235,15.757070510564272,-0.0735261164340999,cruise,0.21939148341831038,0.40465480948027877,R06,westbound,0.013278377464742891,1.6701248325821998,673
170.26796138522332,16841.963240473404,7.268822455911493,34.01836959804798,-118.30265479492134,15.717790770227964,-0.12932577021212133,cruise,0.30588485704412427,0.6584096552409606,R06,westbound,0.018560336471510296,2.3344779077456845,673
171.26073338528295,16857.000128392683,7.185018571652359,34.018369423793004,-118.30281778846592,15.522664893450132,-0.21405831086034777,cruise,0.28924032476034756,0.6112807451930862,R06,westbound,0.017774821796504536,2.2356776161763063,674
172.25350538534258,16871.369509065822,6.56177035724803,34.01836417984466,-118.30297382448444,15.22641132317736,-0.2317145589941223,cruise,0.1866770243885498,0.4712759521742986,R06,westbound,0.011699033102849404,1.4714784057125991,674
173.2462773854022,16885.238925902537,6.028128789612284,34.018359462840735,-118.3031241651728,14.9733833732016,-0.1879087221620832,cruise,0.0892499071125346,0.1993582859528902,R06,westbound,0.005689442041461639,0.7156053864421632,675
174.23904938546184,16899.471595050516,5.811775977193796,34.018357608010476,-118.30327844075298,14.886833933423318,-0.13001430704047579,cruise,0.16237276415397317,0.4003075099641769,R06,westbound,0.010412044071632553,1.3096037831539769,675
175.23182138552147,16913.855020187093,5.824927940328755,34.018357822730096,-118.30343434859456,14.742939175627171,-0.064086905641898,cruise,0.17270148849247458,0.43763283472096276,R06,westbound,0.01118432370202938,1.4067394002011548,676
176.2245933855811,16928.473199555763,5.768164312507675,34.01835740886562,-118.30359280159749,14.68240813893015,0.00625440761949303,cruise,0.14046203278477581,0.25218284766773846,R06,westbound,0.009134612205269002,1.148931239568705,677
177.21736538564073,16943.343790501338,5.916663932544693,34.018358846740284,-118.30375398894412,14.796067054744322,0.05984707478385776,cruise,0.09876062990531399,0.21901820818991674,R06,westbound,0.006372478926719766,0.8015162491713005,677
178.21013738570036,16957.912846029583,6.191788998178898,34.018361423882176,-118.30391190680425,14.870961258875719,0.053248866052414634,cruise,0.1310523057222849,0.3100395065019259,R06,westbound,0.008412764878905373,1.0581388857367675,678
179.20290938576,16972.46319716346,7.2278421631922285,34.01837085919454,-118.30406961580034,14.910873056466945,0.021745934782644305,cruise,0.1379961938924028,0.2652830963846981,R06,westbound,0.008834401617395965,1.1111714184503372,678
180.19568138581963,16986.826013632563,8.876450426940913,34.018385814252696,-118.30422528710389,14.884786036718099,0.04257560144955885,cruise,0.29089935223605035,0.640844917537986,R06,westbound,0.01865633550405591,2.34655245289128,679
181.18845338587926,17001.460082337235,9.744860413662296,34.01839373914576,-118.30438390489785,14.91177480790593,0.14341445971204525,cruise,0.4039895319637391,0.6553099790457607,R06,westbound,0.025861483094897705,3.2527999176765188,680
182.1812253859389,17016.742708644677,9.889168216148542,34.01839528896292,-118.30454837061757,15.123666697465657,0.27885760354579414,cruise,0.2663652635817386,0.5174251116949906,R06,westbound,0.01680845249074716,2.114129830742729,680
183.17399738599852,17032.54883725546,9.07304884576932,34.01838961661731,-118.30471979243406,15.526259555754175,0.29863879129783744,cruise,0.2714876847515794,0.47254921030790165,R06,westbound,0.016679931344911438,2.0979647264035814,681
184.16676938605815,17048.829121521638,7.824942015783773,34.018380101494046,-118.304896408778,15.931353413693813,0.16636258732646247,cruise,0.18339871119655132,0.44781888080049465,R06,westbound,0.010976456306781427,1.3805943008010524,681
185.15954138611778,17063.949063158718,7.4760690101105824,34.018378567119846,-118.30506033341607,15.882969472470641,0.03822391482390142,cruise,0.10430386013075248,0.21483456266954115,R06,westbound,0.00626195510022438,0.7876148076953313,682
186.1523133861774,17078.893811515652,7.754867014678696,34.01838267094015,-118.30522227882314,15.757917492080317,0.05319517185230893,cruise,0.09469346601769318,0.2482115820037468,R06,westbound,0.005730882619814833,0.7208176903676999,683
187.14508538623704,17095.04625875821,8.05851023650354,34.0183871272604,-118.30539731089132,15.927381271586677,0.15063416504484994,cruise,0.11952192915326157,0.23595984528886085,R06,westbound,0.007155230459603562,0.8999689988601965,683
188.13785738629667,17112.115335953233,7.811220449004892,34.01838660987928,-118.30558269238506,16.203805677497773,0.14540603901679283,cruise,0.14130259822917163,0.30941183359452873,R06,westbound,0.008312372239218735,1.0455117224410766,684
189.1306293863563,17128.764872305026,7.6381663253016905,34.01838621572685,-118.30576317283295,16.33435357490651,0.10845070028106818,cruise,0.12091950687019883,0.3227871061645819,R06,westbound,0.007055476158691438,0.8874221243981185,685
190.12340138641594,17144.217124419793,8.218123905337059,34.01839252450033,-118.305930612409,16.217075453813187,0.15214839160123184,cruise,0.17778603832843068,0.35157896091914437,R06,westbound,0.010449869370037043,1.3143613651953754,685
191.11617338647557,17161.217397384156,7.571148424920671,34.01838788354416,-118.30611493442333,16.5601124070267,0.2111722487795742,cruise,0.18607557370569966,0.4058839023682574,R06,westbound,0.010706695499813516,1.3466643855105138,686
192.1089453865352,17178.24271381958,6.553265658278977,34.01837990142905,-118.30629955911296,16.884338823592454,0.21482821323431445,cruise,0.1045310196572568,0.28034653077273786,R06,westbound,0.0058971970126100465,0.7417363453886653,687
193.10171738659483,17194.52309923425,6.160504077743152,34.018377501255515,-118.30647605679663,16.924965579795156,0.17795882363447113,cruise,0.07493215671314923,0.21979619906772838,R06,westbound,0.004217032934135298,0.5304090384399017,687
194.09448938665446,17211.9101853403,5.154290240694651,34.01837033572419,-118.30666434359858,17.13187489057593,0.1794121500643584,cruise,0.36124316503573745,0.8889554871094957,R06,westbound,0.020080314970356918,2.5256574281844726,688
195.0872613867141,17229.389586275167,4.558659548750308,34.018366895934335,-118.30685387500195,17.372611563650345,0.0699767759921528,cruise,0.38534983822209806,0.7012811219209626,R06,westbound,0.021118428542816037,2.656229048174051,689
196.08003338677372,17246.935545818673,4.796815341757139,34.01837097789916,-118.30704401718917,17.505384994063622,-0.15036234977343632,cruise,0.1979699039928924,0.3453359288052654,R06,westbound,0.010765696999864701,1.3540854631728059,689
201.04389338707188,17323.068377077132,6.18959172193324,34.01839047303399,-118.30786922001555,15.551321935583669,-0.17731263591212887,cruise,0.0609753383123383,0.15443297784731763,R06,westbound,0.0037401224744817666,0.47042429981498746,692
202.0366653871315,17338.192918376906,6.5941062265549,34.01839578407836,-118.30803283349363,15.421468531935641,-0.1340441686724665,cruise,0.07112139693738932,0.18399086485247107,R06,westbound,0.004399832130899253,0.5534011154991806,693
203.02943738719114,17353.36992285975,6.985687718487701,34.01840111536621,-118.30819727322317,15.417583173377652,-0.2404272331586128,cruise,0.09417622828678598,0.24308936919531854,R06,westbound,0.0058275825785585305,0.7329803964540682,694
226.85596538862228,17500.609329399394,10.514811246781614,34.018445875821854,-118.30979338175007,6.586453075407445,0.1231019383275731,cruise,0.05715224377972948,0.13867003761412108,R06,westbound,0.008400381916459162,1.0565813842169272,700
227.8487373886819,17505.070740782143,11.128584487827178,34.01845168827467,-118.30984169325897,6.49201699160255,-0.027665411807439977,cruise,0.057605614334374194,0.12657777416559104,R06,westbound,0.008592319240666411,1.080722834654608,700
228.84150938874154,17511.84247783956,11.042464609194747,34.018451338007445,-118.30991509968999,6.566412358660337,-0.05251710104970719,cruise,0.05529586425316229,0.14282608275835193,R06,westbound,0.008152759151000975,1.025435942629467,700
229.83428138880117,17516.39674735185,10.956131222906896,34.01845109200635,-118.30996217581735,6.3802732240939255,-0.07036946228651741,cruise,0.04443560943060875,0.12117674817905257,R06,westbound,0.006746007427754551,0.8484978346030925,700
230.8270533888608,17522.405829532196,10.818231326316567,34.01845127153096,-118.31002732757592,6.385371798237361,-0.04516293542027716,cruise,0.04141301392115127,0.11364748005641723,R06,westbound,0.00628202459054817,0.790139103623507,700
231.81982538892044,17528.177617740483,10.68325580869117,34.01845142125054,-118.31008990725984,6.253892561121688,-0.05702974020888352,cruise,0.04145425520356606,0.10457845320353382,R06,westbound,0.006422781087797567,0.8078431432945963,701
292.3789173925579,17754.512552656783,4.500124972684185,34.018428816090804,-118.31254567129612,12.526198004125304,-0.26851301693180574,cruise,0.10739735707404385,0.24900504867695733,R06,westbound,0.00820898301034169,1.0325076548110093,710
293.37168939261755,17765.589927880872,4.317959290268014,34.018427339837984,-118.31266574673211,12.308805540285729,-0.019576839607673868,cruise,0.12676379697336082,0.28186372096242307,R06,westbound,0.009863366227360847,1.240592302252866,710
294.3644613926772,17777.881147692602,4.386486948489479,34.01842814124649,-118.31279897501406,12.461391189350593,0.21214659937160096,cruise,0.1690763683875398,0.371472784400808,R06,westbound,0.01299182520432121,1.6340829255620426,711
307.2704973934524,17987.821852336838,2.78456869313093,34.018465014369646,-118.3150715552764,17.812146812849385,0.25706338609520074,cruise,0.16380759477081142,0.3853463880852641,R06,westbound,0.008751905706998464,1.1007952660245475,719
308.263269393512,18005.717239086174,3.153113953096506,34.018480177576755,-118.31526326372502,18.019416168104648,0.227764343635096,cruise,0.1669841159310473,0.4252642461647013,R06,westbound,0.008817244352561104,1.1090134157774973,720
318.1909893941083,18242.78265550969,9.977903823076213,34.018897820765176,-118.31777622143963,24.9461410258791,0.11150889063234892,cruise,0.28203850269434144,0.678542438507983,R06,westbound,0.010697281436620276,1.3454803055462052,729
319.18376139416796,18266.761276709512,9.897893086474545,34.01894313919117,-118.31803035883041,24.851203730247292,-0.015140943494172276,cruise,0.2043709748233928,0.5031621416708397,R06,westbound,0.007781595780316995,0.9787518380413746,730
320.1765333942276,18291.921890661997,10.133264142540446,34.018993503616414,-118.31829628648376,24.924618761649704,0.015851247418973813,cruise,0.2425755946194693,0.5018838365854228,R06,westbound,0.00920859607040949,1.158236765843254,731
321.1693053942872,18316.791480904343,10.571677191364147,34.01904509752552,-118.31855866329083,24.977759479800188,-0.024107720394201948,cruise,0.16431462584881412,0.45146906881652965,R06,westbound,0.006224173275623608,0.78286269369243,732
322.16207739434685,18341.699470893123,11.160798662712779,34.01909809232571,-118.3188210989079,24.914005323947656,-0.09494568881010146,cruise,0.15923192109289014,0.41402105399958816,R06,westbound,0.00604734306394052,0.7606213823223581,733
323.1548493944065,18365.617682725286,11.169958519092141,34.019149124906484,-118.3190671673446,24.718216349193565,-0.10595037768316296,cruise,0.19272427098751493,0.6306723459034167,R06,westbound,0.007378298978821821,0.9280260618788496,734
324.1476213944661,18388.669137888108,10.960567925210354,34.019200923229526,-118.31930915243079,24.618605363994067,-0.07059857981825601,cruise,0.16535420909761445,0.4258535677484885,R06,westbound,0.00635651303696568,0.7995080950106457,735
325.14039339452574,18412.906611092047,10.869808145115746,34.01925651343746,-118.31956322585442,24.642052029596247,-0.06207079531453985,cruise,0.18523791532083117,0.46728771930458907,R06,westbound,0.007113986505976683,0.8947814259561262,736
326.1331653945854,18436.48873879437,10.94038754212645,34.01931198409532,-118.31980998502132,24.569639883819733,-0.09306427402307094,cruise,0.1397215525437642,0.3714721268393157,R06,westbound,0.0053820362677227075,0.6769405708226537,737
327.125937394645,18459.78139974827,11.406530508165194,34.01937022585956,-118.3200526062345,24.39744894370965,-0.10856560051323783,cruise,0.14525712824287987,0.367580380750092,R06,westbound,0.005635436836523214,0.7088127316847697,738
328.11870939470464,18483.6175450382,11.981825750597121,34.01943267471851,-118.32029734375874,24.30885881714476,-0.07707511520623633,cruise,0.18526612260491773,0.4688725648715443,R06,westbound,0.0072142828955469055,0.9073964831258999,739
329.11148139476427,18507.10257789709,12.628779090030182,34.01949685007009,-118.32054002753019,24.256147766116005,-0.04541016130403186,cruise,0.10773724949350706,0.23277512188847246,R06,westbound,0.004204573985606497,0.5288419795593221,740
330.1042533948239,18530.957566434434,13.389362600102364,34.019563049143464,-118.32078599735844,24.251832963744658,-0.03132771031128456,cruise,0.11317336863541479,0.32420386710881366,R06,westbound,0.004417524312121623,0.5556263987674475,741
331.09702539488353,18554.76543594077,14.067940185623582,34.01962855542841,-118.32103185214308,24.18398317714476,-0.0019271201401576121,cruise,0.16427038624736115,0.3950113866773571,R06,westbound,0.0064303061524588956,0.8087896292181244,742
332.0897973949431,18579.082562302032,14.487069593404962,34.01969309092175,-118.32128379106453,24.194415764377865,0.019539610442642186,cruise,0.15178085024322988,0.46562132499691566,R06,westbound,0.005938801699069334,0.7469692904673807,743
333.0825693950028,18603.704459923967,14.604850578801054,34.01975578067749,-118.32153981113446,24.302085819987393,-0.014331034407007337,cruise,0.11214731856383321,0.4040085522349038,R06,westbound,0.004368266772365542,0.5494308947943928,744
334.0753413950625,18627.513418386097,14.768324866481914,34.0198156137077,-118.32178912761364,24.250120589739176,-0.10616449907636749,cruise,0.13485468046140048,0.41342450274407117,R06,westbound,0.0052641944499061365,0.6621186886480688,745
335.068113395122,18651.073526789234,14.825707741679762,34.01987330278863,-118.32203490158521,24.042913653636443,-0.20756610765212358,cruise,0.23332930385520043,0.5571600971472106,R06,westbound,0.009188108166852104,1.1556598428276526,746
336.06088539518174,18674.487003146125,14.77257597361436,34.01992967665727,-118.3222794675094,23.821205078228665,-0.2886777442923343,cruise,0.14254007007345787,0.3763390107091459,R06,westbound,0.005666127745561746,0.7126729660737885,746
339.03920139536064,18740.155258791157,14.477002881924866,34.020086498629965,-118.32296587037635,22.794741680493072,-0.28638299355759145,cruise,0.1312101152253346,0.3985076678449708,R06,westbound,0.005454749691862458,0.6860863038491722,749
340.03197339542027,18761.41493369237,14.508576577715273,34.02013834594869,-118.32318771705465,22.452745716383358,-0.17212135541311824,cruise,0.136717391787356,0.28360279359725754,R06,westbound,0.005771775465201324,0.7259611016569381,750
341.02474539547984,18783.79389233561,14.620709355801846,34.0201936077969,-118.32342101338632,22.414863333766036,-0.041824912990119145,cruise,0.1297620892569609,0.3325356405984307,R06,westbound,0.005487562386178813,0.6902134116789643,751
342.0175173955395,18806.289800162784,14.77742266135465,34.02024954032875,-118.32365540053948,22.433495514593623,0.05650885316362775,cruise,0.1497383516229301,0.4656745664781057,R06,westbound,0.006326996988542989,0.7957956319810832,752
343.01028939559916,18829.497526483265,15.038348101732288,34.02030810425126,-118.32389691463666,22.564856267153715,0.10343053907813093,cruise,0.17213568197176052,0.47842440410926923,R06,westbound,0.007230298770293095,0.9094109242878687,753
344.0030613956588,18852.385384701116,15.435865778712001,34.02036707789958,-118.32413469099563,22.639355226053663,0.12328478698712964,cruise,0.11655793684860176,0.32741701642592064,R06,westbound,0.004879452375307823,0.6137266848334463,754
344.99583339571836,18875.663734036414,15.616559646430515,34.02042512429728,-118.32437676934644,22.825101281193053,0.046813522720468015,cruise,0.1353529000895091,0.44250421295786646,R06,westbound,0.005619363071538741,0.706791009217176,755
345.98860539577805,18897.955568288817,15.644977091419564,34.02047989300927,-118.32460924945481,22.907612607879102,-0.023319772863837684,cruise,0.21273269865556035,0.5649007549514625,R06,westbound,0.008799534580650095,1.106785919991474,755
346.9813773958377,18917.797470364225,15.608091949387905,34.02052810309515,-118.32481636227521,22.57544981281444,-0.03765028465839926,cruise,0.13403128573449033,0.36330929605382756,R06,westbound,0.00562709407005334,0.7077633970434878,756
347.9741493958973,18940.71959394279,15.559208758063095,34.0205837428195,-118.32505564536955,22.75009938915046,-0.00033166133100337447,cruise,0.1523716285947564,0.40104349919363835,R06,westbound,0.006347133620757719,0.7983283728672111,757
348.9669213959569,18962.94892157151,15.53262986607594,34.020637881564625,-118.32528763513471,22.758345609502893,0.07082850122173312,cruise,0.1404817965844004,0.3756170308606116,R06,westbound,0.005849698558276217,0.7357620952739329,758
349.9596933960166,18984.5971505308,15.609867383946447,34.02069100544218,-118.32551401482809,22.722741226693106,0.11268208181869177,cruise,0.14248922710735684,0.4140659566218456,R06,westbound,0.0059427454434991915,0.7474653258845958,759
350.9524653960762,19008.393589743453,15.629207663779551,34.02074868068164,-118.32576245349561,23.02470729218655,0.12857941449040133,cruise,0.156998601828569,0.4447843274850524,R06,westbound,0.0064605405873605585,0.8125924493038189,760
351.94523739613584,19031.946758718062,15.643795798216749,34.020805726762646,-118.32600836561923,23.154943400894943,0.05776838709591736,cruise,0.1215724632736862,0.3011900689544581,R06,westbound,0.0049741232960333,0.6256341830234068,761
352.9380093961954,19054.443735342997,15.647915398951543,34.020860099187516,-118.3262431096669,23.09204369024185,0.027646274676188298,cruise,0.10482875817060239,0.2626765922308749,R06,westbound,0.004300940614164595,0.5409627601151127,762
353.9307813962551,19076.04380085811,15.589038231784587,34.02091197858539,-118.32646877654163,22.99950985182244,0.13749279725671393,cruise,0.2617435775120167,0.9976255254532349,R06,westbound,0.010782831678793483,1.3562406250405314,763
357.9018693964936,19174.794010060054,15.210923655005983,34.021149203786734,-118.3274999247112,24.62700862560985,0.24875732343934942,cruise,0.1415349094908951,0.43092179036710154,R06,westbound,0.005438967875202236,0.6841013019935253,766
358.89464139655325,19199.082511633867,15.09678546786654,34.0212077751789,-118.32775360278536,24.663754726917396,0.100574177783745,cruise,0.14707967688162965,0.39036536716213716,R06,westbound,0.005643479086425641,0.7098242680195016,767
359.8874133966129,19223.53178016793,15.158099729124997,34.021268765979514,-118.32801213432155,24.737328347136312,-0.009272018131850857,cruise,0.16583892065271377,0.4190246863457021,R06,westbound,0.00634402464927978,0.7979373333382564,768
360.88018539667246,19247.959917352637,15.729006175629362,34.021328834680084,-118.32826695123288,24.68692932379247,-0.09367372005913666,cruise,0.20305315486561784,0.6795878425597588,R06,westbound,0.007783753913782685,0.9790232832765057,769
361.87295739673215,19272.0387489073,16.1209567876776,34.02138654582418,-118.32851793857328,24.54860402882272,-0.13226322096445742,cruise,0.2061230817361978,0.6576250178898977,R06,westbound,0.007946725902302386,0.9995215381095801,770
362.8657293967918,19294.948709221073,16.2131570264897,34.02143973395001,-118.32875789169813,24.294499166734123,-0.1717718736979137,cruise,0.20941497948221235,0.45850808288602635,R06,westbound,0.008159544869421772,1.026289435224596,771
363.8585013968514,19319.35176894893,16.27645333342908,34.02149608410144,-118.32901357917362,24.341915169727354,-0.24239082163981784,cruise,0.20488567738797053,0.4952432677261709,R06,westbound,0.007967249734605929,1.0021029801630927,772
367.82958939708993,19410.179197438458,11.429061095419963,34.02165585059558,-118.32998318012318,23.056244428214846,-0.1367570880096416,cruise,0.29390982244743996,0.8733779818819947,R06,westbound,0.012077651646796026,1.5191002054392884,776
368.8223613971495,19430.791988932415,11.26326862041324,34.021698368436496,-118.33020068848751,22.529592499518277,0.1082245627831071,cruise,0.23057428002841823,0.7670860125225771,R06,westbound,0.009700343639562185,1.2200876831548406,777
369.8151333972092,19455.981518771536,11.886643253784237,34.02175765984893,-118.33046415552836,23.282412782777392,0.26095067967217744,cruise,0.34394971841635946,0.697653420987439,R06,westbound,0.013994294605713635,1.7601713008635291,778
370.8079053972688,19479.22567374109,13.214485952933062,34.02181915373541,-118.33070544015577,23.516268540819034,0.2769302504695599,cruise,0.3625453099565171,0.824880688933999,R06,westbound,0.014601694376870589,1.836568695334919,779
371.80067739732846,19501.72981881804,14.658710315890012,34.02188007874606,-118.330938633785,23.6239555559645,0.1391394650699116,cruise,0.4519535923737003,1.3032978076825383,R06,westbound,0.01811825913324646,2.2788744017814433,780
372.79344939738803,19525.668263637428,15.830755699146076,34.021941884811575,-118.3311873489064,23.837621318145253,-0.10028703018591756,cruise,0.25799134158468723,0.8463691727960615,R06,westbound,0.010248261287446344,1.289003548242359,781
379.7428533978055,19660.247558646228,15.948417350507643,34.02222638018861,-118.3326074683342,18.942729520356867,-0.2552940524599574,cruise,0.1514919321443889,0.3417766018435795,R06,westbound,0.0076027735756014105,0.9562599782109403,786
380.7356253978651,19678.683193111905,15.843872978721437,34.02226331492079,-118.33280230391934,18.79066993175856,-0.2422344887023513,cruise,0.1422250870119619,0.24003460929582018,R06,westbound,0.007196465821495391,0.9051554911149106,787
388.6778013983421,19729.85150132382,16.152766073237633,34.022369824596474,-118.33334263590147,8.171949019110313,-0.23771945904821745,cruise,0.04992079658112967,0.14340811867972125,R06,westbound,0.005891987293266247,0.7410810784579,789
389.6705733984018,19737.915117267214,16.027086649896926,34.02238500462121,-118.33342812387964,8.424401788752318,0.0075185526677348236,cruise,0.06492280395897161,0.15536409224352082,R06,westbound,0.0074291108667237935,0.93441706831023,789
390.66334539846144,19739.890546245166,15.25285311052504,34.0223821930735,-118.33345087233394,8.199825571691624,0.04015867558127084,cruise,0.0867104852540751,0.2585388087545914,R06,westbound,0.010198763112019945,1.2827777776490283,789
391.6561173985211,19748.452950032388,14.86576595780378,34.02239608418505,-118.33354226429375,8.50437935599225,0.01999796390818087,cruise,0.047565055862992506,0.12185892253060751,R06,westbound,0.005390802722407296,0.6780431960267732,789
392.64888939858065,19754.949252838127,16.17454709905851,34.02242069930503,-118.33360771163045,8.331181903929766,0.021044577994742575,cruise,0.04122481114896844,0.13121713893932432,R06,westbound,0.0047710484817106045,0.6000918838100503,790
393.64166139864034,19763.065694329405,16.176441037181263,34.022437106602155,-118.33369344781875,8.412165968271632,0.004859593391930872,cruise,0.04347401421000272,0.1178350820152182,R06,westbound,0.004982088202726093,0.6266359913009735,790
394.63443339869997,19771.19917125117,16.073551757853387,34.022452627893735,-118.3337796184479,8.417393766129715,-0.02889866872074176,cruise,0.04030024700618918,0.10765768992809523,R06,westbound,0.00461545928499265,0.5805222201361456,790
471.07787740329155,20024.553298184837,11.713344599505431,34.02289942181572,-118.33647996482034,14.749315397803217,-0.03857621914691922,cruise,0.08668286581615749,0.22736833576707885,R06,westbound,0.005611201818184317,0.7057645048925015,800
481.00559740388786,20107.4989345175,12.036162837488828,34.02303902700008,-118.33736196223109,5.819361432260594,-0.1814907054807291,cruise,0.04525952556003791,0.10465993455591636,R06,westbound,0.007545309986503457,0.9490323355733803,804
481.9983694039475,20114.74529837918,11.987735382631248,34.0230505827637,-118.33743927117979,6.116341024691352,0.08808889111168972,cruise,0.03302078498598726,0.0869289988331203,R06,westbound,0.005233187221206346,0.6582186682744516,804
482.9911414040071,20121.2459599335,12.079114397566743,34.02306214389142,-118.33750835631938,6.286130762634473,0.1519930599331043,cruise,0.041265061232545704,0.10777397228830925,R06,westbound,0.006360116776117476,0.7999613653189754,804
483.9839134040667,20127.76703877899,12.087268925562395,34.0230730014167,-118.33757782455001,6.387384463144805,0.009252306286271494,cruise,0.038558380594039515,0.10832252300880804,R06,westbound,0.0058471247171027136,0.7354383632464013,805
484.9766854041264,20134.3390911872,12.096273982526887,34.023083953147214,-118.33764789550351,6.453684718436954,-0.059364194794365055,cruise,0.039652620614250206,0.10448393439458449,R06,westbound,0.005950228340957025,0.7484065081109014,805
485.969457404186,20139.01702274262,12.098669882363204,34.02309169204735,-118.33769774010625,6.00389965259071,-0.0007156991908430221,cruise,0.03712425881853694,0.08287492610782857,R06,westbound,0.0059956125247022365,0.7541148299657824,805
486.96222940424565,20146.06212139931,12.332493303557433,34.02310538693956,-118.33777235073084,6.316004910800959,0.17581157980637308,cruise,0.04183897451238425,0.12244941844255083,R06,westbound,0.006417548487608199,0.807184998461883,805
494.9044054047227,20220.27879541459,12.512661580873255,34.023229426344145,-118.33856286704312,9.497020900829163,0.27345900813436597,cruise,0.0572588148789587,0.1600836908205605,R06,westbound,0.005800137050227689,0.7295283588440225,808
501.8538094051401,20302.026484943577,12.837177257614238,34.02334946679804,-118.33944223443038,11.984827246421158,0.23436611670342966,cruise,0.09042286442325534,0.2355397930367828,R06,westbound,0.0072292223991247675,0.9092755407124227,812
502.84658140519974,20315.680244441428,12.295401679703698,34.02336259081781,-118.33958950638043,12.303085293280855,0.22176327429954323,cruise,0.09724117931710405,0.1834345385469906,R06,westbound,0.007569818824956438,0.9521150028515741,812
503.8393534052593,20328.553804487212,12.473179335867027,34.023381178583634,-118.33972682863492,12.602958312457348,0.20534599888141258,cruise,0.15325202411441177,0.3215680580876278,R06,westbound,0.011641343746443435,1.4642223665643583,813
504.832125405319,20339.99928037206,14.114732531492825,34.02341118223654,-118.3398468538665,12.572646608982566,0.1912410636896169,cruise,0.21597028972423027,0.4615751061147595,R06,westbound,0.016445787941152763,2.068514688999463,813
513.7670734058557,20487.88180316932,16.30449748865038,34.023624335077734,-118.3414301955292,17.249791494702396,0.2664645584378871,cruise,0.10306032369216232,0.24018924377145168,R06,westbound,0.005688950875677668,0.7155436087004999,819
514.7598454059153,20505.775658283983,16.849147192395492,34.02365239469112,-118.34162128765102,17.17300118282327,-0.030177251058736587,cruise,0.11998397911076426,0.26940097386333284,R06,westbound,0.006653266568850734,0.836833095303315,820
523.6947934064519,20622.44602569002,15.321742360210044,34.02378855548083,-118.34287577903902,12.486719851378565,-0.25192828296194403,cruise,0.07545531749414282,0.19508456385542525,R06,westbound,0.005786022266014242,0.7277530326278481,824
524.6875654065116,20634.20702455568,15.09742526804592,34.0238015748242,-118.34300231962338,12.302620555994249,-0.005728841678984686,cruise,0.10032934562111541,0.2083670898160701,R06,westbound,0.007810519756863325,0.9823898315850373,825
525.6803374065713,20646.519563960734,14.354880096571337,34.02381067488124,-118.34313557424034,12.406964079785268,0.09979785081250458,cruise,0.07749313719009897,0.18373465183173454,R06,westbound,0.005981143293395351,0.752294922181253,825
526.6731094066308,20660.921321500526,14.177369733732684,34.02382641585103,-118.34329280267005,12.849896992447302,0.05726522301073622,cruise,0.06471902376617347,0.16330103331639503,R06,westbound,0.004820107667210354,0.6062624392251938,826
527.6658814066905,20671.583317822875,14.864532086300477,34.02384479458739,-118.34340648351287,12.53390248664224,0.005320993779124095,cruise,0.07243191018847638,0.16212112342115703,R06,westbound,0.005532915895013855,0.6959178753117584,826
528.6586534067501,20683.639915728574,14.773763258001026,34.02385781928841,-118.34353623164778,12.51679000903062,0.10585938955807617,cruise,0.14134746720689692,0.28632558770854966,R06,westbound,0.010812240891159295,1.3599396504680916,827
529.6514254068098,20697.28133047491,13.268650196154452,34.02386001889653,-118.34368497045693,12.771766265020384,0.23185817236136863,cruise,0.17245434032845328,0.41776581207179836,R06,westbound,0.012923887186464285,1.6255378325338818,827
530.6441974068694,20712.668656315047,14.711034791388684,34.02389057188793,-118.34384841193501,13.242598641449268,-0.0149478555475282,cruise,0.17368299760525144,0.379185055440865,R06,westbound,0.012545374273452438,1.5779293188316128,828
548.5140934079427,20805.788544410803,12.84909161334048,34.02398076109361,-118.34485214526734,4.298410913781283,0.22852439332227337,cruise,0.046172837258105795,0.1100342207631848,R06,westbound,0.010475730296483004,1.3176140950989848,832
549.5068654080025,20810.32803141415,12.520576766247286,34.02398303124407,-118.34490140375335,4.264025792343938,0.0778758182277488,cruise,0.050484053996214966,0.11469251232151036,R06,westbound,0.011547821965911496,1.4524594046762496,832
550.499637408062,20815.289820255162,11.944593494391539,34.02398357348057,-118.3449555439026,4.331957390848158,0.018603226722319288,cruise,0.056325226644571985,0.1410185632923175,R06,westbound,0.012678456049108493,1.594668049062582,832
551.4924094081216,20820.072994105947,13.888634046601736,34.02400643930028,-118.34500428739813,4.394809067573901,-0.00010281229505348932,cruise,0.03824648418365433,0.10525053904045048,R06,westbound,0.008483820870081732,1.0670761505255175,832
552.4851814081812,20823.925268858373,14.40417247713045,34.02401546683856,-118.34504499311943,4.278440214155386,-0.054273266798246844,cruise,0.04595482011610819,0.11306413980273622,R06,westbound,0.010475772793261508,1.31761944024942,832
553.477953408241,20828.45444417426,14.37443504599162,34.024020396165916,-118.34509372858517,4.316930554029967,-0.04623651802122364,cruise,0.04599854302019006,0.11374812916890227,R06,westbound,0.010390646537570799,1.3069124488333907,833
554.4707254083005,20831.8315743314,14.177551279964927,34.02402250979246,-118.34513030866229,4.086550026617646,0.04953686171301985,cruise,0.0423348359580602,0.11713795201438179,R06,westbound,0.010111703972155016,1.2718276723535784,833
555.4634974083601,20837.068281316864,13.391792292599401,34.02402149202368,-118.34518769391485,4.311285332281223,0.15519079521040346,cruise,0.03796763604186071,0.08750287069049853,R06,westbound,0.008587962217090132,1.0801748179040516,833
556.4562694084198,20842.851937839387,12.819414735272717,34.02402300921471,-118.34525066522178,4.5791582915812095,0.1858044306824045,cruise,0.054764566086399055,0.1404844981710291,R06,westbound,0.011650565144981206,1.465382213596118,833
557.4490414084795,20848.402349249667,12.447185192667762,34.024026048142375,-118.34531085274514,4.748736745977665,-0.009860293714684332,cruise,0.05894120557104705,0.12845107897936117,R06,westbound,0.012083764497833936,1.5198690662691146,833
558.441813408539,20853.191601154904,12.167251389194242,34.024029039088646,-118.34536272950778,4.755867230532316,-0.24705947349061042,cruise,0.061071619742318006,0.12540214504567992,R06,westbound,0.01250143420785472,1.572402634950627,834
564.3984454088968,20863.089430613003,14.207666278761298,34.02405858327275,-118.34546697315618,3.2432327332545046,0.11669391339006618,cruise,0.05562731140166764,0.15676300166806645,R06,westbound,0.016808152532761588,2.1140921026933674,834
659.7045574146214,21442.447611468393,11.386272178777391,34.02462975443006,-118.35171122383892,23.12255623997501,0.171254822479737,cruise,0.14293344943930356,0.3426970021104852,R06,westbound,0.005856437876077359,0.736609751702155,857
660.6973294146811,21465.487322933484,12.029440719096138,34.02465820426487,-118.35195870430722,23.077458290559363,-0.019848847471644504,cruise,0.21294838278796058,0.6757229583735378,R06,westbound,0.008742516632248093,1.0996143290510956,858
661.6901014147406,21488.43586571885,12.25356177022369,34.024682994343706,-118.35220552125108,23.03924534170827,-0.1295820367942344,cruise,0.1828228783761754,0.4302306475229527,R06,westbound,0.007518388602174067,0.9456462236319636,859
662.6828734148003,21511.25794162077,12.296630398100515,34.024706087531996,-118.35245133583338,22.938242173287435,-0.23566751077892256,cruise,0.2417308214204626,0.6706407751144183,R06,westbound,0.009985439731142838,1.2559464364916284,860
741.1118614195112,22207.310492621786,13.574030265771285,34.02516839148449,-118.35998056448948,25.120203182230423,0.2444931258275247,cruise,0.14128308296037453,0.38188440503946924,R06,westbound,0.005320879981757302,0.6692484689728213,888
742.1046334195707,22232.649663486678,13.645366747541875,34.025192810419405,-118.36025384479046,25.076695288013894,-0.0627667565180996,cruise,0.2812301345453604,0.5870894297378821,R06,westbound,0.010610135988216121,1.3345193445543415,889
749.0540374199883,22390.604498100816,13.513207390598511,34.02535002455068,-118.36195532948351,21.999363471401377,-0.24784884823110964,cruise,0.13909337109869543,0.35894903418105034,R06,westbound,0.0059952022598713335,0.7540632277663537,895
750.0468094200478,22411.648329979856,13.600692464513093,34.02537051124604,-118.3621827578564,21.735125172566864,0.04952407456933017,cruise,0.09752345968568497,0.2818938823155023,R06,westbound,0.004255442754364384,0.5352401403384541,896
756.0034414204055,22555.137068328277,4.4620330099994865,34.02569525146163,-118.36370175445337,24.58522679906587,0.21705550346190172,cruise,0.14094848587163336,0.3041322441443351,R06,westbound,0.005425796064396906,0.6824445808787304,902
756.9962134204653,22580.04768207154,3.7347899785713237,34.025721293458766,-118.36397006440863,24.78690247229081,0.05350031530763033,cruise,0.15113678230895566,0.394748062723405,R06,westbound,0.0057698450464791825,0.7257182978766049,903
757.9889854205248,22604.851677124338,3.1703173016249586,34.02574864781924,-118.36423697526307,24.80726499484703,-0.12562278926319514,cruise,0.11875430251809813,0.36608634324027245,R06,westbound,0.0045298160755859245,0.5697502074296235,904
758.9817574205845,22628.772166751274,3.8117878516231114,34.02578569395722,-118.36449241977789,24.469467346684784,-0.24503232544337905,cruise,0.12178287748366937,0.3485278204972147,R06,westbound,0.0047105784998444115,0.5924861037658633,905
759.974529420644,22652.635356460167,3.331648090466434,34.025812984868246,-118.36474904497457,24.15437319817251,-0.2541863524436714,cruise,0.1742267218053672,0.38357092079936483,R06,westbound,0.006828547739920214,0.8588795717846865,906
760.9673014207037,22676.40934457596,3.4964514624299006,34.025845907713425,-118.36500368757395,23.980226878107313,-0.24144282731071698,cruise,0.29442683355587274,0.8542445910268968,R06,westbound,0.011624854221183265,1.4621483506924924,907
763.9456174208825,22744.83529750908,7.295371109564503,34.02595766198962,-118.36573536555429,22.87771289045638,-0.1757378384240642,cruise,0.2785720520975773,0.6841473434643819,R06,westbound,0.011538250902398538,1.4512555775603495,909
764.9383894209424,22767.965100895257,8.419943284993465,34.02599306885489,-118.36598273722856,22.961304557510584,0.07287900051269958,cruise,0.5769679999729639,1.5328584866674293,R06,westbound,0.023809098992679946,2.9946556026642197,910
765.9311614210019,22791.169432378418,9.40882514903797,34.026025092832604,-118.3662326911188,23.177544283900286,0.27628683359414374,cruise,0.20781335581838237,0.5908912340597037,R06,westbound,0.008494225788795084,1.068384858096929,911
768.9094774211808,22863.812872315957,11.428847863898623,34.026111722702346,-118.36701449853052,24.468678649987396,0.26161541100940333,cruise,0.3418326850662545,0.6993119412268936,R06,westbound,0.01322256893029462,1.6631053590433909,914
769.9022494212404,22887.25187415554,17.495920473545592,34.02618717167203,-118.36726340487014,24.482752627280824,0.13978842525440882,cruise,0.20151337453492343,0.45186703719662985,R06,westbound,0.007790262754769247,0.9798419508427689,915
770.8950214212999,22911.226076467894,17.79081012787875,34.02620842918203,-118.36752203051176,24.56035054395599,0.0732583374459228,cruise,0.24204439864437852,0.7711244402743018,R06,westbound,0.009327071566189166,1.1731383506249422,916
771.8877934213596,22935.924074746632,18.10250690618146,34.026230399445986,-118.36778845684239,24.688227191211926,0.043248166313929914,cruise,0.18944071843511628,0.6098737629009595,R06,westbound,0.007261552193182117,0.9133419104199277,917
772.8805654214194,22960.355201439725,18.40040566613513,34.02625205384032,-118.3680515424042,24.699577043179655,-0.005344474349957551,cruise,0.20761117868917003,0.6839900218516354,R06,westbound,0.007954333953460652,1.0004784618904197,918
773.8733374214789,22984.39347743879,18.7141216308676,34.026274036290246,-118.36831078105814,24.601139539479494,-0.033431573739617804,cruise,0.40325083147239016,1.3771250724063309,R06,westbound,0.015512881808237296,1.9511758271402198,919
774.8661094215386,23008.817205887808,19.16474665654166,34.02629722696464,-118.3685744858371,24.615603128750408,-0.009528317316025436,cruise,0.3842354386470898,1.021316880362872,R06,westbound,0.014772533456120826,1.85805645537103,920
775.8588814215981,23033.60300217513,19.596189307532843,34.0263205933783,-118.36884032044668,24.573061523681446,-0.045655918352982994,cruise,0.4441698186178796,1.131652081650185,R06,westbound,0.01710687747662574,2.1516650628072034,921
776.8516534216578,23059.142941671926,19.982052060733018,34.0263454823609,-118.36911556743414,24.670898379143487,-0.1507706418662984,cruise,0.31332045166440825,0.8320647942184196,R06,westbound,0.012018632664212993,1.5116769288629608,922
788.7649174223735,23247.727373152054,23.94829817680205,34.02653777460537,-118.37114493254923,12.426574300738391,0.21242320070080822,cruise,0.12328591763631996,0.3143984621331826,R06,westbound,0.00950028734728267,1.1949250469413797,929
789.757689422433,23259.93347126954,23.252230219446442,34.026542638755025,-118.37127732535917,13.051615641212551,0.25378964013374716,cruise,0.11222762660930917,0.22734314673281186,R06,westbound,0.008227039146662419,1.0347787155433772,930
790.7504614224927,23273.68472291988,22.07022687012262,34.02654455137846,-118.37142691290262,13.49693377172878,0.03488683078111521,cruise,0.08842210696538985,0.2071748056802524,R06,westbound,0.006264452954944626,0.7879289823155019,930
791.7432334225522,23285.808941237054,16.300600283391443,34.0265038462925,-118.37156397433282,12.977246425202575,-0.2504856172464791,cruise,0.06532996419156922,0.18779867248345064,R06,westbound,0.004817044083638325,0.6058771084862595,931
854.287869426309,23485.43393022272,13.044044810225103,34.02665860711824,-118.37371812033922,12.011937305099455,0.24519070912836582,cruise,0.08091701870386471,0.250909997324734,R06,westbound,0.006454387562765025,0.811818535533121,939
855.2806414263686,23498.232612142154,12.814960872529365,34.026669675425495,-118.37385623288075,12.10248031747658,0.14221412855119198,cruise,0.06915368741518263,0.1713486824141507,R06,westbound,0.005474104433105821,0.6885207002251281,939
856.2734134264283,23510.47513416101,12.58854745983232,34.02668019753839,-118.37398835279534,12.121535202048376,0.13311792701662029,cruise,0.08373245440151923,0.2082886707761149,R06,westbound,0.006617539803903897,0.8323394621403799,940
857.2661854264879,23523.79182258156,12.347020073779785,34.02669168541725,-118.37413205913454,12.397934023866318,0.10207030198887068,cruise,0.0703977569513903,0.18758532654044224,R06,westbound,0.005437527034531532,0.683920076253383,940
858.2589574265475,23536.988671238072,12.166847705957029,34.02670334447407,-118.37427481280666,12.509418102598245,0.014337616495151195,cruise,0.08403680555316236,0.21565683818517137,R06,westbound,0.0064321694499629625,0.8090239906406923,941
859.2517294266071,23548.791773364104,12.369819034525793,34.026716959975666,-118.37440171848053,12.32259264403979,-0.04831903188144171,cruise,0.08052957274901178,0.22820908997797412,R06,westbound,0.006258795616795881,0.7872174148853982,941
860.244501426667,23561.297262792184,12.503923887102093,34.02673066065487,-118.37453627344661,12.282280487098737,-0.02248732491640748,cruise,0.11007125400889707,0.2947603909449902,R06,westbound,0.008583350558977555,1.0795947737869411,942
861.2372734267265,23573.857399358636,12.354792317642444,34.02674187887126,-118.37467175756721,12.337252947834479,0.00655366727145168,cruise,0.10733287436829324,0.22895337098670665,R06,westbound,0.008331877474494079,1.0479650476221996,942
862.2300454267861,23586.02129181745,12.434475771200082,34.0267547506404,-118.37480269807591,12.360809079603959,-0.032189557588915285,cruise,0.10418365336466157,0.28584966270506973,R06,westbound,0.008071737263969352,1.0152451895895358,943
863.2228174268456,23598.023990061974,12.663475797121373,34.026768798792965,-118.37493172262361,12.283101835723379,-0.08712521090072478,cruise,0.09085027403106036,0.20848084800657646,R06,westbound,0.0070840176816472245,0.8910120137784093,943
864.2155894269054,23609.708101245116,12.893187303609453,34.026782534885704,-118.37505731431702,12.144690250398375,-0.1113116105031633,cruise,0.1134555533818001,0.2415691381572554,R06,westbound,0.008949224974949854,1.1256136453956402,944
865.208361426965,23621.516649854184,12.324788209738688,34.02678924629896,-118.37518520589062,12.034398957750863,-0.09924264053157561,cruise,0.1780822646321078,0.3153109192033795,R06,westbound,0.014177855022469682,1.7832591224831074,944
866.2011334270245,23633.113577584474,12.755170847423505,34.02680450988451,-118.37531004480388,11.946469656441936,-0.08299114584726297,cruise,0.23539464487209397,0.45599990623600345,R06,westbound,0.018881045833664522,2.374816019175155,945
867.1939054270841,23644.841610603573,13.965967411872793,34.02682677665765,-118.37543500852361,11.890170541289452,-0.08566080550348598,cruise,0.2144117997097204,0.42665974673877727,R06,westbound,0.017280843656631864,2.173546142632593,945
868.186677427144,23656.7122893028,14.079418316966057,34.02683936249065,-118.37556248365955,11.794570951759649,-0.08578251664715619,cruise,0.17177874106732222,0.3889746149600669,R06,westbound,0.013958923299765794,1.755722376544183,946
869.1794494272035,23668.282252262514,14.008146429206459,34.026850196266125,-118.37568721911018,11.676047767194593,-0.07904350918840031,cruise,0.15589210033957762,0.3988076338609466,R06,westbound,0.012798773456656707,1.6098013054165108,946
870.1722214272631,23680.398461191828,13.027392804209276,34.02685342420887,-118.37581892414735,11.649617546805079,-0.08598806273275894,cruise,0.147691187227927,0.25397822765678874,R06,westbound,0.012153460414779015,1.5286352639411294,947
871.1649934273227,23691.937971660413,11.091320457757114,34.02684752223346,-118.37594555524672,11.564290849991856,-0.10678248686836511,cruise,0.13815842056430658,0.24352803363621478,R06,westbound,0.011454346371684557,1.4407022519990258,947
872.1577654273824,23702.764620740123,9.685634181509657,34.02684566480661,-118.37606387377022,11.394128622839698,-0.17206580569720753,cruise,0.11139801999020357,0.2584392818608061,R06,westbound,0.00937603150876585,1.1792964234855936,948
873.150537427442,23712.860280997054,6.324129763682864,34.026825713626955,-118.37617640557659,11.295472712802066,-0.2596656183506676,cruise,0.10394733310512264,0.20201374987574072,R06,westbound,0.008826664363767604,1.1101982438697062,948
874.1433094275015,23722.594103759293,3.8038729366838453,34.02674494980496,-118.37629366625018,10.893502999611515,-0.2039240633916588,cruise,0.10309647814502078,0.22968557905471304,R06,westbound,0.009083111674178822,1.1424536171262596,948
875.1360814275612,23734.14530625173,11.906537749173319,34.026684177769575,-118.37642801386991,10.51818394155988,-0.010796621305850351,cruise,0.07499602686510698,0.2090860479863793,R06,westbound,0.0068472756422231,0.861235125750619,949
876.128853427621,23746.107751318985,13.834619478973469,34.0266791194717,-118.37655921233666,10.95671679244027,0.09168188427798718,cruise,0.06489968232319926,0.15706742647038366,R06,westbound,0.005684303905106913,0.7149591230608121,949
877.1216254276806,23758.05810092394,16.5837235354971,34.02666720196063,-118.37669266468812,11.167947420007273,0.017496195906712586,cruise,0.06398487318339771,0.16900807103801024,R06,westbound,0.005496376196968072,0.6913219932287739,950
878.1143974277402,23769.390236368745,16.42409626459936,34.026681006309914,-118.37681438370369,10.789854766907506,-0.13905688002860295,cruise,0.06377928978702464,0.17073753974091188,R06,westbound,0.005674059481387369,0.7136706021933391,950
879.1071694277997,23780.968684801494,16.20670040711866,34.026695596501845,-118.37693867706065,10.789264367515035,-0.19438224647236169,cruise,0.10229869703785202,0.31906788652532847,R06,westbound,0.009101405847453987,1.1447546176181904,951
880.0999414278594,23789.83266845099,15.319454436504994,34.02671321505097,-118.37703288419188,10.507089183484322,-0.22460822840812789,cruise,0.06573212671402914,0.12987136707507618,R06,westbound,0.006007910665887608,0.7556616628557818,951
883.0782574280382,23809.235910389103,12.265932512663678,34.02676172481615,-118.37723764372868,9.349484874481004,-0.10147020684473063,cruise,0.07572966211260138,0.1631210881565554,R06,westbound,0.007794326613415119,0.980353093959358,952
884.0710294280981,23818.638967501036,11.813805227399166,34.026776039248944,-118.37733822254911,9.537361227691566,0.23525182533702882,cruise,0.1643435244581878,0.36920205760930586,R06,westbound,0.016575857040044845,2.0848744914367754,952
886.0565734282172,23841.740420033086,11.292389375392435,34.0268056954717,-118.37758592802936,10.599725840499708,0.29139815507860867,cruise,0.0787976496302781,0.24941766239309932,R06,westbound,0.007138077411749664,0.8978115265898585,953
887.0493454282768,23853.244545268903,11.654817640579946,34.02681484463491,-118.3777102017936,10.76684992665257,0.05159218250448028,cruise,0.0743405604884851,0.1983233780492709,R06,westbound,0.006628006433178184,0.8336559315291161,954
888.0421174283365,23863.244896190386,11.443119192844938,34.026827511472895,-118.37781754857704,10.605691541102743,-0.08244137942452934,cruise,0.053130279556595814,0.1462558783953572,R06,westbound,0.004810182213695512,0.6050140377217877,954
889.0348894283961,23872.64397129696,10.596584659294223,34.02684521142033,-118.377917602173,10.4007786093486,-0.07782613656328152,cruise,0.07640560863437258,0.205824721434739,R06,westbound,0.007056081095259358,0.8874982119763564,954
890.0276614284556,23883.59961109997,10.849363325741557,34.026854750946086,-118.37803583123768,10.474724198969872,-0.07701822517669932,cruise,0.0968461374551934,0.27986299579439394,R06,westbound,0.008879549990566737,1.1168500805747879,955
891.0204334285153,23894.449922237054,12.23157231737423,34.02685407034267,-118.37815438994652,10.434235613268404,-0.1898039121624544,cruise,0.08746369554618105,0.20344638418236016,R06,westbound,0.008050954396574956,1.012631166677489,955
893.9987494286943,23922.926377498043,10.63602177284056,34.02689902314763,-118.37845877873903,9.361015120702048,-0.1531840523730219,cruise,0.05815825720838914,0.1714976372916295,R06,westbound,0.005978324630531675,0.7519403970251636,956
894.9915214287538,23932.455929758617,10.891379822580866,34.026907569323505,-118.37856232268982,9.34712840848349,-0.035921730965490006,cruise,0.07405533151332516,0.2133781973185266,R06,westbound,0.007623954037751859,0.9589240097085354,957
895.9842934288135,23943.133229866715,12.865338434051239,34.02690201711852,-118.37867983009158,9.485321314545109,-0.04194787108488107,cruise,0.05031399576263638,0.15900218861032606,R06,westbound,0.005103043439487563,0.6418494723970316,957
896.9770654288732,23952.1036169507,13.142125345988552,34.02690970624066,-118.3787766696581,9.293166712833246,-0.12703101308769416,cruise,0.050145310533094595,0.12793405673242053,R06,westbound,0.005192924394823378,0.6531544993765055,958
897.9698374289327,23961.26399850328,13.31092684955284,34.026918576197346,-118.37887540516856,9.165108785101207,-0.2118425670850579,cruise,0.04224856012764059,0.11447337891141593,R06,westbound,0.004437346607761865,0.5581196030972279,958
898.9626094289923,23969.85701393679,13.22250862287108,34.026929103238245,-118.37896768904555,8.91066394033146,-0.22598610515800477,cruise,0.04528808741941554,0.11885178765686852,R06,westbound,0.00489478163780399,0.615654765431245,958
899.9553814290522,23977.780388095623,12.874093865104422,34.026940459221734,-118.37905122534556,8.605955872910155,-0.19532675760458318,cruise,0.05135109024747984,0.17041716827104136,R06,westbound,0.005750027251070327,0.7232256595759355,959
900.9481534291117,23985.85809442428,12.454757286283208,34.02695269699452,-118.3791376568016,8.506203559403753,-0.15833995426857772,cruise,0.060136525609957914,0.14848728842493947,R06,westbound,0.006814107986382272,0.8570633716484788,959
901.9409254291713,23994.165918192124,11.23151209292291,34.02697076220624,-118.3792219709849,8.406079551155207,-0.13914037627515796,cruise,0.0592088926192258,0.16455223311513426,R06,westbound,0.00679029045702096,0.8540676556927679,959
902.9336974292308,24001.606071344988,11.117065626226562,34.02697754559689,-118.37930221384815,8.167367423555072,-0.1149541308128974,cruise,0.0778123847194158,0.2468299110153577,R06,westbound,0.009189180133183547,1.1557946723724963,960
903.9264694292906,24008.950858807446,12.817092409584328,34.02696796159076,-118.37938311492027,8.115983990896453,-0.0474566561491061,cruise,0.07795949516343008,0.16670669211948616,R06,westbound,0.009265846886744967,1.1654376463952163,960
904.9192414293502,24016.289456838058,12.47477415977412,34.02697671266358,-118.3794620490456,8.111559665489104,0.016565459385500247,cruise,0.06784191511511156,0.18965492104755646,R06,westbound,0.008067799355853517,1.014749888250939,960
905.9120134294097,24023.749929796453,11.951282426733771,34.02698803568027,-118.37954594087996,8.179205472573381,0.03454489239390135,cruise,0.05525065831309225,0.14563222904870965,R06,westbound,0.006515168483631641,0.8194634247943342,960
906.9047854294694,24031.644275728457,11.491310470249074,34.027000388400666,-118.37963035895574,8.20282028735443,0.03416018632976847,cruise,0.050883973095340665,0.1204477092008337,R06,westbound,0.0059826774840771365,0.7524878892785034,961
907.8975574295292,24039.671401195097,11.177529107788072,34.027011570855635,-118.37971639000942,8.230494580513541,0.017086028914465423,cruise,0.042213666612381726,0.1059185361090676,R06,westbound,0.00494629203691533,0.6221336290514798,961
908.8903294295887,24047.698851029025,10.680641445506302,34.0270243929085,-118.37980219484824,8.263750216579046,-0.027557759947162808,cruise,0.06603708003139448,0.17370657322893265,R06,westbound,0.007706073844426279,0.9692528566431825,961
909.8831014296484,24055.54178022493,10.380207705948376,34.02703526372839,-118.37988625948256,8.22005072993974,-0.09074560780464491,cruise,0.08434032722101095,0.22540181676233675,R06,westbound,0.009895161376830556,1.2445914255513277,962
910.8758734297079,24061.80893204884,10.57308251788789,34.0270400744635,-118.37995397723941,8.049112703168767,-0.10270043168320875,cruise,0.06490878664419894,0.14344240365177813,R06,westbound,0.007779910056153152,0.9785398113992345,962
911.8686454297676,24068.439250128413,12.61165546859873,34.02702874041135,-118.38002792048695,7.904593902582808,-0.01113660953866269,cruise,0.06999067089941033,0.16086069556238475,R06,westbound,0.008545058536694728,1.0747784882524962,962
912.8614174298273,24076.83141278195,12.659962833384087,34.02703685009619,-118.38011718180408,7.967458366121242,0.10044150211384206,cruise,0.14313714526699484,0.50669665285843,R06,westbound,0.017335158521824653,2.180377745769173,963
913.8541894298868,24085.857521978487,12.294201652490091,34.02704885063999,-118.3802140304575,8.235368382233723,0.13443770865275884,cruise,0.09327131430409735,0.25179265676777157,R06,westbound,0.010922278717356178,1.3737799639056896,963
914.8469614299464,24094.68004406843,12.136813721495292,34.02705878717998,-118.38030892724576,8.316631289173106,0.10071916991270591,cruise,0.094458236817602,0.25055806173830397,R06,westbound,0.010951338883033339,1.3774350870158172,963
915.8397334300063,24103.21059595917,11.66822431573782,34.027071230267346,-118.38040031580164,8.3562169369467,0.02986235125141601,cruise,0.12980591429854382,0.3976306288390348,R06,westbound,0.01497697587149088,1.8837707684073344,964
916.8325054300658,24112.1525511507,10.988339289842976,34.02708608849689,-118.38049632200355,8.446556841959788,-0.01387767930723971,cruise,0.08622055572264536,0.21235122041913812,R06,westbound,0.00983988742771215,1.237639190968251,964
917.8252774301254,24119.828299700825,10.838515142392401,34.027095104390696,-118.38057882910199,8.28332186651724,-0.03806636687839937,cruise,0.07571652616578045,0.1990954571736635,R06,westbound,0.008814363501994188,1.1086510687901836,964
918.8180494301849,24128.150653737677,10.607186661449578,34.027105496801155,-118.38066820378229,8.306862130950362,0.015936769992300093,cruise,0.0964700952765605,0.24824445637335124,R06,westbound,0.011197970448551605,1.4084558576758155,965
919.8108214302447,24135.68208321093,12.80818303493809,34.027093311054855,-118.38075198267623,8.26916430887092,0.07062383116222737,cruise,0.08244367124438289,0.20108414781366518,R06,westbound,0.009614203147235073,1.20925312330682,965
920.8035934303043,24145.297978620394,12.922024924843809,34.02710190484074,-118.3808557070817,8.55564387372469,0.07241133643733999,cruise,0.05916919300377291,0.16321486250016473,R06,westbound,0.006665091263393451,0.8383203791259002,965
921.7963654303638,24152.762104427446,12.969978299055578,34.02710893758189,-118.38093617226275,8.45522029643174,0.10472563512291089,cruise,0.0542140547613107,0.1475627679419631,R06,westbound,0.006180709407111728,0.7773959048234947,966
922.7891374304235,24161.990145085023,12.515423163533631,34.02712223499668,-118.38103503508648,8.552133827200832,0.1390775345849642,cruise,0.04904222984434685,0.11687287061936352,R06,westbound,0.005526649710470963,0.695129728534156,966
923.7819094304833,24172.449555851417,11.976494363737173,34.02713751925011,-118.3811470614371,8.896486424825671,0.13340579305757672,cruise,0.05970545890148959,0.20225867122368615,R06,westbound,0.006463486160844232,0.8129629369958837,966
924.7746814305428,24181.412140681237,11.05780678137796,34.02715470871775,-118.38124250658642,8.942811438370553,0.08666164689197764,cruise,0.13065478717273202,0.29596088581284874,R06,westbound,0.014069664954432246,1.7696512159638165,967
925.7674534306025,24189.68115759574,10.542832478026877,34.02716758854748,-118.38133096565322,8.859191901221994,0.013005494572326803,cruise,0.07873773961826622,0.20566059445749027,R06,westbound,0.008560349982681266,1.0767018123736865,967
926.760225430662,24201.65219019966,12.576998136247473,34.02716133568483,-118.38146236972186,9.10563988988492,-0.020937705931597606,cruise,0.05015954870106668,0.13380143082172602,R06,westbound,0.005303234706510165,0.6670290854339634,968
927.7529974307217,24207.817528050524,12.543579246997602,34.027167798846975,-118.38152874583282,8.811126918461339,-0.03959496535576612,cruise,0.061272423829691294,0.16010430370518977,R06,westbound,0.006698490309949918,0.8425212370384452,968
928.7457694307814,24216.191015258388,12.375953381411305,34.027177671764996,-118.38161874793877,8.866158211965015,0.0003620449791164049,cruise,0.06879983172257392,0.16770201668889678,R06,westbound,0.007473924628335997,0.9400536437358562,968
929.7385414308409,24224.698662115366,11.981633275500693,34.02718970941177,-118.3817099227209,8.862820941450696,0.12442558036359053,cruise,0.07589569502541928,0.18220564308272785,R06,westbound,0.00824792673397327,1.037405909893983,968
930.7313134309005,24234.479748020225,11.204994660559315,34.02720644478171,-118.3818143559889,9.056102435603675,0.14241805637881644,cruise,0.08341847664307003,0.23777357373458696,R06,westbound,0.008868688101338376,1.1154838962667117,969
931.7240854309604,24244.473119965485,11.26469271854419,34.02721727963257,-118.38192451709547,9.362340088479517,0.09584265456407515,cruise,0.06919732949665874,0.1543039093205539,R06,westbound,0.0071120519618074795,0.8945381032862222,969
932.7168574310199,24252.67589409368,10.696342748669737,34.02723213196843,-118.38201183537794,9.214971016991072,0.06609264565005724,cruise,0.0864912668612042,0.19848668300432445,R06,westbound,0.009034139980659993,1.1362940662581984,970
933.7096294310795,24262.378625606834,13.261402769935527,34.02722077798904,-118.38211976009907,9.274851783238985,0.17849470099663556,cruise,0.09579658895773373,0.22696554808413447,R06,westbound,0.009940385060779804,1.250279560098266,970
935.6951734311988,24286.087313664008,12.733582647324813,34.02725374565044,-118.38237373612702,10.103258044409683,0.17620554479414707,cruise,0.06617496923174465,0.15606113593174975,R06,westbound,0.006294384994512735,0.7916937677876176,971
936.6879454312584,24296.135624358507,12.75107455043069,34.027265980370025,-118.38248246717099,10.17464632643002,0.09362024699272986,cruise,0.05399599772178785,0.13419297870170332,R06,westbound,0.005099300977329915,0.6413787538170633,971
937.6807174313179,24301.764377572435,13.260671793391609,34.027268431540094,-118.38254365816236,9.687077352482028,0.06942304072145689,cruise,0.05696539789038591,0.14265570029217756,R06,westbound,0.005655273721762911,0.7113077710619728,972
938.6734894313776,24314.898762727094,13.607816276306975,34.027281667376165,-118.38268518465198,10.511122359957502,0.09247328545864963,cruise,0.09167845555473632,0.24746698381397148,R06,westbound,0.008376132343679515,1.0535313267994202,972
939.6662614314374,24324.2418764948,14.654537611753346,34.02728394312953,-118.38278705539392,10.180309516805702,0.08081070396723344,cruise,0.07424356723540822,0.20713276168485106,R06,westbound,0.007007483583797669,0.8813857248965626,972
940.6590334314969,24334.44359595333,14.868066468562573,34.02729472448599,-118.38289689771739,10.232243493447745,0.09791567587310279,cruise,0.07287954262978737,0.15626624424941324,R06,westbound,0.006843227810028753,0.8607259984055156,973
941.6518054315566,24345.550000297993,14.249131009225348,34.0273140048198,-118.38301488086964,10.447315844214687,0.2091106048972451,cruise,0.061147723306655764,0.18880494473049975,R06,westbound,0.005621424604465937,0.707050304251079,973
942.6445774316161,24357.520542074835,13.79660361674422,34.027332702618224,-118.38314276536599,10.82736368079095,0.15130782870984483,cruise,0.053503802365861754,0.12835884572868658,R06,westbound,0.004743138443608601,0.5965814211924422,974
943.6373494316758,24368.292519191134,14.992541796245265,34.02733521287664,-118.38326020596516,10.830784250207534,0.08583832554444637,cruise,0.08547038043620066,0.19766961830967744,R06,westbound,0.007574557224121606,0.952710988176848,974
944.6301214317355,24378.08482868155,16.063589746232605,34.02733763882121,-118.38336694207443,10.750060141852543,0.17081711129768262,cruise,0.07584974082008371,0.18495126337692996,R06,westbound,0.0067733047494199705,0.8519312311078577,975
946.6156654318546,24404.373037429315,15.266116009818656,34.02737694763437,-118.38364807510501,11.639715902414498,0.049052792548622826,cruise,0.08658546488028751,0.21678484486298955,R06,westbound,0.0071312555911318,0.8969534931405483,976
949.5939814320336,24423.335948975684,15.34616101748763,34.02739945140498,-118.38385183442396,9.97634046913843,-0.1828807560350132,cruise,0.3366686973144224,0.5721182488416923,R06,westbound,0.03243746600752512,4.0799124463101455,976
950.5867534320931,24434.713361501927,17.331547890768846,34.02739429720609,-118.38396789754698,10.295339323030143,0.2892329272690324,cruise,0.2225697206166724,0.4600996003366504,R06,westbound,0.02076852792340959,2.6122193252272337,977
956.543385432451,24523.648909507836,14.563928162464512,34.027488847566104,-118.38492535357648,13.818643964017596,0.2532832146227477,cruise,0.1249242702787805,0.30870289685530883,R06,westbound,0.008640976402640712,1.0868428244434227,980
957.5361574325107,24536.61830714732,14.198283027306044,34.02750213569528,-118.3850650792784,13.40783103168831,0.006892900785439693,cruise,0.09027962166712437,0.21542818503741976,R06,westbound,0.006439291649059576,0.8099198050280625,981
958.5289294325702,24550.327855664094,10.531952608960781,34.02754563492375,-118.38520973625111,13.37421006503162,-0.21559202090058527,cruise,0.09369230875293508,0.26705922664495857,R06,westbound,0.0066997940260944385,0.8426852155601722,982
959.5217014326299,24561.795628889176,7.860735760416702,34.02757846872221,-118.38533110602441,13.13800062055074,-0.22222876852092188,cruise,0.08817430984390928,0.2172353158132623,R06,westbound,0.006420540170079669,0.8075612856400468,982
967.463877433107,24621.27812003614,14.75047520671482,34.02782264814161,-118.38595465808321,7.502993945355347,0.14237175482748388,cruise,0.0885991205442141,0.22037581599344042,R06,westbound,0.011406142896381491,1.4346393259122976,984
970.4421934332858,24653.932588833748,32.90994839038528,34.0280087083727,-118.38629086792855,9.374673554208691,0.2728821699978763,cruise,0.0902795689326982,0.19071671851151464,R06,westbound,0.00926645215153443,1.165513775256431,986
971.4349654333456,24659.641104684113,36.476075972940016,34.02804488291464,-118.3863494366292,8.818480942573522,-0.047377305959977356,cruise,0.1230720341504929,0.2551047579531079,R06,westbound,0.013443201091373057,1.6908559823452047,986
975.406053433584,24685.096743241163,51.45109670211964,34.02819786403277,-118.38661141655868,7.5373473296083855,0.08342920617143834,cruise,0.11089407042703833,0.2438145011151295,R06,westbound,0.014210182686860385,1.7873252243258706,987
976.3988254336437,24694.525411399183,58.19856294302649,34.02826531528772,-118.38670740638382,8.31484550470572,0.1993756733030585,cruise,0.08747895748953924,0.16929374935152253,R06,westbound,0.0101443879691767,1.2759385929234217,987
984.3410014341207,24785.865673158234,5.974945115771192,34.02787723202167,-118.38773667315068,5.811036654882278,-0.06671945320794337,cruise,0.06016776583747781,0.15735029927791302,R06,westbound,0.010045310992698835,1.2634769108246708,991
991.2904054345381,24827.147553943218,8.367104773472866,34.02793797175407,-118.38817856129523,7.783904408409997,-0.22819363747959276,cruise,0.04800555175371243,0.11896430010468646,R06,westbound,0.00595337675045092,0.7488025080659301,993
992.2831774345977,24834.054663318006,8.359309715090136,34.02794458710987,-118.38825300649631,7.440000057215406,-0.26223862976443213,cruise,0.0359437661378458,0.0945655395490064,R06,westbound,0.0046672130157046675,0.5870316894647906,993
993.2759494346573,24841.219739674845,8.044360616508095,34.027948699752905,-118.3883305892671,7.267177714314272,-0.2765758576688033,cruise,0.046735573052942424,0.11239161371776604,R06,westbound,0.006215332393168032,0.7817507071285442,993
996.2542654348363,24859.343675991284,10.671359310271379,34.02798978183261,-118.38852284841296,6.210000038144035,-0.24053748820671883,cruise,0.040516063477891336,0.10579523652364245,R06,westbound,0.006322555898850319,0.7952370415810778,994
18.36196970943638,24802.77767316635,5.308983284883094,34.027791834048905,-118.38793185233222,10.162489268593959,0.08940917446550678,cruise,0.06797459510205055,0.16021076488750222,R07,eastbound,0.006427230257911334,0.6969318961083205,992
19.35474170949601,24792.845668534188,5.0348696018469985,34.027784999383584,-118.38782420960321,9.999999999987732,0.04300944637121429,cruise,0.08501382971159932,0.18705755526544376,R07,eastbound,0.008171227984162272,0.8860409825096613,991
20.347513709555642,24782.337147904083,4.688812731563883,34.02777835674059,-118.38771052191534,10.278680369844214,0.15556978005847455,cruise,0.07652017488669259,0.18602040489050106,R07,eastbound,0.0071520573826967864,0.7755279821604217,991
21.340285709615273,24771.68146083066,4.399797862884439,34.027771066227224,-118.38759531111177,10.510000228867595,0.1578880386296433,cruise,0.07496968155432508,0.22247055310830838,R07,eastbound,0.0068502918120360665,0.7428062586649997,990
22.333057709674904,24761.134709396832,4.21147216077174,34.02776297403385,-118.38748138713598,10.579160969899025,0.08335170698082539,cruise,0.06804153662571127,0.17524001300085193,R07,eastbound,0.006175896634447973,0.6696787230108597,990
23.325829709734535,24750.455404829245,4.280847606914163,34.027752448565565,-118.38736632139228,10.64000034330798,0.03972641397907051,cruise,0.06905044580238726,0.17990279153115257,R07,eastbound,0.006231019853019154,0.6756559679043532,990
24.318601709794166,24739.793317183707,4.440791138788355,34.02774112709936,-118.38725154228726,10.64517570049026,0.023716673062127214,cruise,0.07762824052825824,0.20370558849785558,R07,eastbound,0.007001604354300876,0.759213720783815,989
25.311373709853797,24728.957482109854,4.483893387943791,34.02773069201717,-118.38713475954681,10.68062112704355,0.02913952182793267,cruise,0.08730321872951186,0.23338440118041648,R07,eastbound,0.007847648974399442,0.8509539350933537,989
26.304145709913428,24718.196400308025,4.452937440521746,34.027720990206845,-118.38701870019338,10.679811679867342,0.060964113943390075,cruise,0.06546968337826246,0.15799856121920555,R07,eastbound,0.005885495538165198,0.6381892977774686,988
27.29691770997306,24707.515293745975,4.330724080956079,34.02771297266741,-118.38690224916127,10.778937772126282,0.1102922178960215,cruise,0.081450071991704,0.22003282383521683,R07,eastbound,0.007253587844021523,0.7865373616418403,988
28.28968971003269,24696.284032546726,4.4780838857799665,34.027703509727935,-118.38678103137339,10.90999984739618,0.18650271355906956,cruise,0.06754793556860295,0.1721794818108896,R07,eastbound,0.005942024145134437,0.6443189349086325,987
29.28246171009232,24684.71904759871,4.55036947669473,34.02769447940374,-118.38665614249604,11.107403114024596,0.2637070710105487,cruise,0.07319885887613502,0.17370238403611638,R07,eastbound,0.006322733628778996,0.6856008824436888,987
31.268005710211582,24660.920179647048,3.981039921660454,34.02768234762253,-118.38639851556577,11.797469227715968,0.29823496557594,cruise,0.06659849430050596,0.1683671002840833,R07,eastbound,0.005410512121553832,0.5866848269750574,986
32.26077771027121,24648.4787011803,4.146274268967388,34.02767184707937,-118.38626423777325,12.114949893965102,0.20706315402610098,cruise,0.07758979571012238,0.20907196258345598,R07,eastbound,0.006135464019261314,0.6652944426854474,985
33.253549710330844,24636.826637846767,2.2061139712986058,34.02768083324037,-118.38613665417542,12.231203529343292,0.12329413180102122,cruise,0.13956011188979978,0.35156662779546083,R07,eastbound,0.010929120036127053,1.185090940253434,985
34.246321710390475,24625.337303612614,0.7853198844720757,34.027699885072735,-118.38600991022666,12.26193907744811,0.08550944429175455,cruise,0.16382964999456096,0.3982078783079092,R07,eastbound,0.012796985548923933,1.3876315372557746,985
35.239093710450106,24612.53844112745,1.739618038518114,34.02769979157486,-118.38587079292506,12.384897815175252,0.07445831635654976,cruise,0.11904772383172622,0.24345614776090385,R07,eastbound,0.009205098849818034,0.9981479949892134,984
36.23186571050974,24599.508854452437,2.3932678375927012,34.02769683967807,-118.38572942671901,12.470603900334213,0.05483038079781899,cruise,0.09876682296776725,0.21689972444624836,R07,eastbound,0.0075835379646811175,0.822315255693389,983
37.22463771056937,24587.045283372587,2.689615285096476,34.02769105993519,-118.38559446953377,12.466059496359378,0.0542421535969817,cruise,0.07921311470198272,0.2527770724780308,R07,eastbound,0.006084415783676541,0.6597590655180762,983
38.217409710629,24574.657069394398,2.827874819668285,34.02768391041445,-118.38546045565946,12.507381797116075,0.0827423840131587,cruise,0.06951069032835053,0.15983465976969513,R07,eastbound,0.005321223010023612,0.5770028290842885,982
39.21018171068863,24561.54868973734,3.167703463382862,34.027677313585286,-118.38531820791295,12.671220466277491,0.0869960754987078,cruise,0.07759653323445151,0.1948425182688875,R07,eastbound,0.005862095775328766,0.6356519620313271,982
40.20295371074826,24548.572009516527,3.1178816092750554,34.02766685593046,-118.38517811056751,12.758308862814781,0.03726635628743491,cruise,0.06719302292240488,0.16848007171693224,R07,eastbound,0.0050409099042633045,0.5466072875427241,981
41.19572571080789,24535.967900866963,3.1528604992708575,34.02765744718905,-118.38504195819256,12.733336037881822,-0.02934336921043723,cruise,0.063317495459573,0.15430422670370475,R07,eastbound,0.004759639195578976,0.5161079090457722,981
42.18849771086752,24523.33059965211,3.4532419815271216,34.0276503961573,-118.38490520113149,12.66724819591021,-0.045042282670528344,cruise,0.0727149224484183,0.17134246819457738,R07,eastbound,0.005495062619450503,0.5958529968478415,980
43.181269710927154,24510.94105051115,3.334345482180169,34.02763977112725,-118.3847715086761,12.587493481144858,0.016958073143060304,cruise,0.07075826020770157,0.15445705918206346,R07,eastbound,0.005381662446222812,0.5835565340520198,980
44.174041710986785,24498.63159111576,3.10823405289723,34.0276281442945,-118.38463873107864,12.63585111722731,0.11620083285560323,cruise,0.0761200541325593,0.23107704756995012,R07,eastbound,0.005766927731763131,0.6253324865512825,979
45.166813711046416,24485.6348873959,2.81333688995356,34.027615263535175,-118.38449867214133,12.86574611771308,0.15941784922407898,cruise,0.0726273998465243,0.18800204274259663,R07,eastbound,0.005402325378991871,0.5857971036809315,979
46.15958571110605,24472.51761927712,2.39714614411634,34.02760119880101,-118.38435742620436,13.08116115879791,0.10221113262662129,cruise,0.08711295300037378,0.3177878429124895,R07,eastbound,0.0063712934415427755,0.690866429347422,978
47.15235771116568,24460.169372890552,2.000053058865913,34.0275879110288,-118.38422446606678,13.09177690169062,0.03962865862815779,cruise,0.07488956270536119,0.24105005274490765,R07,eastbound,0.0054727776833911205,0.593436546507759,978
48.14512971122531,24448.125337168,1.314047403198962,34.02757226874364,-118.38409506436098,13.018654436646315,0.05567109710660478,cruise,0.09877928328953557,0.3067157702310534,R07,eastbound,0.007259834551745011,0.7872147187122216,977
49.13790171128494,24435.86524682986,0.7055480709251146,34.02755715224652,-118.38396325631079,13.164306175980409,0.15326835082160706,cruise,0.29510520216644776,0.5525937034435573,R07,eastbound,0.02144483572518252,2.3253546899593722,977
50.13067371134457,24423.1792022951,0.5115517241451704,34.0275408611421,-118.38382680022887,13.34024412302835,0.20218661439434538,cruise,0.3537283166890541,0.657396876740794,R07,eastbound,0.025360084623256604,2.7499017699262134,976
51.1234457114042,24409.22243693959,0.1803636978641796,34.027520814876944,-118.38367740713369,13.68315037845464,0.13840541612615098,cruise,0.2648133648354029,0.647944957113335,R07,eastbound,0.01850158090389492,2.0062050592448006,976
52.11621771146383,24394.81492932683,0.03841294315570855,34.02750122049376,-118.38352300801854,13.704161491517437,0.009476773806136762,cruise,0.1810139132712767,0.3640449786599775,R07,eastbound,0.012627083893118216,1.3692083785418216,975
53.10898971152346,24380.295346696752,0.1462464382641504,34.027482479552205,-118.38336724197046,13.62481893821118,-0.1150158057970776,cruise,0.1159507066729125,0.28080826982515555,R07,eastbound,0.008136349881588288,0.882259001596557,975
54.101761711583094,24367.096360236574,0.17400722384967046,34.02746607058295,-118.38322553980797,13.4550252173856,-0.13149579536271716,cruise,0.15990073114567915,0.36596322359223926,R07,eastbound,0.011364401703429028,1.2322903816240844,974
55.094533711642725,24353.452152697897,0.1866282806249275,34.027452584666854,-118.38307848452197,13.247179823228674,-0.10942310848416614,cruise,0.19581140951752443,0.44531531093546617,R07,eastbound,0.014138766131400658,1.533126509114885,974
56.087305711702356,24339.881465289123,0.1354435164327913,34.027433003329094,-118.38293324208986,13.298528543929876,-0.08607805623558562,cruise,0.11662482757985973,0.2558493141386379,R07,eastbound,0.008387943014511581,0.9095403144078152,973
57.08007771176199,24327.494411947177,0.2460445726557971,34.02741661069426,-118.38280042339294,13.129522422091496,-0.058275384804576724,cruise,0.13439990363638454,0.40199552383547044,R07,eastbound,0.009792952031961585,1.0618914142265,973
58.07284971182162,24314.353287276597,0.4809461094519855,34.0273981706369,-118.38265969509878,13.059947314221295,-0.07459290150884978,cruise,0.10958592432710094,0.2750478283308496,R07,eastbound,0.008028171539684636,0.8705287641668392,972
59.06562171188125,24300.871800221666,1.0236748847658546,34.02737655935487,-118.38251577317247,13.138636030977155,-0.12004506443492247,cruise,0.1379098824602792,0.38700759840328075,R07,eastbound,0.010041613965907553,1.0888548846734485,972
60.05839371194088,24288.370536158865,1.1114011882613783,34.027360298378554,-118.38238161189922,12.845092470917066,-0.16918429612332986,cruise,0.12337845536925718,0.29491739811878537,R07,eastbound,0.009192408494965512,0.9967719258716073,971
61.05116571200051,24276.343315598588,1.1644955197110636,34.027345491958435,-118.38225246433326,12.629312993097647,-0.19122258303029316,cruise,0.08600595297193069,0.2280032526611008,R07,eastbound,0.006519324118187629,0.7069180248273421,971
62.04393771206014,24264.110094715674,1.615396655139282,34.02732688607575,-118.38212167354301,12.561501759854567,-0.1828900592152669,cruise,0.061583974701447344,0.16193992631819604,R07,eastbound,0.004693752232162178,0.5089635055468673,970
63.03670971211977,24252.2586802052,1.452359710023485,34.02731422005801,-118.38199410514572,12.283184184770336,-0.13642816038329464,cruise,0.07265043396300253,0.21455095750931688,R07,eastbound,0.005664853018220235,0.6142640914884795,970
64.0294817121794,24240.175120195505,1.633213348113036,34.02729820510682,-118.38186453534594,12.101812499975393,-0.06278494802320811,cruise,0.08027673356515225,0.2003566426785275,R07,eastbound,0.006354945145896925,0.6890937141613467,969
65.02225371223903,24227.882547374782,1.6667162881269892,34.0272852878608,-118.3817318192221,12.276349907087742,0.009387909326109778,cruise,0.06896023772047544,0.19313839181232156,R07,eastbound,0.005380158208396398,0.5833934231506683,969
66.01502571229867,24216.1532908946,2.0680785982358114,34.02726996632041,-118.38160594801825,12.194349207001313,0.030083253986023628,cruise,0.07197293173613002,0.17847133263770865,R07,eastbound,0.005653614478002985,0.6130454488027819,968
67.0077977123583,24204.136073469563,1.754941647111001,34.02726075698148,-118.38147611567776,12.246567798852789,0.038022327415635715,cruise,0.07301057662475129,0.18023022283866189,R07,eastbound,0.0057102495539552425,0.6191866308183259,968
68.00056971241793,24192.366246505273,1.6657167771219088,34.02724978929065,-118.38134921757627,12.31078948157839,0.06962321259837623,cruise,0.08988443101524633,0.23770092458421282,R07,eastbound,0.006992672601113763,0.7582452128209014,967
68.99334171247756,24179.984174245437,1.3856052343147414,34.027239919363616,-118.3812154945335,12.38639464472271,0.06443834925745939,cruise,0.17789476801175658,0.45583567775104517,R07,eastbound,0.013753624008803854,1.4913639116970974,967
69.98611371253719,24167.54614124252,1.2637189811414593,34.02722857619459,-118.38108135889193,12.469242217262584,0.01181058354876452,cruise,0.30026682966011325,0.6632227067915148,R07,eastbound,0.023057720973315418,2.5002466930586498,966
70.97888571259682,24154.932827455905,1.0314710903380495,34.02721804634692,-118.38094520234091,12.471950596405811,-0.02032881670109621,cruise,0.16022054027224203,0.39011890420965983,R07,eastbound,0.012300740868151121,1.3338216172083397,966
71.97165771265645,24142.591084684114,0.17805842197623042,34.02721335205543,-118.38081122444794,12.29558482980477,-0.01644859471772797,cruise,0.15939331815269256,0.3677498144791371,R07,eastbound,0.012415802053873838,1.3462981906492084,965
72.96442971271608,24129.23147995111,0.5075457309901149,34.02719704438643,-118.38066770384943,12.43896075208937,0.011859601680562548,cruise,0.12895911717638697,0.2576600790639004,R07,eastbound,0.00992739268284191,1.0764693854477316,965
73.95720171277571,24116.41691487718,0.2875755124614757,34.027186203360586,-118.38052939407461,12.40425383592249,0.02328242685220161,cruise,0.09390919023939669,0.25697401767806927,R07,eastbound,0.007249792423880621,0.7861258081033513,964
74.94997371283534,24103.11283971769,0.21321187226921315,34.02717378540346,-118.3803859488537,12.433924873170035,0.02510003335257771,cruise,0.11862494327611915,0.2856751075210652,R07,eastbound,0.009135620513082178,0.9906141636160228,964
75.94274571289498,24090.413071187188,0.38435973469302037,34.02715997855121,-118.38024928324101,12.439305557557919,0.06316007921666156,cruise,0.18556620741307886,0.392473588949489,R07,eastbound,0.01428465631521577,1.548946001859011,963
76.9355177129546,24077.443345683514,0.3712731098004373,34.027147561755186,-118.38010949419663,12.553420692331944,0.10427392061547458,cruise,0.20328863574128012,0.35277675498254646,R07,eastbound,0.015504216881118443,1.6811881378190967,963
77.92828971301424,24064.981282600504,0.6672755685565012,34.02713206539166,-118.37997570575293,12.660979365767675,0.15049172368349506,cruise,0.14863613609022924,0.30507703503312683,R07,eastbound,0.011238081689339792,1.2185929655672572,962
78.92106171307387,24051.823994820526,1.061756597894872,34.027114809052115,-118.37983454163127,12.833372437301184,0.1641040470120192,cruise,0.14800369922576576,0.3106259248131328,R07,eastbound,0.011037375390378402,1.196829528459357,962
79.9138337131335,24038.638184692118,1.7026097021530757,34.02709531731357,-118.37969337949569,13.055777629670787,0.1310318591327162,cruise,0.14371363670917414,0.3957958841183369,R07,eastbound,0.010531759036532135,1.1420033980658324,961
80.90660571319313,24025.487178289633,0.32189128464057337,34.027099723467906,-118.3795492483853,13.136129846248846,0.054238222402472225,cruise,0.14804959295624046,0.41806442077815975,R07,eastbound,0.010782007395713751,1.169138891344257,961
81.89937771325276,24012.463310333434,0.6080091212188145,34.0270803140429,-118.37940968858629,13.138730521996324,-0.013634739925590722,cruise,0.17454758344093263,0.4000552082916587,R07,eastbound,0.012709217049209213,1.3781144257675921,960
82.89214971331239,23999.583645108494,0.9250794474219558,34.02706750313628,-118.3792708906594,13.073496676180733,-0.029434749660533832,cruise,0.32425721566226684,0.6706270168206783,R07,eastbound,0.023729764869216054,2.5731192692451854,959
83.88492171337202,23986.597698919635,0.9235726152755255,34.02705669708776,-118.37913105373,13.037193671581575,-0.020283688136171207,cruise,0.2267066877432426,0.4040261206957143,R07,eastbound,0.016637824365446644,1.8041100157964667,959
84.87769371343165,23973.776415753335,1.1169285444747914,34.02704150004027,-118.37899326951293,13.062334724913136,-0.03404405184204862,cruise,0.16583985829980413,0.349024076705753,R07,eastbound,0.012147028133727485,1.3171538920516137,958
85.87046571349128,23960.752917924667,0.9512111425403155,34.02702851230529,-118.37885306718694,13.029070007426718,-0.0699305701061732,cruise,0.14488232334790263,0.34832490824773726,R07,eastbound,0.0106395426918841,1.1536908379551172,958
86.86323771355092,23948.47701162651,0.5272322321463636,34.02701839394232,-118.3787204813891,12.878832451711403,-0.0933428384685655,cruise,0.06790313794110983,0.1658729814518211,R07,eastbound,0.005045694768342153,0.5471261306930824,957
87.85600971361055,23936.086083208524,1.013637990292946,34.02700000498858,-118.37858789925586,12.80414527308562,-0.07697904350737783,cruise,0.08894251434969316,0.21831283631089696,R07,eastbound,0.00664828891973431,0.720902226429973,957
88.84878171367018,23923.52077320125,1.595983712688564,34.02698055790396,-118.37845346421027,12.73125052062815,-0.043294156137273276,cruise,0.1028213338585458,0.23068825431149217,R07,eastbound,0.007730469978449713,0.8382477184877185,956
89.84155371372981,23911.146465497153,1.4429533995942319,34.02696859758257,-118.3783200970531,12.718116104596987,-0.07305098756568729,cruise,0.07601759797207451,0.1695597435706737,R07,eastbound,0.005721274656288253,0.6203821295270077,956
90.83432571378944,23898.413156050443,0.863057159852553,34.02696007033649,-118.3781823134183,12.706974264324272,-0.0665283322198702,cruise,0.09161048476138779,0.21561111186958606,R07,eastbound,0.006900983970059947,0.748303024828919,955
91.82709771384907,23886.352784814644,0.7364959805338408,34.02694821133196,-118.37805235904982,12.393283679197992,-0.0607943195263676,cruise,0.07582662814839544,0.18186448737739788,R07,eastbound,0.005859088861736637,0.6353259096095056,955
92.8198697139087,23873.147358084585,0.5229985658086173,34.02693589680997,-118.37790996928312,12.659798153395828,-0.05229748230229614,cruise,0.09928619262826306,0.2544622622674986,R07,eastbound,0.007507543395954994,0.8140748415879446,954
93.81264171396833,23861.06874487153,0.7191904571681871,34.02692113001032,-118.3777802367219,12.40316282639469,0.0011150535104365034,cruise,0.12140256122962108,0.2798354064535924,R07,eastbound,0.009373120113110261,1.0163672547502323,954
94.80541371402796,23848.717748639865,0.7335860138556489,34.02690769659563,-118.37764733733447,12.385578260507573,0.031839453618685454,cruise,0.12604181089639147,0.26554171284735556,R07,eastbound,0.009745356345648888,1.056730411651922,953
95.7981857140876,23836.183106594097,0.6198863408632689,34.02689521161187,-118.37751229565542,12.674145535508622,0.09225605581070084,cruise,0.09639102750685931,0.2331703334325667,R07,eastbound,0.0072802322435496294,0.78942652713594,953
96.79095771414723,23823.937971981006,18.918578834462995,34.0267182625105,-118.37740456913187,12.578471352580873,0.08863925696019859,cruise,0.22465937901112532,0.5034445839394004,R07,eastbound,0.017099389792224536,1.8541595169274403,952
97.78372971420686,23812.398078014,19.03196228345989,34.02670464498848,-118.37728055398975,12.759805108590205,0.009578291089927582,cruise,0.22421730450796246,0.44525289291312753,R07,eastbound,0.016819073842867467,1.8237636670425923,952
98.77650171426649,23799.944058458146,19.18815557126335,34.02668964611323,-118.37714675949584,12.827910121923042,-0.0566861543514916,cruise,0.1339896633257054,0.26758413473513964,R07,eastbound,0.009996606778817843,1.083974564072156,951
99.76927371432612,23788.356826051826,19.29772834949404,34.02667601098402,-118.37702223000834,12.48176112138146,-0.05536987272766325,cruise,0.052818994023752674,0.14016269796701486,R07,eastbound,0.004051873181869703,0.4393618317867122,951
100.76204571438575,23776.476350997935,19.438168259185787,34.02666177943671,-118.37689458590403,12.518856778802304,0.01679332465504224,cruise,0.05696241589135617,0.1834046529724243,R07,eastbound,0.00435655442931575,0.47239971450918783,951
101.75481771444538,23763.332238172054,19.583397794170555,34.026646124975535,-118.37675335191697,12.739040495965599,0.034339022950852005,cruise,0.08589941647019188,0.19268086958327713,R07,eastbound,0.006454203493606679,0.6998567187057675,950
102.74758971450501,23751.237983002833,19.81235964019735,34.02663082365403,-118.37662179999725,12.670662402371521,-0.05985025213027928,cruise,0.09891485753984167,0.2747024905023904,R07,eastbound,0.007472941410907412,0.8103228012718786,950
103.74036171456464,23739.153357559226,20.096839668175736,34.02661594353558,-118.37649200117852,12.534500420782315,-0.1242780427433754,cruise,0.09602111930330565,0.19828991978489197,R07,eastbound,0.007334488299145885,0.7953097418621453,949
104.73313371462427,23727.520443774632,20.43364084846646,34.02660105585513,-118.37636713137948,12.366890926916879,-0.0036185712033223183,cruise,0.10279740795411428,0.18566821340360173,R07,eastbound,0.007960352355780551,0.8631748417875043,949
105.7259057146839,23716.51918246129,21.304685992512532,34.02658202857463,-118.37624971997923,12.302533405073218,0.11407424737926597,cruise,0.10819880746363006,0.24949030638529304,R07,eastbound,0.008423208660533633,0.9133643183042651,948
106.71867771474354,23702.83685036672,22.539361736663512,34.026557053281856,-118.37610307952639,12.88107492105534,0.11052641926755502,cruise,0.07084269434072549,0.21416113895988387,R07,eastbound,0.005263192895167927,0.5707103770707675,948
107.71144971480317,23689.57705773233,25.093443056954168,34.026521025085685,-118.37596326915637,12.69981473899992,0.007094198889414649,cruise,0.06659876322079414,0.18726794924556353,R07,eastbound,0.005019737150575283,0.5443114358645516,947
108.7042217148628,23677.262795748247,25.615540303595623,34.026504137681904,-118.37583122248532,12.627974798884253,-0.022793506888413972,cruise,0.13477204787620792,0.28950859943008034,R07,eastbound,0.010216936639274317,1.1078658673638346,947
109.69699371492243,23664.661798952424,4.806238536217839,34.0266780603363,-118.37567064942806,12.597891059365894,0.03327092266423026,cruise,0.14319443881217045,0.29324784522802144,R07,eastbound,0.010881799043848433,1.179959723920571,946
111.68253771504169,23637.535633343305,4.0879255555622445,34.02665789507612,-118.37537741685017,12.67874611234989,0.2672329477927331,cruise,0.07573040623805613,0.17943001658411906,R07,eastbound,0.005717663384485211,0.619990543975524,945
112.67530971510132,23619.059284078332,26.508956091507898,34.026438937782885,-118.37520541393407,14.579925110408828,-0.18032337579241542,cruise,0.14190670179274759,0.2529021371870234,R07,eastbound,0.009294550686881453,1.0078476379012196,944
115.65362571528021,23585.78232405405,21.18831593523361,34.0264533364326,-118.37484054011607,11.957729525143172,-0.06482936757926083,cruise,0.06509795951847144,0.17520384270147016,R07,eastbound,0.005216517446485933,0.5656491597740001,943
116.64639771533984,23573.806463421144,20.180968134211348,34.026450389660866,-118.37471031852418,12.203419153079404,-0.1443393330423861,cruise,0.11533147660766302,0.25266655690685347,R07,eastbound,0.009052663848301737,0.9816188198426937,942
117.63916971539948,23563.63769893053,19.515104992440918,34.02644619027014,-118.37459997447073,11.86226835128472,-0.2680879986695839,cruise,0.11954466580615142,0.26159475091008955,R07,eastbound,0.009657936653296848,1.047251122828697,942
118.6319417154591,23552.08868258976,17.509107258697988,34.02645261551913,-118.37447315065677,11.230536728110916,-0.219423133641798,cruise,0.1270165758917366,0.26547401892338307,R07,eastbound,0.010849023079765931,1.1764056868193362,942
119.62471371551874,23537.934605138973,17.44117777945799,34.02643907676735,-118.37432059331739,11.333710398324543,-0.0969314496293201,cruise,0.11117182424916489,0.2513900699300705,R07,eastbound,0.009407734342453766,1.0201206227673503,941
120.61748571557837,23523.44342721092,15.767172694430897,34.02643957730455,-118.3741629662552,11.424954246570064,-0.09831178391995365,cruise,0.09087089699593441,0.20638994784528286,R07,eastbound,0.007627335771660023,0.82706443806874,940
121.610257715638,23510.71988154962,14.486256444323173,34.02643800474166,-118.37402436616956,11.090465858122508,-0.20719139346364024,cruise,0.06938628479273436,0.18142397746966973,R07,eastbound,0.0060027237131185344,0.6509008470715025,940
122.60302971569763,23499.639054477993,13.647986406245941,34.02643415238106,-118.37390400235631,10.888174150203092,-0.2538629065561606,cruise,0.05550665199964639,0.13917257819159873,R07,eastbound,0.004892738569629456,0.5305404399191839,939
123.59580171575726,23489.04337704477,13.440992206271275,34.02642514452283,-118.37378964139542,10.636327610187267,-0.1544085230318153,cruise,0.1128049710817941,0.3144928920713258,R07,eastbound,0.010182945099856035,1.1041800202620813,939
124.58857371581689,23479.151262254156,12.7319382227804,34.02642135360977,-118.37368223822581,10.366924581609045,-0.1413003288391126,cruise,0.08659471126209443,0.1860334199604473,R07,eastbound,0.008023612794865001,0.870034440088888,939
125.58134571587652,23468.419172554168,13.82209235384859,34.02640059049086,-118.3735680073465,10.69196067729726,-0.1813256088268913,cruise,0.08011690492038481,0.25959725932766087,R07,eastbound,0.007193905118980591,0.7800657100814361,938
126.57411771593615,23461.408645738255,14.079206827615355,34.02639110179361,-118.37349282733766,9.990867022668962,-0.16268380534176785,cruise,0.0772556022423667,0.17854204123252065,R07,eastbound,0.00743243940371315,0.8059309964761278,938
127.56688971599579,23452.38015504354,13.661686775482872,34.02638558559752,-118.3733950840131,9.932295245104733,-0.026668002195880725,cruise,0.08313886300086892,0.18064378430166805,R07,eastbound,0.008046424864193382,0.8725080497299326,938
128.55966171605542,23441.952321695197,13.140931999258152,34.02637955938905,-118.37328214377756,10.15754245296282,0.11219942064496902,cruise,0.09299491155541777,0.19969481275249373,R07,eastbound,0.008797342628421273,0.9539332547162613,937
129.55243371611505,23430.753592133828,12.514621846057338,34.02637419384018,-118.37315954926703,10.366433771737807,0.037765248396841145,cruise,0.09875196490901723,0.2514390637065344,R07,eastbound,0.009150509049604027,0.9922285909155081,937
130.54520571617468,23421.015123019683,12.013618798999795,34.02636944016616,-118.37305400502807,10.225059155471317,-0.11806624565191548,cruise,0.08263828101059333,0.2009858146847751,R07,eastbound,0.00776509759524892,0.8420025381635623,936
131.5379777162343,23411.38391371709,11.730580848793553,34.026362834698496,-118.3729498657835,10.089732229698313,-0.24643327797513415,cruise,0.06970028569226525,0.1668102613547452,R07,eastbound,0.006638744063175206,0.71986723706241,936
180.18380571915623,23238.787930995215,13.52362478766347,34.02643616266041,-118.37105993611185,13.385926004987576,0.10230847526073639,cruise,0.36326107160682725,0.6801578108245019,R07,eastbound,0.025953118442112205,2.814206947622726,929
181.17657771921586,23218.910921954972,12.721333607616748,34.02641259147449,-118.3708482189299,13.837540673957596,-0.04806807276053782,cruise,0.2847108841083019,0.5632813429309714,R07,eastbound,0.019666015428266036,2.1324696442057998,928
182.1693497192755,23199.79611162898,12.345563688915801,34.026394244737475,-118.37064216339486,13.59844071600413,-0.19888433769077807,cruise,0.22831260825035188,0.501346809827958,R07,eastbound,0.01605248293279959,1.7406389562333942,927
183.16212171933512,23183.44246485708,13.016086965680193,34.026386794121336,-118.37046421893099,12.73911215375442,-0.12528862975680877,cruise,0.17261396933318324,0.3590795395123051,R07,eastbound,0.012969579481874629,1.4063466310242079,927
184.15489371939475,23162.60351341909,12.064033178696254,34.0263608820553,-118.37024025882701,13.29967371493191,0.05366599998201771,cruise,0.14978388818411875,0.38745607885462274,R07,eastbound,0.010771880250921576,1.1680407619885387,926
185.14766571945438,23143.10599922502,11.091555457454659,34.026335904695934,-118.37003079729818,13.39000941373943,0.14333486833834463,cruise,0.18461054029137655,0.555425982567226,R07,eastbound,0.013185373645222211,1.4297461093991761,925
186.140437719514,23125.659615735145,11.058614605054045,34.02632106864905,-118.36984253186635,13.267212068843198,0.12921876071293248,cruise,0.18337557514579633,0.36637844738709835,R07,eastbound,0.013220487746786578,1.4335536806859326,925
187.13320971957364,23108.34487884024,11.750834739569013,34.02631285024386,-118.36965496045256,13.625366863354392,0.155160312081148,cruise,0.1909555015795461,0.48164942211877987,R07,eastbound,0.013398945667327033,1.4529046315538767,924
188.12598171963327,23092.80333711778,10.752664539372715,34.02629089717191,-118.36948815442341,13.834024870426177,0.11306095998881105,cruise,0.1695889908734317,0.37451281123410246,R07,eastbound,0.011717156167790286,1.2705410475941348,923
189.1187537196929,23078.424941464615,10.19192071787201,34.02627380259368,-118.36933354330988,13.747429492284517,0.01708684680206929,cruise,0.12235634275424583,0.2585231443414229,R07,eastbound,0.008507951633057923,0.9225533590190446,923
190.11152571975254,23063.649485409765,9.881859944123743,34.026258624523464,-118.36917439405529,13.818611972173601,-0.07680322640123904,cruise,0.11842014166688786,0.30355810131909655,R07,eastbound,0.008191106957835715,0.8881965441215807,922
191.10429771981217,23049.721365433168,9.176893588934387,34.0262406134515,-118.36902478799041,13.742559820053382,-0.21470683079989694,cruise,0.12759945461547761,0.3022721497953793,R07,eastbound,0.008875725345122494,0.9624326258575802,921
193.08984171993143,23024.48915644099,9.1941043655734,34.02621992289683,-118.36875307684514,12.905705898875082,-0.24546999256734825,cruise,0.12728382178419642,0.3061134232133297,R07,eastbound,0.009438076518042642,1.0234107538372894,920
194.08261371999106,23010.86969026431,8.555075568837827,34.02620356109939,-118.36860660312377,12.814414854721404,-0.08666763669376287,cruise,0.1236647033724253,0.30257403082156586,R07,eastbound,0.009236173145321385,1.001517512933389,920
195.0753857200507,22996.819018931445,7.516833708723354,34.026183278308345,-118.36845584743122,12.84737653902269,0.05158903992287023,cruise,0.13317094020521197,0.31481884393690623,R07,eastbound,0.009920210927619333,1.075690637202561,919
196.06815772011032,22983.26716493757,7.187624360882643,34.026169656442875,-118.36830967279958,12.923488128271908,0.11570103162967538,cruise,0.12612349975330273,0.2675997617453876,R07,eastbound,0.009338949556341635,1.0126619960362595,919
197.06092972016995,22969.18469308043,8.19444686693557,34.0261674673121,-118.36815665998887,13.103929551396883,0.09068637186896389,cruise,0.2105129255114899,0.6213524243638139,R07,eastbound,0.015369346189848981,1.666563535490564,918
198.05370172022958,22955.43456564567,7.753178605151981,34.02615261146528,-118.36800881481936,13.247050309826943,-0.017692557789128927,cruise,0.35696522056246033,1.2158457504744904,R07,eastbound,0.02577530071246332,2.794925415374316,918
199.0464737202892,22942.415508882947,7.785443585037556,34.02614279539291,-118.36786818999555,13.063999702138664,-0.12245790090122277,cruise,0.1640719146392176,0.538729004791336,R07,eastbound,0.012015976212292436,1.3029433751680863,917
200.03924572034884,22929.736657203393,7.057758846340564,34.026126419368204,-118.36773194852597,12.858029921635222,-0.1603771874446256,cruise,0.21761819971416174,0.5164993635317483,R07,eastbound,0.016197220035984946,1.7563334155436128,917
201.03201772040848,22916.841873876656,6.743873099285591,34.02611359147222,-118.36759298888848,12.76351328838374,-0.18392710456862993,cruise,0.4000523096848019,0.7408034948749701,R07,eastbound,0.030000007795835646,3.253028361739544,916
202.0247897204681,22904.236428476812,6.545581620036959,34.026102026157474,-118.36745704594394,12.592228836721835,-0.22324652672992684,cruise,0.4222040488119164,0.7302455938312722,R07,eastbound,0.03209929861824281,3.4806633887470366,916
203.01756172052774,22892.552807007254,7.111489336705633,34.02609803857991,-118.36733034451461,12.234214710245407,-0.2587430191797484,cruise,0.37673505163384197,0.9348115785673834,R07,eastbound,0.02949518821855518,3.1982886292157855,915
204.01033372058737,22880.666377249003,6.4593475753763725,34.02608238073589,-118.36720165936364,12.057531094685338,-0.23334717946170702,cruise,0.3645828277877237,0.726072705978248,R07,eastbound,0.028969282455033364,3.1412624318900555,915
205.003105720647,22869.426681201352,6.416836533750353,34.0260718472107,-118.36708048709075,11.756974082504954,-0.18618703359662003,cruise,0.4449896500238546,1.1484821830948935,R07,eastbound,0.036277959708924064,3.9337733724041253,914
205.99587772070663,22857.39644907481,7.914879642210882,34.026074414849674,-118.36694911552506,11.679506188087451,-0.06983535941392827,cruise,0.32112785428782514,0.5768432530977053,R07,eastbound,0.026356721673053352,2.8579713614880955,914
206.98864972076626,22845.430273842412,7.020658078947516,34.026055587249594,-118.36682103348122,11.503191974469972,0.08153195345730957,cruise,0.26752662951473166,0.4385623020226959,R07,eastbound,0.022299759768027536,2.4180577378197103,913
207.9814217208259,22831.709379563497,6.509653291965247,34.02603861126368,-118.36667361077109,11.895329666078826,0.1602426986449208,cruise,0.18796911711363254,0.5104771951545192,R07,eastbound,0.015142972051352042,1.6420168254394714,913
208.97419372088552,22818.67374635934,6.273164905209038,34.02602399933978,-118.3665328829021,12.026806447529072,0.1427644617212458,cruise,0.11527002457925185,0.37761907022061336,R07,eastbound,0.009183009741153086,0.995752779045883,912
209.96696572094515,22806.473492370686,7.058011892103196,34.02601908411653,-118.3664003682727,12.110398501600377,0.05501043901448455,cruise,0.14099903066075364,0.2826145446923881,R07,eastbound,0.011153853282543561,1.209459721401557,912
210.95973772100479,22794.293103687043,6.9083180748248445,34.02600576257379,-118.3662693055083,12.138518500151052,0.024767695375294885,cruise,0.2164032208716019,0.42044004383798594,R07,eastbound,0.017078429980579422,1.8518867554601004,911
211.95250972106442,22782.576434262624,6.711600885381383,34.02599247584287,-118.36614329479559,12.111294554844255,0.06410296092453915,cruise,0.1376509715972272,0.46555256138049683,R07,eastbound,0.010888182623046416,1.1806519225467105,911
212.94528172112405,22770.15667510156,6.409944595496345,34.025977557391606,-118.36600983264454,12.17344244113279,0.15435515098312091,cruise,0.11507266237983502,0.2747856365738897,R07,eastbound,0.00905497381345419,0.9818692991827892,910
213.93805372118368,22756.840052480973,7.717704922031861,34.02597459538268,-118.36586396821572,12.45731230897943,0.21826383529949567,cruise,0.10582630562495099,0.2548219536351764,R07,eastbound,0.008134399840280072,0.8820475503287653,910
214.9308257212433,22743.54189725456,7.268038008172128,34.025956000122015,-118.36572148587328,12.711937577781987,0.20701091548308526,cruise,0.13279393328802908,0.32658504394936416,R07,eastbound,0.009999345011122752,1.084271482239962,909
215.92359772130294,22730.535350610957,7.162676187438812,34.025941187518086,-118.36558195859303,12.872916764060859,0.17044254928389702,cruise,0.150923950636239,0.35586612220423497,R07,eastbound,0.01121998458008534,1.216630619088187,909
216.91636972136257,22717.195667411917,6.654776991604018,34.02592252238949,-118.36543901113122,12.990925829641274,0.15821998378153346,cruise,0.0919708219670353,0.2522227340294353,R07,eastbound,0.0067741193807991885,0.7345465581715013,908
217.9091417214222,22703.61222320285,6.099848279761673,34.025903178310436,-118.36529349958711,13.193587600407165,0.1566107072582028,cruise,0.09159003506990386,0.27060044999900756,R07,eastbound,0.006640680019473409,0.720077161032697,908
218.90191372148183,22690.479434849127,5.573125360501451,34.025883037232795,-118.36515124292993,13.333724959924849,0.14243141460214126,cruise,0.09139549362166913,0.2359795900742908,R07,eastbound,0.0065557380228384995,0.7108665392876419,907
219.89468572154146,22677.10065373845,5.487716030721433,34.02586457532603,-118.36500793146746,13.462989984230155,0.12763977137696259,cruise,0.18106605957161104,0.3822717879234905,R07,eastbound,0.01286091149838565,1.3945632996761486,907
220.8874577216011,22663.769956018506,5.517536444903053,34.02584720435828,-118.3648649522118,13.569934967893625,0.12692013513802536,cruise,0.17754325442047916,0.33288274194110623,R07,eastbound,0.012509602813141911,1.3564694056811626,906
221.88022972166073,22650.166075859288,5.197988512512805,34.02582635719213,-118.36471959977717,13.71768073914076,0.12764598087955026,cruise,0.20464048106184776,0.4178159202446592,R07,eastbound,0.014260904348669296,1.5463704751675316,906
222.87300172172036,22637.18767396125,4.450855441832286,34.025802525440135,-118.36458163405983,13.835050743467148,0.11112230250252253,cruise,0.2032066156009357,0.37887433706074497,R07,eastbound,0.014038789003749141,1.522285564206171,905
223.86577372178,22623.72248526852,4.109229350951395,34.02578166492965,-118.36443780380463,13.95821434308082,0.10460308938495988,cruise,0.19130810490831643,0.3886012049433799,R07,eastbound,0.013098146803886872,1.4202877322314142,904
224.85854572183962,22610.890276132315,3.3998664916584396,34.025758579956886,-118.36430137914657,13.991316026993518,0.10021202307712951,cruise,0.14912980582617205,0.30547179287009546,R07,eastbound,0.010185785758645902,1.1044880449690195,904
225.85131772189925,22596.799505971696,4.84083004680485,34.02575303113444,-118.3641479919027,14.184497565181127,0.08734001518571333,cruise,0.16835655070512542,0.4549350212022656,R07,eastbound,0.011339718332676076,1.2296138588155194,903
226.84408972195888,22583.892109793433,4.828414819409137,34.02573606632281,-118.36400957875271,14.205693664848667,0.08233965046957614,cruise,0.20305427558189323,0.4610109270338586,R07,eastbound,0.013656038827841128,1.4807823357349303,903
227.8368617220185,22570.46812986105,4.9687633310772705,34.02571978931555,-118.36386538531448,14.264089034592624,0.09826120173605979,cruise,0.17328766375622076,0.4111034719529429,R07,eastbound,0.011605610948753993,1.2584457253658559,902
228.82963372207814,22556.577249649228,4.268553450986664,34.0256954065605,-118.36371750432299,14.402191554467375,0.138459723188606,cruise,0.17464116412688344,0.3411805048270099,R07,eastbound,0.01158218381922182,1.2559054221325718,902
229.82240572213777,22541.997024726905,4.260806711343046,34.02567635671871,-118.36356124493378,14.573305494217044,0.16450467605390084,cruise,0.17151023333985252,0.4028280442053762,R07,eastbound,0.011238701815143162,1.2186602084439901,901
230.8151777221974,22527.836996134207,5.773815409280929,34.025671668746405,-118.36340698773138,14.721230823130174,0.16006566308313097,cruise,0.1070739513609273,0.25655492176734607,R07,eastbound,0.0069446192093648084,0.7530345793003719,901
231.80794972225704,22512.992708949743,5.693303731787386,34.02565188603143,-118.36324785049895,14.924943583520987,0.11724027081922639,cruise,0.12784514259056032,0.3287913337005274,R07,eastbound,0.008176691087880142,0.886633370066968,900
232.80072172231667,22498.507397319983,7.153587692214093,34.02564630993678,-118.36309018483094,15.004005716042903,0.06992327469770299,cruise,0.11312021775153024,0.23207905207413826,R07,eastbound,0.007196139892823385,0.7803080361082211,899
233.7934937223763,22484.160433002682,6.755014491860221,34.025626982835554,-118.3629386194069,14.988887750196737,0.029344814036728728,cruise,0.16468022918293798,0.35257258228149924,R07,eastbound,0.010486876965277675,1.137136644306367,899
234.78626572243593,22469.402959447663,6.60316342405572,34.02561052405636,-118.36277987779444,15.07379387208857,0.019373664898652443,cruise,0.2916816611307771,0.5660289768441005,R07,eastbound,0.01846794063224055,2.002557301599768,898
235.77903772249556,22455.071373926465,7.24442104386942,34.02560160315718,-118.36262474682913,15.029951685811042,0.025132961876839666,cruise,0.24457429508484624,0.524150740599354,R07,eastbound,0.015531267648067299,1.684121367459912,898
236.7718097225552,22440.35728561181,6.699043999649459,34.025581664817494,-118.36246695666736,15.078343572728112,0.04503019586126733,cruise,0.12844245590180473,0.31594673827954134,R07,eastbound,0.008129889239472814,0.8815584467107145,897
237.76458172261482,22425.450364249795,6.577196492073696,34.025565321808195,-118.36230656868022,15.134045854536541,0.0587958712053922,cruise,0.17002698127698454,0.3901632759767273,R07,eastbound,0.010721731166278213,1.1626028835796276,897
238.75735372267445,22409.944600218525,6.2353929127797345,34.0255463964337,-118.36214000219235,15.237928009012682,0.03646791597243482,cruise,0.16304226248008713,0.3431905137023785,R07,eastbound,0.010209989254542301,1.107112532907158,896
239.75012572273408,22395.09071144793,7.634910169834697,34.02554390735486,-118.36197866089849,15.22059261743743,-0.006736308947871805,cruise,0.14456809727174136,0.32057565832572543,R07,eastbound,0.009063593435582929,0.9828039614483156,895
240.7428977227937,22380.38503538565,7.565760651281809,34.025528829100324,-118.3618202929293,15.20902276509498,-0.051067584684091116,cruise,0.10622387020495082,0.2892687585116575,R07,eastbound,0.006664782866292123,0.7226907351635286,895
241.73566972285334,22365.946636847246,7.407607687934586,34.02551321622806,-118.36166491004512,15.122825385011058,-0.06101478956453654,cruise,0.08554753864168824,0.20829373569603887,R07,eastbound,0.00539861350595786,0.5853946095103637,894
242.72844172291298,22351.87472079597,6.9495386736977895,34.02549527665181,-118.36151383054404,15.031504432328823,-0.03522884273650817,cruise,0.12323293946876279,0.27893737021635645,R07,eastbound,0.007824872409127985,0.848484175308113,894
243.7212137229726,22337.144958247205,6.741964232994932,34.02547893452749,-118.36135536672828,15.034668302188372,-0.025004921091155374,cruise,0.0997105594249904,0.27205755175177737,R07,eastbound,0.006329926040278191,0.6863807861942282,893
244.71398572303224,22322.134750680405,6.684561850956474,34.02546366210133,-118.36119370362314,15.087334595937806,-0.05193135726429965,cruise,0.14044337293153644,0.28095841999271587,R07,eastbound,0.008884110230650076,0.9633418346356842,892
245.70675772309187,22307.96159729454,6.139185981383495,34.02544484078116,-118.36104163655175,14.918050108264076,-0.06371164370661031,cruise,0.12108527489987166,0.28447649883250326,R07,eastbound,0.007747985134394659,0.8401469612958191,892
246.6995297231515,22293.552595745918,6.9926251776663255,34.02543824026023,-118.36088529074776,14.83878664175058,-0.04934507513991626,cruise,0.1834822255720194,0.32540606217629375,R07,eastbound,0.011804427183649244,1.2800042147932587,891
247.69230172321113,22278.57462681632,7.283583006666854,34.02542595465765,-118.36072358119971,14.903709440677401,-0.043623741134521055,cruise,0.19355320630017472,0.418631141220255,R07,eastbound,0.012397173760134056,1.3442782455785696,891
248.68507372327076,22264.43122435017,6.62669839262984,34.025406008002165,-118.36057199602409,14.807744809885996,-0.04525579473838803,cruise,0.1686859702306182,0.3265226841623673,R07,eastbound,0.010875644313141064,1.179292340309,890
249.6778457233304,22250.537071262042,7.371718107243427,34.02539886751018,-118.36042141977558,14.689241367711459,-0.036723625418527917,cruise,0.11092474553827293,0.22180352148599594,R07,eastbound,0.007210311969779609,0.7818447746516608,890
250.67061772339002,22235.880941819127,10.182580636482497,34.02540947536011,-118.36026016435771,14.783682599576222,-0.059521784229844776,cruise,0.13982332931183422,0.29836467916984055,R07,eastbound,0.009029716439441103,0.9791305347609,889
251.66338972344965,22221.68619271632,10.744610658678994,34.02540039676421,-118.36010656851518,14.70902252865002,-0.0861252331458573,cruise,0.2328672610842621,0.45491145936631255,R07,eastbound,0.01511609281821941,1.6391021959394616,888
252.65616172350929,22208.389091165827,13.24132896080108,34.02540969928942,-118.35996049565946,14.433414284285545,-0.05838776019428149,cruise,0.1842572524407647,0.3481375490607652,R07,eastbound,0.012193033117062997,1.322142407941018,888
253.64893372356892,22193.87853462374,15.231847359136815,34.02541327377724,-118.35980179487393,14.526493363207244,0.009723437508537103,cruise,0.11201260163269934,0.24373697603101574,R07,eastbound,0.007364008998701284,0.7985107967940522,887
254.64170572362855,22179.26920764269,17.041648455783836,34.02541513209775,-118.35964224342898,14.61841736421652,0.013212520866681565,cruise,0.1322329474420431,0.4248859209635973,R07,eastbound,0.008637745634338551,0.9366274742733796,887
255.63447772368818,22164.949353104745,18.702983856950866,34.025415944722724,-118.35948598644988,14.58193838773588,-0.09363464440860803,cruise,0.12225925997092804,0.2919898854825827,R07,eastbound,0.008006565472404085,0.8681859264540089,886
256.6272497237478,22150.656376271156,20.254923870288827,34.02541580364955,-118.35933014835673,14.456671384356788,-0.24921514800132272,cruise,0.07724931425575944,0.1814217439856251,R07,eastbound,0.005103528392995294,0.5533972764387505,886
260.59833772398633,22100.659257627325,25.58954748462181,34.025413887057965,-118.358784712836,12.841399121014254,-0.11390278904951678,cruise,0.07884559025781834,0.16706921124156485,R07,eastbound,0.005876171120443046,0.6371782115299817,884
261.59110972404596,22088.46500266152,26.963845429303408,34.02541401899005,-118.35865169749829,12.909964840695839,0.01576397632042159,cruise,0.046428122170967645,0.11869456525573849,R07,eastbound,0.0034414831318472306,0.37317464417130264,883
262.5838817241056,22075.579099848972,28.483353774382863,34.02541476090353,-118.35851105685707,12.917187850486153,0.013243251588936467,cruise,0.04796988195782771,0.14719466010280496,R07,eastbound,0.003553743528299712,0.3853475161267139,883
263.5766537241652,22062.836710446296,30.107235850979503,34.02541658107891,-118.35837183687819,12.938360563142263,-0.034049311000146965,cruise,0.12085036927306744,0.2749702223552029,R07,eastbound,0.008938031974203052,0.9691887984860279,882
264.56942572422486,22050.172241826083,31.655525693267656,34.02541800620429,-118.3582341616646,12.891888574771277,-0.08434974049725152,cruise,0.18339816150908592,0.3994013772321938,R07,eastbound,0.01361377249035131,1.476199217105864,882
265.5621977242845,22038.11868669702,33.10930911052435,34.02541919405011,-118.35810256900028,12.732444900917105,-0.11199996392069966,cruise,0.14238420814821734,0.2331974335659793,R07,eastbound,0.01070392473131754,1.1606720561497565,881
266.5549697243441,22025.98557219317,34.555713018403445,34.025420237648625,-118.35797012780833,12.620663149243502,-0.10513145422542358,cruise,0.11042100180431623,0.20091843849274713,R07,eastbound,0.008375840789534203,0.9082280187124445,881
267.54774172440375,22013.961143718137,35.9843583127671,34.02542122887558,-118.35783887866965,12.542443419541085,-0.1351451886287327,cruise,0.05661602793753883,0.15447342514314488,R07,eastbound,0.004321779437125056,0.46862891429321923,880
268.5405137244634,22001.93920144553,37.34398072493285,34.02542160413995,-118.35770773783875,12.455660671663988,-0.24105353292317222,cruise,0.07982185736985867,0.26411292816497567,R07,eastbound,0.006136380549508957,0.665393825955954,880
331.08514972822013,21630.081873097824,2.3104278147250827,34.0246923275345,-118.35374903232785,16.048121900273372,0.28843031517975426,cruise,0.2631899605148493,0.5546879179861635,R07,eastbound,0.01563540345259408,1.6954132553788615,865
332.0779217282797,21613.4201065458,3.048636651451451,34.024669392139465,-118.353570367899,16.189820598937757,0.14058800955534068,cruise,0.2196445523746848,0.7169141163971775,R07,eastbound,0.012932328050714379,1.4023073000045505,864
333.0706937283394,21596.586761037786,3.4866031434310147,34.02464897874703,-118.35338950096757,16.322430530629628,0.0656294520563776,cruise,0.21403012927200815,0.40491555629158504,R07,eastbound,0.01249762397363738,1.3551704891970684,863
334.0634657283991,21579.81107868517,4.241057364411413,34.02462578621064,-118.35320962820968,16.25914318772225,0.07004894715297993,cruise,0.17065107960252243,0.3541484823288318,R07,eastbound,0.010004094286854923,1.08478646639462,863
335.0562377284586,21562.581552713884,4.644388369512743,34.02460529505665,-118.35302445154683,16.36972980577387,0.08282773985783187,cruise,0.21835428514623356,0.49927839689698383,R07,eastbound,0.012712646156427466,1.378486258438848,862
336.04900972851834,21545.777682044278,5.009615214443627,34.02458540475532,-118.35284393136178,16.5597771239963,0.03922353854098937,cruise,0.1911794936162585,0.41365942520460397,R07,eastbound,0.011000599054304932,1.1928417140193732,861
337.0417817285779,21529.067635005376,4.691699382962121,34.02457162657124,-118.35266353075903,16.515170960110055,-0.07114502531536715,cruise,0.17936623446393876,0.4351416385785921,R07,eastbound,0.01034921202509378,1.1222090496909565,861
338.0345537286376,21512.928192976877,4.64710445692166,34.024555967720815,-118.3524896044344,16.347342218226647,-0.20196307978950578,cruise,0.17543565821518836,0.45856331604618106,R07,eastbound,0.010228140649256761,1.1090807657893997,860
342.0056417288761,21454.786583695855,4.789872573633167,34.02449698089341,-118.35186332718575,14.697431147760259,-0.13672119182129183,cruise,0.1453805678102724,0.273695866959103,R07,eastbound,0.009444647293915686,1.024123250994594,858
342.99841372893576,21440.5752107855,4.796938873153948,34.02448292339384,-118.35171021464011,15.017484054217167,0.02527765480652988,cruise,0.14927941890228766,0.3538493711342945,R07,eastbound,0.009487736924702119,1.028795642815259,857
343.9911857289954,21426.164058203525,4.297358762458547,34.02447320827116,-118.35155434956324,15.037151200291763,0.03968330316622204,cruise,0.17723345191666437,0.40054594417055195,R07,eastbound,0.011249422542935967,1.2198227025275195,857
344.98395772905496,21411.966522818828,4.587967721745301,34.02445662410633,-118.35140172189722,14.966334352764168,-0.013158279767619518,cruise,0.18610503275049634,0.51045085363517,R07,eastbound,0.011869380199903612,1.2870473464315548,856
345.97672972911465,21397.302928889032,4.468450454170286,34.02444325537341,-118.35124358697384,14.98495968273309,0.003913472139595697,cruise,0.1566147249101978,0.4260961793604962,R07,eastbound,0.009975923005465097,1.0817317346101711,855
346.9695017291743,21382.228830735807,4.700481437590475,34.024426332848456,-118.35108144538164,14.991296541442368,0.01765927685968549,cruise,0.09866204024875187,0.25837420736516803,R07,eastbound,0.006281795785894887,0.6811618181315479,855
347.9622737292339,21366.881529316637,3.1794997644754384,34.02442484673748,-118.35091428413806,15.035500124992776,0.020529882177616088,cruise,0.129075544358336,0.3098642948257532,R07,eastbound,0.008193642426408658,0.8884714757560727,854
348.9550457292935,21351.933580206194,5.29643651780275,34.02448587999317,-118.35074312363385,15.020983724150065,0.007005635388399156,cruise,0.15970921338066632,0.3950509147216169,R07,eastbound,0.0101482166927767,1.1004142714677494,854
349.9478177293532,21336.507345081205,5.311979997972127,34.02447061300433,-118.35057692319879,15.077561453168148,-0.009715323092685857,cruise,0.14633466642265874,0.36334184854385493,R07,eastbound,0.009262882711083598,1.0044137446792452,853
350.9405897294128,21322.023795559122,5.325844627379196,34.024456272439615,-118.35042088002264,14.990965205204354,-0.004341537900246273,cruise,0.16063007636010324,0.4271936691932836,R07,eastbound,0.010227520333007986,1.109013502261862,852
351.93336172947244,21306.94990357331,5.340273580620951,34.024441347353324,-118.35025847660316,15.00764803951077,-0.018468489255741183,cruise,0.14157939187100288,0.3780238802553135,R07,eastbound,0.009004346088073673,0.9763795197242637,852
352.926133729532,21291.410424040834,5.355148737582193,34.02442596128046,-118.35009105702599,15.06503619422006,-0.037007291537006104,cruise,0.1751154887843529,0.3553519303009296,R07,eastbound,0.011094063320196444,1.202976441644226,851
353.9189057295917,21277.548762970924,5.350041184656081,34.02441224468298,-118.34994180337235,14.89348047005344,-0.031186661970849627,cruise,0.14746796860077602,0.3091358721465397,R07,eastbound,0.009451991452928604,1.0249196093730562,851
354.91167772965133,21262.82392307751,5.33554298671839,34.02439761331539,-118.3497831674828,14.884693957645771,0.014688176557919874,cruise,0.08865025764653646,0.20071917744288947,R07,eastbound,0.005685469368292231,0.6164996099575468,850
355.90444972971096,21247.294385594356,5.273453448612374,34.024381763081074,-118.34961591773083,15.002222807405142,0.05241139248097326,cruise,0.1324336709853579,0.3070693499663664,R07,eastbound,0.008425783197534184,0.9136434862944249,849
356.89722172977054,21232.104038355566,5.201692864182945,34.02436616024789,-118.34945233404478,15.043785919380166,0.032518505475648496,cruise,0.18632002696373987,0.42952675016139735,R07,eastbound,0.011820863392377085,1.2817864627684927,849
357.8899937298302,21217.033894939086,5.134248354545997,34.02435071446329,-118.34929004038511,15.046583885954524,0.004398540009473706,cruise,0.1561762044620351,0.4152449628050152,R07,eastbound,0.009906548465639157,1.0742091583771165,848
358.88276572988985,21202.05643819256,5.110434273064479,34.024335692111904,-118.34912856278997,15.034033649416429,-0.06350434867284172,cruise,0.1250272682884116,0.30586300804117483,R07,eastbound,0.007937447644606363,0.8606911865973403,848
359.8755377299495,21186.54076897672,5.026217925294322,34.024319311462136,-118.34896153719916,15.038175561544156,-0.2518009298971835,cruise,0.11467325060587866,0.284980612590503,R07,eastbound,0.0072780756283765576,0.78919267618593,847
369.8032577305458,21097.900800604562,5.193799145154576,34.024231356149244,-118.34800611814913,6.112678629666521,0.1469082926842038,cruise,0.037484052401550554,0.10035407504446928,R07,eastbound,0.005944153534572905,0.644549833656515,843
370.7960297306054,21091.908300048613,5.246507243054629,34.02422536357152,-118.3479415614335,6.695093158008842,0.2541988885664157,cruise,0.076657827604223,0.1983748508021939,R07,eastbound,0.011081409629241434,1.2016043481488687,843
371.78880173066506,21084.46090262564,5.493865846934958,34.02421954335667,-118.34786109531407,7.009100384767715,0.05999160762231348,cruise,0.04654516395099104,0.10314750560989724,R07,eastbound,0.00642192143217873,0.6963562375687221,843
372.78157373072463,21077.793771537767,5.8054735151353976,34.024215139748854,-118.34778894268577,6.636788803757518,-0.09467013807562186,cruise,0.05654173378558832,0.14519251339360992,R07,eastbound,0.008246536668235716,0.8942070232268308,843
373.7743457307843,21071.589999982072,6.134682356647724,34.024211393476094,-118.34772175367029,6.528330913633857,-0.05465623004022557,cruise,0.04573292781709288,0.14602866118684474,R07,eastbound,0.006782821884486903,0.7354902076367593,842
374.76711773084395,21064.294578352856,5.457750602564815,34.02419746638831,-118.34764412212492,6.611947455203128,0.07023420821660098,cruise,0.04429163144813197,0.10673010408615112,R07,eastbound,0.006484563839736412,0.7031488200846864,842
430.3623497341833,20720.969486389586,8.63227730913145,34.02384575558489,-118.34394604534444,19.485564470129727,0.2875507626403415,cruise,0.17704005032283032,0.5280756908530229,R07,eastbound,0.008633215148016337,0.9361362143844177,828
431.3551217342429,20701.560344912057,8.73252204231287,34.02382437781894,-118.34373723548595,19.716096302092723,0.17481123718323133,cruise,0.2044067123027951,0.4880337159591629,R07,eastbound,0.009849187044498069,1.0679892156653834,828
432.3478937343025,20682.39792714102,8.833277702957522,34.02380328776059,-118.3435310774975,19.758957371551798,0.09857980043192782,cruise,0.18430777719896185,0.4221638159846376,R07,eastbound,0.00886113956223776,0.9608510274218358,827
433.3406657343622,20662.95153325793,8.791427054307096,34.0237805969522,-118.34332206324285,19.85479823311671,0.0798182433041017,cruise,0.14884490367215356,0.3956244557337878,R07,eastbound,0.0071210212389185654,0.7721626011699677,826
434.3334377344218,20643.18168656812,8.749754979936316,34.02375640225257,-118.3431083679196,19.934066132947404,0.08905558495661303,cruise,0.13130935351671902,0.3350886946959555,R07,eastbound,0.006256677806514682,0.6784381688622053,825
435.32620973448144,20622.832328779627,8.875516320865911,34.02373153483736,-118.34288982523891,20.016435442974675,0.08594127514825622,cruise,0.14093510185519242,0.35926541674505563,R07,eastbound,0.006687220593319608,0.7251237532777274,824
436.318981734541,20602.0806958123,8.970544373890542,34.0237058794445,-118.34266701333274,20.127791508856976,0.0665907440961302,cruise,0.11097413819604933,0.28663000516425213,R07,eastbound,0.005235973322899062,0.5677588431515889,824
437.3117537346007,20581.718679076243,9.044727375840715,34.02368053567349,-118.3424484140433,20.172993406906777,0.0373494703263173,cruise,0.11264372109448671,0.283903848797917,R07,eastbound,0.005302634004634017,0.5749871442164574,823
438.30452573466033,20561.582530628122,9.118088736602873,34.02365547304261,-118.34223223959266,20.174164726225925,0.014252348772291867,cruise,0.1358816166877138,0.37977852475683255,R07,eastbound,0.006396165896945745,0.6935634554083017,822
439.29729773471996,20541.263028588535,9.197050242861218,34.0236301572292,-118.34201388132873,20.192539275747887,0.012749812300661745,cruise,0.1445658810975623,0.41365171667751366,R07,eastbound,0.006798649416104504,0.7372064541657196,821
440.29006973477954,20520.876691877766,9.315812436922748,34.02360478296811,-118.34179501868043,20.193141636793165,0.02551732676011831,cruise,0.18516898095177023,0.4175855997001533,R07,eastbound,0.008707869213344672,0.9442312720085675,820
441.2828417348392,20500.6324362552,9.347742550997589,34.02357881845105,-118.34157781549216,20.2299624362882,0.02554109379747871,cruise,0.15076276465357033,0.4114179271429441,R07,eastbound,0.007076735421168923,0.7673605017124331,820
442.27561373489885,20480.369796060557,9.294062905744918,34.02355206651568,-118.34136054859607,20.288738890828515,-0.0014435698776438244,cruise,0.184564019555705,0.526559039549784,R07,eastbound,0.008637822093291019,0.9366357650425879,819
443.2683857349585,20460.199860562796,9.247831806226717,34.02352550121993,-118.34114426449739,20.249080918350735,-0.03832476276272345,cruise,0.23390462888087535,0.5566260534363108,R07,eastbound,0.010968832026537678,1.1893970801713318,818
444.26115773501806,20440.400319945882,9.199897077642555,34.02349940099414,-118.340931956158,20.165424340202676,-0.0531019303879976,cruise,0.2033089040807967,0.46204823188632826,R07,eastbound,0.009574295959491387,1.0381816068806875,817
445.25392973507775,20420.614825178254,9.112888828113658,34.023473329359405,-118.3407200863345,20.124990478635496,-0.04380264698598779,cruise,0.1928531229795439,0.5002828316373866,R07,eastbound,0.00910046956356552,0.9868025967491757,816
446.2467017351374,20400.791127369237,9.060482461503204,34.02344766992454,-118.34050743557707,20.09652067271384,-0.07436846389120966,cruise,0.16104964488994508,0.3715524391200115,R07,eastbound,0.007610659332512916,0.8252561408880341,816
447.239473735197,20381.097878345478,9.161529529230966,34.02342224039542,-118.3402953654085,20.057068337102468,-0.23626279041020304,cruise,0.1881063621833046,0.5163231900222365,R07,eastbound,0.008907054226258477,0.9658297496040302,815
454.1888777356144,20265.961692110744,6.242321912456673,34.02313191654423,-118.33908566987279,14.002919825274597,-0.14674478849787853,cruise,0.15947914144064584,0.3593578842082959,R07,eastbound,0.010883479020751473,1.180141890956988,810
455.18164973567406,20252.878743362835,6.072733252102997,34.02311622449589,-118.33894510757669,14.212670464789435,0.28011514966784734,cruise,0.20820047677890333,0.455085549359898,R07,eastbound,0.013995145386554926,1.5175531012845649,810
457.1671937357933,20221.85969734363,3.965082613294269,34.02308602872978,-118.33861240723573,15.263195185159288,0.25493456017980076,cruise,0.1903586811027516,0.4176335949738281,R07,eastbound,0.011900517864300983,1.2904237357342616,808
458.15996573585295,20206.698285126062,0.5474479401113959,34.02310099994517,-118.33844188959921,15.303048867000117,0.037237778619940265,cruise,0.21941191823290015,0.5323757142864808,R07,eastbound,0.013680482000885638,1.4834328128849976,808
459.1527377359126,20190.87743324985,3.4243048814428834,34.023100389857724,-118.33826759014421,15.28808476466454,-0.14808188727174176,cruise,0.16629639174927588,0.4155239235717517,R07,eastbound,0.010379016512179965,1.1254408769110789,807
549.494989741339,19874.683885097365,0.859053631566653,34.022511469510576,-118.33491429909373,10.65084996543148,0.2484822561630411,cruise,0.12467072949750908,0.2396018110981055,R07,eastbound,0.011238462731579038,1.2186342835968964,794
550.4877617413986,19863.899457258558,5.612147232717764,34.02254681226353,-118.33478476738638,10.787172333941033,0.09753800316760408,cruise,0.09510681672040318,0.20519361211955753,R07,eastbound,0.008463221175839452,0.917703045413944,794
551.4805337414582,19853.707359144137,8.671477034641176,34.022553350397274,-118.3346696896207,10.810183594823426,0.004045505755576606,cruise,0.0751129418223245,0.21207556046191278,R07,eastbound,0.006669563991984339,0.723209172944734,794
552.4733057415178,19843.81568293836,8.468210396649198,34.02253181304833,-118.33456562185081,10.76747176684679,-0.02648256630319956,cruise,0.0721593776636844,0.21174266509090275,R07,eastbound,0.006433160040893632,0.6975748876819111,793
553.4660777415776,19833.926751072915,8.224149489497684,34.022509922633475,-118.33446168104858,10.694648121567026,0.009015938614972185,cruise,0.048574414360337534,0.14934910239412372,R07,eastbound,0.004360508033451715,0.47282842061062996,793
554.4588497416371,19823.254371069877,8.06466018945175,34.02248721120907,-118.33434925604875,10.744960905304197,0.05539410742059658,cruise,0.06217880275444693,0.15089092119388606,R07,eastbound,0.005555184269256129,0.6023722428861517,792
555.4516217416967,19812.492773790254,7.8865073042170195,34.02246410346177,-118.33423572088206,10.886399084833181,0.0656562925653672,cruise,0.058842397374551936,0.16055162163482578,R07,eastbound,0.005187634410686687,0.5625172494335925,792
556.4443937417564,19802.118504100446,8.698264951423193,34.0224502836693,-118.33412415728684,10.905683116473403,0.06199985877785519,cruise,0.060275256004981174,0.12625492223738416,R07,eastbound,0.0053043994589227934,0.5751785799291355,792
557.4371657418161,19791.347343294416,9.157147818610346,34.02243256275495,-118.33400925800528,10.92501628371754,0.07286305413029925,cruise,0.05123194369382781,0.1707517189937957,R07,eastbound,0.004500445849236708,0.4880024727884316,791
558.4299377418756,19779.82190486652,9.070037715156046,34.02240852266333,-118.3338877166792,11.0756540492337,0.07763712505263953,cruise,0.05690046462456637,0.16079684768203595,R07,eastbound,0.0049292509003775135,0.5344996271395663,791
559.4227097419353,19768.708098163323,9.108442020603562,34.02238641634572,-118.3337702189347,11.150446551949216,0.056093054027352984,cruise,0.0561293919988633,0.1513200348544409,R07,eastbound,0.004829278942361672,0.5236592427964226,790
560.4154817419949,19758.0655832968,9.127820497983963,34.022365094651974,-118.3336577460487,11.14270863174603,0.03146648947421671,cruise,0.06638294044217233,0.17277880966387987,R07,eastbound,0.005715511608287231,0.6197572177361517,790
561.4082537420546,19747.060879133875,9.167779515891091,34.022343222316785,-118.33354139707012,11.192087381822333,0.03683776367949321,cruise,0.05346914366212592,0.126105888741963,R07,eastbound,0.004582985704437651,0.49695262012738706,789
562.4010257421141,19736.11763008258,9.191336115046164,34.0223213300089,-118.33342573712918,11.221447517501623,0.05500729173368324,cruise,0.05498650669551563,0.1851181305998323,R07,eastbound,0.004700499823096078,0.5096951755127811,789
563.3937977421738,19724.722857786935,9.438478254661488,34.022300489835075,-118.33330476435891,11.291136668148498,0.06922189069262874,cruise,0.06778327747285731,0.15684685455451872,R07,eastbound,0.005758050115005903,0.6243698488315708,788
564.3865697422334,19713.120807906005,9.362823761354962,34.02227639565646,-118.3331823859001,11.371317539613731,0.07461521870065457,cruise,0.06580907329685491,0.1539378997233086,R07,eastbound,0.00555025151253742,0.6018373631082287,788
565.3793417422931,19701.529647307954,8.889301338584152,34.02224882862744,-118.33306108875416,11.454546688935208,0.08925266154802447,cruise,0.06982068305774064,0.15918921388335788,R07,eastbound,0.0058450654788963705,0.6338052946010906,788
566.3721137423527,19690.076242973028,8.569829575311614,34.02222289295772,-118.33294087270886,11.502492896140948,0.18852505444401668,cruise,0.05473737122873021,0.12241729893563931,R07,eastbound,0.004562931519993017,0.4947780596668059,787
580.2709217431875,19460.55269633848,7.484696690382516,34.02172893264988,-118.33052363820067,20.484527178080654,0.27350141893767876,cruise,0.20007324561060338,0.4720688203894332,R07,eastbound,0.009272644130133801,1.005472216838227,778
586.2275537435453,19331.343829146437,10.77529519662696,34.02147554404881,-118.3291544410906,22.85890293424557,0.231672306983306,cruise,0.24871511073817065,0.5157809261986612,R07,eastbound,0.010310220983394295,1.117981085306234,773
587.2203257436049,19308.852646701096,10.726771996942672,34.02142369425663,-118.32891875866798,22.91790548376699,0.2070765770056422,cruise,0.35194937769209006,0.8109121737343378,R07,eastbound,0.014551481267957496,1.5778789656367451,772
588.2130977436645,19286.05428286952,10.635296885170572,34.02137076762128,-118.32867997361747,23.147447693060442,0.2826603955998994,cruise,0.2441776656430746,0.5352753371304935,R07,eastbound,0.009993791822011218,1.0836693263405082,771
590.1986417437838,19238.827804624023,10.019079525180043,34.02125841414962,-118.32818659806883,23.915857642494917,0.27879122114159927,cruise,0.10788065723817201,0.3038659197101222,R07,eastbound,0.004271113568410585,0.46313499879086306,769
591.1914137438434,19215.325820661907,9.557470763068297,34.02119956493628,-118.32793936505908,24.11574403550451,0.22007025254811552,cruise,0.22173293244755096,0.5734060771007816,R07,eastbound,0.008704640697041419,0.9438811902628461,768
592.1841857439031,19191.403636313575,9.581623191767202,34.02114111139154,-118.32768977324201,24.237015100008573,0.20418215251769922,cruise,0.23561578745084027,0.631285074594978,R07,eastbound,0.00920256923234889,0.9978736978147768,767
593.1769577439628,19166.97424046394,9.70759255236449,34.02108229710475,-118.32743459067677,24.53437478432318,0.17914873912724438,cruise,0.24868479995995718,0.6148951354974026,R07,eastbound,0.00959327700981866,1.0402398028475166,766
594.1697297440223,19142.486447386986,9.844215849153228,34.02102343201593,-118.32717876757857,24.713464837265196,0.10008487939106558,cruise,0.1872694716942436,0.6779660701161985,R07,eastbound,0.007170868371316585,0.7775677376134539,765
595.162501744082,19117.942647848122,9.906300655719667,34.02096427386336,-118.32692275830388,24.706417410557002,0.010684665433950968,cruise,0.21127837846668596,0.4683704595493454,R07,eastbound,0.008092557885983731,0.8775104493732282,764
596.1552737441416,19093.606571784607,9.959984171738622,34.02090571324793,-118.32666854383857,24.66114126910744,-0.018750495730213146,cruise,0.3020826538462123,0.8285627952608945,R07,eastbound,0.011592226396873651,1.2569943815138063,763
597.1480457442013,19069.20423327789,10.056742226667415,34.02084736582636,-118.32641351197589,24.650342972517937,-0.016099426403247463,cruise,0.1958534159989328,0.5400427053758697,R07,eastbound,0.007519097110671645,0.8153276599842763,762
598.1408177442609,19044.712094740324,10.100929789832888,34.02078844695958,-118.32615777732008,24.657849472415116,-0.015095821044690538,cruise,0.24699699487043883,0.6873821521678061,R07,eastbound,0.009479636991526742,1.027917332631908,761
599.1335897443205,19020.340301719258,10.085834796235108,34.020729418162006,-118.32590331816867,24.613810848748322,-0.022133126348713006,cruise,0.21744363232223332,0.5962702717251029,R07,eastbound,0.008360580345012416,0.9065732638477135,760
600.1263617443801,18995.583320280464,10.069317902865981,34.020669446158216,-118.32564484081065,24.607753142170555,-0.013010569994309051,cruise,0.16804186189083056,0.43788598451888383,R07,eastbound,0.006462729097858893,0.7007811862133149,759
601.1191337444399,18971.175788213754,10.022822809588348,34.020610058343905,-118.32539009971238,24.568600414085804,0.05037650240190317,cruise,0.16764007152307905,0.5066953097561809,R07,eastbound,0.006457727945857877,0.7002388900442141,758
602.1119057444994,18946.810301972102,9.995754271596153,34.020550377479076,-118.32513555241222,24.625560729506663,0.13082446118855806,cruise,0.19195573451355255,0.6137035097365519,R07,eastbound,0.007377003448660546,0.7999198402366526,757
603.104677744559,18921.98075457489,10.049581418900292,34.02049011539501,-118.32487635522263,24.896077547685426,0.14488932700488455,cruise,0.24228219255270234,0.6346827373122368,R07,eastbound,0.00920818359541927,0.9984824870666109,756
604.0974497446186,18897.02965516082,10.090344864630264,34.020429442688666,-118.32461592834524,25.05954918051624,0.07881628483478842,cruise,0.2713195022164735,0.6916882482990503,R07,eastbound,0.010243355988778105,1.1107306297272117,755
605.0902217446784,18871.958041382743,10.046117683062606,34.02036773794155,-118.32435449417473,24.997664364823812,0.032475796245353905,cruise,0.3280511309292408,0.6921912157653751,R07,eastbound,0.01241638261555031,1.346361143419493,754
606.0829937447379,18846.9385554848,9.813431288588557,34.02030505921705,-118.32409423231516,24.99345351676449,0.06751864551882036,cruise,0.2452200109182192,0.7011226812307676,R07,eastbound,0.009282904374442132,1.006584778740228,753
607.0757657447975,18821.74695659333,9.491579802036462,34.020241153807454,-118.32383218547584,25.155619578589356,0.11283279736576723,cruise,0.19288164378332173,0.467551611889663,R07,eastbound,0.007253736951463953,0.7865535299956111,752
608.0685377448572,18796.49891745802,9.180412237521779,34.020177204222534,-118.32356951826314,25.303777691268902,0.077062743836537,cruise,0.20482884480027994,0.5136776345375926,R07,eastbound,0.007657161424477621,0.8302985603790851,751
609.0613097449169,18771.054122585887,9.000696939397185,34.020113918400874,-118.32330441353015,25.359443641798222,-0.1326644404674191,cruise,0.21711952151880698,0.5727910199522193,R07,eastbound,0.008098503705720735,0.8781551798802966,750
614.025169745215,18655.20180500279,9.26293065839045,34.019835038915396,-118.32209423584938,22.357592513986898,0.01946650931464511,cruise,0.15952083805097148,0.4144453270980659,R07,eastbound,0.006763620554777684,0.7334081258402383,746
615.0179417452746,18632.46178919884,9.274694369086351,34.019779940762966,-118.32185682087615,22.714167209588794,0.23382631495915618,cruise,0.16308698976515867,0.40204932454286135,R07,eastbound,0.006804420389306952,0.7378322253198528,745
616.0107137453342,18609.40439175863,9.077190515033074,34.01972225573389,-118.3216167037113,22.978101126724003,0.21932937301078326,cruise,0.14323066928951672,0.3413172819885981,R07,eastbound,0.0059061464933014285,0.6404285686207412,744
617.003485745394,18586.19677900876,9.000622517725253,34.019663407783554,-118.3213743940077,23.09074140926144,0.13160076567230305,cruise,0.1545627251765091,0.4982971180043397,R07,eastbound,0.006341802100880031,0.687668557925037,743
617.9962577454535,18562.82799637344,8.726546559668895,34.01960250347012,-118.32113189275799,23.28748267620875,0.020162198185957436,cruise,0.18552676949237576,0.4443434734596669,R07,eastbound,0.007546862715384627,0.818338402522307,742
618.9890297455131,18539.549650175864,8.105775226695817,34.01953882396213,-118.32089137749585,23.188682992179352,-0.14072112441422036,cruise,0.16166595423130753,0.4132834575297706,R07,eastbound,0.006604754236017053,0.7161815756283004,741
630.9022937462287,18307.568777101373,4.80908481996642,34.01897664873214,-118.31847428905827,16.30316760524347,-0.25512668271822214,cruise,0.15839080109353365,0.3900258974374831,R07,eastbound,0.00925985428462387,1.0040853595257482,732
631.8950657462883,18292.522379339593,4.602921859788235,34.01894595410101,-118.31831541159386,16.20139793797498,-0.08442835013793548,cruise,0.13858810886306558,0.32611002659942057,R07,eastbound,0.008153920098939189,0.8841642149469463,731
632.887837746348,18277.217514213757,4.3748287910718515,34.018914570260286,-118.31815384737446,16.14839319749502,-0.03544045181932454,cruise,0.24206433731780058,0.5315699068510209,R07,eastbound,0.014289563055239367,1.5494780605360978,731
633.8806097464076,18261.273991180828,4.226468662333574,34.01888266277564,-118.31798533521473,16.14109583767222,-0.0013083083322165123,cruise,0.2806744398335725,0.660276297843804,R07,eastbound,0.016576417601749067,1.7974514193964155,730
634.8733817464672,18245.14187976279,4.368205587791925,34.018852948018804,-118.31781415613489,16.15236397613207,0.011218517454498311,cruise,0.12154075304589969,0.3314814383197186,R07,eastbound,0.007173010186664289,0.7777999837554919,729
635.8661537465268,18228.711686639363,4.3608518787406805,34.01882301007301,-118.31764037032784,16.189634048059936,0.0072731628362454614,cruise,0.21142306595632931,0.553605299603676,R07,eastbound,0.01244840568346351,1.34983354078887,729
636.8589257465866,18212.781959557098,4.6710696410842525,34.01879740082862,-118.31747190913809,16.166679567173347,0.0023929025588724784,cruise,0.2069692619216496,0.4672908437234285,R07,eastbound,0.012203770146941363,1.323306669728977,728
637.8516977466461,18196.547165634503,4.5491521400721675,34.018771135757426,-118.31729878647153,16.170103801125126,-0.008872984366920633,cruise,0.18633041498691444,0.400749139821841,R07,eastbound,0.010984451104384785,1.1910907231719148,727
638.8444697467057,18180.6206343599,4.550358856093226,34.018745571422365,-118.31712809189091,16.18614786302281,-0.01709766732154172,cruise,0.1391250677295443,0.361682090372407,R07,eastbound,0.008193357277219517,0.8884405558174541,727
639.8372417467654,18164.935185233087,4.556396797320951,34.01871900488009,-118.31696109963508,16.1173126495918,-0.03636593307737712,cruise,0.13719179968857803,0.4546519860261462,R07,eastbound,0.008114604724032512,0.8799010817339744,726
640.8300137468251,18148.59466935756,4.972530372994697,34.018695556957624,-118.3167868175962,16.117626206407703,-0.09555061243974272,cruise,0.23736459853587666,0.4677005224587154,R07,eastbound,0.01403933603254306,1.5223448808634672,725
641.8227857468846,18132.220766539755,5.07750900787723,34.01867043282715,-118.3166119211285,16.022006977048637,-0.12341605288780233,cruise,0.196937433577411,0.4564321043752108,R07,eastbound,0.01171891791979085,1.2707320818519652,725
642.8155577469443,18116.5933379844,5.350268855757863,34.01864798501394,-118.31644466781682,15.712293699853667,-0.08800772016342417,cruise,0.2613809857222913,0.5981276013542057,R07,eastbound,0.015865595844281967,1.7203739948531125,724
643.8083297470039,18100.558042581186,5.615130372969066,34.01862481810088,-118.31627307802925,15.787501146156538,0.017722129846716506,cruise,0.22492709421053242,0.44884785806203026,R07,eastbound,0.01358672194408683,1.4732660113947937,724
644.8011017470636,18084.801764107902,5.727606306802745,34.01860128185049,-118.31610572657395,15.827902435095828,0.09133592911199528,cruise,0.34122156228905043,0.7153321614088594,R07,eastbound,0.020557974282778967,2.22918853411349,723
645.7938737471231,18068.775564987787,5.829973391844074,34.01857913288568,-118.31593406266879,16.011962447565995,0.08140420972293594,cruise,0.2600827087309258,0.5066304536179184,R07,eastbound,0.015486303159753391,1.6792456768683732,722
646.7866457471828,18052.600207964544,6.046674129795265,34.01855778658123,-118.31576060486606,16.031886916575136,0.024474205285521577,cruise,0.2583229188746987,0.4776306493541328,R07,eastbound,0.015362073826393393,1.6657749622095535,722
647.7794177472424,18036.18495704697,6.419411941559,34.01853876696634,-118.31558784855642,16.06841158527667,-0.025019474612170356,cruise,0.3653571984283603,0.8084158794410693,R07,eastbound,0.02167700457754156,2.3505297454652347,721
648.7721897473021,18020.9877593099,5.916341889449549,34.0185196348126,-118.31542464345767,15.917237131772223,-0.019549121360443067,cruise,0.4057115734916452,0.7880462157322963,R07,eastbound,0.024303838939586684,2.635368560824175,720
649.7649617473617,18004.744668861036,5.592236539038317,34.018501100025496,-118.31524995917651,15.977580429261911,0.01838208425296095,cruise,0.22568462934211003,0.38414955791418015,R07,eastbound,0.01346752742008612,1.4603412425154942,720
650.7577337474213,17988.504045914346,6.634051944386787,34.01850003425188,-118.31507624439465,16.00627115071541,0.06457681160921958,cruise,0.1852727229161085,0.3924639666030344,R07,eastbound,0.011035825139083391,1.1966614281220236,719
651.7505057474809,17971.98796622721,6.013104984672733,34.018485245530734,-118.31489836985502,16.088872877627963,0.06187624699026806,cruise,0.13790562317825508,0.30721723526907935,R07,eastbound,0.008171492680912431,0.886069684703387,718
652.7432777475407,17955.301602992244,5.285106158215583,34.018470112397104,-118.31471840537903,16.190604985918718,0.020114553387447387,cruise,0.15378739869032348,0.41493196446931524,R07,eastbound,0.009054315520636149,0.9817979176944246,718
653.7360497476002,17939.81500918878,3.6610168135790295,34.01844906601828,-118.31455306229651,16.161820626942887,-0.03209998080441068,cruise,0.1179151075453255,0.28116349708096705,R07,eastbound,0.006954892371008143,0.754148541883913,717
654.7288217476598,17924.700831241586,3.355024270830871,34.01844322765003,-118.31438935029914,16.053138393781094,-0.043124871544282684,cruise,0.19429581397411036,0.3860076562859248,R07,eastbound,0.01153891959396861,1.2512140982917523,716
655.7215937477195,17908.943538079533,3.2488176299343228,34.01843905840124,-118.31421862010825,16.035131696895164,-0.019721685545771805,cruise,0.20138498762058135,0.3731031611408133,R07,eastbound,0.011973595958045652,1.2983479040608534,716
656.7143657477792,17893.305099373127,4.778822021578814,34.01844965689205,-118.31404877675759,16.060414926114444,-0.0005020817070668926,cruise,0.278509784549587,0.541672290918351,R07,eastbound,0.016532630646798822,1.7927034137526594,715
657.7071377478387,17877.655205888634,4.925081158672864,34.01844778444686,-118.31387914852304,16.03706927138659,-0.003329607385863298,cruise,0.4070278521068177,0.8737959769271517,R07,eastbound,0.024197375159631204,2.623824240634323,715
658.6999097478983,17861.593004782422,5.122383179590221,34.01844628788492,-118.31370503974223,16.048210103326557,-0.010133198110903407,cruise,0.31776421135958915,0.7144090612769785,R07,eastbound,0.01887740649806058,2.046957425884459,714
659.692681747958,17845.65051611371,5.372134259137472,34.018445225759955,-118.31353214506427,16.0275032737798,-0.005494598434340858,cruise,0.1878273202214236,0.4028955178410418,R07,eastbound,0.01117291463475644,1.211526624843169,713
660.6854537480177,17830.155816487353,2.4890963179733174,34.01841591667116,-118.3133649847768,16.009621191587854,-5.568331387628689e-05,cruise,0.1769109218878046,0.4084503619251062,R07,eastbound,0.010535508990105752,1.1424100214711728,713
661.6782257480772,17815.08291091567,1.1577477675793801,34.01838039945535,-118.31320251410915,16.042928882262174,-0.004243513416149369,cruise,0.18315212132833217,0.44329023875179574,R07,eastbound,0.010884154565721093,1.1802151431694796,712
662.6709977481369,17800.241404506298,6.198992406559416,34.018333068028504,-118.31304153723379,16.03245280983485,-0.028550428172261277,cruise,0.2134845502782017,0.43135934382830454,R07,eastbound,0.012695147945974322,1.3765888531024513,712
663.6637697481965,17783.733874413396,9.85321441744651,34.01829988551638,-118.31286267112795,15.979394607724206,-0.04704968129319731,cruise,0.22450807275013607,0.6015100356682386,R07,eastbound,0.013395770270145687,1.4525603097403292,711
664.6565417482562,17767.42651540257,11.885082272782306,34.01828132836674,-118.31268594558692,15.903091072051021,-0.031303968820303396,cruise,0.17143235876188165,0.44796048008164213,R07,eastbound,0.010278815370102334,1.1145756411659578,710
665.6493137483159,17750.35814741637,12.63071603138918,34.01827435273998,-118.31250094803404,15.892032982848292,0.0006530721866759848,cruise,0.19765457299907013,0.5067922083637522,R07,eastbound,0.011859446389580482,1.2859701811540922,710
666.6420857483754,17733.871238499923,12.438066126965834,34.0182759480655,-118.31232178618681,15.933348212297524,0.021780805829957117,cruise,0.15925606759467262,0.29820394029884795,R07,eastbound,0.00953029953057841,1.0334108870847734,709
667.634857748435,17718.19246071006,12.466155472441535,34.01827593225306,-118.31215183705304,15.953027578163383,0.021285002163534017,cruise,0.17682759971394432,0.3544161080657148,R07,eastbound,0.010568548002822602,1.1459925820539307,708
668.6276297484948,17702.322749319814,12.503149021676021,34.01827583907705,-118.31197981815053,15.971836721736228,0.008077757844949573,cruise,0.18175704620322505,0.431788299766451,R07,eastbound,0.010850155934279265,1.176528527049468,708
669.6204017485543,17686.60997944871,12.479022632107045,34.01827629440256,-118.31180950151351,15.980331398424584,-0.00568830991799274,cruise,0.14639490567827707,0.37201048842236967,R07,eastbound,0.008734454679778103,0.9471140471367135,707
670.6131737486139,17670.48853638447,12.631430215356982,34.01827499467172,-118.31163857197708,15.954160622906704,-0.030313229288577048,cruise,0.12455937968736491,0.27569881109356376,R07,eastbound,0.007444068049569088,0.8071919399743905,706
671.6059457486735,17654.773467639676,12.284715979126874,34.018274407774165,-118.31146818975158,15.936820508107434,-0.049180326238012384,cruise,0.1308629526386955,0.3506461889170064,R07,eastbound,0.007829445688519263,0.8489800754314474,706
672.5987177487331,17639.524698306344,11.920164435452866,34.018274091697144,-118.31130285514111,15.834782860438851,-0.1345208482081519,cruise,0.1422559562926091,0.3536598790987674,R07,eastbound,0.00856687275225551,0.9289424264206133,705
680.5408937492101,17528.78551607299,10.435198843841272,34.01826128863342,-118.3101025044156,12.305953183946947,-0.25787566848380195,cruise,0.1362541157899014,0.3560762673420992,R07,eastbound,0.010604298223048342,1.1498691303909918,701
681.53366574927,17516.745818339878,10.573874945926994,34.01825719007651,-118.30997208552654,12.17393285200963,0.08913608793800343,cruise,0.12316592928180167,0.2675454003287212,R07,eastbound,0.009691429237049803,1.0508828660468246,700
683.5192097493891,17490.481533024253,11.273664678971201,34.01824886256519,-118.3096852530924,13.167827319739278,0.23088250130155963,cruise,0.09057586902035734,0.20615325628902542,R07,eastbound,0.006580217089912725,0.7135209085799203,699
684.5119817494486,17477.00030243973,11.318136304855024,34.018247613827455,-118.30953913129005,13.226912478584595,-0.0634999962604752,cruise,0.13689279466157747,0.3805824564190434,R07,eastbound,0.009899892925796216,1.0734874699022627,699
740.107213752788,17202.999953845316,11.544758886395114,34.01821885437059,-118.30656998456018,15.75697911986527,0.18146989820207438,cruise,0.547157783742114,1.053580352149447,R07,eastbound,0.03311619182396646,3.590929441395812,688
741.0999857528477,17187.45684493119,11.319709275871991,34.01821946096715,-118.30640093667046,15.794493211578999,0.0011432707433183253,cruise,0.31487853455834675,0.7472876757118692,R07,eastbound,0.019011674142883725,2.0615166373235403,687
742.0927577529073,17171.705126099143,11.315540905137395,34.0182183958382,-118.306230201969,15.668415637792085,-0.05906891451450047,cruise,0.1992411953087262,0.47073882097754505,R07,eastbound,0.012128216228715698,1.315114037230303,686
743.0855297529669,17156.435500669228,11.249662573769209,34.0182179206375,-118.30606468752752,15.619977282671542,-0.02289555203569904,cruise,0.11385776630467676,0.2598295545191638,R07,eastbound,0.006952616414694263,0.7539017502667401,686
744.0783017530265,17141.457022902654,11.177680822064556,34.018217520827456,-118.3059023283489,15.579643262349283,0.0933352624138335,cruise,0.09569345696901788,0.22883560841253192,R07,eastbound,0.005858818698572494,0.6352966146692764,685
745.0710737530864,17126.087434664445,11.103819624737726,34.01821711057682,-118.30573572972916,15.74688520910014,0.16664604269928152,cruise,0.1434620139266112,0.3452510902471268,R07,eastbound,0.008688560234004841,0.9421375173050293,685
746.0638457531459,17110.344393572264,10.989304589844357,34.018217040587444,-118.30556507979641,16.097471522219674,0.129988245469697,cruise,0.15399663593647409,0.3284208144651054,R07,eastbound,0.009119995367610156,0.9889198626770794,684
747.0566177532055,17094.69393885983,10.744814997539086,34.01821762590706,-118.30539589987896,16.094798173476725,0.019246559280418296,cruise,0.12410779622552837,0.2610829224367969,R07,eastbound,0.007351159047585408,0.7971174219752392,683
748.049389753265,17079.438902459722,10.605711043706249,34.01821725536669,-118.30523053785396,16.00602244060779,-0.046549817924455894,cruise,0.14502466155248986,0.37072242472830874,R07,eastbound,0.008638573867042351,0.9367172830658944,683
749.0421617533248,17064.155012401337,10.467800247169349,34.01821687100101,-118.30506486324664,15.952978961618575,-0.05818028854859847,cruise,0.1436025704588758,0.28981867914084253,R07,eastbound,0.008582796838993325,0.9306691428316705,682
750.0349337533844,17048.315922788963,10.338494047604929,34.018216349974715,-118.30489317211966,15.962010599018182,-0.11799507748703775,cruise,0.22350473277800734,0.5049591969639441,R07,eastbound,0.013350677708064243,1.4476707315657928,681
751.0277057534439,17032.703856565942,10.221841800994277,34.01821573907665,-118.30472394324322,15.792251446507692,-0.19078059983342577,cruise,0.19485254843891062,0.40391302039974875,R07,eastbound,0.01176646757318008,1.2758880928809864,681
752.0204777535035,17017.860747771814,10.046489922086302,34.01821573907654,-118.30456304132176,15.46389670127476,-0.1886351004373772,cruise,0.14667059716103745,0.40715455943165013,R07,eastbound,0.00904826174147655,0.9811414806882777,680
753.0132497535634,17003.299598880058,10.037381723182243,34.01821545278307,-118.30440400327123,15.3146830333468,-0.04857216309505219,cruise,0.18657382130679429,0.38149581116149966,R07,eastbound,0.011624015119298064,1.2604413678057376,680
754.0060217536229,16988.908499969042,10.184648522318396,34.0182140292262,-118.30424801332893,15.315949136522988,0.08370595485177379,cruise,0.2180025599220181,0.460492334669073,R07,eastbound,0.013580961955274303,1.4726414313247493,679
754.9987937536825,16973.362529815124,10.37422113369611,34.018212216641764,-118.30407950559551,15.650872510240632,0.09131536404933538,cruise,0.12347119154142497,0.35339729987350754,R07,eastbound,0.007524511862364467,0.8159148045259844,678
755.9915657537421,16958.103744627995,10.66915264802777,34.0182094563709,-118.30391411162707,15.626312793671488,0.020278275123479794,cruise,0.08124836544765864,0.19666457238920687,R07,eastbound,0.004959308186966496,0.537758866484313,678
756.9843377538018,16943.1425857225,11.22353279139155,34.018204359662484,-118.30375194584055,15.548251395818857,-0.03507356765913716,cruise,0.17894260454052,0.39059506282828393,R07,eastbound,0.010978236762906048,1.1904168757110263,677
757.9771097538614,16927.731990304987,11.910470045775314,34.01819806520269,-118.30358490949013,15.539360473457267,-0.025863123074608474,cruise,0.2504885556304988,0.4942516133086274,R07,eastbound,0.01537656799336798,1.667346626342743,677
758.969881753921,16911.93715897018,12.48494075602807,34.018192781842,-118.30341370734182,15.52890449496972,-0.031821807289197146,cruise,0.4433386150799457,0.8950480670447692,R07,eastbound,0.0272335612027508,2.9530507987406454,676
759.9626537539806,16896.419894841507,12.754175863201926,34.01819025144614,-118.30324551140562,15.491602587985222,-0.042459476684505226,cruise,0.5582060858032702,1.214936224987187,R07,eastbound,0.034373668265940294,3.727282956961499,675
760.9554257540404,16881.301273236073,12.866376822933645,34.01818913907517,-118.30308163525923,15.406458485682847,-0.040007579729087084,cruise,0.16237864358940085,0.400529827395871,R07,eastbound,0.01005529756123435,1.0903386550774954,675
761.9481977541,16865.878286393723,12.837045325860736,34.01818930031038,-118.30291445883286,15.408891005206751,-0.033663659945278646,cruise,0.2575000306689893,0.4823151427094156,R07,eastbound,0.015943128929380785,1.728781236828384,674
762.9409697541596,16850.46125916081,12.634545365773556,34.01819053765795,-118.30274783264406,15.373305648077036,-0.045624072066600796,cruise,0.35961093484614676,0.6312054401861162,R07,eastbound,0.02231775762040256,2.4200093214534477,674
763.9337417542191,16835.306469163737,12.326848363832083,34.01819272530241,-118.30258355071601,15.32423339151184,-0.062483313998819234,cruise,0.3279391805316836,0.6817728980262753,R07,eastbound,0.020418477889326797,2.2140623472355228,673
764.9265137542789,16820.47469358174,11.891258173242486,34.018196078128604,-118.3024227641012,15.219350291719243,-0.141335567466502,cruise,0.21947706562301558,0.4924282025140217,R07,eastbound,0.013761100137785342,1.4921745801401962,672
765.9192857543385,16805.195748094393,11.416084038305495,34.018200329372334,-118.30225624620012,15.190656253910774,-0.23188230130942866,cruise,0.2017778232587425,0.520770590953778,R07,eastbound,0.012675675654863059,1.3744773898093723,672
766.912057754398,16791.961555801736,11.04362832496305,34.01820402505367,-118.30211280727065,14.66499882171841,-0.26334100976116925,cruise,0.15239965695378216,0.38221052558717183,R07,eastbound,0.009922915167331608,1.0759838694090604,671
767.9048297544576,16776.99891316958,10.675164850890681,34.01820772899207,-118.30195063289418,14.497347325216406,-0.188178041023777,cruise,0.21391937924849266,0.48724742175196434,R07,eastbound,0.014092394967814762,1.5280982867444652,671
768.8976017545175,16762.321713442932,10.708237625362381,34.01820780656533,-118.30179154018113,14.344033734663782,-0.006475992264066477,cruise,0.10174190271890175,0.27960473151947535,R07,eastbound,0.0067753417364600985,0.7346791033914937,670
769.890373754577,16747.041834959688,11.015943406953525,34.01820542428776,-118.30162590635254,14.390714000038528,0.11797259855616637,cruise,0.10367863093975883,0.24855225704740222,R07,eastbound,0.006881534417303892,0.7461940271523457,669
770.8831457546366,16731.701243980886,11.33494576987714,34.01820270655711,-118.30146040417286,14.733057044141901,0.13999135559679488,cruise,0.13362829923063535,0.2742962164271969,R07,eastbound,0.008659808755620267,0.9390198722942855,669
771.8759177546962,16716.615557854562,11.732493006638641,34.01819863534301,-118.30129690060392,14.811043371463294,0.07651567837947226,cruise,0.15407591728002418,0.2970739950503207,R07,eastbound,0.009931443992771082,1.0769086862036343,668
772.8686897547559,16701.908162791122,12.226209013289271,34.01819370959883,-118.30113750120657,14.757581351760317,0.05597525859451569,cruise,0.08172773557784271,0.2311128345414278,R07,eastbound,0.005287429445586065,0.5733384492511981,668
773.8614617548155,16686.816064053088,12.789218751239456,34.018188146861924,-118.30097393456768,14.8219654307843,0.10722694067142768,cruise,0.09481779694352784,0.17381810792122554,R07,eastbound,0.006107195839769461,0.6622292038279258,667
774.854233754875,16671.01534495283,13.320563596490073,34.01818298271156,-118.3008019396255,15.055559001393299,0.13002299315834076,cruise,0.10966917480533095,0.22510136119776963,R07,eastbound,0.006952302347926657,0.7538676946721731,666
775.8470057549347,16654.99631636667,13.533425159954183,34.018181291749116,-118.30062829922097,15.151777147934137,0.08380811674492428,cruise,0.10173873833994614,0.29446225537179416,R07,eastbound,0.006407906122398943,0.6948364979565697,666
776.8397777549945,16639.505850914025,13.67463553190466,34.01818023907408,-118.30046038935143,15.20226875643971,0.028755935815745204,cruise,0.12171371468214202,0.3075295506376461,R07,eastbound,0.007640110218384669,0.828449625625477,665
777.8325497550541,16624.54288970916,13.698220020176716,34.018180239074034,-118.30029819932469,15.174469785830427,0.011993778514884035,cruise,0.13312960865943463,0.27360878965663105,R07,eastbound,0.008372271753659026,0.9078410129821451,664
778.8253217551137,16609.221483850077,13.71413576532704,34.018180313284994,-118.30013212410154,15.204154890977337,0.003370786265234571,cruise,0.08452286605043187,0.22644826740559196,R07,eastbound,0.005304928263596346,0.5752359204675977,664
779.8180937551732,16593.456869475267,13.310347036584965,34.01818323911537,-118.29996274833314,15.221333538303464,-0.01262968611486226,cruise,0.1562459312392371,0.5084508632940984,R07,eastbound,0.009795241858287512,1.062139709828034,663
780.810865755233,16578.343190591353,12.784733099898716,34.018186782034725,-118.29979888116135,15.17548353730054,-0.013269131605989415,cruise,0.1987454680314928,0.42756034517118463,R07,eastbound,0.012497880957801973,1.3551983550823585,663
781.8036377552926,16563.190138320053,12.20351478669124,34.018190822989574,-118.299634581937,15.127910747040943,0.014690795566951742,cruise,0.21375152423289362,0.45860669062247206,R07,eastbound,0.013484517486781662,1.4621835476643654,662
782.7964097553521,16547.621626082604,11.567009787937415,34.018195329398054,-118.2994657742865,15.21853834829865,0.059597070785955,cruise,0.3145836994360564,0.5589748951412963,R07,eastbound,0.01972530803361815,2.1388989934301237,661
783.7891817554117,16532.261777297397,10.93903575152268,34.018199775408064,-118.29929922915065,15.265786390290161,0.07784863939997333,cruise,0.18899646007729978,0.4689872647318914,R07,eastbound,0.011813316836225128,1.280968157607946,661
784.7819537554716,16518.26434124726,10.668292281410277,34.01820142175636,-118.29914705139699,15.392605713022531,0.07549104364639092,cruise,0.08684998716373984,0.22981055083677296,R07,eastbound,0.005383108952367189,0.5837133848616965,660
785.7747257555311,16503.54962060836,10.562553497798223,34.01820170649162,-118.29898754860511,15.417559078951292,0.08126134279396435,cruise,0.16886145014032342,0.36653089341636114,R07,eastbound,0.0104490870706474,1.1330389254038908,660
786.7674977555907,16487.451367648242,10.762561687034413,34.018199172708826,-118.29881306601484,15.516438025962021,0.07040513266662796,cruise,0.18726100295297868,0.4212959123253996,R07,eastbound,0.011512536185805031,1.2483532332006644,659
787.7602697556503,16471.4300115422,11.173622400625518,34.01819474021158,-118.29863942845874,15.625997992229221,0.0592008126903254,cruise,0.1150065981469585,0.283889296942861,R07,eastbound,0.007020016324051983,0.7612102089248666,658
788.75304175571,16456.142668223692,11.59794650040567,34.018190466908514,-118.29847311358569,15.603544265976062,0.04370648577282221,cruise,0.19750323174042478,0.3805180712489769,R07,eastbound,0.01207326743422484,1.3091557058812369,658
789.7458137557696,16439.9916742246,12.096751267556101,34.01818597114676,-118.29829804617363,15.68309029425563,0.014257249601595134,cruise,0.24855362324346023,0.4768428183143924,R07,eastbound,0.015115563358982042,1.6390447844238627,657
790.7385857558291,16424.172960358424,12.551412016153336,34.01818187325808,-118.2981265804856,15.719689175713208,-0.006542218203251515,cruise,0.2710587210544234,0.4898467559512103,R07,eastbound,0.016445152260646308,1.7832177605111679,656
791.7313577558888,16409.237992717637,12.963629277888685,34.01817815791548,-118.29796469409433,15.594778271706037,-0.010702595076204524,cruise,0.20064011199892057,0.4145938635779034,R07,eastbound,0.012272036189051289,1.330709046842963,656
792.7241297559486,16393.450220734565,13.221929220017046,34.01817582984029,-118.29779356379835,15.652886702222842,0.011315478790607791,cruise,0.285575205188939,0.56368628254245,R07,eastbound,0.017401085464204852,1.8868736610118386,655
793.7169017560082,16377.755204613075,13.466392676346004,34.0181736264743,-118.29762343892217,15.6861413474282,0.021655965651972586,cruise,0.24370916616189578,0.5290396441359189,R07,eastbound,0.014818019737974763,1.6067808648749577,655
794.7096737560678,16361.407907305971,12.929326721467078,34.018178467086784,-118.29744624369604,15.695728243054509,0.003430145703284815,cruise,0.28636681295057964,0.5055367252702434,R07,eastbound,0.017400874716768596,1.8868508087715337,654
795.7024457561273,16345.819905428902,12.348158263135701,34.01818370519817,-118.29727727879224,15.680933348875547,-0.010990636189039726,cruise,0.23215103638754261,0.5472251817431187,R07,eastbound,0.014120030280041308,1.5310949011143775,653
796.695217756187,16330.420282025576,11.866668761242181,34.01818804489625,-118.29711035580185,15.678526816437566,-0.022565723725489484,cruise,0.14417279931111726,0.35980948307875094,R07,eastbound,0.008770334033385141,0.9510045979551963,653
797.6879897562467,16315.13588209812,11.364569254329256,34.01819212646672,-118.29694529190526,15.637875598817201,-0.03797822985282906,cruise,0.17365198163739465,0.34536804697672446,R07,eastbound,0.0105915480785304,1.1484865780258253,652
798.6807617563062,16299.839144996202,10.935865448062787,34.01819530896305,-118.29677946320155,15.604370281058369,-0.03606793961034427,cruise,0.1427549332173162,0.353839960264583,R07,eastbound,0.008726063201636434,0.946204123493442,651
799.6735337563658,16285.130981474378,10.816284483826319,34.018195731565946,-118.29662003077644,15.528867544996462,-0.006091069295297125,cruise,0.15812945644211449,0.40902890217594445,R07,eastbound,0.009713655672301097,1.0532929728956255,651
800.6663057564257,16269.724154456446,10.795389039489812,34.01819523359833,-118.29645303062327,15.57269142698838,0.036623290270526354,cruise,0.18092942027631143,0.39055480224855105,R07,eastbound,0.011082408950555202,1.2017127088065827,650
801.6590777564852,16254.00016784497,10.851984867826104,34.018194190312144,-118.29628201498133,15.633272194606448,0.07012282456897534,cruise,0.1616973321286928,0.4225808875019724,R07,eastbound,0.009865352705244855,1.069742126973055,650
802.6518497565448,16238.301536088962,11.030256857629865,34.01819258353441,-118.29611185091375,15.718117094232142,0.10236433139003331,cruise,0.4116907083442605,0.7521453316688669,R07,eastbound,0.02497984626199881,2.708670908194082,649
803.6446217566044,16222.382047057305,11.126986713614315,34.01819171170155,-118.29593929288133,15.80113773853571,0.15466320266261757,cruise,0.5368173593512285,1.2727151464647621,R07,eastbound,0.032397988897875235,3.5130516453645924,648
804.6373937566641,16206.18708011337,11.22534184390679,34.018190825219975,-118.29576374882805,16.014572535112165,0.1788619473074533,cruise,0.18679718799611109,0.5253511315605248,R07,eastbound,0.01112076351786025,1.2058716575673523,648
805.6301657567237,16188.606604092609,11.255486864544814,34.018190178448556,-118.29557377621269,16.25808853598443,0.17754660286003698,cruise,0.22760405625573724,0.5121475609386763,R07,eastbound,0.013343734424936077,1.4469178418634558,647
806.6229377567832,16172.257605116081,11.209958559162132,34.018189878051786,-118.29539656222256,16.32658109576136,0.16246757160446812,cruise,0.2003184900672781,0.5883430425538195,R07,eastbound,0.011693950665127344,1.2680247763043169,646
807.6157097568429,16155.855258377622,11.157990985271914,34.01818963337272,-118.29521876964368,16.546708954037367,0.1248800993409187,cruise,0.14683838394287033,0.4215791320246729,R07,eastbound,0.00845596900654406,0.9169166618715595,646
808.6084817569027,16139.225673211851,11.10530342592416,34.0181893853041,-118.295038513923,16.693711653098763,0.015018152393336592,cruise,0.21708625788897817,0.4982965776817296,R07,eastbound,0.012389356799385748,1.343430619298273,645
809.6012537569623,16123.061124275086,11.0626696711018,34.01818922950101,-118.29486287922913,16.634822774589058,-0.18607949344639074,cruise,0.30593413922894513,0.7378988331052341,R07,eastbound,0.017522880565159146,1.9000804215040892,644
813.5723417572008,16063.454432546898,10.873026883555337,34.01819022719759,-118.29421677508948,14.601613016800636,-0.23863237007594407,cruise,0.23262096612681682,0.4530491624057268,R07,eastbound,0.015213099411857592,1.6496210332187158,642
814.5651137572603,16048.992245373975,10.713351923941335,34.01819149371283,-118.2940600112095,14.629221271149188,0.0014748005371352235,cruise,0.16623937332097372,0.32686939550453453,R07,eastbound,0.010850962293190616,1.1766159639736922,641
815.5578857573199,16033.849360605438,10.920517368793165,34.01818635080813,-118.2938995795275,14.91952686702566,-0.020681200300556313,cruise,0.19477309043691787,0.47798519829158126,R07,eastbound,0.012461854408497014,1.351291843208688,641
816.5506577573798,16019.163431905212,10.93980516669579,34.0181822254095,-118.29373799584208,14.856975684418432,-0.2875167802726075,cruise,0.18061464377879208,0.4243658231431508,R07,eastbound,0.011605469190690722,1.258430353936506,640
831.442237758274,15877.063553943528,12.568800279519953,34.018158391842796,-118.29219711049014,6.031536278672442,-0.15381613067577815,cruise,0.04444801994809505,0.09066737306619527,R07,eastbound,0.007144952661072989,0.7747575869958017,635
832.4350097583339,15871.052735546642,12.596649680131392,34.0181578738168,-118.2921319589825,5.9931960407828315,-0.0353902652900322,cruise,0.03220841444419685,0.07042493458638469,R07,eastbound,0.005211147717391902,0.5650668972240495,634
833.4277817583934,15864.751873012738,12.599113892741542,34.01815757170176,-118.29206366224652,6.034709901032766,0.011655004416471826,cruise,0.029370130753133657,0.06294711628176336,R07,eastbound,0.004718678990851118,0.5116664199438634,634
834.420553758453,15858.624092208172,12.585246139771353,34.01815742447492,-118.29199724072085,6.032428729707905,0.020308640245663145,cruise,0.025952524818365564,0.05932470970742606,R07,eastbound,0.004171201703524945,0.4523011306012557,634
835.4133257585125,15852.39266655202,12.373300609074136,34.01815905791082,-118.2919296851764,6.061728162018834,0.01538439609313036,cruise,0.032038978030161945,0.09763308729285541,R07,eastbound,0.005124125712143323,0.5556307313038402,634
836.4060977585723,15846.032042572382,11.940384511114615,34.01816267720607,-118.29186071740868,6.087148876167831,0.0036151152998047387,cruise,0.02254812261007551,0.06536841501575034,R07,eastbound,0.0035908955881158804,0.38937607188914997,633
837.3988697586319,15839.777206892772,11.523766569456921,34.018166154306165,-118.29179289718162,6.071628940647358,0.0016615348063528934,cruise,0.024674843268096422,0.057234746007659876,R07,eastbound,0.003939803537759975,0.42720964391862737,633
838.3916417586914,15833.597031242114,11.101325376978526,34.018169687207624,-118.29172588590505,6.044061862559189,0.019797091352564244,cruise,0.028251273771973832,0.06653105599131108,R07,eastbound,0.0045317768398013564,0.49139982526919807,633
839.3844137587511,15827.133357127053,11.01325649999824,34.01817019383102,-118.29165581957065,6.114712327024702,0.027849328856236255,cruise,0.02612071971134137,0.06652084782299483,R07,eastbound,0.004140775353089022,0.44900187209486214,633
840.3771857588109,15820.716405756131,10.74803765068902,34.01817229917551,-118.29158625021331,6.161989477655182,0.006361167061355921,cruise,0.02979271317671979,0.07453234066114342,R07,eastbound,0.004686019846642686,0.5081250501181223,632
895.9724177621503,15580.498065432152,12.697822933486915,34.018146075314924,-118.28898218194082,16.80045089900357,-0.052164990125259436,cruise,0.1675407697525885,0.4846629066564184,R07,eastbound,0.009499949312188278,1.0301198838997077,623
8.438124667172815,15426.479371768295,8.127033521268215,34.01832697817611,-118.28731183938845,13.789999961853027,0.0809903851467002,cruise,0.3363443250631226,0.6891500747312062,R08,westbound,0.02331399864114278,2.163098494609582,617
9.430896667232446,15443.193732931426,8.027038473381086,34.01832713178045,-118.28749301652199,13.772605859438157,0.22292372571359564,cruise,0.3105067042255383,0.5875313567235569,R08,westbound,0.021550691950980243,1.9994969560775104,617
12.409212667411339,15487.076053013863,7.867796300589871,34.01832827223716,-118.28796888684735,15.220000267028809,0.2614740355937739,cruise,0.18541806251748325,0.43602581241664945,R08,westbound,0.011625112988080812,1.0785907982257354,619
13.40198466747097,15502.315160342632,7.869786366091806,34.018328914284595,-118.28813406813323,15.220000267017522,0.07700100864382975,cruise,0.15785191393670864,0.3337033211621504,R08,westbound,0.009896804604607505,0.9182364411694215,620
14.3947566675306,15517.892947992821,7.871820669864957,34.01832957060125,-118.28830292047738,15.245378862593686,0.01067297881039142,cruise,0.20459558042176798,0.41746884158288444,R08,westbound,0.012805760750529716,1.1881325991380227,620
15.387528667590232,15533.742462883543,7.8738903945346,34.01833023836563,-118.28847471815513,15.319999694780117,-0.08927919052768374,cruise,0.15893626492336088,0.37299836532717845,R08,westbound,0.009898630775770812,0.9184058753430719,621
16.380300667649863,15549.073195772698,7.875892485860579,34.01833088427394,-118.28864089259811,15.18357584638733,-0.20717149290363768,cruise,0.1582699658405522,0.37395703343851316,R08,westbound,0.0099472297747034,0.922914944038182,621
225.855192680232,16155.460217629468,4.156923639761222,34.01832764897488,-118.29521368698305,16.33093194516048,0.1355451717884879,cruise,0.30246302785315304,0.5870039319206088,R08,westbound,0.017652036018431606,1.637775360889011,646
226.84796468029162,16173.084076531393,4.487354358956475,34.018331393298965,-118.29540469989901,16.37645361793319,-0.06488865442245384,cruise,0.26164700351698295,0.6165516810508862,R08,westbound,0.015226798083422453,1.4127591117660245,646
227.84073668035126,16187.401580687492,3.8822772286798646,34.01832656218687,-118.29555992317356,15.982680655840456,-0.14004112708520822,cruise,0.22818833484629172,0.6439561096724413,R08,westbound,0.013612513765025883,1.2629840331643936,647
228.8335086804109,16204.924914293144,4.45830421987921,34.01833218300334,-118.29575006768225,15.892862643947058,-0.1351363337835112,cruise,0.23952158720181738,0.6371163048835364,R08,westbound,0.014370740530155704,1.3333331482806077,648
229.82628068047052,16222.442117018778,4.967092340346426,34.01833676874575,-118.2959399440049,15.980349460184692,-0.10907495179496962,cruise,0.33265256215375233,0.9895002353094655,R08,westbound,0.019847243825258494,1.841449161140622,648
230.81905268053015,16236.076690333117,5.035182725638151,34.01833738244908,-118.29608773487553,15.573827403363051,-0.04586445189222221,cruise,0.6486464738689955,1.0553296945174733,R08,westbound,0.03972837647612712,3.686042564879423,649
231.81182468058978,16250.852433340777,5.108971988782287,34.0183380475168,-118.29624789536408,15.651996548125066,0.11502824626439256,cruise,0.38062817718508624,0.8391111755651454,R08,westbound,0.023194333685159604,2.151995848078243,650
232.8045966806494,16267.393383060793,5.144006340281663,34.01833879088908,-118.29642691282629,15.948017894186606,0.25040388932366753,cruise,0.21364528201531588,0.4973603612220544,R08,westbound,0.012773129852411705,1.185105068439266,650
233.79736868070904,16285.494913226059,5.091247724487496,34.01833912171085,-118.29662312334965,16.291339902004648,0.22145407041788445,cruise,0.16900243385302025,0.3634753276195437,R08,westbound,0.009887528918444664,0.9173758327819823,651
234.79014068076867,16302.553055528762,5.011291903542812,34.018339160927596,-118.29680802574858,16.42604786964288,0.11776512271325146,cruise,0.1273167329362827,0.32468128481320113,R08,westbound,0.007386564492500087,0.6853335963512925,652
235.7829126808283,16319.022536713252,4.929894277066688,34.01833916092748,-118.2969865475574,16.493086975129458,0.042178915734771394,cruise,0.10848253129206087,0.24266336957503712,R08,westbound,0.006267834565770193,0.5815366004934639,652
236.77568468088793,16334.185864374727,4.900048631243408,34.018339164476174,-118.29715117253157,16.447754319541616,-0.006077781102423074,cruise,0.15626147105736166,0.36805298726654245,R08,westbound,0.009053688011403894,0.8400111542244062,653
237.76845668094757,16350.095799873337,4.79199266852811,34.01833819056033,-118.29732362700922,16.520877731312044,-0.1342016473931853,cruise,0.17557734137431083,0.513563500410197,R08,westbound,0.010127037957486299,0.93959774545217,654
243.72508868130535,16438.056704410104,5.787782973144203,34.018347165687004,-118.29827707222258,13.258402038910498,0.16894997184639937,cruise,0.19482752305904294,0.41460777028216966,R08,westbound,0.014055611600885686,1.3040951388338295,657
247.69617668154388,16497.109175974976,5.993215142960153,34.01835063038236,-118.29891683454898,15.77381588272866,0.2017848683563157,cruise,0.12648481886167628,0.3074232458436238,R08,westbound,0.0076470587122520065,0.7095025372212426,659
248.6889486816035,16511.390167175865,6.301435140180187,34.01835405694051,-118.29907161341494,15.754979514616496,-0.009518027079391977,cruise,0.1727867882660767,0.38743912547972437,R08,westbound,0.01045910215277146,0.9704070275487853,660
249.68172068166314,16525.419663770255,7.125881377799397,34.01836212480042,-118.29922363806412,15.669672669620354,-0.10845320522836666,cruise,0.22928774761323084,0.44909663739149563,R08,westbound,0.013956071976945351,1.2948597427950148,661
250.67449268172277,16539.52731625805,7.701609201470306,34.01836835249689,-118.29937620887904,15.520631068739434,-0.1407758884538941,cruise,0.1549658593049372,0.32984050948983823,R08,westbound,0.009524459268150506,0.8836898303901067,661
251.6672646817824,16553.832017393976,7.982702015329471,34.018372016275684,-118.29953123087435,15.362148495801064,-0.1310946813457532,cruise,0.1697922834997738,0.40215364041076707,R08,westbound,0.010545236971485144,0.978398710981598,662
252.66003668184203,16567.990191649245,8.271778455951209,34.01837574043004,-118.29968466390554,15.223953526392522,-0.041845669934565954,cruise,0.19860794733070875,0.4117084800053934,R08,westbound,0.012448787026023209,1.1550121834606994,662
253.65280868190166,16582.555145772545,8.5886679612416,34.018379747399855,-118.29984250338207,15.185467437986446,0.10185591535491856,cruise,0.2849342219843811,0.5486237543161842,R08,westbound,0.017905779095633487,1.6613179233109023,663
254.6455806819613,16598.23582372152,8.731765069802142,34.01838227619227,-118.30001245270924,15.448052869945409,0.20890668760558384,cruise,0.19271563225977723,0.4545817509954943,R08,westbound,0.011901231146807183,1.104209345377118,663
255.63835268202092,16614.505325673323,8.151457844128467,34.01837731407918,-118.30018977138577,15.74476735707702,0.25509437463380547,cruise,0.1490860099725688,0.339430188082365,R08,westbound,0.009030404482789755,0.8378508827724913,664
256.63112468208055,16630.90388963367,7.338084366587326,34.018369750134134,-118.30036750819541,15.909033867782108,0.273549542082943,cruise,0.21007280127334416,0.41540812365468394,R08,westbound,0.0125908496989774,1.1681929148632109,665
257.6238966821402,16647.74087228261,6.363207478233034,34.01836072432121,-118.30054999444431,16.243989755204726,0.24554371300200017,cruise,0.3248816188135912,0.6282222857000359,R08,westbound,0.019063638387990165,1.7687453848466759,665
258.6166686821998,16665.572629639337,5.3393354323131135,34.018351242780035,-118.30074326262387,16.57826442787218,0.12154288086732201,cruise,0.4088782596407852,0.7604758056342008,R08,westbound,0.023500447785886818,2.180397451795131,666
259.60944068225945,16683.676459231014,4.751965365659327,34.01834614415917,-118.30093922071524,16.53815033534133,-0.05364507205040958,cruise,0.28057498406602854,0.48108737323721357,R08,westbound,0.016165952226984633,1.4998948685023528,667
260.6022126823191,16701.266952654845,4.533376078486731,34.018344743174296,-118.30112989874381,16.338859501235476,-0.18000596449527784,cruise,0.19697643949696114,0.4083094580407499,R08,westbound,0.011490062671849014,1.0660606810101487,668
261.5949846823787,16717.935715287724,4.765752255637437,34.01834737692229,-118.30131056826104,16.163850729004466,-0.23650113767641834,cruise,0.1707935086789706,0.4318123589010304,R08,westbound,0.01007248978290729,0.9345367056823842,668
262.58775668243834,16733.295359793465,4.829182647236965,34.0183484456019,-118.30147705436227,15.880334745841196,-0.2520559387891961,cruise,0.1673978994497605,0.30684515888236485,R08,westbound,0.010051545891146804,0.9325935083168999,669
277.4793366833328,16918.00428542826,6.5517734089924575,34.01836440158222,-118.30347931836684,15.481926599068244,-0.0736452598175088,cruise,0.15809250995023486,0.31258681715408587,R08,westbound,0.009741338163588149,0.9038120933898938,676
339.03120068703,17155.32594739047,6.355297748675906,34.018376512898314,-118.30605117880978,16.287951741288285,0.06611361664264237,cruise,0.1925292208674141,0.4304970740575306,R08,westbound,0.011266352774325108,1.0453046301064972,686
340.0239726870896,17170.359778324455,5.035950224670172,34.01836567432876,-118.3062142429826,15.861071446909506,-0.22718237568901856,cruise,0.16491428668369573,0.34609281182763485,R08,westbound,0.009914648811342448,0.9198920463412319,686
341.0167446871492,17185.653061727506,6.823398330442154,34.01838285484074,-118.306379857823,15.614986775794168,-0.2820110092031971,cruise,0.12250778852163623,0.2955482040974848,R08,westbound,0.007483253794735439,0.6943045364002061,687
342.0095166872089,17201.003948973837,6.325083743669779,34.018379684237125,-118.3065459798444,15.400471320711466,-0.2586276920265611,cruise,0.23708159952318603,0.5866950900500562,R08,westbound,0.014687083903872179,1.3626838352218968,688
343.0022886872685,17215.364847389363,5.963598938056663,34.01837801063954,-118.3067016799561,15.068716065613376,-0.2623331114984131,cruise,0.4127637664301492,0.7746589632824198,R08,westbound,0.0261432605615096,2.4256005344785225,688
343.99506068732813,17230.276355637525,4.689585627409619,34.01836817371712,-118.30686346897774,14.866792170586153,-0.28833209662039483,cruise,0.25228737226410825,0.5315274719250442,R08,westbound,0.01619994220302779,1.503048495949213,689
351.9372366878052,17325.275907942734,7.055465184203754,34.01839846264209,-118.30789305969614,10.441990156305783,-0.22938915070009003,cruise,0.07747112211618618,0.18553508502704852,R08,westbound,0.007125760138120434,0.6611358808486979,693
352.93000868786476,17335.666315262206,7.039042077168182,34.01839949393801,-118.30800538541602,10.336040072281078,-0.2780739300982491,cruise,0.07553067935278492,0.15915892043612795,R08,westbound,0.007019723876375593,0.6512977195926737,693
460.1493846943049,17671.32051360946,7.746189247150318,34.018458801663954,-118.31164224377969,15.594174957793436,0.29901802032246483,cruise,0.19603722780847097,0.4646560266556258,R08,westbound,0.011990975318439118,1.1125359085525333,706
461.1421566943646,17688.931204504202,9.100325043054351,34.01847075513606,-118.31183505509574,15.830340672736837,0.09568832641101199,cruise,0.17476740676845817,0.5288198238928842,R08,westbound,0.010527766554659305,0.9767777864496096,707
462.1349286944242,17706.168472363963,8.45663054730423,34.018464692529236,-118.31202188510376,15.877622847174573,0.07388168839246312,cruise,0.1946394474756394,0.43361442120402577,R08,westbound,0.011689317796711245,1.0845477911480093,708
463.12770069448385,17723.654352760946,7.922194609678891,34.01845961091224,-118.31221141191297,15.781318788812627,0.047796429287199516,cruise,0.25881471181792465,0.5905006813816992,R08,westbound,0.015639933514486757,1.451090272488837,708
464.1204726945434,17743.10291211114,5.993952212093713,34.01844210945575,-118.31242197071734,16.08328287103665,0.019075331324957645,cruise,0.3275681850640727,0.5856483185988833,R08,westbound,0.019416665613137686,1.8014996399629648,709
465.1132446946031,17760.36911750207,5.0045281756059845,34.018433449866336,-118.3126091439072,15.909386389069741,-0.011437971847753303,cruise,0.3506597348576344,0.7970248328842258,R08,westbound,0.02101654510842288,1.9499382231968576,710
466.10601669466274,17777.83435352071,4.211239177860046,34.018426561028804,-118.3127984709441,15.863179975905124,-0.024140418940506336,cruise,0.24736611350909568,0.5674511019770613,R08,westbound,0.014869642850363053,1.379621855525074,711
467.0987886947224,17794.007153351024,3.592502135403549,34.01842122611483,-118.31297378560271,15.933289894816644,0.07172370551547225,cruise,0.16546571792578793,0.3776141813171905,R08,westbound,0.009901938109703292,0.9187127334312376,711
468.09156069478195,17810.53024910165,3.1797193811302558,34.01841871551573,-118.31315229128276,15.915583773326688,0.1491491022992868,cruise,0.15939237403932718,0.43487525185645426,R08,westbound,0.009549286216536295,0.885993302029857,712
469.08433269484163,17828.52120722429,2.087135990500452,34.0184119433541,-118.31334737553867,16.284214311105842,0.11985508288389113,cruise,0.184552578334293,0.564894348751668,R08,westbound,0.010802099877780968,1.0022307345860355,713
470.07710469490127,17845.86410953655,0.45691052641307783,34.018400983040394,-118.3135357305846,16.40068187519649,-0.11981961211450276,cruise,0.2056246804292424,0.4816679208390334,R08,westbound,0.01194854363563448,1.1085990502464471,713
474.0481926951398,17902.080896496587,1.5450396473959704,34.01839446308589,-118.31414542737312,14.034700412537951,0.037541202571406806,cruise,0.3289929518605584,0.8695919136972563,R08,westbound,0.022400049022889307,2.0783012415161424,716
485.96145669585536,18128.53279103424,10.795803651740997,34.018715293993594,-118.31656163033048,21.288435388811166,0.22691920359956796,cruise,0.4398003634710926,0.8247844592555476,R08,westbound,0.01960039283163322,1.8185460538306037,725
486.954228695915,18149.296351255813,10.54645931157854,34.018746122555314,-118.31678363697232,21.178908551496843,-0.01851707424637894,cruise,0.4568181673626154,0.8871434691585819,R08,westbound,0.020465919588963488,1.8988505805076135,725
487.94700069597457,18170.344126710646,10.25515647107985,34.01877862902409,-118.31700704948574,21.165579902978276,-0.05920039503429564,cruise,0.44675756746018114,0.8919102851635867,R08,westbound,0.02002801556131412,1.8582213620894472,726
488.93977269603425,18190.572964695875,10.068090565612835,34.01881086925605,-118.31722470041088,20.94260205793733,0.09897740332007565,cruise,0.4447029960453164,0.7525844442505167,R08,westbound,0.020151840247822742,1.8697099530045052,727
489.9325446960939,18211.350106338356,10.21133476793924,34.01884436954518,-118.31744628507481,21.1721069148756,0.29325289293065815,cruise,0.5079292963581497,1.0837610654796999,R08,westbound,0.022763186436879856,2.11199353109847,728
496.8819486965113,18377.403072425885,11.02718592015202,34.01917529652024,-118.31919098564224,24.531786546722707,0.25187044256561464,cruise,0.26077974493575595,0.68768154439201,R08,westbound,0.010060931827264393,0.9334643458166769,735
497.87472069657093,18401.88376900608,10.896526680429997,34.01923110507424,-118.31944771776826,24.476845463524107,0.1096045789206741,cruise,0.34967718063391684,0.7515927787368069,R08,westbound,0.013521414414027775,1.254531734953474,736
498.86749269663056,18426.17389692986,10.883942887104803,34.01928749850047,-118.3197021239025,24.63603675219039,0.14589362892411728,cruise,0.2552078349145081,0.6794718112997978,R08,westbound,0.009803586977659621,0.9095876069807548,737
499.86026469669014,18450.11462259005,11.180490097237158,34.01934577098246,-118.31995200622455,24.632013564299548,0.24865757371888542,cruise,0.26459965844716876,0.5849861922475811,R08,westbound,0.010166054432623329,0.9432177370260283,738
500.8530366967498,18476.30840294524,11.827954480878578,34.01941311291589,-118.3202216719681,25.245653104644926,0.23162923377415545,cruise,0.2226023614322938,0.519470958704709,R08,westbound,0.008341081949651875,0.7738947782585415,739
501.84580869680946,18501.706346911997,12.474998472132167,34.019482059879614,-118.32048428068624,25.34839077181478,0.09530403795093534,cruise,0.2003880182413796,0.40549848987491033,R08,westbound,0.0074777380409642704,0.6937927786849081,740
502.8385806968691,18527.12978146751,13.268745074325704,34.01955241744925,-118.32074650397549,25.29938965079269,-0.045225873168641684,cruise,0.23624626449220645,0.6018082804264563,R08,westbound,0.008833203837321738,0.8195543894976252,741
503.83135269692866,18552.038464786106,14.018338517925079,34.01962129578121,-118.32100360703959,25.14596810037364,-0.009584592620422328,cruise,0.2728200487883426,0.6504653140982505,R08,westbound,0.010264001599523478,0.9523053831451755,742
504.82412469698835,18577.163046964117,14.500112502820427,34.01968839607429,-118.3212637648743,25.178681892725624,0.08130721349001391,cruise,0.24520478009821392,0.5547464566158327,R08,westbound,0.009212871577246807,0.8547803809427154,743
505.816896697048,18603.099277759575,14.615473454621265,34.01975435686266,-118.32153347769295,25.412006638768673,0.04210558231415895,cruise,0.19822060772726321,0.4682949604451004,R08,westbound,0.007378023049336832,0.6845411118387635,744
506.8096686971076,18629.224834849883,14.826457241382403,34.01982027267705,-118.32180682320214,25.517668262132194,-0.24850508487307188,cruise,0.22625971377457668,0.5640264141146519,R08,westbound,0.008386203788812382,0.7780812322368764,745
510.78075669734613,18721.20169294616,14.595209652268272,34.02004153470767,-118.32276763502983,22.54866190042672,-0.2528763335218098,cruise,0.4404077186128631,0.8269342106362589,R08,westbound,0.01851217389969658,1.71757990170414,748
511.7735286974057,18743.21551694445,14.496737987693434,34.020094093733675,-118.3229977601375,22.63380679769542,0.1055588680495596,cruise,0.4428942609482119,0.7752874894253778,R08,westbound,0.018545458092676124,1.7206680458203232,749
512.7663006974653,18765.84298524137,14.52565995023061,34.02014923612544,-118.32323389352932,22.924934294764665,0.26368161284970526,cruise,0.41133337683047383,0.7194105342762452,R08,westbound,0.017001431395809407,1.5774115467942216,750
513.7590726975251,18789.0436794455,14.657280520842665,34.020206660561904,-118.32347571145381,23.264889289142353,0.25651693233888295,cruise,0.37587022334087705,0.8841280029040529,R08,westbound,0.015304762540570258,1.4199927400459824,751
514.7518446975846,18812.564468195265,14.9178650282082,34.020265980974244,-118.32372049473753,23.488233741986416,0.18757698259388889,cruise,0.3875485646724907,0.9877949185488444,R08,westbound,0.015627663743859477,1.4499518696441944,752
515.7446166976442,18836.36412261643,15.241862752213299,34.02032652833546,-118.32396800421473,23.598484318277112,0.1608203089415916,cruise,0.36903712792263704,0.7257026733935772,R08,westbound,0.01481048402222029,1.3741330342349907,753
516.7373886977039,18860.32528695783,15.514458415523888,34.02038702130498,-118.32421734972489,23.708666322679118,0.20818797786569831,cruise,0.36204571042367917,0.7658197928890962,R08,westbound,0.014461214959602016,1.3417274655810563,754
517.7301606977636,18884.90769017104,15.639020544134066,34.02044792835309,-118.32447314256638,24.00240410699855,0.26786588837020275,cruise,0.3241964149920361,0.7599444113836147,R08,westbound,0.01278821630752624,1.1865048063756687,755
518.7229326978231,18909.81862487686,15.62156794643452,34.020508705041586,-118.3247330818504,24.324413124309675,0.23695150515719554,cruise,0.2888074390065831,0.5881854091187073,R08,westbound,0.011238877904705503,1.0427554814156808,756
519.7157046978828,18934.75096503984,15.569184101431144,34.020569231060456,-118.3249933471992,24.578316039116736,0.12611990773255144,cruise,0.2627809648745278,0.5431028436840871,R08,westbound,0.010118616804329732,0.9388164215790656,757
520.7084766979424,18958.816925056988,15.543388517076757,34.020627868704246,-118.32524449566844,24.544187308713106,0.061868569456693834,cruise,0.2868987893057858,0.6653262444597375,R08,westbound,0.011062920987762197,1.0264300046918153,758
521.7012486980021,18982.719371923744,15.592713117113133,34.02068631858547,-118.32549445593668,24.533879800877006,-0.016166284121457153,cruise,0.29742546130952435,0.5760840646961214,R08,westbound,0.01147373461234508,1.0645457456497887,759
522.6940206980616,19007.18587673786,15.628458698698843,34.020745755576876,-118.32574984410086,24.737377663191513,-0.1593954116198244,cruise,0.23603634220386593,0.5333378457599498,R08,westbound,0.00902934806007349,0.8377528667083062,760
523.6867926981213,19030.119766849482,15.642663959886589,34.02080130176242,-118.32598929050312,24.28882907931366,-0.1848273765095474,cruise,0.2347051271833309,0.4653521602387758,R08,westbound,0.00914710962212508,0.8486789142524257,761
524.6795646981809,19053.164224486765,15.656946309385322,34.02085711581867,-118.32622989128535,23.839778220711608,0.045883477011038565,cruise,0.27566574908845753,0.5194297526426239,R08,westbound,0.010949338882206667,1.0158917317287133,762
527.6578806983598,19129.28027758395,15.446856025470991,34.0210398682697,-118.3270249565572,25.23386974551959,0.19058728720894536,cruise,0.2783130340974259,0.6683511622261165,R08,westbound,0.010433557362220066,0.9680369537215815,765
528.6506526984194,19154.337220137342,15.335985407631256,34.02110012342511,-118.32728618112928,25.292852927412174,-0.004333624316469553,cruise,0.30409044167653226,0.7249005635577533,R08,westbound,0.011372873993779935,1.0551877862734573,766
529.6434246984792,19178.707966596303,15.187120226348275,34.02115859531256,-118.32754081947468,25.141923136394976,-0.0667177539894741,cruise,0.28361110464359457,0.5866131054760156,R08,westbound,0.010671727522055384,0.9901346437030649,767
530.6361966985387,19203.237041909888,15.11026217681956,34.021218079982866,-118.32779689691095,25.03511995590253,-0.02489139905959803,cruise,0.2704845843690944,0.7784687380743944,R08,westbound,0.010221970814839719,0.9484057206086832,768
531.6289686985983,19227.98903092529,15.26788887568633,34.02127977537997,-118.32805861394392,25.094189608623527,0.040560317533911316,cruise,0.28582817556706774,0.49931323101591174,R08,westbound,0.010775961978196231,0.9998056314488918,769
532.621740698658,19253.25743741992,15.884458610893603,34.02134213740858,-118.32832212536447,25.1923175510116,0.030884920094800705,cruise,0.29825341127067906,0.6261020087992737,R08,westbound,0.01119985316728713,1.0391347232582513,770
533.6145126987177,19278.702833160598,16.211150208755782,34.021402569775994,-118.3285875622351,25.22632842665309,-0.05802300956899131,cruise,0.2708094793162291,0.6530923854846533,R08,westbound,0.010155347029096483,0.9422242923232725,771
534.6072846987772,19303.499932885577,16.252659829533428,34.02145963097067,-118.3288474410568,25.086951241238125,-0.11876838644423238,cruise,0.3114290171826432,0.6860727802354639,R08,westbound,0.011744581149490629,1.0896751859396177,772
535.6000566988369,19327.995593840682,16.302560408114847,34.021516076070775,-118.32910413627525,24.853934202841362,-0.09891369646954473,cruise,0.3626912170158351,0.713835928675673,R08,westbound,0.013808228154592997,1.2811426299783681,773
536.5928286988965,19353.330317535412,15.452479243590554,34.021566593482504,-118.32937210373176,24.85725220349881,-0.07578200009955616,cruise,0.37095712005034726,0.8821889965436109,R08,westbound,0.014121006568234548,1.310162555993996,774
537.5856006989562,19377.630927698407,13.567960876735336,34.02160515138847,-118.32963491184944,24.86683497472823,-0.07904249024796783,cruise,0.2674769568113642,0.7781859847279504,R08,westbound,0.010177896827954868,0.944316487519606,775
538.5783726990157,19400.939385412643,11.997721496335176,34.0216411206734,-118.3298844124735,24.622644982507104,-0.005942405168946507,cruise,0.35547790346626135,0.9368034691120122,R08,westbound,0.01366292912065308,1.2676616254359292,776
539.5711446990754,19424.599609154597,11.28876003386921,34.021685382537065,-118.33013540821568,24.617714397034053,0.15554985657047737,cruise,0.24997515786777125,0.5493533838364371,R08,westbound,0.009609848192251826,0.8916123088985315,776
540.563916699135,19449.87764862315,11.71972227286475,34.02174310286769,-118.3304003256484,25.070976060404607,0.10031883397085295,cruise,0.3743199474586563,1.1073243675501263,R08,westbound,0.014125467539462248,1.3105764498221488,777
541.5566886991948,19475.532403252142,12.93928854629728,34.02180882080709,-118.33066726806412,25.34505715012951,-0.29829780398814343,cruise,0.3205799316418084,0.8220983795386185,R08,westbound,0.011964455257610921,1.1100753480739378,779
555.4554967000295,19715.576231299015,15.729581664977601,34.022337279336554,-118.33319286200023,13.352390465114295,-0.29996076651738246,cruise,0.11147813607807082,0.2879836028020283,R08,westbound,0.007984882388967643,0.7408461903540648,788
556.4482687000891,19729.77113093782,15.665611645660855,34.022365383167106,-118.33334297000711,13.644503249255255,-0.17837704207612237,cruise,0.10784051433624182,0.27236126675711936,R08,westbound,0.00755614688330611,0.701067637513046,789
625.9423087042633,20006.209352012433,4.586538071121637,34.02272601028327,-118.33631486064002,17.00868880127834,0.0838402989614373,cruise,0.16136380773567294,0.4234686631146928,R08,westbound,0.00903576624771742,0.8383483532331362,800
633.8844847047403,20106.618939341646,1.630918991481234,34.022916480918276,-118.3373797700408,9.01085333491698,0.01327583010549116,cruise,0.06100106213496916,0.15177314927825442,R08,westbound,0.006518495215618307,0.604793171907493,804
637.8555727049788,20150.74880840016,2.0730156581143593,34.02298547489851,-118.33785087550156,11.823413931178429,0.28330822944920886,cruise,0.07667341897522917,0.22149895657487045,R08,westbound,0.006215103146767075,0.5766441213087485,806
638.8483447050385,20162.910095551313,2.2642985966122335,34.023003843722186,-118.33798084912979,11.898701515364591,0.11314565640329288,cruise,0.07703346022353619,0.17787510441629917,R08,westbound,0.006204100443264862,0.575623278348748,806
639.8411167050981,20175.12736380652,2.5039453452578098,34.023021876362264,-118.33811151526757,11.973676460840386,0.07329734360128093,cruise,0.08987115901009403,0.31029712244506563,R08,westbound,0.007191920551054284,0.6672743168940448,807
640.8338887051578,20187.368818847586,2.6475089931794007,34.023040800277755,-118.33824224850709,12.045759557764228,0.06850913032129746,cruise,0.11109073748313282,0.26542260797684714,R08,westbound,0.008835901720863867,0.8198047021067335,807
641.8266607052174,20199.480626332966,2.9920981274223064,34.02305772905603,-118.33837199904241,12.11296119121542,0.08392623673852828,cruise,0.12064777117401371,0.24909893407165126,R08,westbound,0.009541894959490425,0.8853075330532312,807
642.819432705277,20211.66667214364,3.4142382304474177,34.02307409315032,-118.33850269455189,12.167500462978072,0.20730836393484164,cruise,0.07484396494483184,0.15790329429288485,R08,westbound,0.00589233604133645,0.5466974334576826,808
658.7037847062311,20491.51506884289,1.0257684645883276,34.023474471995755,-118.34149619267703,21.850249256401707,-0.05759496385920748,cruise,0.30389636312767604,0.7079831929047986,R08,westbound,0.01318947288781193,1.2237338342283366,819
666.6459607067081,20630.018079160775,2.881216906796538,34.02363581721153,-118.3429849865422,13.782238391602883,-0.016299083876715414,cruise,0.13017505976224972,0.3043391392263573,R08,westbound,0.00902836610162108,0.8376617595206087,825
670.6170487069467,20690.398934801604,3.080576112813625,34.023705963308494,-118.34363354071884,16.210681555163433,0.2625143952578899,cruise,0.19113350635361748,0.399492637824576,R08,westbound,0.011238911334285373,1.042758583048953,827
671.6098207070063,20706.401081874475,2.9067182676658057,34.02372588160644,-118.34380534300833,16.271021993354573,0.06633849882198284,cruise,0.11108686289214102,0.3127751450183286,R08,westbound,0.006507419523995438,0.603765557029198,828
672.6025927070658,20722.15168472597,2.6856040249098787,34.02374593369083,-118.34397437567574,16.266820130023802,-0.011215490023174013,cruise,0.11054959935167717,0.23287521031192848,R08,westbound,0.006477648436206302,0.6010033626853274,828
673.5953647071256,20737.325700827463,5.73074572540571,34.02373612470135,-118.3441417172425,16.187010636575764,-0.08473203317369205,cruise,0.17315688282683245,0.3728271658814387,R08,westbound,0.010197006975245226,0.9460895480516844,829
728.1978247104051,20937.030482878923,9.013614728131351,34.02393135794848,-118.34629323186982,4.580292495117305,0.07052504543636395,cruise,0.05286049578095303,0.12380087649544283,R08,westbound,0.011242662335813116,1.0431066051056936,837
729.1905967104649,20941.731013532764,9.039981836255262,34.02393618646062,-118.34634385171198,4.634035595168145,0.06964823886851468,cruise,0.05542969374494233,0.12334906449592088,R08,westbound,0.01165003183857007,1.080902796643956,837
730.1833687105245,20946.529972052696,9.13231016974776,34.023940530771085,-118.34639561627368,4.688963919820094,0.07158778272595612,cruise,0.05503713262750116,0.13652182711155925,R08,westbound,0.011429701124781618,1.060460270132395,837
731.176140710584,20951.73128016537,9.361453029055582,34.02394408430545,-118.34645188807565,4.7962412743370795,0.06985675310436434,cruise,0.03541879827575148,0.09956420554755224,R08,westbound,0.007188193645701379,0.6669285305069687,838
732.1689127106437,20956.5931489964,9.387509520933843,34.02394908942647,-118.34650424378756,4.844508893368436,0.03871557723785779,cruise,0.041919885676252454,0.1053614960066189,R08,westbound,0.008421365027468488,0.7813435307201324,838
733.1616847107035,20961.547616966316,9.318197825976991,34.02395504771234,-118.34655747245039,4.894601592602324,-0.020995796067650563,cruise,0.05690272183051103,0.13071577582689825,R08,westbound,0.0113123022685032,1.0495678748297468,838
734.154456710763,20966.365377562786,9.12014304001832,34.02396201075642,-118.34660906309203,4.82121804784218,-0.06633788568208487,cruise,0.04578703371450364,0.11172671602831466,R08,westbound,0.009243445814182561,0.8576170923497778,838
735.1472287108227,20971.120975584126,8.950534572125337,34.0239686143978,-118.34665991285074,4.694467889133834,-0.07460103276880314,cruise,0.041391453079033705,0.1175210582737119,R08,westbound,0.00858561681400061,0.7965829925410478,838
736.1400007108822,20975.198477820948,8.909958806141535,34.02397332807402,-118.34670374776702,4.649492224146954,-0.05555265800160525,cruise,0.05490977036190423,0.13610670371877875,R08,westbound,0.011501731447003633,1.067143322832318,839
737.1327727109419,20979.454254454526,8.411920412879493,34.02398232611217,-118.34674891448752,4.621956517247178,-0.027238375481250188,cruise,0.03174292134860175,0.08334943876404059,R08,westbound,0.006689359479739903,0.6206461466885657,839
738.1255447110016,20982.808191871834,17.241119989013807,34.023906886005975,-118.34679634289809,4.562822679371555,0.002491299204387065,cruise,0.03213596368597239,0.08470841734754377,R08,westbound,0.006861474180910791,0.6366151383975176,839
739.1183167110611,20987.72954941103,17.667857553364414,34.02390831773195,-118.34684986003897,4.6188884548798335,0.036652797586341546,cruise,0.03677289190590417,0.0912113442431169,R08,westbound,0.007754588721643345,0.7194792900305735,839
740.1110887111207,20993.221740002777,7.027360177622768,34.024009406870476,-118.34689532010347,4.6674000390776085,0.09584223679262349,cruise,0.03225105041835863,0.08562493352878814,R08,westbound,0.006729134994886184,0.6243365628312263,839
741.1038607111806,20998.396817997746,6.937238247142537,34.02401573504011,-118.3469509048739,4.7357063845465674,0.11866015783968242,cruise,0.03851339242425965,0.08433311295501131,R08,westbound,0.007917879117681118,0.7346295529816138,839
742.0966327112401,21004.171773044865,7.493148274413761,34.02401692146738,-118.34701377520683,5.01690168436975,0.09984921035672256,cruise,0.03311699047980092,0.1064145914768041,R08,westbound,0.006420460859278491,0.5956974362560182,840
743.0894047112997,21008.645358209786,7.525821814175153,34.0240214021898,-118.34706196723462,4.97620170294312,0.04955746378084669,cruise,0.05468669644997798,0.12761078209309626,R08,westbound,0.010690437978702949,0.9918706204966976,840
744.0821767113592,21014.01516814809,7.431073880434501,34.02402797953212,-118.34711964200844,5.021669722302331,0.029352844932935884,cruise,0.06171889664184322,0.13484763458545054,R08,westbound,0.011954016223559114,1.1091068029869189,840
745.074948711419,21018.94688120956,7.627666722245618,34.02403148203167,-118.34717297529468,5.026133921227561,0.06576716130553839,cruise,0.043085439004096664,0.0946181409104059,R08,westbound,0.008337458028163502,0.773558546827943,840
746.0677207114786,21024.158150324452,7.867213262541932,34.02403493490342,-118.34722948019792,5.141813561514409,0.08816857784716436,cruise,0.045302516478177034,0.09964105715945988,R08,westbound,0.00856590391897714,0.7947540084098393,840
747.0604927115381,21029.29577806457,8.030160889753292,34.02403901885897,-118.34728498020785,5.247808641336322,0.08327581685884233,cruise,0.04699713321026428,0.10964671867658256,R08,westbound,0.008703784573311342,0.8075467275146508,841
748.0532647115978,21035.126899236264,8.095895347097686,34.02404472079012,-118.34734781713725,5.325182774423989,0.03780972508202973,cruise,0.043312021348593466,0.09493004658728499,R08,westbound,0.007902770024766378,0.733227714685153,841
749.0460367116576,21040.65693553564,8.143272983141477,34.02405026219731,-118.34740739012526,5.338808103875254,-0.013469772614622233,cruise,0.027680119982560078,0.06878482042120579,R08,westbound,0.005037441042423059,0.4673793330467369,841
750.0388087117171,21045.445798791443,8.3339297691938,34.02405372198455,-118.34745917285092,5.276032717323814,-0.035551822862958105,cruise,0.027108041011359763,0.060671396112774986,R08,westbound,0.004993043366212689,0.4632600677052121,841
751.0315807117768,21050.027327716845,9.091222734633819,34.02405188769513,-118.34750945944604,5.216724219842734,-0.017254873927765146,cruise,0.024619063494564268,0.07339741653749884,R08,westbound,0.004587042776371116,0.4255908854162892,842
752.0243527118363,21055.21866290305,17.14605834036614,34.02398541073519,-118.34757577560615,5.2354975327199735,0.002985703801988482,cruise,0.026552668341580668,0.0735878047755799,R08,westbound,0.004929268953310619,0.45734300737307193,842
753.017124711896,21059.393497587767,11.08112911160818,34.02404418491501,-118.3476128350628,5.276562354278825,-0.01188582787319925,cruise,0.023826854076118162,0.050874822361200354,R08,westbound,0.004388231842802309,0.4071449878362964,842
754.0098967119557,21063.073769832932,10.137685113030303,34.02405659709926,-118.34765121640507,5.233979321698241,0.04745701928503809,cruise,0.033854067817662765,0.11329715697053215,R08,westbound,0.006286563800675345,0.583274319554536,842
755.0026687120152,21067.408299529954,10.210358867894172,34.024060622533824,-118.34769795675707,5.147442928204229,0.2904993682199679,cruise,0.04609387375775455,0.1815924797710503,R08,westbound,0.008705840181414539,0.8077374491005089,842
779.821968713506,21491.051982486173,12.277607477299007,34.02468581271381,-118.35223367635055,24.72685193540266,0.2786775738957701,cruise,0.3058642031700417,0.6368821792769137,R08,westbound,0.01170561353074237,1.0860597273153676,859
780.8147407135658,21515.933915300953,12.29179562479569,34.02471069669609,-118.35250171668093,24.946942091874497,0.09187881520735353,cruise,0.4382508383959014,0.968369117731751,R08,westbound,0.016621629265024602,1.5421730864170167,860
781.8075127136253,21540.450814972868,12.261151563425909,34.02473481587364,-118.35276587809271,24.811490650329876,-0.1302014675776757,cruise,0.42888562054214235,0.8223808393002996,R08,westbound,0.016356766631178618,1.5175988392718047,861
850.3087807177398,22178.644503352116,13.5450192873647,34.02514048189529,-118.35967165982991,23.630894947106132,0.10990809463858575,cruise,0.4119107813025953,0.8682807894783753,R08,westbound,0.016508059917852445,1.5316359971907882,887
851.3015527177994,22202.428620897426,13.56092725845848,34.025163711558676,-118.35992794780039,23.43328124536493,0.04541904158103449,cruise,0.3619322982467392,0.6996287278811858,R08,westbound,0.0146295180837487,1.357342814971929,888
852.2943247178592,22226.41546801657,13.623162199295603,34.02518681090744,-118.36018665559497,23.402565791179857,0.13676128925336606,cruise,0.44925976239799215,0.9375726286211414,R08,westbound,0.018183590050704936,1.6870935299732712,889
853.2870967179188,22251.306679671867,13.70692624307951,34.02521080892193,-118.3604549153934,23.881982795437235,0.16961814430767497,cruise,0.423638563786907,0.839144825489606,R08,westbound,0.016796515330213407,1.5583992083346232,890
854.2798687179784,22275.398922774504,13.744677715476938,34.025234424736034,-118.36071451267252,23.996830069010542,0.07247783781254924,cruise,0.33758837416675136,0.7929406084933945,R08,westbound,0.013319620460281244,1.235809069472996,891
855.2726407180379,22299.300808788135,13.707280763788285,34.02525852446953,-118.3609719693267,23.849369833758576,-0.02583827909485592,cruise,0.38773922241152053,0.7105189353676273,R08,westbound,0.015394554327626752,1.4283237210329782,891
856.2654127180977,22323.655781953246,13.641165929985007,34.02528305368361,-118.36123412624056,23.86690256088952,0.045769399541482514,cruise,0.3322734707294453,0.692412607037128,R08,westbound,0.013182519168901202,1.2230886605222187,892
857.2581847181573,22348.074173579796,13.583060274752453,34.02530758260361,-118.36149715918604,23.85800118346765,0.2064747448779709,cruise,0.3199315642250478,0.6184448529512195,R08,westbound,0.012697687196209425,1.1781054156309951,893
860.2365007183363,22424.14201817609,13.670802974773883,34.02538266622933,-118.3623173930783,25.103965892794548,0.16628119645689488,cruise,0.33636666888043393,0.5986448422328571,R08,westbound,0.012676282127964128,1.1761194298028623,896
861.2292727183958,22448.35258964015,13.996959265318775,34.02540451639994,-118.3625785266214,25.089840661823796,-0.06935482409441107,cruise,0.3163767019310942,0.6684027476192395,R08,westbound,0.011929770097234282,1.1068572206582659,897
862.2220447184554,22472.822534025447,14.299240967820035,34.025426845738075,-118.36284242406653,24.8468017013032,-0.22719648770120493,cruise,0.5064138198802972,1.0930335347910827,R08,westbound,0.01928560462654266,1.7893396571488003,898
863.214816718515,22496.58244450436,14.758824045247485,34.0254483549478,-118.3631033769226,24.529379304917768,-0.2156161405987973,cruise,0.3257592111614029,0.6220772031129882,R08,westbound,0.012569106500658362,1.1661755569540915,899
864.2075887185747,22520.122314735272,15.799348438886822,34.025469304494486,-118.36335753892477,24.31110138069079,-0.08244439516276891,cruise,0.33738833643609834,0.6196635730939837,R08,westbound,0.01313670564289987,1.2188380310762963,900
865.2003607186343,22543.944712757333,16.049581353395418,34.025497667158525,-118.36361351147973,24.34119497955183,0.06433273948164064,cruise,0.3272843277382064,0.7105341793596717,R08,westbound,0.012727265684326998,1.1808497403650218,901
866.1931327186938,22567.69276327198,3.7474894283910705,34.02563843395253,-118.36384930701344,24.54389510419234,0.09135891145382224,cruise,0.30933988588424355,0.6724459770478679,R08,westbound,0.011928402234432516,1.1067303088396252,902
867.1859047187535,22591.36509759805,3.675715117207301,34.02566998466242,-118.36410308159562,24.67979203608317,0.0060112361741069265,cruise,0.2617139846841859,0.5389288632031508,R08,westbound,0.010035384651288982,0.9310940506672033,903
868.1786767188133,22615.05919145534,3.5019148064979047,34.02570247365114,-118.36435692933229,24.51669573964309,-0.08979960417274668,cruise,0.29253807040228125,0.6126859305382918,R08,westbound,0.011293240564705848,1.0477993089383522,904
869.1714487188729,22638.815419005834,2.8900828564972905,34.02573923131129,-118.36461076701224,24.404201065857425,-0.1419961968591128,cruise,0.2691382023850258,0.5667965530995829,R08,westbound,0.010438623554791623,0.9685070006531962,905
870.1642207189325,22663.237918778,2.7717741008800956,34.02577259763297,-118.36487243693504,24.284582878583297,-0.08373161912226479,cruise,0.3599315773362082,1.0128447601277475,R08,westbound,0.014030026560238528,1.3017213305583701,906
871.156992718992,22687.46853577672,3.158618914660599,34.02580120642427,-118.36513285324615,24.066085807002906,0.016302668309451818,cruise,0.41296046525171154,1.144837890413766,R08,westbound,0.016245748645748872,1.5072984682005854,907
872.1497647190517,22711.77142691714,2.6643191282724663,34.02583336873695,-118.36539248459242,24.356052556592143,0.028316886229236005,cruise,0.3220337547542065,0.8751975026041671,R08,westbound,0.012515313434065447,1.161184576935665,908
873.1425367191114,22735.78003393105,3.2153148095980786,34.02585384827829,-118.36565162470842,24.429840383591937,0.0076085817192002025,cruise,0.24139816707145328,0.5660741267640435,R08,westbound,0.009352720954952895,0.8677557603722347,909
874.1353087191709,22759.35668159595,2.5338225682679965,34.02588564090309,-118.36590455488664,24.08950157265785,0.010226059336629234,cruise,0.6528199105987091,1.9600878408047555,R08,westbound,0.02565635911668262,2.380425281681268,910
875.1280807192305,22783.869306551005,3.1640634695877927,34.02590526904116,-118.36616890688786,24.377958312283127,-0.0326874930986083,cruise,0.23159444586501055,0.6248842443953351,R08,westbound,0.008992311255881066,0.8343165511870209,911
876.1208527192904,22808.73770001524,3.2956386788172325,34.025928550308706,-118.36643701160023,24.46884750018309,-0.07785636976757893,cruise,0.34988139741681473,0.8524157636598502,R08,westbound,0.013533809442931286,1.2556817593990666,912
877.1136247193499,22831.679474318233,4.0152389522692955,34.02594420023355,-118.36668472126475,23.855787088663966,-0.09879204013470222,cruise,0.5038189812882415,1.2581063103492296,R08,westbound,0.019997838615681,1.8554215118074058,913
878.1063967194095,22855.614078103292,3.8150999752294013,34.025967614042685,-118.36694263500281,24.14791105268773,-0.02697215934009556,cruise,0.3813065850559488,0.8780280892357157,R08,westbound,0.01494879182246296,1.3869653844080632,914
879.099168719469,22879.197847286076,4.196487740884432,34.025985496004935,-118.36719739674477,24.110426932131514,0.02369150897830785,cruise,0.25958399539139976,0.607438484776551,R08,westbound,0.010192857993212937,0.9457046009250096,915
880.0919407195288,22903.451420890837,3.887494804528596,34.02600773215405,-118.36745830803629,24.053544429271522,-0.04674471395720481,cruise,0.2704739747352634,0.5797936414817555,R08,westbound,0.010646013440180695,0.987748862840264,916
881.0847127195884,22927.947251574733,5.368799873591783,34.026013445083684,-118.36772422493576,24.09127531259707,-0.10414767850782347,cruise,0.2820589353369681,0.745295537220114,R08,westbound,0.011084317824175642,1.0284152267615143,917
882.0774847196479,22951.4142910902,5.295004106720328,34.026032323587586,-118.3679775800479,23.88862161321713,-0.1643416890453988,cruise,0.22947128485083912,0.5744972423678715,R08,westbound,0.009095556253374288,0.8438957358687701,918
883.0702567197076,22974.578781349534,4.876121190096626,34.0260544239979,-118.36822743257834,23.6549803536233,-0.20468641394574938,cruise,0.3555985458631122,1.1758300653535056,R08,westbound,0.014236486504720354,1.3208769118029233,918
884.0630287197674,22998.312373665998,4.289156136689435,34.02607843425083,-118.3684830490939,23.51091642428465,-0.2045769151249779,cruise,0.34775996184004326,0.9185724486300453,R08,westbound,0.014009450340375589,1.299812246196851,919
885.055800719827,23021.389519209282,3.539281746952902,34.02610316877498,-118.36873154993773,23.249738858181658,-0.2074071224979459,cruise,0.33460904035252403,0.9605794920357478,R08,westbound,0.013633712191662338,1.2649508465562624,920
886.0485727198866,23044.041501692212,3.0925711769230415,34.02612574298726,-118.36897586784528,23.075273709490745,-0.21940214251309875,cruise,0.35325203063953825,0.8626504451072439,R08,westbound,0.014504027309647127,1.34569964261335,921
894.9835207204231,23205.620810993445,4.62973271536646,34.02624638662463,-118.37072105208001,12.511922634108426,-0.2835915242272522,cruise,0.20442991544374522,0.44301395830451024,R08,westbound,0.01564386115763242,1.451454683549613,928
895.9762927204829,23218.310988977857,3.715066015746291,34.02626453965645,-118.37085722415787,12.827636060973356,0.28455891033074554,cruise,0.10703281342242402,0.30279133443844175,R08,westbound,0.007985602579896358,0.7409130104623488,928
898.9546087206617,23260.57307079206,4.1363915347411,34.02629762619168,-118.37131419215316,14.536688245851124,0.04850520966773875,cruise,0.10128922783757423,0.23256203958077235,R08,westbound,0.006654275209634252,0.6173909894322689,930
995.2534927264461,23539.11668527836,12.256772012618946,34.02670627695323,-118.37429762887734,17.39848665139876,0.10762587538298796,cruise,0.15621562554820279,0.3769268064401282,R08,westbound,0.008548175025366585,0.7931091021168275,941
996.2462647265056,23555.27184567453,12.572736159231967,34.02672525453766,-118.37447128154793,17.372066839463777,-0.2986471246555773,cruise,0.17182110039102425,0.3911772370441223,R08,westbound,0.009416657300520569,0.8736878449955996,942
999.2245807266845,23602.570581931555,12.74940582639299,34.02677411290099,-118.37498059777656,15.738647048685385,-0.023978772330154996,cruise,0.1792232978828694,0.452191877106602,R08,westbound,0.010860167724073715,1.0076183333774071,944
1000.2173527267441,23620.82190146419,13.201527089344214,34.02679640525438,-118.37517666778463,16.069902413091636,0.18050188188796223,cruise,0.20145023172140591,0.4627969093138894,R08,westbound,0.0119511139443265,1.1088375263203276,944
1001.2101247268037,23638.662169949985,13.816472178970027,34.026819421240376,-118.37536859387914,16.286798111890164,0.14295619903158396,cruise,0.2508109491080319,0.5009623959052042,R08,westbound,0.014677918577807009,1.3618334661659774,945
1002.2028967268633,23655.781094627768,14.081774101050849,34.02683846026386,-118.37555244850662,16.337196331722495,0.019499040886897134,cruise,0.2252675325777217,0.4845393303025665,R08,westbound,0.013141704188071918,1.2193018016076118,946
1003.1956687269231,23672.05226314744,13.91178831022558,34.02685307122851,-118.37572795070453,16.3228905998555,-0.16942872912431461,cruise,0.11687081593685952,0.2663314024554189,R08,westbound,0.006824112286801886,0.6331486606754114,946
1007.1667567271616,23734.782235822568,11.795584699310687,34.026685821363735,-118.3764347372458,14.773827833062182,-0.12846486446902716,cruise,0.14912098554285652,0.33311518389813094,R08,westbound,0.009636688406077657,0.894102573525175,949
1008.1595287272212,23749.828092907796,11.638641728399854,34.02670258136215,-118.37659658421063,14.717414966938902,-0.028540021475622623,cruise,0.09540141504179307,0.24750726754416544,R08,westbound,0.006189191889308988,0.5742400462779591,949
1009.1523007272807,23764.693721716914,11.252086021845269,34.026722149279486,-118.3767570582052,14.79675537980336,-0.11751389979475846,cruise,0.11376160570398636,0.32482424742158533,R08,westbound,0.007340061846712129,0.6810190296119011,950
1010.1450727273403,23779.40125034484,11.064317420654838,34.02673989178379,-118.37691505797004,14.621646999524884,-0.2568666838033886,cruise,0.2075610906583012,0.43638756431611425,R08,westbound,0.013555298586976312,1.257675545872581,951
1012.1306167274597,23807.316075017196,10.760657012866925,34.02677309527929,-118.3772150100782,13.814501293701046,-0.298999370753223,cruise,0.13306178842805721,0.34432169447414485,R08,westbound,0.009206653749454199,0.854203484025762,952
1013.1233887275193,23821.302334199914,9.491236060385852,34.026799727231655,-118.37736382862515,13.584977842512556,-0.20820715637624776,cruise,0.1672225174391215,0.3940284860299694,R08,westbound,0.011769138032698304,1.0919536006344306,952
1014.1161607275789,23834.849260613944,9.887832619805662,34.026810840884686,-118.37750994767508,13.425248681568865,-0.13595521598697857,cruise,0.33315402094267754,0.6342182488683723,R08,westbound,0.023731211770828278,2.2018079887056072,953
1015.1089327276386,23847.85061459352,10.082156564506567,34.02682310715094,-118.37765011642777,13.318647946229856,-0.08041465599009356,cruise,0.2520771170182907,0.5198849534987899,R08,westbound,0.01810214487038577,1.679536956360425,953
1016.1017047276982,23860.820312058924,9.987525609994254,34.026837925019464,-118.37778957016441,13.270995999820201,-0.02879144825098834,cruise,0.17541195830578582,0.40960681307851327,R08,westbound,0.012642681830247218,1.1730019571406816,954
1017.0944767277578,23873.693107821,9.690903115420706,34.02685444601899,-118.37792771939402,13.260230011092828,-0.07094812920893112,cruise,0.10065934085912759,0.22653785983752361,R08,westbound,0.007260936148150025,0.6736776600734052,954
1018.0872487278174,23886.83937447474,11.407694395017293,34.02685324464003,-118.37807141999396,13.312166554717404,-0.14965789793954531,cruise,0.09888544562504856,0.3242217929532455,R08,westbound,0.007104671810764318,0.6591792825894295,955
1019.0800207278772,23899.852527625633,11.634327829876822,34.02686523449609,-118.37821175758262,12.854865494521192,-0.15897424996371878,cruise,0.12512630616068357,0.3061417705862931,R08,westbound,0.009315423998594707,0.8642953076462255,955
1020.0727927279368,23913.14269701466,11.363076734734156,34.02688197805889,-118.37835443134115,12.78490349241875,-0.05958873834312328,cruise,0.14399918042857338,0.2770997955375716,R08,westbound,0.010780151808800533,1.000194368551108,956
1021.0655647279964,23925.967472480854,11.170234250237064,34.02689772408587,-118.37849292952474,12.84054196882466,0.01583367471216235,cruise,0.14904890706841925,0.32919349781673757,R08,westbound,0.01110900877783481,1.030706080660612,957
1022.0583367280559,23938.79956567705,10.997310278583418,34.02691380989029,-118.37863068286075,12.971541894738422,-0.03702811304354903,cruise,0.10238213027991601,0.22063803482587876,R08,westbound,0.007552428041216725,0.7007225992444478,957
1023.0511087281157,23951.506084852583,10.72323505789135,34.02693065786162,-118.37876694801078,12.762542465675251,-0.091780043973543,cruise,0.1359996323355131,0.3963358565764975,R08,westbound,0.010199430493884122,0.9463144047826186,958
1024.0438807281753,23962.944382212023,12.08864238023286,34.026931409316475,-118.378891809491,12.642340152500047,-0.07625338280349858,cruise,0.1510270869748613,0.3779309561089065,R08,westbound,0.011435981911156972,1.0610430084160596,958
1025.036652728235,23975.349474573843,12.091345393973125,34.026944912934965,-118.37902406646066,12.623043764135973,-0.025609564179603694,cruise,0.15527191338070492,0.34965518402636175,R08,westbound,0.011775688631751581,1.0925613724357863,959
1026.0294247282945,23988.128122115148,11.888281273455325,34.02696015210673,-118.37916137941818,12.656827256134843,-0.02818303822804058,cruise,0.15920020069531762,0.4131087354224202,R08,westbound,0.012040826185635994,1.1171611269652277,959
1027.0221967283542,24001.385330257177,11.170360487083991,34.02697689625452,-118.37929987955553,12.595508612533013,-0.060644570949708765,cruise,0.1029126584796434,0.26846007110354486,R08,westbound,0.00782216367513734,0.7257489687084396,960
1028.0149687284138,24014.18310728317,10.296146661198394,34.02699464685451,-118.37943727479653,12.501999316726563,-0.08768822357771189,cruise,0.11851408669909201,0.31037143334685946,R08,westbound,0.009076532874073033,0.8421307257663712,960
1029.0077407284734,24026.77400348831,11.333821832633594,34.02699671799624,-118.37957772520748,12.416634311577242,-0.11202856022394592,cruise,0.13763667454676712,0.28782507097414745,R08,westbound,0.010614778808664288,0.9848508792960086,961
1030.000512728533,24039.64407307748,11.222915328046966,34.027011136028655,-118.37971615271614,12.313375078473085,-0.13380501265251876,cruise,0.12237452097409258,0.25203779738493015,R08,westbound,0.009518246619678,0.8831134140161818,961
1030.9932847285927,24051.765234160368,10.787018303148702,34.02702768233127,-118.3798461093398,12.116819944002527,-0.11622867987967478,cruise,0.07955173786775056,0.26048431599106475,R08,westbound,0.006289618322359321,0.5835577214435925,962
1031.9860567286523,24064.00005046107,10.550134499681075,34.027042565524646,-118.379977539304,12.004786464127003,-0.07593172426956052,cruise,0.15520924265647953,0.35760027458578825,R08,westbound,0.012387846414747586,1.1493580463673627,962
1032.978828728712,24075.736441982914,10.401217135923664,34.02705603277107,-118.38010275618241,12.032891451992707,-0.0790738498007224,cruise,0.16489599589792528,0.4315056863344965,R08,westbound,0.01312971541904594,1.218189470401306,963
1033.9716007287716,24087.56674618715,11.641445196430174,34.02705635187199,-118.38023169199106,11.945006231856496,-0.13736157121812553,cruise,0.24198828256473784,0.5009031523788863,R08,westbound,0.019412341558551517,1.8010984494117461,963
1034.9643727288312,24099.080339103344,11.706294707338445,34.027066897594736,-118.380355848556,11.705586352158573,-0.2037566382107867,cruise,0.16460990809915121,0.40182290915945834,R08,westbound,0.013479818038339217,1.2506723773624362,963
1035.9571447288909,24110.579741740512,11.392916854777146,34.027080892092975,-118.38047986530414,11.513879233223832,-0.2308614745667379,cruise,0.16113977806616137,0.3938085849958103,R08,westbound,0.013419171017458674,1.2450454799096007,964
1036.9499167289505,24121.466229471825,11.14878358248113,34.0270939627017,-118.3805968467979,11.250315139173674,-0.22847335129454827,cruise,0.1883204741275158,0.5460350152261448,R08,westbound,0.016056483975310742,1.4897382834373838,964
1037.9426887290101,24132.36608765378,10.913805611113828,34.02710696466942,-118.38071398333301,11.02512059778738,-0.1708011447257931,cruise,0.16468943022320554,0.3588764941806768,R08,westbound,0.01433345991935576,1.3298742121135112,965
1038.9354607290697,24142.98751883405,10.68411856904741,34.02711964088571,-118.38082812686615,10.83341331204493,-0.08488054808971413,cruise,0.21240027770406522,0.46865260233885675,R08,westbound,0.01881869368067867,1.7460191448822857,965
1039.9282327291294,24153.6624667698,10.450700881073699,34.02713240402261,-118.3809428424247,10.913381495981167,-0.02252088861587609,cruise,0.17270665471170615,0.394680833371667,R08,westbound,0.015187786940201942,1.4091396148932587,966
1040.921004729189,24164.235432238173,11.530833583831765,34.027133299140615,-118.3810580387035,10.856452052020789,-0.0007176381425253453,cruise,0.11412555072459943,0.27091795147070075,R08,westbound,0.010089712748079061,0.9361346713771247,966
1041.9137767292486,24175.337275428265,11.83969377884014,34.027141631640376,-118.38117800500478,10.867933212005708,0.012467137203453937,cruise,0.08937114117265986,0.27191288563336047,R08,westbound,0.007892712446492096,0.7322945614856788,967
1042.9065487293083,24186.35720571257,12.028242282886254,34.027150959933394,-118.38129694424163,10.874586889695944,0.08165903428175625,cruise,0.10877251297994762,0.34471212848433036,R08,westbound,0.009600144276970753,0.8907119689414352,967
1043.899320729368,24197.808093998432,12.071195355327092,34.02716202324167,-118.38142035093212,10.969508806724953,0.14200122333020193,cruise,0.1120438046113829,0.24936713587038198,R08,westbound,0.009801828587751808,0.9094244616267091,967
1044.8920927294275,24209.058818594665,11.991792575386544,34.02717398243213,-118.38154145424019,11.241289274022565,0.14095130240864684,cruise,0.0867374506223892,0.2018975335506352,R08,westbound,0.007401404244066074,0.6867104448605019,968
1045.8848647294872,24220.086048284422,11.821408998772334,34.02718653313883,-118.38166004055299,11.347079858657718,0.08825728257510601,cruise,0.08356494917175074,0.19420574937497515,R08,westbound,0.00706307241164472,0.655319644481127,968
1046.8776367295468,24231.47586999743,11.350206147291647,34.02720214092148,-118.38178217121352,11.336610876182633,0.06907744871384303,cruise,0.07843954404756741,0.19802794156870626,R08,westbound,0.006636091006003676,0.6157038389736788,969
1047.8704087296064,24243.144610173957,10.836910032894945,34.02721951831942,-118.38190963017658,11.399903358216381,0.09295258408267326,cruise,0.0922688959742595,0.20017881495937295,R08,westbound,0.007761989900080196,0.7201659795247917,969
1048.863180729666,24255.01556808155,11.883464761197859,34.02722431432451,-118.38203867472488,11.599934715975861,0.08756808813452555,cruise,0.09824985305196175,0.24678750678627287,R08,westbound,0.00812017391593774,0.7533986873678549,970
1049.8559527297257,24266.76133343076,12.401722735559165,34.02723368092089,-118.38216561706761,11.637440355727293,0.09996069033405508,cruise,0.08679222796157834,0.2577876330860796,R08,westbound,0.007149706580566316,0.6633576581766991,970
1050.8487247297853,24278.30569332998,12.316208706513384,34.02724820158236,-118.3822895301895,11.620684754663976,0.25603153139420076,cruise,0.13053688984592238,0.2678295949756466,R08,westbound,0.010769044108198683,0.9991637838444575,971
1060.7764447303816,24427.933145195504,16.32968332587215,34.02739629791983,-118.38390265167224,16.877279808703957,0.23957456931616328,cruise,0.3254633475756553,0.6852460229888208,R08,westbound,0.018369074236603593,1.7043029572134027,977
1061.7692167304413,24446.141172518805,15.905077369453245,34.02741610265226,-118.38408994412539,17.160390699533146,0.08206876109155026,cruise,0.41534393372600825,0.9503796215550809,R08,westbound,0.023048573505768933,2.1384720579525296,977
1062.761988730501,24463.028024382904,15.095807264035372,34.02743666468635,-118.38427152175461,17.105555709500535,-0.07650857349239892,cruise,0.2427569974095511,0.5741403667671174,R08,westbound,0.013515179923560477,1.2539532920551943,978
1063.7547607305605,24479.48932110466,14.232807888074797,34.02745737407268,-118.38444845337092,16.82860395669118,-0.12445088977345442,cruise,0.14646298545321793,0.3472013535128545,R08,westbound,0.00829065805482638,0.7692163937107747,979
1064.7475327306202,24495.83352960281,13.276281650394862,34.027478831010754,-118.38462403211038,16.75333313437937,-0.06753029216213946,cruise,0.11758942178997919,0.2820768196496593,R08,westbound,0.006686667554572453,0.6203963869040284,979
1065.7403047306798,24511.934530911458,12.545900052845106,34.02749793294178,-118.38479697026624,16.77130512215675,-0.03919713873249009,cruise,0.13227453902230785,0.3517484046779503,R08,westbound,0.007513531087797202,0.6971136970272971,980
1066.7330767307394,24527.996218758137,11.850333516793595,34.02751656916724,-118.38496978553765,16.760601444748453,-0.09959889260480637,cruise,0.18012656470278718,0.43194943451993073,R08,westbound,0.010238294745940362,0.9499202729312349,981
1067.725848730799,24543.884435705717,11.012990631715109,34.02753634472788,-118.38514059585643,16.587852715425683,-0.13581536351749968,cruise,0.17463553198256496,0.3899812107845016,R08,westbound,0.010031348115863948,0.9307195364607075,981
1068.7186207308587,24559.3337619544,8.54267681947069,34.027570445801025,-118.38530515137788,16.343511590220455,-0.06426373801346053,cruise,0.13803561524768912,0.35713966211319326,R08,westbound,0.008049585282642786,0.7468493961558613,982
1069.7113927309183,24574.50035002152,4.695456929861042,34.027616187741025,-118.38546489097004,16.379392836216187,0.047557659562336596,cruise,0.1188045021221692,0.2801205816279274,R08,westbound,0.006912679820613772,0.6413660540967907,982
1070.704164730978,24588.507805462243,0.36238784323465145,34.02767113455964,-118.38561217357478,16.586265885644355,0.061853233440642086,cruise,0.18511969999297587,0.4222442804247497,R08,westbound,0.010634610555000359,0.9866908905830184,983
1071.6969367310376,24609.30157724164,6.428151152386445,34.027739737370794,-118.38583198669508,16.62838189681291,-0.04569846614033857,cruise,0.15619332842102437,0.3786875873099827,R08,westbound,0.008949754433605912,0.8303680823029101,984
1072.6897087310972,24628.47354786361,7.187360833533746,34.02775954847852,-118.3860385934008,16.462959479261855,-0.16490808843901483,cruise,0.16621826423870387,0.5412142265957329,R08,westbound,0.009621530410067428,0.8926961979456053,985
1073.6824807311568,24642.202732099104,3.23450176083253,34.02773360707515,-118.386189997621,16.230490296819877,-0.20770029743082752,cruise,0.13332575286308843,0.38243789709705783,R08,westbound,0.007830003828571606,0.7264763867868315,985
1074.6752527312165,24655.762035097338,3.3682644836939164,34.027684114722135,-118.38634225123754,16.00186068892373,-0.157112949599588,cruise,0.17508066745484352,0.38566228635429506,R08,westbound,0.01043165614690821,0.9678605568691022,986
1075.668024731276,24670.10570177228,7.238206059415009,34.02765974217389,-118.38650059765014,15.852286448990752,-0.06911906946335833,cruise,0.1989479715900345,0.41347433383864357,R08,westbound,0.011967496788720397,1.1103575446831717,986
1076.6607967313357,24685.73766895733,6.782882467840917,34.027675160931246,-118.38666909370518,15.905299303835468,-0.0256524887999392,cruise,0.23428884266737818,0.5765560603389338,R08,westbound,0.014045607703741981,1.303166966228827,987
1077.6535687313954,24701.450584281552,6.406230630085781,34.02768993157188,-118.38683853291475,15.915334820907734,-0.06669002856433259,cruise,0.20671800342062516,0.5113975768949977,R08,westbound,0.012384788180064773,1.1490742999821808,988
1078.646340731455,24717.127578509888,6.207521048242209,34.02770426877705,-118.38700913310197,15.78600988133222,-0.14526132695003735,cruise,0.25756409187876433,0.5378235357244101,R08,westbound,0.015559654931440637,1.4436419370570075,988
1079.6391127315146,24732.68796562485,6.129209531781821,34.02771940085317,-118.3871768161878,15.574327913242923,-0.15974046018669874,cruise,0.15976037629794815,0.39229422427735894,R08,westbound,0.009784702683536418,0.907835501354499,989
1080.6318847315742,24748.126993777234,5.979296274493156,34.02773506231289,-118.38734311093921,15.38103794297525,-0.15882400665885044,cruise,0.14339316048793468,0.3249552462625664,R08,westbound,0.008894549702107245,0.8252461264583489,989
1081.6246567316339,24764.190294578853,5.508537349899825,34.02775417915124,-118.3875157787025,15.368791622364734,-0.2789003033629971,cruise,0.12634271552986143,0.2807240395248749,R08,westbound,0.007843277993865255,0.7277079784758358,990
15.46153908202541,15382.876673442923,8.22936468572363,34.018326198954696,-118.28683953279551,9.229532241821234,0.2470926465980446,cruise,0.15295532092882722,0.3543407422080046,R09,westbound,0.0159507692775108,1.8401875713576719,615
16.458539081941126,15384.463850542652,8.231037890728096,34.01832626222575,-118.28685673671646,9.229532241811643,0.1762113610333778,cruise,0.16181479919763556,0.3515178494539442,R09,westbound,0.016874669753345617,1.9467749179127833,615
20.446539081603987,15409.874667901577,8.222958131211152,34.01832696093485,-118.28713217397788,10.43090769452295,0.1624486755961768,cruise,0.1601704539716515,0.36407297518046766,R09,westbound,0.014748330792746536,1.7014662146325714,616
21.443539081519702,15423.47972987077,8.146124756771101,34.01832696093491,-118.28727932435729,10.737182978251516,0.06924587496183006,cruise,0.17477848493440265,0.353910679062197,R09,westbound,0.01562658143481269,1.802787090632305,616
22.440539081435418,15435.28834962713,8.063438055895485,34.01832696093506,-118.2874073260878,10.740991592392026,0.06867334974085201,cruise,0.19031619589077703,0.4078779469409598,R09,westbound,0.017009638567243923,1.9623458242142573,617
23.437539081351133,15446.59188304749,8.012281097727891,34.01832721323196,-118.28752985071638,10.789003407923962,-0.05454011965801627,cruise,0.14176217220739565,0.3697130077993812,R09,westbound,0.012612739408359925,1.4550900897777301,617
24.43453908126685,15458.682094680853,7.959648028326219,34.018327501872214,-118.28766090238375,10.789891242965549,-0.13649930154942158,cruise,0.14056036142825945,0.3582234114179092,R09,westbound,0.012504766227099624,1.4426335804559327,618
25.431539081182564,15504.01126046546,7.87113961644113,34.01832899594445,-118.28815245261887,10.362024331911327,-0.14644449310489294,cruise,0.14590905146300687,0.2910582968493076,R09,westbound,0.013526009604121998,1.5604510560291973,620
26.42853908109828,15515.5610015704,7.871516567551946,34.018329472356534,-118.28827764380593,10.351431846605047,-0.15837966922266783,cruise,0.21317548394877664,0.43325865280045117,R09,westbound,0.01978228873806119,2.282217317262202,620
27.425539081013994,15526.758629612765,7.872978799609716,34.01832994412959,-118.28839901827747,10.351431846605049,-0.17668223355241938,cruise,0.22101874189867923,0.45516138883581647,R09,westbound,0.0205101284996416,2.3661857867383786,621
28.42253908092971,15539.897590303453,7.874694638530814,34.01833049769483,-118.2885414354398,9.853056547061925,-0.014919840923891122,cruise,0.14524284664953876,0.44042612365833195,R09,westbound,0.014172031786326044,1.6349805015895036,621
29.419539080845425,15553.241450546297,7.880801996638344,34.01833106073725,-118.28868629101238,9.803486510433226,0.22980760530286082,cruise,0.12355233872679973,0.2703884585453881,R09,westbound,0.012117595076776405,1.3979669235431806,622
31.413539080676856,15588.28159357315,7.9610473354236575,34.01833241491298,-118.2890661033541,10.769070794094773,0.09724327336211352,cruise,0.1332248667035705,0.28354109519066534,R09,westbound,0.011875482703208554,1.370035218622865,623
32.41053908059257,15606.328308213566,7.813567828756984,34.018331410615424,-118.28926172208214,10.765455245956378,-0.10451486210288506,cruise,0.1020473432832297,0.2516142268407678,R09,westbound,0.009099468386612127,1.0497756151870554,624
33.407539080508286,15621.873766510998,7.765538100380638,34.01833080388408,-118.28943051311998,10.429867220057538,-0.08028800186030989,cruise,0.11390633843543936,0.33035994656780115,R09,westbound,0.010489442891656087,1.2101323832015125,624
34.404539080424,15637.338016797486,7.729946429866231,34.018330287272555,-118.28959813592085,10.524122363368322,-0.02258120475346622,cruise,0.09992645229317834,0.26170342378750977,R09,westbound,0.009118232875845685,1.051940412336943,625
46.368539079412585,15784.189942971723,6.746830675079524,34.01832611507294,-118.29118886253704,9.697327613819382,-0.15292338955243626,cruise,0.07519152221358469,0.20805911733087362,R09,westbound,0.007456657071705537,0.8602498994562697,631
47.3655390793283,15793.025305975181,6.905435886181301,34.0183285420086,-118.29128460370067,9.69732761381938,-0.014619033461931646,cruise,0.06815631018085755,0.1767087994056484,R09,westbound,0.006758983158338413,0.7797615642605016,631
48.362539079244016,15801.075984478231,7.060657709454574,34.01833084985967,-118.29137184046594,9.697327613819382,-0.0068512339962764285,cruise,0.06433687607433351,0.1917329424224986,R09,westbound,0.006380214255915789,0.7360642469381566,632
49.35953907915973,15810.641819145923,7.229796665402065,34.01833345420079,-118.29147549746746,9.677870822401287,-0.1483117895222165,cruise,0.06708875857248241,0.15440099708877203,R09,westbound,0.006666721314145383,0.7691176200067328,632
68.30253907755832,15837.819116841923,7.354321138122627,34.01833621476075,-118.29177066431707,8.00627201769018,-0.0698953635220197,cruise,0.11292775775856058,0.2745890391601412,R09,westbound,0.013609097528741778,1.5700366354802646,633
69.29953907747404,15845.711845839653,8.036666964070681,34.01834271533721,-118.29185617943044,7.547208681128621,-0.22026588403609798,cruise,0.11766837684862157,0.2746955232838589,R09,westbound,0.015058215265457631,1.7372165628019027,633
70.29653907738975,15854.59158101274,8.203957080562489,34.018344617583516,-118.29195242050545,7.4321842613235605,-0.08383207478702136,cruise,0.09920702874794296,0.23464748961284107,R09,westbound,0.012895577879168589,1.4877202300317014,634
71.29353907730547,15864.610976956708,8.368167818861078,34.018346542703014,-118.29206101485704,7.464281089297486,0.027309911660250718,cruise,0.07603895963410902,0.19347666854956758,R09,westbound,0.009840809402058621,1.135301679731524,634
72.29053907722118,15874.594944590202,8.444487579380674,34.018347674090855,-118.2921692298865,7.587716138187745,0.03820472604231235,cruise,0.07328036923035101,0.16492973434574873,R09,westbound,0.00932688625355247,1.0760120634089183,634
73.2875390771369,15883.635330885028,8.459341042629786,34.01834820956844,-118.29226722044932,7.555044695802246,0.07733871229427525,cruise,0.08109629732614501,0.19404913850573546,R09,westbound,0.010367077189297379,1.1960154562543948,635
74.28453907705261,15892.642026733874,8.488983844467809,34.01834887684509,-118.29236484504156,7.569961325984594,0.1519849206485124,cruise,0.07035874776427962,0.16826793731408313,R09,westbound,0.00897639694181538,1.0355772690656984,635
75.28153907696833,15902.61521358848,8.111445820104926,34.01834591715219,-118.29247296746239,7.944676078405878,0.12429506919727974,cruise,0.07833533076317256,0.18840829768818704,R09,westbound,0.009514766797753899,1.0976872212852749,636
76.27853907688404,15912.252913579645,8.333045346847342,34.01834830184698,-118.2925774986215,8.107258550826652,-0.10050751107507995,cruise,0.07328184375426058,0.19778148106772203,R09,westbound,0.008719421724145858,1.0059308869084997,636
80.2665390765469,15938.595112548905,10.922371422861557,34.018372607331884,-118.29286291599513,6.387744769429457,-0.2830525129923109,cruise,0.07779176322127122,0.22509649989822422,R09,westbound,0.011795932207291535,1.360857740638262,637
122.14053907300695,16091.574956755461,6.32144290591917,34.01834553769717,-118.29452133814776,15.101623371841361,-0.1660864064345254,cruise,0.2339233633773727,0.5253813352339494,R09,westbound,0.01478318806924392,1.7054875834998586,643
123.13753907292266,16106.96104620724,6.260430840449205,34.01834517146587,-118.29468811516759,14.786419616947448,-0.2879802592002386,cruise,0.1661099663545331,0.49382320228918275,R09,westbound,0.01072527370254809,1.237339404981868,644
124.13453907283838,16121.692970371723,6.4232532177116894,34.018346814858845,-118.29484779820763,14.28366360531848,-0.1703200183468186,cruise,0.2506095966858109,0.6453917029182166,R09,westbound,0.016760703403821374,1.933626996561855,644
125.1315390727541,16136.983784997397,5.668470208679298,34.01834046926196,-118.29501333646694,14.153256522282334,0.15300404090587608,cruise,0.34261064837008237,0.6034255861499921,R09,westbound,0.02312848341722266,2.668256746007361,645
128.12253907250124,16186.641816897127,3.7825312916702796,34.01832563015103,-118.29555169308526,15.452745078367158,0.06603990444941703,cruise,0.22195649327265324,0.6414606727530558,R09,westbound,0.013702778538487607,1.5808443041768188,647
129.11953907241696,16202.09273461454,3.601534271147102,34.01832446087671,-118.29571936849638,15.28945741376818,-0.11110102630688896,cruise,0.2421449062670725,0.6374115585805683,R09,westbound,0.015111551379716199,1.7433697741521232,648
130.11653907233267,16217.457099460218,3.3576674736104906,34.018322262888454,-118.29588590930443,15.090946689502344,-0.15775905138417895,cruise,0.3820898039379078,0.9545739608441863,R09,westbound,0.02416419794707046,2.787743710688597,648
131.1135390722484,16232.977876788158,3.2534395796246827,34.018321323475256,-118.2960541455331,14.966613327598745,-0.11325964028675857,cruise,0.636232084085031,1.2176084797747118,R09,westbound,0.040576749626190636,4.681205592603276,649
132.1105390721641,16248.552812034417,3.595056652557105,34.01832440249349,-118.29622296880223,14.831874519236207,-0.049482395394182234,cruise,0.4411159037563266,1.0706263295622076,R09,westbound,0.02839288103432864,3.2755929125044765,649
133.10753907207982,16264.17544619699,4.11983044421599,34.0183294166908,-118.29639208754864,14.871010415896208,-0.032368638570848846,cruise,0.22864253573998955,0.44583641072149843,R09,westbound,0.014677417663287085,1.6932852010897737,650
134.10453907199553,16279.729114495047,4.030327357841642,34.01832930284161,-118.29656068303213,14.890545911981912,-0.09798435199677864,cruise,0.1615278596814917,0.3400940973672908,R09,westbound,0.010355238677624628,1.1946496862614526,651
135.10153907191125,16294.9077593616,3.751671067258842,34.01832746745694,-118.29672522366187,14.714312738938592,-0.20087541048959418,cruise,0.10854059537885521,0.24753553577744175,R09,westbound,0.007043109794914102,0.8125403159446231,651
136.09853907182696,16309.7209696569,3.7058155811137654,34.01832771401806,-118.29688579076962,14.40242980259864,-0.22169291719184397,cruise,0.08975226990540165,0.23077307128479982,R09,westbound,0.005952261035008487,0.6866926972319974,652
137.09553907174268,16324.193119529493,3.9374700610730358,34.01833044657255,-118.29704264615869,14.157489819832309,-0.10635557959599201,cruise,0.07763244516480539,0.19899878574991756,R09,westbound,0.005239109198217494,0.6044187251293506,652
138.0925390716584,16338.564475538895,4.25388533808291,34.01833334056186,-118.29719863413827,14.1212018005587,0.026647566333741303,cruise,0.10134074498463927,0.26811881067862264,R09,westbound,0.006856966853361339,0.7910656195471082,653
139.0895390715741,16353.275541721598,4.474209774751216,34.018335326361196,-118.29735809356752,14.359321663889093,0.04186406228112358,cruise,0.16936257895526816,0.3873799637888562,R09,westbound,0.011266219894668594,1.299746580597962,654
140.08653907148982,16367.813483281747,4.415351778268814,34.01833479587002,-118.29751567642624,14.360003700336813,-0.033989820486530896,cruise,0.13279985448337814,0.3066420715398597,R09,westbound,0.0088335929273642,1.0191024415535515,654
141.08353907140554,16381.806561168969,5.040572831872851,34.01834043103048,-118.29766735327863,14.169118740598703,-0.03241509234217075,cruise,0.1273681786186144,0.36740988501886596,R09,westbound,0.008588402859672337,0.9908156732267687,655
142.08053907132125,16395.974253789274,5.319712144788355,34.01834294693236,-118.29782092285346,14.108077617715857,0.06757416548059524,cruise,0.12155425941058176,0.27114977558116427,R09,westbound,0.008232446268062106,0.949750136861227,655
143.07753907123697,16410.80615956591,5.101967129390687,34.01834098438152,-118.29798169211388,14.41734066413558,0.107687193455215,cruise,0.17992641876172344,0.4068787889287515,R09,westbound,0.011919947423932842,1.3751649666003554,656
144.07453907115269,16425.46855202572,5.080622784793377,34.01834079200347,-118.2981406239482,14.516010434670687,0.07979635757923098,cruise,0.21826374262016032,0.5367315503832639,R09,westbound,0.014359784934426394,1.6566409621984266,657
145.0715390710684,16439.884976955815,5.103352555539459,34.01834099686846,-118.2982968896371,14.405370714838519,0.06158633430676962,cruise,0.12716393336408033,0.2958655594689922,R09,westbound,0.008431605593724157,0.9727264905045588,657
146.06853907098412,16454.695606027482,5.121712926309556,34.018341162351746,-118.29845742827035,14.597389378011524,0.09759332295481925,cruise,0.08882570159822803,0.24920514523543227,R09,westbound,0.005810791564628042,0.6703718316617274,658
147.06553907089983,16469.417279124504,5.294974357483815,34.01834307951503,-118.29861671238815,14.704371172586681,0.10556921621592251,cruise,0.09014252113827811,0.22974335673888424,R09,westbound,0.005853296641014932,0.6752755019440781,658
148.06253907081555,16484.19174521239,5.416339362062007,34.01834484436928,-118.2987768503737,14.80081323478889,0.030463410499594147,cruise,0.10855279846100514,0.2628699374544207,R09,westbound,0.007002028868044224,0.8078009450885485,659
149.05953907073126,16498.994428957933,5.452417427044653,34.01834584181776,-118.2989372988767,14.833461909411424,-0.05235785935905218,cruise,0.12092001324045736,0.2667683935257624,R09,westbound,0.007782294388601518,0.8978176012327045,659
150.05653907064698,16513.491124890486,5.741251283391928,34.018349103445956,-118.29909441688606,14.650530762779947,0.0096043637654206,cruise,0.1836671396056118,0.3840321965014203,R09,westbound,0.011970789648144195,1.3810304660923343,660
151.0535390705627,16528.01598055497,6.102317519953617,34.01835302889109,-118.29925158945429,14.541448929936248,0.11003439882811518,cruise,0.22211046342236226,0.4521002976735602,R09,westbound,0.01458686167026717,1.682838055251977,661
152.0505390704784,16543.701810233917,5.757527371094649,34.01835116089812,-118.29942164098644,15.150279518303963,0.1683770829586645,cruise,0.17903618282128667,0.4449567882816762,R09,westbound,0.011277537238390934,1.301052225165713,661
153.04753907039412,16558.563550346185,6.008896214122944,34.01835460080061,-118.29958270355402,14.991938927621542,0.12372898086581335,cruise,0.11466732500265615,0.28473607921156174,R09,westbound,0.007300531405470249,0.8422381969748615,662
154.04453907030984,16573.877567949323,6.292283296143802,34.01835836501389,-118.2997486653162,15.207272475268235,0.06247286748689128,cruise,0.09963714148064269,0.2909331145094379,R09,westbound,0.006252244973907552,0.721300853513669,662
155.04153907022555,16589.07136247483,6.005218665965974,34.01835697840404,-118.29991337819169,15.224602736448706,0.07401199573011644,cruise,0.2041241368885314,0.48096446754816735,R09,westbound,0.012793987950961271,1.4760001355328236,663
156.03853907014127,16604.329070015778,6.003909549619678,34.01835810266931,-118.30007943011992,15.291328402751786,0.09567179391329647,cruise,0.17025857572813455,0.38763959328571235,R09,westbound,0.010624014491129683,1.2256574641866773,664
157.03553907005698,16619.730112021476,6.009154714585402,34.018357931152465,-118.30024636836937,15.350622758558119,0.14868628679595444,cruise,0.13180616124874026,0.4209103140635673,R09,westbound,0.008192296710048348,0.9451182149540756,664
158.0325390699727,16635.504115874395,5.643973710353141,34.01835441566475,-118.3004173429753,15.653561124299786,0.139105509415957,cruise,0.12910399412373527,0.3325067540880305,R09,westbound,0.007866408353343865,0.9075215515440364,665
159.02953906988841,16651.169693259748,5.587204583588442,34.018353681451444,-118.30058714757182,15.751811382438909,0.038679436803234594,cruise,0.20307162689483158,0.42857444610945516,R09,westbound,0.01229481400797514,1.418412086339247,666
160.02653906980413,16666.706207635536,5.431060101259405,34.01835205339582,-118.30075555150405,15.722268936126895,-0.09492395139543379,cruise,0.33447805790437474,0.6861999901959821,R09,westbound,0.02028942104294915,2.3407234963845185,666
161.02353906971985,16682.104894658492,5.247762917283196,34.01835056193792,-118.30092216668324,15.513295337668398,-0.1358354151902959,cruise,0.35169429739260444,0.7341299826895481,R09,westbound,0.021626113277711547,2.4949332648505527,667
162.02053906963556,16697.37116240004,5.225414699035307,34.018350854472665,-118.30108764397887,15.324242091870817,-0.03742629424070895,cruise,0.2144247924993635,0.45723584490388924,R09,westbound,0.013350723597492179,1.5402288883568274,667
163.01753906955128,16712.924734600194,4.827967269036249,34.01834777553024,-118.30125625006436,15.337270773095334,0.11628807484213358,cruise,0.1415938961144097,0.3499876551023836,R09,westbound,0.0088084381385401,1.0162004166449785,668
164.014539069467,16729.1717000396,3.870002864410299,34.018339667077846,-118.3014323938934,15.674409408570973,0.17299680893319067,cruise,0.14049384046623786,0.2970534856127943,R09,westbound,0.00854881890199854,0.986249002762845,669
165.0115390693827,16745.27772853067,3.758549267652911,34.01833863242387,-118.30160723931388,15.858763284615073,0.06652670452056854,cruise,0.15931027419095892,0.42630713967079503,R09,westbound,0.0095791534880736,1.1051153010992196,669
166.00853906929842,16761.170083165383,4.395833879519855,34.018343969530015,-118.30177952214692,15.837616491301931,-0.08056346535263928,cruise,0.08182344372952072,0.2923127404630211,R09,westbound,0.004926636995992013,0.5683698391523713,670
167.00553906921414,16776.636557292524,4.261507807527806,34.018342362984214,-118.30194716494971,15.572026436772772,-0.13227642034933307,cruise,0.07887876167382005,0.23971222424745414,R09,westbound,0.004831744145204541,0.5574223643571585,671
168.00253906912985,16792.16695562018,4.081008493708495,34.01834033864135,-118.30211549922971,15.479215606714526,-0.11661996647305521,cruise,0.10239171891931542,0.2638392102554375,R09,westbound,0.006310292958471842,0.7279976577792898,671
168.99953906904557,16807.561365439535,4.226056907574524,34.01834125195137,-118.3022823694998,15.425886622739668,-0.08394394382004927,cruise,0.16124464898249927,0.3243504975222572,R09,westbound,0.009972283047644652,1.1504693600082117,672
169.99653906896128,16822.67877121473,4.737377879481,34.018346036966236,-118.30244588201953,15.2861356659522,-0.10986599264319379,cruise,0.20846021458967862,0.41881942373225417,R09,westbound,0.013012264485232019,1.5011819783954357,672
170.993539068877,16837.966313890203,5.34735805920832,34.01835212546341,-118.30261156024902,15.262953705646014,-0.13151775755427592,cruise,0.27889212030356153,0.5221373706059275,R09,westbound,0.017435580316989344,2.0114853171357034,673
171.9905390687927,16852.807967570163,5.733048157653334,34.01835617520677,-118.30277241576819,14.984930155872155,-0.09918605829179034,cruise,0.31513332857457477,0.647492017222942,R09,westbound,0.02007315803307762,2.31577394718183,674
172.98753906870843,16867.78876799754,5.519675127335062,34.01835476342713,-118.30293501971812,14.94035290719655,-0.03237237201587895,cruise,0.2186458091822806,0.4969512205297808,R09,westbound,0.01396942881703911,1.611606866154401,674
173.98453906862414,16882.934859267873,4.791879945940196,34.01834830504074,-118.30309920037479,15.015405463750332,0.004867052304589834,cruise,0.10231525634439254,0.31721218184703803,R09,westbound,0.00650375607436035,0.7503168585137712,675
174.98153906853986,16897.87691787556,4.852908222076553,34.018348955008264,-118.30326116309267,15.038826868385211,-0.027198824231649425,cruise,0.15398415149343936,0.45067691231981477,R09,westbound,0.009772627210590721,1.1274357254854137,675
175.97853906845558,16912.50569974191,4.784035983705301,34.01834843207897,-118.30341973111787,14.915570901567085,-0.03930009602645219,cruise,0.1767119397451756,0.4493041207951134,R09,westbound,0.011309327043015814,1.3047197099339287,676
176.9755390683713,16927.2012278979,4.852862197034031,34.0183491506813,-118.3035790215266,14.877484102839828,-0.00029357174063551945,cruise,0.14598877790440054,0.29050354562919006,R09,westbound,0.009367416472113334,1.0806879008661918,677
177.972539068287,16942.042185049322,5.440524114038043,34.018354546556786,-118.3037398841285,14.941655054885352,0.03507331065764742,cruise,0.11951121864096649,0.25561525151213993,R09,westbound,0.007634975808064216,0.8808219431413411,677
178.96953906820272,16957.071516163574,5.839547015388832,34.01835824347591,-118.30390279011141,15.010986568914612,0.07242696620369488,cruise,0.11247160824215795,0.3178557102709877,R09,westbound,0.0071514940166972855,0.8250442456540128,678
179.96653906811844,16971.96049437856,6.434535137341735,34.018363705704076,-118.30406417317474,14.991876979828618,0.13093833334144228,cruise,0.14032734170051714,0.2958429655123638,R09,westbound,0.008934266767852915,1.0307168500378732,678
180.96353906803415,16987.370346990752,6.996472798771399,34.01836887352926,-118.30423120247882,15.260520289690437,0.17397348833485388,cruise,0.21454531713730424,0.46061051833344013,R09,westbound,0.013414967964390904,1.547640548787742,679
181.96053906794987,17002.799071002075,8.126412894973507,34.01837916092433,-118.30439843177007,15.475394444091808,0.14138282204823266,cruise,0.42155108202334196,0.6701977086696361,R09,westbound,0.025986270997517224,2.9979502608056046,680
182.95753906786558,17018.29303133343,8.105584300415813,34.0183793795829,-118.30456540242258,15.568178511782538,0.08451620825944797,cruise,0.2991516195853731,0.521336065828105,R09,westbound,0.0183292366914595,2.114583501602777,680
183.9545390677813,17033.659347165583,8.034970215468912,34.018380379232056,-118.30473196179818,15.529970799157551,0.07757992198685369,cruise,0.2681555832589898,0.4334868034086834,R09,westbound,0.01647120551827683,1.9002285816236804,681
184.951539067697,17049.40471603011,7.9369591735342375,34.01838117232561,-118.30490263311027,15.711519892389967,0.12282301439519157,cruise,0.2182250864755561,0.5379693343693546,R09,westbound,0.013246734337307794,1.5282319908519664,681
185.94853906761273,17065.073347986443,7.783876985441824,34.01838146092358,-118.30507247974838,15.79613615677051,0.11405060548025384,cruise,0.1100180346701186,0.27453676903324975,R09,westbound,0.006641944447287323,0.7662591947072289,682
186.94553906752844,17081.262324033843,7.5986784660615765,34.01838151547616,-118.30524797033355,16.036740426219506,0.015516648784960695,cruise,0.09821349023382134,0.2778461086619188,R09,westbound,0.005838809867660906,0.6736042107473119,683
187.94253906744416,17096.940396135244,7.449120674122661,34.01838183684263,-118.30541791883893,15.887000987253202,-0.06950729882827913,cruise,0.11434038728168999,0.23694685090138068,R09,westbound,0.0068627331072540635,0.7917308532146557,683
188.93953906735987,17112.65745300503,7.307785845064374,34.0183821104762,-118.30558861082666,15.713475654931063,-0.07395077224050636,cruise,0.15533125475960413,0.34652189193471417,R09,westbound,0.00942774908655882,1.0876482753358188,684
189.9365390672756,17128.522887850228,7.115510376370956,34.01838148819474,-118.3057605939434,15.703608266503348,0.0015982849014197957,cruise,0.11946386199467747,0.33576231468865403,R09,westbound,0.007255430932977435,0.8370351044155171,685
190.9335390671913,17144.170561700317,6.744232166699136,34.01837923735355,-118.30593023179867,15.777759627464047,0.05614118380212852,cruise,0.1810692115298653,0.3619834195704188,R09,westbound,0.010944355617837317,1.2626141619926714,685
191.93053906710702,17159.99437704692,5.573943588417441,34.01836979752481,-118.30610184613695,15.832277954999697,0.06187576385735145,cruise,0.1982043704869812,0.4518432609398926,R09,westbound,0.011938093383203702,1.3772584059912492,686
192.92753906702274,17176.28147743375,5.517315579036663,34.018370427325024,-118.30627838830564,15.920642527910662,0.027564130189079862,cruise,0.1188949782773423,0.29676740457709305,R09,westbound,0.007120762332759921,0.8214988327748882,687
193.92453906693845,17192.613341294058,5.341500529621892,34.018369986050295,-118.30645542570419,15.930866185420118,-0.02256421041661339,cruise,0.06975008288893648,0.2213992213946544,R09,westbound,0.004174688853292931,0.48162006536865365,687
194.92153906685417,17208.61499383735,4.827280374972858,34.018367025068095,-118.30662867169303,15.844060023820758,-0.0686896299381413,cruise,0.3216302139310148,0.8666815959649358,R09,westbound,0.019357530577237332,2.2332143710856283,688
195.91853906676988,17224.605237405034,4.972231700873413,34.01837009541622,-118.30680196444958,15.773881352388834,-0.07699123754263494,cruise,0.4154264833754945,0.7788330229331717,R09,westbound,0.025115878138318525,2.897535911263595,688
196.9155390666856,17240.263910210808,4.663875725137564,34.018369043802664,-118.30697172358099,15.666725994686718,-0.06168416827299096,cruise,0.20970325864738823,0.47521617392030885,R09,westbound,0.012766463658094465,1.4728247487685426,689
197.9125390666013,17256.204415269607,4.183203530155528,34.01836647029826,-118.30714456024309,15.647638631613049,-0.06930773263865223,cruise,0.17374116863148178,0.36363654144644936,R09,westbound,0.01059026237600252,1.221763594136685,690
198.90953906651703,17271.77389767403,3.870929368099531,34.01836525908044,-118.30731347649198,15.601308050018714,-0.10766428070909828,cruise,0.12302368579902379,0.34894960213381887,R09,westbound,0.007521468910945388,0.867727027297004,690
199.90653906643274,17286.949251607257,3.786802362038901,34.01836577792742,-118.3074779698754,15.42470044044747,-0.15357499187243318,cruise,0.2745007914773647,0.5540297445165564,R09,westbound,0.016978012840481244,1.9586972685671082,691
200.90353906634846,17302.131082198954,3.955229569503876,34.01836857350876,-118.30764250789908,15.245616458704909,-0.1901070482992637,cruise,0.15449540441110363,0.42977393563799715,R09,westbound,0.009669807229019441,1.1155737237924008,692
201.90053906626417,17317.342404507566,5.990723484774228,34.018388198839375,-118.3078071766243,15.084644621623623,-0.24664080371114774,cruise,0.07609243634267077,0.22645206363155324,R09,westbound,0.004814297765356188,0.5554096331337567,692
224.83153906432563,17484.356418664815,10.50453126930183,34.01844476091944,-118.30961721468691,6.94437272970044,0.21536664885840742,cruise,0.05954524448153457,0.14860637480209188,R09,westbound,0.008293466135544913,0.9567897974439972,699
225.82853906424134,17490.295206502058,10.463087219121594,34.018444760919174,-118.30968158927175,6.880881113830682,-0.03259147917203656,cruise,0.06343547769984179,0.15367552984722035,R09,westbound,0.008918232607075034,1.0288670418645327,699
226.82553906415706,17496.184811199895,10.421986432066483,34.018444760919245,-118.30974543072688,6.7476461127187255,-0.16100839953518092,cruise,0.07052305855946378,0.1894400525521195,R09,westbound,0.010113827782293115,1.1667989085685095,699
227.82253906407277,17502.26722546921,10.379822251753607,34.01844476346215,-118.30981136215556,6.548983914269515,-0.23296163320968888,cruise,0.05660642507516195,0.13502783637148574,R09,westbound,0.008368580042029401,0.965455440758377,700
288.6395390589314,17681.208868250804,4.320950604683981,34.018427795272636,-118.31175126255,13.858433161541438,0.28232811340601094,cruise,0.18685522261422519,0.4532646087522293,R09,westbound,0.012886977019708127,1.4867279772815816,707
289.6365390588471,17695.31206620621,4.742878167662097,34.01843138462352,-118.31190414050626,13.676391828118383,-0.04426893267454252,cruise,0.10295533034405935,0.2735225290259977,R09,westbound,0.007196743628229712,0.8302645438917996,707
290.63353905876284,17708.958128606886,4.823087323686186,34.018431900967684,-118.31205205716358,13.528581537401255,-0.16454339872965418,cruise,0.07678098590255361,0.15304449588066266,R09,westbound,0.005426768973115673,0.6260684135803203,708
291.63053905867855,17722.21634700405,4.677424316869878,34.018430387384846,-118.31219576571034,13.376923132280766,-0.13064094228872977,cruise,0.12951191639241383,0.2901717863544444,R09,westbound,0.00925928887156424,1.0682135767010426,708
292.62753905859427,17735.19357706613,5.2821705584323535,34.0184356415366,-118.31233644217306,13.173603246261473,-0.04936919489943254,cruise,0.18243929832933567,0.3974007820229357,R09,westbound,0.013248062624335009,1.5283852309393973,709
293.62453905851,17748.210874941997,5.327773094693689,34.01843618151435,-118.31247734997532,13.249876002553053,0.0363727161540223,cruise,0.07886636143847513,0.20046913051318496,R09,westbound,0.005693448798010394,0.6568343842219374,709
294.6215390584257,17760.72395356601,4.383329164571195,34.01842785626964,-118.31261300128857,13.360302143265528,0.12940948746780923,cruise,0.1361871687892972,0.28752129634524526,R09,westbound,0.009748848809819058,1.1246924899206898,710
295.6185390583414,17773.13107561872,3.5814435931451105,34.01842081432733,-118.31274750153233,13.407805823291671,0.23644481196476116,cruise,0.19055395886384618,0.4337366084588216,R09,westbound,0.01359149318542168,1.5680056805328293,710
303.59453905766713,17898.33541666796,1.2067253276791396,34.01841849504355,-118.3141041642894,16.912566427745958,0.25792770140115756,cruise,0.3168591488605478,0.8593626214904551,R09,westbound,0.01784550183005642,2.058776608261186,715
316.55553905657143,18168.383795361184,10.28871995394045,34.01877559921793,-118.31698611221465,23.96957761493012,0.281697430929626,cruise,0.13398490847487285,0.3539345331071204,R09,westbound,0.005292516687384903,0.6105801707670762,726
317.55253905648715,18192.266353030413,10.081552536237584,34.018813615480255,-118.31724275677401,24.06083016927608,0.2111421119639791,cruise,0.1336813019903281,0.3567820879449229,R09,westbound,0.005260153340511385,0.606846518323858,727
318.54953905640286,18217.53878554705,10.167111904461256,34.018854118878245,-118.31750911333054,24.32613610180485,0.17473867520310635,cruise,0.30561255933169473,0.765542960176629,R09,westbound,0.011891988623178338,1.3719394520961088,728
319.5465390563186,18242.385533218967,9.984958123687354,34.01889712067667,-118.31777199931499,24.489821261504847,0.14212379907993947,cruise,0.2396627103484404,0.6215424255183084,R09,westbound,0.009262349601983742,1.0685666830609462,729
320.5435390562343,18266.996510785186,9.87051352145857,34.018943349570705,-118.31803291334582,24.585873277677972,0.08942873152021262,cruise,0.2253284214638572,0.521014248362989,R09,westbound,0.008673760163196627,1.0006630634270308,730
321.54053905615,18291.440576185483,10.128202828113801,34.01899253524064,-118.31829120066276,24.65127755942729,0.051656511420030145,cruise,0.21369441973621503,0.4693800959923511,R09,westbound,0.00820372277313083,0.9464364021153416,731
322.5375390560657,18316.023031311215,10.519900657506533,34.01904316665108,-118.31855064431092,24.699642475791084,0.032843328179716504,cruise,0.15183439064402518,0.390482995842273,R09,westbound,0.00581730811377255,0.6711236244144927,732
323.53453905598144,18340.60958263213,11.131307543117266,34.01909574075537,-118.31880962419588,24.685061314680233,0.04867683957656081,cruise,0.1857593022777345,0.5737366129796206,R09,westbound,0.00712136679818288,0.8215685679543828,733
324.53153905589716,18365.98719056261,11.179828101711031,34.0191500703866,-118.31907100929186,24.74855831157948,0.05381611579486926,cruise,0.16922090390511715,0.44301886957777914,R09,westbound,0.006470411593999503,0.7464700159404839,734
325.52853905581287,18391.16406142027,10.95242937028193,34.01920665598121,-118.31933530252178,24.89354657796126,0.013010124840869294,cruise,0.17638920519614543,0.5044943217338246,R09,westbound,0.006704546244759766,0.7734813573283046,735
326.5255390557286,18415.99036872279,10.854664200001354,34.01926355491726,-118.3195955619281,24.813085217167764,-0.06649051554356239,cruise,0.14979929846418713,0.3960034146240813,R09,westbound,0.005712646638058681,0.6590491756241037,736
327.5225390556443,18440.67792714994,10.992656251563632,34.019322184006846,-118.31985370879087,24.69836097588344,-0.13388995637868764,cruise,0.14241531888716852,0.32156903120798147,R09,westbound,0.005456718417145648,0.6295235820248125,737
328.51953905556,18465.030474906966,11.549916833316201,34.01938368467595,-118.32010717443976,24.545997649709328,-0.1609072774269216,cruise,0.1833716623688551,0.5504339352168273,R09,westbound,0.007070347094040899,0.8156825931889657,738
329.51653905547573,18489.199818608566,12.093342665291182,34.01944756285003,-118.32035515522008,24.359704426430113,-0.17341854563786552,cruise,0.11701171600362381,0.36207249591944035,R09,westbound,0.004546774873674405,0.5245464006612909,739
330.51353905539145,18513.26854340185,12.830098521453397,34.0195139717294,-118.32060364947706,24.189194433134613,-0.17411002669337142,cruise,0.10903702023403061,0.2841259541966613,R09,westbound,0.004267280231502499,0.4923020268735669,740
331.51053905530716,18537.209581627674,13.585569022368029,34.01958040721438,-118.32085050528397,24.01777445254014,-0.17737705658130945,cruise,0.1301074858769206,0.2879517194151505,R09,westbound,0.0051288647776241,0.5917001904268568,741
332.5075390552229,18561.221473435955,14.2400416201529,34.01964621580772,-118.32109855705477,23.846401444007608,-0.18837274244665903,cruise,0.17020614588527566,0.4273802149317193,R09,westbound,0.006758613487449988,0.7797189165510062,742
333.5045390551386,18584.78058480122,14.61244836820352,34.01970844818769,-118.32134274390395,23.64142786317742,-0.19167781020823793,cruise,0.14682362733172483,0.46499322640451124,R09,westbound,0.0058815523091143,0.6785352650534459,743
334.5015390550543,18608.132899596352,14.638048394537186,34.01976743765499,-118.32158719673876,23.43869527727668,-0.18240009815714828,cruise,0.09631247681288692,0.3376584855236431,R09,westbound,0.003892092715364374,0.4490178822587138,744
335.49853905497,18631.440997584432,14.848609560420888,34.019825844585064,-118.3218298928216,23.278863958702317,-0.18482945886907576,cruise,0.15980453706164138,0.44307725760190897,R09,westbound,0.006502981233888313,0.7502274677275577,745
336.49553905488574,18654.74005202519,14.825033702361589,34.01988219724631,-118.3220731780239,23.117847961398883,-0.212256671978596,cruise,0.2458572658894967,0.5542806937336406,R09,westbound,0.01007564079790495,1.1623934022988023,746
337.49253905480145,18677.655417066046,14.766752350103996,34.01993731727587,-118.32231255924987,22.856625356193877,-0.2457823081084691,cruise,0.12603164777105677,0.333822683222077,R09,westbound,0.005225037774590044,0.6027953514587747,747
338.48953905471717,18700.204069227388,14.72000013670925,34.01999164720134,-118.32254807874129,22.591214468116505,-0.2525602220434098,cruise,0.17587516678786827,0.3697696255519596,R09,westbound,0.007378602806511672,0.8512450366686349,748
339.4865390546329,18722.588795274583,14.586626922259592,34.02004482733152,-118.32278213990087,22.335227685004135,-0.2373620633573477,cruise,0.15134766259777088,0.509049302526015,R09,westbound,0.0064236173189663815,0.7410715149761417,748
340.4835390545486,18744.585396422764,14.492592158844529,34.02009738089783,-118.32301207298745,22.128430384452674,-0.216689220919413,cruise,0.127486096755455,0.36185913385272805,R09,westbound,0.005462306107963001,0.63016821546009,749
341.4805390544643,18766.427657351822,14.522576579127914,34.02015062769987,-118.3232400061658,21.899509576974086,-0.13996808446826467,cruise,0.12682023181585853,0.2926493240224556,R09,westbound,0.00549155910318098,0.6335430369052858,750
342.47753905438003,18788.266733484892,14.651868507400868,34.02020472881185,-118.32346761637352,21.730697656716206,0.03697125306094045,cruise,0.1272912432402041,0.4041942612203404,R09,westbound,0.005555513143077098,0.640921203268765,751
343.47453905429575,18810.082611916645,14.889932917764307,34.020259717845434,-118.32369466707391,21.895671331522223,0.2508126628004072,cruise,0.15603903970980745,0.4420442796176658,R09,westbound,0.006757994308043388,0.7796474838678146,752
345.4685390541272,18855.35641780321,15.459051672548336,34.020374486509226,-118.32416563923105,22.777137916739107,0.27259541057824205,cruise,0.14449640119805757,0.441024179127038,R09,westbound,0.006011818154300978,0.693563605387031,754
346.4655390540429,18878.385455553813,15.618950692998853,34.02043180192666,-118.32440515717802,22.910385311419578,0.14363374487640865,cruise,0.18508814051188405,0.5852549094068079,R09,westbound,0.007655094878939169,0.883143013901455,755
347.4625390539586,18901.395766775062,15.63579543222396,34.020488227524574,-118.32464516697114,22.969382431740225,0.06854053282826118,cruise,0.16172630078895503,0.4422298419039784,R09,westbound,0.006671392608438951,0.7696565318016202,756
348.4595390538743,18924.268513216146,15.594684748691087,34.020543813905945,-118.32488391206691,23.020403212473312,0.054430637546175054,cruise,0.12232688084622102,0.36258683302167277,R09,westbound,0.005034745990779634,0.5808420168322679,756
349.45653905379004,18947.188021360835,15.545746676419226,34.02059944675728,-118.32512316803668,23.077129483029363,0.04595656548473253,cruise,0.151923304490708,0.40911569604911646,R09,westbound,0.006237245142858547,0.7195703725450951,757
350.45353905370575,18970.070349416925,15.568551344480033,34.020655540717684,-118.32536243844336,23.128242333904126,0.06262370188664128,cruise,0.12544871755730538,0.37657389806344216,R09,westbound,0.00513874740274118,0.5928403162475268,758
351.45053905362147,18992.994112651424,15.615880169140446,34.02071135004369,-118.32560168282758,23.136455485015848,0.13319912972704956,cruise,0.1641492703292692,0.46996740010460514,R09,westbound,0.006721607548432392,0.7754496635850937,759
352.4475390535372,19016.153124089436,15.634013444399162,34.02076747437243,-118.32584346864853,23.335692195141046,0.2358188280711971,cruise,0.12301748991650026,0.2889019605575073,R09,westbound,0.00499359292240222,0.576094323248729,760
354.4415390533686,19063.56707593653,15.653134539236932,34.020882272955475,-118.32633833808426,24.00888923257033,0.2724117708727293,cruise,0.09225557348268,0.26114478040776473,R09,westbound,0.003638103377680938,0.41971597121412224,762
355.43853905328433,19087.846672241038,15.548158718734268,34.02094025133354,-118.32659211254354,24.2710203965304,0.1774446329199432,cruise,0.40688740172197657,1.0860475199571091,R09,westbound,0.015869365881679448,1.8307963304294765,763
356.43553905320005,19112.135900264588,15.46857523046066,34.02099847349331,-118.32684591348523,24.360715827585846,0.07847605154830888,cruise,0.18930993979332897,0.5208919112528967,R09,westbound,0.007355787573215189,0.8486129185544943,764
357.43253905311576,19136.451844377578,15.433162945549913,34.02105710695567,-118.32709934094375,24.376124014774135,0.022261925457558878,cruise,0.17928807493684554,0.38586230075020755,R09,westbound,0.006961900895527,0.8031715134288423,765
358.4295390530315,19160.703459422813,15.298791580708892,34.02111541240959,-118.32735269394328,24.37322935464889,0.012915758258327883,cruise,0.16375030064189183,0.5691826923631809,R09,westbound,0.0063593247165420405,0.7336542897719429,766
359.4265390529472,19184.943152729837,15.149206430427087,34.021173556678484,-118.32760596746076,24.391677707543227,0.013818764786648117,cruise,0.14372469059943307,0.43500957298153015,R09,westbound,0.005577325963617413,0.6434376763338688,767
360.4235390528629,19209.14597677344,15.106118271540728,34.021232534189416,-118.32785854233732,24.422424200711536,-0.010794768835594522,cruise,0.15163657145160453,0.3642536595570907,R09,westbound,0.005876815988617646,0.6779888514002688,768
361.4205390527786,19232.978672539037,15.389288084555043,34.02129208666404,-118.3281106493455,24.409593019658217,-0.09990767307146246,cruise,0.17034439116789768,0.3895759118319123,R09,westbound,0.006605384949555143,0.7620414461979648,769
362.41753905269434,19257.23161072209,15.905725687082299,34.0213512849644,-118.32836377532097,24.290739735364834,-0.24018367196175658,cruise,0.22038522534176502,0.6921524754819026,R09,westbound,0.008588336124671228,0.9908079742300947,770
365.4085390524415,19327.567799436365,16.369029223363334,34.021515677395286,-118.3290994681509,23.07453236379052,-0.2507173957107064,cruise,0.19595257317352183,0.5383216294812094,R09,westbound,0.00804579764274455,0.9282171013978766,773
366.4055390523572,19351.292830241808,15.583892935271116,34.02156308039951,-118.32935037968844,22.857425746039056,-0.012077575340828416,cruise,0.33319951853898655,0.8236152204644116,R09,westbound,0.013813340456167108,1.5935994674695473,774
367.4025390522729,19374.4601684616,13.803821228302672,34.021600453189585,-118.32960091401699,23.038021287762284,0.21481669052085753,cruise,0.17734528020558998,0.49515720359633464,R09,westbound,0.0072935226015166275,0.8414296144105257,774
369.39653905210434,19420.680456247806,11.309681948923592,34.02167720570244,-118.33009408009245,23.783204509882193,0.23009801336156668,cruise,0.20558228358011763,0.5356853180043536,R09,westbound,0.008185408619969557,0.9443235587508003,776
370.39353905202006,19444.070296296344,11.524048136094374,34.021728976390904,-118.33033985961964,23.93187741404095,0.015909821347567563,cruise,0.32109315393883575,0.8161765939847124,R09,westbound,0.012703774299160295,1.4655924844708146,777
387.3425390505872,19706.68284284406,15.753721805250038,34.022319531723504,-118.33309885504111,8.25413711083257,-0.0755219498850857,cruise,0.03869448774055058,0.08551690464674795,R09,westbound,0.004520730366187043,0.521541731848988,788
388.33953905050294,19713.90469276968,15.740548691232025,34.022334000099455,-118.3331751774999,8.524027445008059,0.040848512320057755,cruise,0.04954812462809711,0.1330928043880406,R09,westbound,0.005602388141220148,0.6463290169916976,788
389.33653905041865,19720.580662006218,15.72029275621391,34.02234730388755,-118.3332457505642,8.520801982380611,0.0021407396955174644,cruise,0.04628936983777366,0.11674410662256265,R09,westbound,0.0052359372775682075,0.6040527911198618,788
390.33353905033437,19727.562644683414,15.680457651626037,34.02236105366932,-118.33331960385632,8.347634046979865,-0.015080245885685909,cruise,0.06400791093617238,0.17870421707181458,R09,westbound,0.0073929417556258805,0.8528992738710687,789
391.3305390502501,19735.88571641269,15.624517742762668,34.0223773702357,-118.33340766331129,8.443336413718267,0.0017795315951318162,cruise,0.08653480281180095,0.2350323919032319,R09,westbound,0.009879582339043999,1.1397747854171616,789
392.3275390501658,19744.396685748146,15.567316407650639,34.02239405516961,-118.33349771075002,8.511282982789856,-0.061382664180689474,cruise,0.061688527147295905,0.15316023743654236,R09,westbound,0.006985723009171902,0.8059197920033827,789
393.3245390500815,19752.469945760036,15.5130572098353,34.02240988201962,-118.33358312715215,8.367798204571802,-0.19792302928107727,cruise,0.04044832788290287,0.11635991770777071,R09,westbound,0.004660348380900196,0.5376490010936767,790
470.0935390435916,19991.48890682397,10.888863555223107,34.02284030904868,-118.336128573782,14.818381650532197,0.17179784825930672,cruise,0.11978142198512123,0.3467165751567801,R09,westbound,0.007716996042212773,0.8902843466689767,799
471.0905390435073,20006.136513918293,11.449657035837623,34.022868231799755,-118.33628387249006,14.913938510276697,-0.16136696091240876,cruise,0.12084105499751484,0.33752804055618235,R09,westbound,0.007734526426469234,0.8923067692035028,800
479.066539042833,20091.276244371093,11.997735838192341,34.023011855670376,-118.33718918004136,7.379782483555721,-0.16818218230829837,cruise,0.043349184702537534,0.11257730986985667,R09,westbound,0.005675512278901567,0.6547651072508248,803
480.06353904274874,20098.817615854616,12.02725343878387,34.02302458994491,-118.33726947736642,7.382947156889007,-0.052504495957725744,cruise,0.05117872579479964,0.11713096432469985,R09,westbound,0.0066976770233599615,0.7726888779422071,803
481.06053904266446,20105.85754705149,12.054798807957313,34.02303647740844,-118.33734443558696,7.327460564610227,-0.1071399795892878,cruise,0.05587229282593831,0.1396207923234898,R09,westbound,0.007368241560506547,0.8500496939368399,804
482.0575390425802,20112.47886665333,12.073032288154645,34.02304759002262,-118.33741495187157,7.216915146876514,-0.24528510613996096,cruise,0.06419146526822538,0.1470997700929355,R09,westbound,0.008597260948001662,0.9918376016219462,804
484.0515390424116,20122.679012322544,12.080906936440494,34.023064529912695,-118.33752362244472,6.338209080974758,-0.19974208345348218,cruise,0.047097457696426995,0.10617529747495512,R09,westbound,0.007198388330220574,0.8304542877285711,804
485.0485390423273,20128.616834836626,12.088331962101394,34.02307441632122,-118.33758687731951,6.289367457667061,0.10816354505047307,cruise,0.05065874404263241,0.14254950144102907,R09,westbound,0.007803862523566194,0.9003058457310636,805
490.0335390419059,20166.175166856203,12.010628707703113,34.023135717550204,-118.33798731962405,8.292628980124276,0.2528376222695168,cruise,0.04777574379919154,0.12028874154120886,R09,westbound,0.005555352816183924,0.6409027068846069,806
491.0305390418216,20174.61764273866,11.979006734488644,34.02314936578579,-118.33807734776686,8.585658101090509,0.18713130896019772,cruise,0.057283769767855784,0.19254524795836303,R09,westbound,0.006429763384246045,0.7417805662290073,806
492.0275390417373,20183.2722664345,11.946590203345401,34.02316335698329,-118.33816963819302,8.619516945966978,0.13116791122738494,cruise,0.060992743206686094,0.2044515487359552,R09,westbound,0.00681871949244978,0.7866531478373007,807
493.02453904165304,20192.302073201874,11.9127684322217,34.02317795470782,-118.33826592946383,8.752795660022803,0.17053149023250153,cruise,0.055920862742828134,0.1571444815946504,R09,westbound,0.006154886178799696,0.7100688908664233,807
494.02153904156876,20201.215787347384,11.879382965738614,34.02319236476827,-118.3383609827533,8.910137866087862,0.2918102078694696,cruise,0.06579135512723033,0.17213382091540794,R09,westbound,0.007111222311632829,0.820398232045034,808
500.00353904106305,20264.753643168657,11.900508627701972,34.02329210072324,-118.33904402300817,11.60953108004557,0.2002923779661573,cruise,0.06201828808934753,0.1934111742223497,R09,westbound,0.005121390413060632,0.590837897672558,810
501.00053904097877,20276.14058060572,12.208820262439774,34.02330982375664,-118.33916564245688,11.7791520362985,0.1802777510584095,cruise,0.09047573751288665,0.28703379306659677,R09,westbound,0.0073619443493794625,0.8493232054867428,811
501.9975390408945,20287.782502661557,12.524036167618652,34.0233279436601,-118.33928998529657,11.952066719133649,0.2051494638725138,cruise,0.11370256646175238,0.28036235016521927,R09,westbound,0.009115758511547414,1.0516549530998696,811
502.9945390408102,20299.816204370112,12.84986255073902,34.02334667336729,-118.33941851257806,12.168853077252376,0.27127676235084164,cruise,0.09649615437412992,0.23217258730156862,R09,westbound,0.007596116545450359,0.8763388783530514,811
513.9615390398831,20466.726520465774,2.7096726671470543,34.023475647989464,-118.34122446922376,18.40396912598242,0.04079878585595436,cruise,0.1184734864753603,0.2653949077000783,R09,westbound,0.006122803837224638,0.7063676570764198,818
520.9405390392931,20573.726659263535,4.187717098277582,34.02362699371224,-118.34237011949185,12.88154476833557,-0.15960065397062817,cruise,0.0946168570717457,0.21927466773672946,R09,westbound,0.007029211668057309,0.8109369349501351,822
521.9375390392088,20585.845209634925,4.342729192295436,34.023643854128956,-118.34249991398505,12.724857442826611,-0.08525979629478184,cruise,0.11690226085002375,0.2825180629958881,R09,westbound,0.00879361536875835,1.0144903626500323,823
522.9345390391245,20598.08398113581,4.05637878359464,34.02365693019765,-118.34263167637182,12.595314029330295,-0.07783724350594236,cruise,0.13094006118479506,0.3008868596351659,R09,westbound,0.009952620997287926,1.148201014195896,823
523.9315390390402,20610.700683401516,3.9760372953518033,34.023672326982776,-118.34276717755094,12.579311844284792,-0.037438267714784444,cruise,0.11381642470179747,0.3241002362305005,R09,westbound,0.00866226527875599,0.9993369365729688,824
524.9285390389559,20623.411387969038,3.758470904618405,34.023686619486945,-118.34290389815101,12.561467976264204,0.01063496322211711,cruise,0.08580063562880474,0.23562018164044846,R09,westbound,0.006539493897671837,0.7544398131588426,824
525.9255390388716,20635.988049591408,3.4317596927156626,34.02369976699283,-118.34303934810646,12.5347477784418,0.06295497958788679,cruise,0.10452893937171097,0.25703837262690876,R09,westbound,0.007984190341114458,0.9211096704776375,825
526.9225390387874,20648.720539702776,3.1714197804109268,34.023713705690135,-118.34317636816483,12.703496445162617,0.09385721589068223,cruise,0.08295720074887876,0.20746178775267315,R09,westbound,0.0062508755338817655,0.7211428657407077,825
527.9195390387031,20661.76189402584,3.142706735593964,34.023728733797284,-118.34331706923336,12.813880063249272,0.07843777708740732,cruise,0.06847646509179534,0.18471330554859483,R09,westbound,0.005114534064640234,0.5900469033995794,826
528.9165390386188,20674.741813701155,3.0424723282456516,34.02374273348255,-118.34345675724649,12.843789556867325,0.04497691554216943,cruise,0.1034296976006889,0.2544020687487728,R09,westbound,0.0077069058459742785,0.889120274053569,826
529.9135390385345,20687.815335856365,2.877186516324669,34.023756259045264,-118.34359754137853,12.863669449234298,0.024844967284945854,cruise,0.16177841847234078,0.3077950765023967,R09,westbound,0.012035721744692284,1.3885214676215494,827
530.9105390384502,20701.15451602469,2.5182856198042223,34.02376835861419,-118.34374144886854,12.92275896792811,-0.13603378712807584,cruise,0.19253326314162367,0.4208137169025169,R09,westbound,0.014257149823609615,1.6448002884337924,828
539.8835390376917,20777.761353982743,0.8139615592029216,34.02384102117493,-118.34456741920162,3.647395385613376,-0.2761720555085661,cruise,0.0649023938209486,0.20551268182999746,R09,westbound,0.01740245422189999,2.007663668949933,831
540.8805390376074,20781.381374728928,0.7815716442504499,34.02384488394733,-118.34460638374871,4.091064759916785,0.08305972777402904,cruise,0.053903803575102986,0.12572019081221,R09,westbound,0.012860507088380857,1.4836742287259048,831
541.8775390375231,20784.333517940504,0.841885591693947,34.02384880938561,-118.34463803987292,4.432336130720661,0.06854509209772994,cruise,0.06284751671877532,0.1557486330288591,R09,westbound,0.013820759031331706,1.5944553239851527,831
542.8745390374388,20786.817129460178,0.6739732640667049,34.023850157103304,-118.34466497351326,4.229459019790702,-0.1430192364867483,cruise,0.039646286518531915,0.09665073426924867,R09,westbound,0.009144167737443969,1.0549324316651474,831
543.8715390373545,20789.47158016187,0.19479807819293912,34.02384891815943,-118.34469417327372,3.919037866633416,-0.18540616059180887,cruise,0.03957412738587221,0.09711781507374656,R09,westbound,0.009863427678624163,1.1379110755980997,831
544.8685390372702,20792.682188278843,0.0191178543690507,34.02385068851365,-118.3447289865208,3.7488219514126264,-0.10184284260874772,cruise,0.041444763964535135,0.10495945904807263,R09,westbound,0.010806935826575928,1.2467604945275974,831
545.865539037186,20796.499165683046,0.11453603565333216,34.0238542137455,-118.34477015555058,3.803873546532298,-0.036616098331659366,cruise,0.04489056786839702,0.10201311122404329,R09,westbound,0.011533147133780801,1.3305410946007221,831
546.8625390371017,20799.730010397445,0.0410688023947954,34.02385931074705,-118.34480467662185,3.7353994554577956,-0.023423925744989846,cruise,0.05668396929319899,0.15784073978209373,R09,westbound,0.014834664072139485,1.7114261999454707,831
547.8595390370174,20803.30234832719,0.12656775181818042,34.023864172725766,-118.3448429658926,3.713422862386777,-0.023719451752755465,cruise,0.05990515615855624,0.1470795641146546,R09,westbound,0.01577205904531451,1.8195703620907986,832
548.8565390369331,20806.7815651257,0.47736297474559175,34.02387129958101,-118.3448798880218,3.699150711763462,-0.008693197220852883,cruise,0.055031634321721604,0.14694441329202748,R09,westbound,0.01454580462900286,1.6781014399993306,832
549.8535390368488,20810.327465507842,0.7945516506986223,34.023878202490216,-118.34491757344446,3.698232529853643,0.001943084050115944,cruise,0.05440219190389013,0.12246208322491506,R09,westbound,0.014383063691362432,1.6593265555039953,832
550.8505390367645,20813.854788584402,0.5961011477722851,34.0238804743887,-118.34495577044939,3.6985870822201856,0.003622984410884091,cruise,0.056999623846443866,0.13121617075632286,R09,westbound,0.015068313417178783,1.7383815532150702,832
551.8475390366802,20817.590448194387,1.7040445518273757,34.02389466413516,-118.34499440519964,3.7256100207168665,0.0003525588381672973,cruise,0.06255545636348876,0.14731678061288783,R09,westbound,0.01641503910638551,1.8937488481831193,832
552.844539036596,20821.190280981908,12.16939237776695,34.02399235123478,-118.34501867131841,3.693445913644314,0.020063150752808477,cruise,0.04823834814912404,0.13574234004039287,R09,westbound,0.012770255298116921,1.4732621777553832,832
553.8415390365117,20824.643611316827,0.5034248897709076,34.02388302014445,-118.34507328090149,3.7054827053992523,0.03877136323986187,cruise,0.05505694842811572,0.13774258805459189,R09,westbound,0.014527200616468837,1.6759551565162663,832
554.8385390364274,20828.540897720057,1.8260992015487985,34.02387566609254,-118.34511700632693,3.838732165330954,0.0338021298174786,cruise,0.053703606099549196,0.12932989955974877,R09,westbound,0.013669929996143946,1.5770546763346527,833
555.8355390363431,20832.080835244655,2.8404697222859663,34.02387065831354,-118.34515646449577,3.812254063911472,0.009867299326567006,cruise,0.04832473667363219,0.12662374232469353,R09,westbound,0.012387681286997161,1.4291258776096827,833
556.8325390362588,20835.620349686353,3.6739088013738948,34.02386726753683,-118.34519566852528,3.788878895683158,0.012444131480644525,cruise,0.0490378673899619,0.11875905316921012,R09,westbound,0.012649377773942013,1.4593169370103634,833
557.8295390361745,20839.413731504243,4.159175641098481,34.02386728054155,-118.34523712165928,3.8143621596135824,0.056687646642712114,cruise,0.061170915059222584,0.15744401070647535,R09,westbound,0.015671886757229418,1.8080138160508188,833
558.8265390360903,20843.646332880387,4.370057232125999,34.02387025029564,-118.34528291845889,3.911064864139766,0.0943617924751796,cruise,0.06614346062878183,0.14713230190718296,R09,westbound,0.016519735370512195,1.9058273103977998,833
559.823539036006,20848.069278729185,4.584306462075122,34.02387340827768,-118.34533076635128,4.029173597642902,0.11633889479025165,cruise,0.06666684864917871,0.1451819236785995,R09,westbound,0.016154103781503924,1.8636456015358074,833
560.8205390359217,20852.602068453205,4.884895239652303,34.023875920399014,-118.34537991430959,4.138539700192643,0.11251572379348178,cruise,0.05319027448088567,0.13963103555343087,R09,westbound,0.012542206460260202,1.446952936502789,834
601.697539032466,20920.67497128293,2.770272433571922,34.02396960432737,-118.34610912906724,3.3520472358119675,0.052519688762658896,cruise,0.05219448830173729,0.12369001341345465,R09,westbound,0.015250286288610249,1.7593751623950726,836
602.6945390323817,20923.7949475331,2.98362838268002,34.023971056656556,-118.34614298175475,3.3855681264778457,0.05421180809245178,cruise,0.05887496441917545,0.13987564284403395,R09,westbound,0.017028964664528815,1.964575412230219,836
603.6915390322974,20927.1938244302,3.1280468426980326,34.02397342636249,-118.3461797465606,3.4352779261601563,0.07986321450569149,cruise,0.06690895926942951,0.16795471835803985,R09,westbound,0.019067890275873214,2.199799526104702,837
604.6885390322132,20931.24689680037,12.24739685555065,34.024115379463886,-118.34620344184464,3.5558781910521913,0.10970459683694506,cruise,0.06832116417934013,0.16625866323563215,R09,westbound,0.01879883149397321,2.168759103050305,837
605.6855390321289,20935.180131875677,13.124604799607527,34.024127466861515,-118.34624463348354,3.6594789203702818,0.12984182056609286,cruise,0.06303252497354263,0.14972000189418394,R09,westbound,0.016844315770348957,1.943273079143765,837
606.6825390320446,20939.463790387515,13.067717136365598,34.02413157311496,-118.3462908066217,3.8176200304908456,0.13062562251318738,cruise,0.06700396935215822,0.1413051959165416,R09,westbound,0.01715140434069811,1.9787008732915528,837
607.6795390319603,20943.832247526636,13.009702093397834,34.02413576064404,-118.34633789379761,3.950249857282206,0.11253117666160849,cruise,0.0803402710111871,0.19210915401499945,R09,westbound,0.01986302730744285,2.291531859358601,837
608.676539031876,20948.222410580685,12.94417749589194,34.02413990436077,-118.34638522429641,4.046509727948097,0.08185598417881124,cruise,0.06680401668091937,0.17637415522648478,R09,westbound,0.016116800615186878,1.859342058438002,837
609.6735390317917,20952.322737917868,12.880296376956524,34.0241437505086,-118.34642943354213,4.103750721645864,0.04527806976547052,cruise,0.06023424849867335,0.15479022354563113,R09,westbound,0.014325653089100271,1.652703283929505,838
610.6705390317074,20956.48978571261,12.815195695988411,34.02414765762936,-118.34647436239328,4.153781663443441,-0.08810660434871936,cruise,0.06113309823676539,0.18943626939492192,R09,westbound,0.014361311997809281,1.656817134457518,838
611.6675390316232,20960.34650594638,12.754944619181579,34.024151273792675,-118.34651594531005,4.113831335101009,-0.2155102556575109,cruise,0.05884392492575625,0.12543603300579625,R09,westbound,0.013960106372614632,1.6105313665301422,838
612.6645390315389,20962.30101440838,12.724408419292692,34.02415310637236,-118.34653701870104,3.509375407323467,-0.2069228833586512,cruise,0.07488929010763098,0.2222979694391864,R09,westbound,0.020883856678673457,2.409301572450996,838
613.6615390314546,20965.837940463065,12.66915314562555,34.02415642268693,-118.34657515361711,3.458974628531594,-0.06531196129250387,cruise,0.054735322074790184,0.14404119214236,R09,westbound,0.015489920626355593,1.7870209845066896,838
614.6585390313703,20969.834530252738,12.60796808779129,34.02416018379303,-118.34661840350321,3.5708256818660487,0.0781238716636922,cruise,0.07050141464393468,0.1841657546300698,R09,westbound,0.019316138720907962,2.2284391293247108,838
615.655539031286,20974.09358616198,12.546409211919656,34.02416417710623,-118.3466643235738,3.661684908139698,0.10594794086587007,cruise,0.07540792455450084,0.18166431541196315,R09,westbound,0.02013907110281943,2.32337812034857,838
616.6525390312017,20978.429504220738,12.483740577649025,34.02416824249634,-118.34671107235127,3.774002127968064,0.10859554406730498,cruise,0.07075981600945441,0.15814704260915452,R09,westbound,0.018325771113128452,2.114183689276399,839
617.6495390311175,20983.012497797074,12.417500554489285,34.024172539543535,-118.3467604850352,3.8895787646356355,0.13474550596457635,cruise,0.06734877032246595,0.1946800336840789,R09,westbound,0.016915289966010084,1.9514611376925686,839
618.6465390310332,20987.64651789265,12.35052245468371,34.02417688442848,-118.34681044787496,3.992550369925809,0.14929360986451576,cruise,0.06257849875909935,0.1590319292520008,R09,westbound,0.01530494858311655,1.7656813707805334,839
619.6435390309489,20992.88849183599,12.274756609625957,34.0241817993288,-118.3468669655211,4.249184282793907,0.13004164421739842,cruise,0.05454126220962008,0.1361102306691511,R09,westbound,0.012520202311909373,1.4444143905800795,839
620.6405390308646,20997.569370790083,12.207101833864307,34.02418618815427,-118.3469174335805,4.307470983943828,0.08221657389577969,cruise,0.061590269702731626,0.14557044344945624,R09,westbound,0.01394375334415636,1.608644771645631,839
621.6375390307803,21002.244280888885,12.13953269823922,34.02419057137766,-118.34696783728603,4.35256726626033,-0.020384996382622145,cruise,0.059967477566630505,0.14220246381358215,R09,westbound,0.013433291168629954,1.5497544363452336,840
622.634539030696,21006.80246144615,12.07365116924952,34.024194845158746,-118.34701698244241,4.380986931462362,-0.1386278517332783,cruise,0.07018798869877732,0.23145554332106283,R09,westbound,0.015619040705142816,1.8019171415548625,840
623.6315390306117,21009.877805199692,12.029201922678876,34.02419772862326,-118.34705014002512,4.053725286924833,-0.22996430374183965,cruise,0.0717253273076886,0.17710283276668268,R09,westbound,0.017272760890385083,1.9927013776278342,840
660.5205390274932,21382.773244053195,10.832566165748041,34.02456603130274,-118.35106891609522,20.85574166631357,0.1282874496176792,cruise,0.14840810175530478,0.3650483005897168,R09,westbound,0.006753646396908232,0.779145879719884,855
661.5175390274089,21407.50904180172,10.835373786123,34.02459041423672,-118.35133542945255,20.941162880572072,-0.08961093651408233,cruise,0.1866751849637901,0.6247567834419299,R09,westbound,0.00845982941172645,0.9759825791734175,856
662.5145390273246,21429.670151487313,11.010897583535353,34.02461380921366,-118.35157399720705,20.627008423998504,-0.1819698538247185,cruise,0.21500874156949434,0.42812962948154193,R09,westbound,0.009894836139960698,1.1415345660505916,857
663.5115390272404,21454.599520340464,11.720684270132095,34.02464471666736,-118.35184175895941,20.418610538119342,-0.1783355887893782,cruise,0.25101831145965914,0.6655965058642737,R09,westbound,0.011671960698762102,1.346555557136682,858
664.5085390271561,21479.312227124406,12.163254977362296,34.02467310759065,-118.35210733879595,20.289750343278847,-0.11626785910880916,cruise,0.12554031154383571,0.3463084944789998,R09,westbound,0.0058751423589558874,0.6777957702736446,859
665.5055390270718,21503.427849940756,12.284713713160576,34.02469819004211,-118.35236699517905,20.21161746924386,-0.08404845743124606,cruise,0.22954069499433088,0.589181461629559,R09,westbound,0.01078448330267722,1.244170220998767,860
666.5025390269875,21526.417946014946,12.278690259895603,34.02472101064019,-118.35261467861442,20.138487159743896,-0.1002158918371208,cruise,0.2780295733351936,0.6066834443366245,R09,westbound,0.01311088328475351,1.5125593035904987,861
667.4995390269032,21549.718326185757,12.249567372627723,34.024743933038685,-118.35286573243383,20.067095849343076,-0.1691285508371058,cruise,0.1479877711671819,0.3680675335831298,R09,westbound,0.007003830643909053,0.8080088100193958,861
668.4965390268189,21574.370196125412,12.249396616884514,34.02476820570337,-118.35313157483677,19.834780498260656,-0.27200475216556624,cruise,0.12984908428739653,0.4004679498709809,R09,westbound,0.006218602803602078,0.7174196674346429,862
740.2805390207504,22154.917103407355,13.536455586370666,34.02511724216738,-118.35941599165987,24.816733271570666,0.20311869374035213,cruise,0.20269217896311664,0.6013307939457658,R09,westbound,0.007728578614358264,0.8916205897639438,886
741.2775390206662,22180.699916983536,13.545766311983282,34.02514249501732,-118.3596938073888,24.886194175236902,-0.06086443566803885,cruise,0.18420908402471692,0.5453110543669951,R09,westbound,0.00700388371205172,0.8080149323157486,887
742.2745390205819,22206.107557869454,13.573273797803617,34.02516721616143,-118.35996760221106,24.59592879325534,-0.2822248900954469,cruise,0.13431677699691547,0.36133872717160537,R09,westbound,0.0051682207343015625,0.5962405571688464,888
747.2595390201604,22324.49869452327,13.637644817457291,34.025283913987835,-118.36124320423502,22.694198520776826,-0.2747382294771876,cruise,0.11812534910717416,0.3111335282614364,R09,westbound,0.004932913104864434,0.5690938931050418,892
748.2565390200762,22347.052894704793,13.583592609439044,34.02530657370567,-118.36148615580824,22.45996650540079,-0.16222112363128294,cruise,0.11778309920811712,0.3276880200401466,R09,westbound,0.004970803462717447,0.5734651785510494,893
749.2535390199919,22369.286884564033,13.53727529059327,34.02532884929141,-118.36172566634671,22.3080221024379,-0.019842107022574294,cruise,0.11426409829374022,0.2983841903380205,R09,westbound,0.004855703527681309,0.560186479183477,894
750.2505390199076,22391.415583736496,13.517521041750781,34.025350783368594,-118.36196407381534,22.41610006027281,0.10941559878923615,cruise,0.12053169583339012,0.29207885409719914,R09,westbound,0.005096928422941554,0.5880157986624953,895
751.2475390198233,22413.549955628787,13.614747870184747,34.02537233101448,-118.36220325443124,22.619369481705796,0.18058930532092893,cruise,0.10298911722181542,0.27513236522623746,R09,westbound,0.0043152973323162215,0.4978416012096224,896
752.244539019739,22436.266590426618,13.83746976706363,34.025393578911824,-118.3624481719689,22.80314323803478,0.21184906137606033,cruise,0.09888937329416048,0.22353752287818368,R09,westbound,0.004109550681076838,0.4741052895702217,897
753.2415390196547,22459.472596217303,14.128743288333686,34.02541471363823,-118.36269844406645,23.001264149014407,0.22236125163563358,cruise,0.3741074186655754,0.8997731087771939,R09,westbound,0.01541059537911744,1.7778694927182443,898
754.2385390195705,22483.36774198965,14.456985865489797,34.02543622240145,-118.36295618324564,23.301486478008655,0.1777188651523275,cruise,0.33548450064637186,0.7639940041467898,R09,westbound,0.013638504604269226,1.5734292326618866,899
755.2355390194862,22507.185423528666,15.227506581989807,34.02545779115103,-118.36321785820292,23.45119124890383,0.0960221748826357,cruise,0.12520649321566119,0.3235006440511344,R09,westbound,0.0050569891317329895,0.5834081345422164,900
756.2325390194019,22531.14969918067,15.833110615037432,34.025483165727294,-118.36347590182064,23.41633038939671,0.03826305252556954,cruise,0.15429000245783517,0.38374416233679765,R09,westbound,0.006241085603715392,0.7200134338303598,901
757.2295390193176,22555.663367213467,7.70681979635505,34.025587417095004,-118.3637265085609,23.460824887725714,0.028948187222211996,cruise,0.11149217325094936,0.254306898512735,R09,westbound,0.00450119793968436,0.519288340312608,902
758.2265390192333,22580.44550396856,0.6938710239618532,34.0256946940668,-118.363979106421,23.520742419375384,0.014526272516433954,cruise,0.13602361213591768,0.3910690236674291,R09,westbound,0.00547735929680162,0.6319048521406283,903
759.223539019149,22604.551281972334,0.12026212278396915,34.025721055239615,-118.36423854320029,23.5199472748738,-0.019141160754576822,cruise,0.10553647008117445,0.2611583556917891,R09,westbound,0.004249858060004233,0.4902920884875624,904
760.2205390190647,22628.135740324004,0.11798449011968966,34.02575192007813,-118.36449147326883,23.444104164434584,-0.026754100768433427,cruise,0.12395355435651191,0.29928492725946854,R09,westbound,0.005007923396663358,0.5777475827353536,905
761.2175390189805,22651.721840704762,0.3122991182581081,34.025784857449125,-118.36474405437924,23.422960719042305,-0.009084366956078317,cruise,0.15881295236249124,0.37026680615325314,R09,westbound,0.0064221908118336874,0.7409069435595306,906
762.2145390188962,22675.557306439598,0.2887417002473211,34.025816182311864,-118.36499965584525,23.45768594442363,0.025249319008577277,cruise,0.315247242515421,0.8271134534616597,R09,westbound,0.01272899561497558,1.4685021843786437,907
763.2115390188119,22699.2274238547,0.31747720660587647,34.02584678101739,-118.3652536601361,23.452022811758095,0.09585611559443359,cruise,0.2385701713166783,0.7887878375624475,R09,westbound,0.009635308987649619,1.1115937756220045,907
764.2085390187276,22722.79376590052,0.6461771784103675,34.02587466635138,-118.36550691976191,23.566083498015345,0.19621297394832654,cruise,0.2863137769728442,0.7008599522437629,R09,westbound,0.011506636635353444,1.327482665952688,908
765.2055390186433,22746.657301299794,0.6553471575340655,34.02590025557258,-118.36576371923316,23.887974448888023,0.27563924998052053,cruise,0.4265390069802645,1.2344481165680345,R09,westbound,0.0169071979869252,1.950527592790713,909
766.202539018559,22770.74514747988,0.5197508222083077,34.02592536454265,-118.36602314068628,24.19548031735335,0.2677139066121301,cruise,0.5417253000853266,1.8456188095399233,R09,westbound,0.021195395480597897,2.445242775117961,910
767.1995390184748,22795.103005652658,0.6024342292292986,34.02595006325169,-118.3662854910985,24.471499985664167,0.18275337099212782,cruise,0.23998212297271537,0.5930105685676473,R09,westbound,0.00928175733542564,1.070805689170724,911
768.1965390183905,22819.584009861923,0.4881967370691418,34.02597304043896,-118.3665494213275,24.584022550457593,0.09492315128608417,cruise,0.4082434308524032,0.908461713405194,R09,westbound,0.01571606787635222,1.8131108458481893,912
769.1935390183062,22844.19101483478,0.21382030499102453,34.025993426242536,-118.36681506241284,24.592662880966262,0.03832051153546905,cruise,0.37935962482857466,1.0112307792338096,R09,westbound,0.014598914387313894,1.684228537411464,913
770.1905390182219,22869.047991765114,0.3905994418124715,34.026010458151966,-118.36708379778715,24.6421477129966,0.005174094725344944,cruise,0.35550247745285674,0.8747461634962234,R09,westbound,0.013652873571178281,1.575086932918173,914
771.1875390181376,22893.715452726454,0.6337260431389814,34.02602939227207,-118.3673501304238,24.642608123110946,-0.0371748113984785,cruise,0.22197667619735564,0.48552291854979013,R09,westbound,0.008524727931538969,0.9834697070655427,915
772.1845390180533,22917.941871854076,0.06016073319894863,34.0260533479513,-118.367611219642,24.565028742957303,-0.08869789418479578,cruise,0.2542153993128403,0.8024150871112914,R09,westbound,0.00979417791149295,1.1299219586735674,916
773.181539017969,22942.104219410598,0.20798250303531912,34.026074511333874,-118.36787190206009,24.447402129238668,-0.13990724408741298,cruise,0.22629797664306095,0.682656617115594,R09,westbound,0.008761273228561193,1.0107591567510275,917
774.1785390178848,22966.220191167293,0.5278207926760722,34.026096274751936,-118.36813200380837,24.306762903900296,-0.1806903867348766,cruise,0.17618257750762406,0.425536659511842,R09,westbound,0.006861170411869521,0.7915505702092144,918
775.1755390178005,22989.92987643649,1.1995815818191333,34.02612118027654,-118.368387379577,24.0639488281078,-0.19405108863913265,cruise,0.43255508623211,1.3695861693363303,R09,westbound,0.01701813266913147,1.9633257606957755,919
776.1725390177162,23013.566338187444,1.751850416478339,34.02614457674275,-118.36864210571174,23.867592150731504,-0.2266074299408299,cruise,0.46237543609245096,1.187775222253674,R09,westbound,0.018343606849628803,2.116241339290824,920
786.1425390168733,23195.46276343634,22.602095854856476,34.02648290314937,-118.37058515946518,13.072466793153685,-0.07416418504416254,cruise,0.22482985561846422,0.5073148430830897,R09,westbound,0.01645479853701712,1.898335762382656,927
787.1395390167891,23208.397244246597,23.107162902999367,34.02649761008387,-118.37072490420614,13.425322490142998,0.06356979865537654,cruise,0.2468473272421455,0.4390405686423364,R09,westbound,0.0175833190358505,2.02852944519791,928
788.1365390167048,23221.629850392645,23.6402332082816,34.02651276166056,-118.3708672931191,13.42766425574514,-0.10416818458408425,cruise,0.11611896879877658,0.31606203981697073,R09,westbound,0.008269867423643908,0.9540672919908272,928
852.9415390112263,23457.749078657915,14.285094750240615,34.02664134104947,-118.37341844978508,11.480462375344878,0.16085406602769844,cruise,0.0724702571573169,0.1792227399522076,R09,westbound,0.006052945079983721,0.6983082829742266,938
853.938539011142,23469.353541561453,14.078368227822985,34.02665138538937,-118.3735436741152,11.568857911159869,0.12369174313857345,cruise,0.08450046888101174,0.24681861142807607,R09,westbound,0.007002895405528799,0.8079009146562534,938
854.9355390110577,23481.177645830565,13.85185765858056,34.02666147772105,-118.3736712881721,11.6954534256474,0.12899593215205524,cruise,0.08376689298658888,0.2576298555075297,R09,westbound,0.006865671875979419,0.7920698892567054,939
855.9325390109734,23493.17040904425,13.574506952832872,34.02667128768904,-118.37380078120741,11.845450118519748,0.14311065184189037,cruise,0.09000585358226922,0.22262990407885047,R09,westbound,0.007282016876664737,0.8401022369340198,939
856.9295390108891,23504.852637550768,13.384952481514457,34.02668156551345,-118.37392682183251,11.97552383405336,0.14920708426739798,cruise,0.09440905548770741,0.22349003578941498,R09,westbound,0.007553879250356151,0.871466101114043,940
857.9265390108048,23516.91235686085,13.17039204600531,34.02669200637765,-118.37405695851642,12.144875421999728,0.13589414248557016,cruise,0.08065814862961451,0.22222782143795078,R09,westbound,0.006362110109920763,0.7339756314068002,940
858.9235390107206,23529.157312179996,12.960419770595237,34.02670262530737,-118.37418949508671,12.288584900179538,0.09085059847790064,cruise,0.07787687337688587,0.23902688084069393,R09,westbound,0.006069665335214068,0.7002372435986018,941
859.9205390106363,23541.422897872173,12.77561653728743,34.026713229587344,-118.3743218490188,12.345307812673523,-0.009599159245531882,cruise,0.09516174576025387,0.2290849354742613,R09,westbound,0.007382172439195503,0.8516568534020359,941
860.917539010552,23553.98875619092,12.593260609326999,34.02672415591632,-118.37445743471474,12.318559723428422,-0.11923638831016087,cruise,0.10365819107112888,0.3013702079920253,R09,westbound,0.00805904544064552,0.9297454560885556,942
861.9145390104677,23565.77221644807,12.454929691233033,34.026734694578806,-118.3745845390583,12.057478428148928,-0.16204255431743494,cruise,0.11473546186844526,0.27427057170139335,R09,westbound,0.00911677269777432,1.0517719564153414,942
862.9115390103834,23577.77295740237,12.363547562647648,34.026745870959516,-118.37471392763689,11.863142209893052,-0.13144982471800004,cruise,0.11171968543621076,0.2995616198274742,R09,westbound,0.009025085233630816,1.0411942764908966,943
863.9085390102991,23589.752551771922,12.55430835241835,34.02675955349234,-118.37484274926219,11.831386766363947,-0.07251103680213758,cruise,0.09726132539544106,0.2469644990218579,R09,westbound,0.007878542846127339,0.9089214679001937,943
864.9055390102149,23601.524450300385,12.721996206826812,34.026772821754555,-118.3749693612059,11.758318533816798,-0.0256521052136782,cruise,0.12103777014077934,0.26708264942762333,R09,westbound,0.009866505080996932,1.1382661053461898,944
865.9025390101306,23613.52217958451,12.957903702308482,34.02678692681406,-118.37509832392202,11.728541082111466,-0.0007256564630104125,cruise,0.16039293319798126,0.3783671660764856,R09,westbound,0.013108344020247327,1.5122663570307828,944
866.8995390100463,23625.849009573503,13.374087571720471,34.02680298329028,-118.37523103716374,11.812537000770291,-0.01874848050667299,cruise,0.21030393452831136,0.47719697474478384,R09,westbound,0.017063082766747752,1.9685115050022535,945
867.896539009962,23637.72184216489,13.804823367310975,34.02681840142294,-118.37535847454211,11.77282742244909,-0.10978209652388812,cruise,0.24566666326441353,0.44303633405777687,R09,westbound,0.020000639748099548,2.307407752148154,945
868.8935390098777,23649.205695761804,14.148529213905832,34.02683266105401,-118.37548182217647,11.601878783097733,-0.19848519906431053,cruise,0.17513056783744932,0.35408606527876646,R09,westbound,0.014471759839203346,1.6695591371459524,945
869.8905390097934,23660.65383416166,14.069425233291017,34.02684318122756,-118.37560496030854,11.282482798433637,-0.20769928870489826,cruise,0.16860955912304723,0.47245894283326806,R09,westbound,0.014334210612977788,1.6536905371965438,946
870.8875390097091,23671.754464965365,13.936143690054273,34.02685299412951,-118.37572471329489,11.115543164083416,-0.18222989969043288,cruise,0.15226828643225512,0.28678795179651123,R09,westbound,0.013142754835652748,1.5162362191564058,946
871.8845390096249,23683.61127185451,12.924995938696677,34.02685569257931,-118.37585365987567,11.016705896535743,-0.1610028699280287,cruise,0.14443348509494522,0.25203235758963827,R09,westbound,0.0125802854997895,1.4513459895306358,947
872.8815390095406,23694.414685825857,9.960529573723582,34.02683984799893,-118.37597358688292,10.77755642513961,-0.14127366814145473,cruise,0.13122837915699642,0.3112969403190721,R09,westbound,0.011688150204362093,1.3484232869290962,947
873.8785390094563,23704.490878576013,4.69248360917159,34.02680264604121,-118.37608842604702,10.6573503695494,-0.09097921467387537,cruise,0.10076647295233773,0.22088422114785194,R09,westbound,0.009077973937288994,1.0472958715578016,948
874.875539009372,23715.26884304099,3.8178524049033364,34.02680572762213,-118.37620542107707,10.629799608319024,-0.036502793444645076,cruise,0.1119674105438789,0.23516250952495443,R09,westbound,0.010113652167109041,1.1667786484247227,948
875.8725390092877,23724.775069102823,0.5918952947205345,34.02677593912394,-118.3763132125365,10.620225051223212,-0.01227279246002318,cruise,0.09108248290456354,0.23443466721842462,R09,westbound,0.008234729339744434,0.950013527300976,948
876.8695390092034,23737.84969087484,11.197240409262955,34.02669430999227,-118.37646703850736,10.596322033098387,0.0191761772218689,cruise,0.07065844866432161,0.14494233323861572,R09,westbound,0.006402859491229073,0.7386767529464235,949
877.8665390091192,23747.55860638931,11.557257350479714,34.02670099411782,-118.37657204260547,10.617412100280388,0.0646590522170162,cruise,0.07327334021332793,0.18420984738119478,R09,westbound,0.006626397471556194,0.764465591463719,949
878.8635390090349,23758.080620230943,11.394735054804347,34.02671365064967,-118.37668609157085,10.747324451393371,0.11066307931295738,cruise,0.06678719603123827,0.16456737987750558,R09,westbound,0.005965572951642443,0.6882284490891379,950
879.8605390089506,23768.74440155385,11.219886678696218,34.02672686124418,-118.37680059940494,10.85601308325772,0.10083982422771717,cruise,0.09927843220726103,0.24816508127449804,R09,westbound,0.008777456558813358,1.012626174113958,950
880.8575390088663,23779.91049697118,11.062764179298473,34.026740461846046,-118.37692053519442,11.019707590515205,0.029187333623122792,cruise,0.10125514039490609,0.3278262895489487,R09,westbound,0.00881696945874689,1.0171846468810677,951
881.854539008782,23790.496242943573,10.957739882437378,34.02675296252342,-118.37703429511286,10.948252789637763,-0.0435688462311418,cruise,0.078781504280436,0.22178324979822273,R09,westbound,0.006905583488088685,0.7966743601307134,951
882.8515390086977,23801.561181684654,10.839214002884853,34.026766107337885,-118.3771531931963,10.829683374732088,-0.0760055004530424,cruise,0.05896651596899958,0.12234268196495282,R09,westbound,0.005226271737336078,0.602937709665408,952
883.8485390086134,23812.39285055904,10.712822015732776,34.02677906776558,-118.37726957106936,10.785408460908172,-0.0475534165698733,cruise,0.07294858874321163,0.18002337557584874,R09,westbound,0.006492518277955906,0.7490203910573668,952
884.8455390085292,23822.73544536128,10.78775539253961,34.026789692869706,-118.37738095115392,10.727887015573128,-0.023234220611736217,cruise,0.13914065267418188,0.3646776624605344,R09,westbound,0.012451242155910905,1.436458685135441,952
885.8425390084449,23833.70549086023,11.379323635665147,34.0267962622505,-118.37749957094577,10.765584610899797,-0.004649252691583981,cruise,0.18182123809667744,0.3821387499383958,R09,westbound,0.016212635545276827,1.8703982178109608,953
886.8395390083606,23844.544213434343,11.568401761594002,34.026806245854125,-118.37761645925606,10.71052011705281,0.007081307478486605,cruise,0.09234319273680483,0.26809283515311544,R09,westbound,0.008277120219722357,0.9549040231207777,953
887.8365390082763,23855.743230863267,11.489271561479018,34.026819017623325,-118.3777368775004,10.774963529829785,-0.010996957658870514,cruise,0.08645435024353776,0.22491369630504748,R09,westbound,0.007702135672795926,0.8885699549283088,954
888.833539008192,23866.597152682138,11.407941675337772,34.02683143733646,-118.37785357907072,10.760868477975865,-0.08876401174969861,cruise,0.06849273992825379,0.15131326487714442,R09,westbound,0.00611008311179271,0.7049001089957456,954
889.8305390081077,23877.209113348898,11.440789454626668,34.02684257469212,-118.3779678246371,10.649452449266935,-0.18008042708538932,cruise,0.0706438842810648,0.24205507770511853,R09,westbound,0.006369054249300113,0.7347767538327683,955
890.8275390080235,23887.082249185965,11.503122376927786,34.0268526523327,-118.37807415737075,10.30504487937385,-0.21616620119912183,cruise,0.1025290198417276,0.33329141259554024,R09,westbound,0.009558069359902525,1.1026828948661218,955
891.8245390079392,23897.302423269244,11.567644430414925,34.02686308421643,-118.37818422767091,10.153546013698074,-0.2071200300894959,cruise,0.09190364293611328,0.24792728894385813,R09,westbound,0.008697589217503488,1.0034121427228186,955
892.8215390078549,23907.12163289761,11.629635438110439,34.026873106826855,-118.37828997962254,9.963668698080898,-0.2029221094737759,cruise,0.08134175918575413,0.21101389407244553,R09,westbound,0.007847281307598066,0.9053149274467376,956
893.8185390077706,23916.878470898504,11.691233528350775,34.02688306576606,-118.3783950598388,9.751836610669265,-0.2321570067516823,cruise,0.07394953429851793,0.18281593481065256,R09,westbound,0.007291796040786805,0.841230426801393,956
894.8155390076863,23926.180466604917,11.766876968533678,34.026892630502665,-118.37849603296375,9.492874223633146,-0.25043674848906405,cruise,0.06369733197102408,0.18545241628768258,R09,westbound,0.006455205496448114,0.7447157386867611,957
895.812539007602,23935.177276697133,11.888031543411893,34.026901741160366,-118.37859294459386,9.235577273874666,-0.25241562234161957,cruise,0.08217617282885771,0.2175737229321963,R09,westbound,0.008563941816034992,0.9879936834091776,957
896.8095390075177,23943.962043497133,12.013583746256026,34.0269105722376,-118.37868758202448,8.98181540554057,-0.24823925534868985,cruise,0.06522085852504307,0.1939929986057558,R09,westbound,0.006992337387554382,0.8066828709922348,957
897.8065390074335,23952.680157055576,12.138182734781642,34.02691933631561,-118.37878150140543,8.752945176041923,-0.25384956825023086,cruise,0.04831439808184878,0.11911750913373935,R09,westbound,0.005317594175389734,0.6134732777354294,958
898.8035390073492,23961.117242439996,12.258765258714478,34.02692781788395,-118.37887239329744,8.490539096095564,-0.25041040003418735,cruise,0.057159476656011614,0.14558358572350996,R09,westbound,0.006488931630487677,0.7486066113844841,958
899.8005390072649,23969.222867453078,12.37461103909176,34.02693596624011,-118.3789597144001,8.208325466175161,-0.18830899114843258,cruise,0.04978365029340666,0.13691993894239332,R09,westbound,0.005849313935203451,0.674816030328186,958
900.7975390071806,23977.352347610155,12.42578827152134,34.02694402273182,-118.37904605097843,8.028480102529453,-0.07860509971310879,cruise,0.04764658163476307,0.13385841308174298,R09,westbound,0.005725806684110619,0.6605674066737757,959
901.7945390070963,23985.497734559776,12.466842366684029,34.026952210327075,-118.37913379258644,8.088539784653337,0.013688631459884935,cruise,0.05671820218700298,0.1737013778686763,R09,westbound,0.006764487817062085,0.7803966185573591,959
902.791539007012,23994.07838096022,12.372401757227657,34.02696044951707,-118.37922208706519,8.140109071173322,0.04314699438401614,cruise,0.0598878600945709,0.16212121246000302,R09,westbound,0.007096491381155705,0.8186987732473473,959
903.7885390069277,24002.180553346137,12.16315954646592,34.02696859629172,-118.37930939115859,8.178581890917405,0.0272948872323446,cruise,0.07843954277907873,0.29790760144656653,R09,westbound,0.00925032367077639,1.0671792910952826,960
904.7855390068435,24010.33841764304,11.952479689936732,34.02697679905926,-118.37939729535478,8.196543316648746,0.007904055514111543,cruise,0.08040145090281564,0.1737185551936669,R09,westbound,0.009460555560241432,1.0914330498554985,960
905.7825390067592,24018.442519555978,11.742617053957135,34.026984952897884,-118.37948461970873,8.195383554587993,-0.013646998315130707,cruise,0.07680037656875068,0.22034121305545146,R09,westbound,0.00903813066508089,1.042699284832486,960
906.7795390066749,24026.312892203605,11.655022549592317,34.02699336144763,-118.37957316356261,8.170589467584154,-0.03146748096206001,cruise,0.0527107071550281,0.154891393447865,R09,westbound,0.0062223242569753555,0.7178489992195711,961
907.7765390065906,24034.14888763641,11.64348915191947,34.02700163865379,-118.37965751597007,8.122899396067787,-0.04251526053386362,cruise,0.054697851350115914,0.12603784207457286,R09,westbound,0.006495462984769357,0.7493601121570285,961
908.7735390065063,24042.30298547332,11.722809372540107,34.027009434314564,-118.37974540722874,8.080789004069826,-0.0290343538170967,cruise,0.047190735138525286,0.11222046233980451,R09,westbound,0.0056336871556399715,0.6499398809148759,961
909.770539006422,24050.34964499794,11.762716871487129,34.0270174707458,-118.3798320923008,8.030857729610252,0.039974935932567866,cruise,0.0638196075093043,0.1886219635332663,R09,westbound,0.007667049252310255,0.8845221504758807,962
910.7675390063378,24058.317163989497,11.802231977948576,34.02702542813615,-118.3799179248077,8.0889476295225,0.11392747404991443,cruise,0.09728304313983685,0.26205017760407784,R09,westbound,0.01160185238777971,1.3384673928435298,962
911.7645390062535,24066.733427664905,11.843972645390187,34.02703383370071,-118.38000859155237,8.353870837343518,0.12832021688253398,cruise,0.0814954927333878,0.24160341993644446,R09,westbound,0.009405616940355162,1.0850949627235635,962
912.7615390061692,24075.24461823613,11.886184416297827,34.02704233406871,-118.38010028092609,8.439290046045535,0.07809966252864937,cruise,0.08046931873874588,0.2184916615459873,R09,westbound,0.00919157346613581,1.0604014740186642,963
913.7585390060849,24083.706322255417,11.857695863925853,34.027050683275725,-118.38019033980383,8.448126850413646,0.01799443721190235,cruise,0.15207001053611105,0.5399370492564541,R09,westbound,0.017351650143336728,2.001802570195392,963
914.7555390060006,24092.075394151754,11.827517390646424,34.02705904165937,-118.38028049763824,8.461883797659258,-0.002275222677835285,cruise,0.08703817320568245,0.25284986863266323,R09,westbound,0.009914896551663808,1.143848869495782,963
915.7525390059163,24100.446462980566,11.79744703284124,34.02706740100403,-118.3803706771191,8.438919809122291,0.004488576637209379,cruise,0.10565378317903057,0.24333367048477428,R09,westbound,0.012068796703206588,1.3923372163495438,964
916.749539005832,24108.64731023726,11.782938510876702,34.027075456393646,-118.38045904022039,8.434886705279226,0.013874921973129038,cruise,0.13770749877143101,0.42845794860880837,R09,westbound,0.01573793281303649,1.8156333313806985,964
917.7465390057478,24117.07134186997,11.80999169450231,34.02708364616183,-118.3805502977306,8.50197460823519,0.017310417875625293,cruise,0.10242353894515435,0.23592796724371679,R09,westbound,0.011611548465059253,1.3395859972562896,964
918.7435390056635,24125.35474746729,11.840133552101769,34.02709165752605,-118.38063956721295,8.481828781782596,0.01401058894045462,cruise,0.08089769122221761,0.20477854922325417,R09,westbound,0.009193365246235029,1.0606081857710457,965
919.7405390055792,24133.737977986817,11.870647868012504,34.02709976535426,-118.38072991251018,8.495528652342157,0.038647097247667905,cruise,0.10282547306842078,0.2552627062325421,R09,westbound,0.011666111928605557,1.3458808038403018,965
920.7375390054949,24142.189581978146,11.901434980647512,34.027107939095465,-118.38082099469072,8.525144004206979,0.08097523297463323,cruise,0.09978338386183477,0.23869195913280078,R09,westbound,0.011280967227363969,1.301447931665397,965
921.7345390054106,24150.963887757844,11.933397901522582,34.02711642492647,-118.38091555459992,8.689846321526817,0.09660666658396745,cruise,0.06632530558463103,0.1448732468232083,R09,westbound,0.007353837687208431,0.8483879666457321,966
922.7315390053263,24159.803274509017,11.859548984596493,34.027125923626585,-118.38101068837449,8.771904956211243,0.07273250204500023,cruise,0.06851671024680596,0.20666470269005688,R09,westbound,0.007524527696618513,0.868079909297941,966
923.728539005242,24168.674702899774,11.847835702108593,34.02713489778359,-118.38110624202652,8.826668779794334,0.030524604907981773,cruise,0.059196695915660624,0.12075641153697955,R09,westbound,0.006459974457439818,0.7452659179660511,966
924.7255390051578,24177.38381194177,11.837193856687612,34.02714370006402,-118.3812000483766,8.823407373135868,0.005174781456740701,cruise,0.06006942528229574,0.16513916655444702,R09,westbound,0.006557677740444365,0.7565376230442069,967
925.7225390050735,24186.148182890905,11.826483370767692,34.02715255820755,-118.38129444995475,8.8209420911463,-0.004698090383774663,cruise,0.1473972497314861,0.3183827063624751,R09,westbound,0.016095683421043474,1.8569058374928826,967
926.7195390049892,24194.976560014842,11.81569547660839,34.02716148103481,-118.38138954094832,8.808587187530884,0.024109864961534087,cruise,0.0981197207044328,0.26336837955719783,R09,westbound,0.010729896419884368,1.2378727126136269,967
927.7165390049049,24203.761945879836,11.80495991083879,34.02717036041271,-118.38148416888015,8.813384988725959,0.1010423462967015,cruise,0.06628426548209626,0.1699960427696534,R09,westbound,0.00724451176585733,0.8357753961673183,968
928.7135390048206,24213.02983088934,11.793635330377962,34.02717972744658,-118.38158399384065,8.975189687743917,0.15874145617276883,cruise,0.06957677568711594,0.1970112873058333,R09,westbound,0.007464937315252525,0.8612051638073418,968
929.7105390047363,24222.314940945103,11.798971940425727,34.027188962459455,-118.38168402439086,9.258774906429036,0.19159224791268356,cruise,0.07676923011832615,0.209870898832118,R09,westbound,0.00798007110673399,0.9206344480116506,968
930.7075390046521,24231.64016227899,11.811563299490196,34.02719817258965,-118.38178449576371,9.31278866057303,0.23613747641451255,cruise,0.09212982086337337,0.2323007624933126,R09,westbound,0.009520288830645885,1.0983242799825497,969
931.7045390045678,24240.96216924175,11.865788612286794,34.02720772569561,-118.3818876559394,9.621890842813626,0.2500896559492587,cruise,0.09593297227839022,0.25396151486100293,R09,westbound,0.009589438542965541,1.1063018539139209,969
932.7015390044835,24250.899653545355,12.076439706342676,34.02721768562146,-118.38199472879761,10.024648135151526,0.20149230793194847,cruise,0.08190398419536447,0.17458218459717834,R09,westbound,0.007852632010962873,0.9059322204223073,970
933.6985390043992,24260.807765280184,12.276148935733245,34.02722770829992,-118.38210147038832,10.042951753612535,0.088014197744471,cruise,0.08632758160346872,0.20947233316170477,R09,westbound,0.00826140523575174,0.9530910373215545,970
934.6955390043149,24270.899808141276,12.47909590523979,34.027237921231674,-118.38221019282395,10.097054735721143,0.0330288764775133,cruise,0.10842159557632036,0.23676033775078867,R09,westbound,0.010319215267731534,1.1904937844356607,970
935.6925390042306,24280.889010028906,12.717792414256209,34.02724769222984,-118.3823178615416,10.075985173106925,0.05492301758392303,cruise,0.0767299960487492,0.18431857545502098,R09,westbound,0.0073184456247877335,0.8443049012926958,971
936.6895390041464,24291.002082321796,12.960087943906238,34.027257730143646,-118.38242766744027,10.189193454728912,0.07699792803434814,cruise,0.07458660891726364,0.21976305187839304,R09,westbound,0.007033618010770139,0.8114452801562014,971
937.6865390040621,24301.31291581954,13.254053905548275,34.027267929150895,-118.38253880149054,10.279362525764016,0.08919182705610294,cruise,0.06420756304170752,0.15256593721774947,R09,westbound,0.00600083804543852,0.6922968664912877,972
938.6835390039778,24312.00878744949,13.576092040835212,34.0272783564195,-118.3826541111948,10.354278988526588,0.09612360929102531,cruise,0.07123703312249932,0.2689104065008277,R09,westbound,0.00660881526861983,0.7624371907792327,972
939.6805390038935,24321.987152152935,13.819587398420333,34.02728859249143,-118.38276160046087,10.444445148713752,0.1335323794572056,cruise,0.10588146299395394,0.2835899457704484,R09,westbound,0.009736602409464855,1.1232796631576916,972
940.6775390038092,24332.517771472227,14.140949254198873,34.027298820278965,-118.38287513504866,10.59912226250948,0.1781872041480987,cruise,0.08651881663888521,0.21211149923948452,R09,westbound,0.007837972163578412,0.9042409622462567,973
941.6745390037249,24343.414038431518,14.45323552325639,34.027309583825236,-118.38299258155845,10.8333099456266,0.1950230155715435,cruise,0.08365443248505676,0.19667664673746713,R09,westbound,0.007411866106326698,0.8550825137104636,973
942.6715390036406,24354.363062358887,14.704836104088342,34.027320726468375,-118.38311019479698,11.031330046737553,0.18280573648825613,cruise,0.06843790109441988,0.19371040429105726,R09,westbound,0.005952963981987165,0.6867737939033228,974
943.6685390035564,24365.425003085336,14.954387340184844,34.02733204253853,-118.38322935571625,11.178865043536028,0.168760964236489,cruise,0.06149870048066718,0.1422214987991873,R09,westbound,0.005277562960465391,0.608855008679655,974
944.6655390034721,24376.629866144533,15.281312094480226,34.027342842697514,-118.38335016540356,11.347111080180351,0.16476406855159473,cruise,0.0942927157885733,0.20938599502558436,R09,westbound,0.007969781853490426,0.9194474108469884,975
945.6625390033878,24388.27543231203,15.609522534181892,34.02735417098085,-118.38347570966555,11.52705700016113,0.15206969223301764,cruise,0.08279962122516404,0.19743936508629067,R09,westbound,0.0068872517843040805,0.7945594920087224,975
946.6595390033035,24400.09947812561,15.911670421606605,34.02736595052382,-118.38360313223082,11.66875674810477,0.1471881895381064,cruise,0.07337556900181301,0.18381892853001286,R09,westbound,0.006027978141599996,0.6954279297505511,976
947.6565390032192,24411.734405459272,16.226684568730814,34.02737738361724,-118.3837285428112,11.766900274472624,0.15947037958851215,cruise,0.08898025456656235,0.2219668856637872,R09,westbound,0.007247926346051682,0.8361693250070961,976
948.6535390031349,24423.70908337624,16.553189367487093,34.02738913010153,-118.38385761887083,11.987747555611374,0.17501485837164432,cruise,0.2447683660242971,0.4603488849232782,R09,westbound,0.01956414996206251,2.2570513671164676,976
949.6505390030507,24436.61843986759,16.72672968436633,34.02740122760346,-118.38398789584853,12.162018003272356,0.15970684984294833,cruise,0.3842545601802241,0.6282006300944303,R09,westbound,0.030265569254449558,3.491638767581393,977
950.6475390029664,24448.88234132931,16.416468282081137,34.027413669338394,-118.3841200274518,12.320577901995708,0.050416210769040654,cruise,0.3370288807454419,0.6129991926653597,R09,westbound,0.02619839750718722,3.0224225956415536,977
951.6445390028821,24461.583041544505,15.85746466974249,34.02742868834806,-118.38425664006691,12.389436303768044,-0.11150017906858496,cruise,0.22251768898298352,0.4932033929358675,R09,westbound,0.017199271194578973,1.9842231141351807,978
952.6415390027978,24473.587917808385,15.315936039383251,34.02744300259764,-118.38438575573446,12.061919027910596,-0.20917880621482826,cruise,0.17469996843441957,0.38276281625801184,R09,westbound,0.01387629804125413,1.6008626761326665,978
953.6385390027135,24485.24161886044,14.796354517424632,34.027456843293834,-118.38451110019997,11.753682806225575,-0.16467903356574196,cruise,0.16909469383314651,0.33420276403203,R09,westbound,0.013789439385830243,1.5908420799222234,979
954.6355390026292,24496.93651056426,14.297776268267105,34.027470527841345,-118.38463690932936,11.705023780866853,-0.03517333891981995,cruise,0.16022420524580092,0.33177062558347753,R09,westbound,0.013121316617627153,1.5137629627462352,979
955.632539002545,24508.72078098511,13.7919601195521,34.02748426422844,-118.38476341889086,11.761221572104805,0.06470496648899082,cruise,0.1631061391617485,0.42452089345774097,R09,westbound,0.013292408592893325,1.5335012788716988,980
956.6295390024607,24521.224693169937,12.87731614352703,34.02750212328859,-118.38489760819934,11.843973348630797,0.10065993396251006,cruise,0.14662852150122907,0.4203519127700321,R09,westbound,0.011864637120234974,1.3687839995346267,980
957.6265390023764,24533.568939324854,11.37716867006275,34.027525117001574,-118.38502952999029,12.001798347966048,0.07502612010855059,cruise,0.13528684024498808,0.3449195628764625,R09,westbound,0.010800497475408663,1.246017723217204,981
958.6235390022921,24545.603493271145,9.445440121486499,34.02755174741377,-118.3851577068302,12.066594729918439,0.013422096749106825,cruise,0.09136500686664537,0.2788230912773826,R09,westbound,0.007254199089036373,0.8368929906484155,981
959.6205390022078,24557.36332309932,6.927032042167937,34.027583434283365,-118.3852823724748,11.987406441268574,-0.03580351199524745,cruise,0.10291520073691393,0.2538044656733113,R09,westbound,0.008226172089630187,0.9490263056171017,982
960.6175390021235,24568.79468481865,4.472799585401072,34.02761429147465,-118.38540355031651,11.93865623807464,-0.023528686267411208,cruise,0.09416161201308508,0.2564766980721367,R09,westbound,0.007557747487828475,0.8719123668956982,982
961.6145390020392,24580.011817525934,1.2949154261616536,34.02765048399164,-118.38552169268213,11.91556023107238,0.030699888635205383,cruise,0.07337398500502339,0.1792134474442202,R09,westbound,0.005900870002444752,0.6807638835329393,983
962.611539001955,24590.723928913212,1.581758007090246,34.02768359500712,-118.38563513370181,11.997692338874874,0.06884939785430125,cruise,0.07380255106388993,0.19883278315617553,R09,westbound,0.0058940082722692775,0.6799722683846516,983
963.6085390018707,24606.751967951015,11.250224970581067,34.02778134894018,-118.38580050003972,12.112017074268614,0.06486227389852943,cruise,0.10527647484897425,0.32741341260486767,R09,westbound,0.008326856803140957,0.9606419684860676,984
964.6055390017864,24618.321739947132,10.089494132076053,34.027778754486995,-118.3859265005775,12.154056492808015,0.028511199753117663,cruise,0.10000197875009836,0.21650556126282067,R09,westbound,0.007881841434975622,0.9093020152014569,984
965.6025390017021,24629.43105712158,6.913633689120565,34.027757736980114,-118.38604916589408,12.147202199567438,-0.0013075199291058973,cruise,0.14215833647606815,0.3805927129967881,R09,westbound,0.01121090408889788,1.2933649787762604,985
966.5995390016178,24640.582877517823,3.706786226204768,34.02773667614911,-118.38617208457508,12.133061210484785,-0.03508558210792232,cruise,0.1573593124414613,0.45006080902607065,R09,westbound,0.012424397226007963,1.4333616742325868,985
967.5965390015335,24651.801386308085,0.8488011553245904,34.02771913016431,-118.3862957838153,12.125190772376595,-0.09202643029779889,cruise,0.12367485719380224,0.3355831118942565,R09,westbound,0.009771268612123171,1.1272789884672203,986
968.5935390014492,24663.553009479143,0.4237418870764467,34.02772382765088,-118.38642312264153,11.966185967847013,-0.1529568341226131,cruise,0.09274373833228587,0.22901951615186422,R09,westbound,0.007426523885011299,0.8567735332274434,986
969.590539001365,24675.25371578754,0.5042103709367625,34.02773302984389,-118.3865494707652,11.76357533621032,-0.1910828666448258,cruise,0.0760121429283427,0.18929309981734574,R09,westbound,0.006193383171519257,0.7145101617734676,987
970.5875390012807,24686.80899930284,0.5337464329458925,34.02774166908065,-118.38667429208239,11.57968886500694,-0.20091761918488446,cruise,0.07832149716984153,0.20896735466726998,R09,westbound,0.006484643530187444,0.7481119074150431,987
971.5845390011964,24698.054340224873,0.6640634020628448,34.02775098911249,-118.38679567684544,11.368630167043953,-0.20162644180168612,cruise,0.09245880907162946,0.21562667523229298,R09,westbound,0.0077997305192201785,0.8998291500363266,987
972.5815390011121,24709.052795133437,0.7498781728066369,34.02775973042808,-118.38691443295612,11.15924193915101,-0.19549580528410831,cruise,0.13063217588569473,0.30573253241871345,R09,westbound,0.011230362900154804,1.2956098775648646,988
973.5785390010278,24719.95633715112,0.6951945828007546,34.027768776501844,-118.38703193409792,10.97789288731052,-0.1826032966891961,cruise,0.1368722596370623,0.2663318182578684,R09,westbound,0.011964572269795722,1.380313187686244,988
974.5755390009435,24730.71227929732,0.7122724932342258,34.02777890418067,-118.38714788446552,10.800970237629693,-0.1780484555778602,cruise,0.09437257856689109,0.2686344937647912,R09,westbound,0.008386971442479511,0.9675771958875087,989
975.5725390008593,24741.35445929526,0.820935745838632,34.02778974744571,-118.38726250611965,10.63456894786285,-0.1820627080967467,cruise,0.07956375262527272,0.22492706828807824,R09,westbound,0.007183456594461824,0.8287316626887374,989
976.569539000775,24751.764879880324,0.9030736627395294,34.027800137981764,-118.38737465855152,10.437480017421962,-0.18806661326474994,cruise,0.11776444403395277,0.28930454720106535,R09,westbound,0.01083668348953089,1.2501923841558824,990
977.5665390006907,24761.991634946895,1.0203071219536324,34.02781067283454,-118.38748479158055,10.252283987775579,-0.19279513948862215,cruise,0.09095534479653222,0.20162301238439945,R09,westbound,0.008523524323610164,0.983330850793921,990
978.5635390006064,24772.040559530218,1.1486558785036114,34.02782114242665,-118.38759299486387,10.058240717262343,-0.18227841362373512,cruise,0.09246390293980392,0.23075580774860938,R09,westbound,0.008834959412691603,1.0192600884527185,990
979.5605390005221,24781.871565492474,1.3294376503577539,34.027831880005216,-118.38769879009513,9.860507723699033,-0.17042411974638064,cruise,0.08109445346505993,0.21902763126500097,R09,westbound,0.007906687364922234,0.9121684080813942,991
980.5575390004378,24791.80840072557,1.4192776890965546,34.02784190041109,-118.38780582779063,9.738866811293503,-0.16920043556947623,cruise,0.07042176513756583,0.18091854504265836,R09,westbound,0.006953347082801495,0.8021846883051545,991
981.5545390003535,24801.40085918694,1.3823684691589597,34.02785046233895,-118.38790922605098,9.55218080950775,-0.18148261753853898,cruise,0.07369224797223244,0.1737781900125545,R09,westbound,0.007420946466851408,0.8561300849147301,992
982.5515390002693,24810.74996236719,1.362643502648308,34.027859334332106,-118.38801000187283,9.354410625962585,-0.1945117120257152,cruise,0.054609716268216806,0.13011879973830218,R09,westbound,0.005617587165606198,0.6480824782376957,992
983.548539000185,24819.865076044607,1.6484928347109884,34.02787071808922,-118.38810790036284,9.159334891006196,-0.1924821307535384,cruise,0.061250908060672696,0.1193164057558162,R09,westbound,0.006437279505814469,0.7426476763510581,992
984.5455390001007,24828.784551241704,1.8596537557845771,34.02788124321391,-118.38820377744473,8.96814366855559,-0.184049402735578,cruise,0.07433140392175443,0.17888254948074778,R09,westbound,0.007981438070575343,0.9207921501153917,993
985.5425390000164,24837.535200904043,2.0500592218778997,34.02789141894827,-118.38829785929688,8.787019660844411,-0.17615255406305083,cruise,0.07013735415759594,0.17671333359116354,R09,westbound,0.007689030411841969,0.8870580442544536,993
986.5395389999321,24846.182041299904,2.1796951750168003,34.027900949655816,-118.38839089315903,8.625742329053217,-0.17251398855573075,cruise,0.05929052547011867,0.1409973564428757,R09,westbound,0.0066235529271776936,0.7641374257733737,993
987.5365389998478,24854.655991109168,2.2394815293231605,34.02790968710838,-118.38848214512883,8.447991652192483,-0.1782678291208738,cruise,0.05250828315032979,0.16909012716007651,R09,westbound,0.0059914521438287315,0.6912140460211383,994
988.5335389997636,24862.96818528746,2.2995499060220794,34.02791827052916,-118.38857165357187,8.275192997754381,-0.20934945480821626,cruise,0.0521642524358335,0.1623900536904096,R09,westbound,0.006078648137731016,0.7012735598577151,994
989.5305389996793,24870.943906280907,2.4009613882720515,34.02792689876006,-118.38865748780734,8.071170838432332,-0.26096099941327877,cruise,0.04644933469546383,0.1455921501890758,R09,westbound,0.005551899631473336,0.6405043243692894,994
20.441310082300333,15445.402331127834,8.01742900002799,34.01832718455652,-118.28751695658855,12.013259495680405,0.21884417012695867,cruise,0.2533321511288499,0.6246302142030189,R10,westbound,0.02020490689173683,1.8704277709776416,617
21.438410082249902,15449.708611888756,7.998692160541565,34.018327287453914,-118.2875636344534,12.218450303142195,0.060337801036263516,cruise,0.37308679771071945,0.7450561266693648,R10,westbound,0.02924789588129712,2.7075639097062005,617
22.43551008219947,15464.939584164782,7.939683076748624,34.01832771684174,-118.28772872979476,12.20531964177587,0.001485671804489597,cruise,0.3422583744580915,1.0341779773884743,R10,westbound,0.026860483904536013,2.4865541477693687,618
23.43261008214904,15528.65427119514,7.889224664013675,34.018330168188356,-118.28841956492103,12.165210803970599,-0.17242475181875128,cruise,0.19522522737820464,0.5020591907677079,R10,westbound,0.01537268739605513,1.4230949726325521,621
24.42971008209861,15589.145113139188,7.956554983522154,34.01833238997141,-118.28907546348422,12.07538717498909,-0.29704348892575844,cruise,0.30410355555280205,0.9551783693265208,R10,westbound,0.024127331854942733,2.233538208460366,623
89.24121007882059,15736.671529443522,6.646163365371619,34.01832137315007,-118.290674500249,9.21576573976625,-0.21363966553388705,cruise,0.05921624720726992,0.12083453314039089,R10,westbound,0.006184681520233938,0.5725341934056982,629
168.01211007483653,15871.979312767713,8.408811353089009,34.01834723634744,-118.29214088020423,11.89851448529741,-0.13077940376971528,cruise,0.08722574628262039,0.22622247352124203,R10,westbound,0.007025076405297578,0.6503320243995867,634
225.84391007191152,16091.44429340408,3.8785111595206443,34.018323517844394,-118.29451995690634,16.159252140035246,0.2896746722326114,cruise,0.25826833562374557,0.5930829921823209,R10,westbound,0.015235697391743151,1.4104134042499596,643
226.8410100718611,16107.662796194321,3.8782930091236882,34.018323709489444,-118.29469575592348,16.31864245096494,0.09110887502633673,cruise,0.2502257638599204,0.5305880104947113,R10,westbound,0.014614605591552097,1.3529171060671183,644
227.83811007181066,16123.825064148414,3.743165132458239,34.01832268451358,-118.294870947325,16.327739646677173,-0.05804663790981119,cruise,0.24330982248896957,0.4767441770381186,R10,westbound,0.014202621530481848,1.3147785274953414,644
228.83521007176023,16139.863254307518,3.6503359166129803,34.01832240506949,-118.29504465339448,16.201438355257405,-0.16188542456664687,cruise,0.35984140879404036,0.7483657832095236,R10,westbound,0.021171445906064006,1.9599031357401617,645
229.8323100717098,16155.64068392807,3.4580463721301027,34.018321357864586,-118.2952156796492,15.92918641980111,-0.15335361451048377,cruise,0.32497136045053027,0.6145274490016213,R10,westbound,0.019452304327637962,1.8007571338426989,646
230.82941007165937,16171.253490811556,3.326820892801479,34.018320853871245,-118.2953849183171,15.74869993687758,-0.06441546632647602,cruise,0.26941509377735834,0.5310776389532821,R10,westbound,0.016314805793470707,1.510309648924662,646
231.82651007160894,16187.032643022405,3.2116999055058333,34.01832050225866,-118.29555595920893,15.863024730932977,0.02749264118445316,cruise,0.23718283163215667,0.6144628141922165,R10,westbound,0.01425764853527284,1.3198725394829385,647
232.8236100715585,16202.842261674035,3.115500701125711,34.01832008022264,-118.2957274929352,15.882228075300251,0.07872925919979581,cruise,0.2390788777962393,0.4927647842807036,R10,westbound,0.014353948977510191,1.3287873551998985,648
233.82071007150807,16218.746446453188,3.1303820759058,34.018320214349494,-118.29589988507838,15.960135756520225,0.10023411225024757,cruise,0.2449694653619552,0.6851047428877901,R10,westbound,0.014634585749993993,1.3547667282118034,648
234.81781007145764,16234.832385160182,4.2596735511906445,34.01833039273142,-118.29607424732879,16.12259457735521,0.10722260174601779,cruise,0.6382476277694457,1.144374471992926,R10,westbound,0.037738416647472656,3.493556436977478,649
235.8149100714072,16251.076280437563,5.110089875757694,34.018338057592395,-118.29625032173684,16.222318828796027,0.08238490880902959,cruise,0.44524295691111965,0.8739928293559452,R10,westbound,0.026161790099770696,2.4218740033447714,650
236.81201007135678,16267.283798023824,5.144000608854451,34.01833878595596,-118.29642572500283,16.261514940197728,0.06248039734175556,cruise,0.2104942067564649,0.4292001028589585,R10,westbound,0.012337990947887727,1.1421641797536746,650
237.80911007130635,16283.556913875882,5.102022584452797,34.018339132496,-118.29660211623951,16.314091349093676,0.07729951305081739,cruise,0.16473294938982264,0.36066889893081544,R10,westbound,0.009624069949432167,0.8909285155187331,651
238.80621007125592,16300.015435917234,5.023833600411274,34.01833916092708,-118.29678051908712,16.40461728217544,0.11470160068302668,cruise,0.14356554661569693,0.32747645736792147,R10,westbound,0.008340344158299219,0.7720902361383272,652
239.8033100712055,16316.571528924143,4.942007910032705,34.01833916092697,-118.29695997972937,16.541668553572745,0.11041279104411092,cruise,0.10771436863504942,0.2169889268616857,R10,westbound,0.006204860415131389,0.5744022131697123,652
240.80041007115506,16333.292913240135,4.899654824286699,34.018339160926764,-118.29714149345892,16.72015153193023,-0.06339234684810685,cruise,0.16233143941450268,0.36829734907707296,R10,westbound,0.009249535916287757,0.8562567963901454,653
245.7859100709029,16408.213424806236,3.956638688687235,34.01833066145731,-118.29795358837211,13.823099859122902,0.22846926237829035,cruise,0.17590584656744748,0.45296051361032763,R10,westbound,0.012163367975670454,1.1259988166349055,656
248.7772100707516,16453.54999058762,4.16570461075753,34.01833254578288,-118.29844501046311,15.629708223887242,0.2762762988624577,cruise,0.14996960051883484,0.34209602235444436,R10,westbound,0.009151951693253304,0.8472231373017404,658
249.77431007070118,16469.27272635219,4.494135728079791,34.01833585502787,-118.29861518928062,15.70517262784153,0.10920542273216166,cruise,0.11572561140469283,0.24173278810386023,R10,westbound,0.00702768262522877,0.6505732898586505,658
250.77141007065075,16485.006424533774,4.667318690778055,34.0183381304795,-118.29878572182378,15.737924395009149,0.06470359248148853,cruise,0.127101398904904,0.2802414624068196,R10,westbound,0.007702162605330592,0.713011889180622,659
251.7685100706003,16500.83498414101,4.74335524180751,34.01833953466316,-118.29895728790274,15.800390499200885,0.08454903869544875,cruise,0.1410648809214618,0.32382882390577733,R10,westbound,0.008513953994521718,0.7881618102725413,660
252.76561007054988,16516.800610934934,4.810814111289894,34.018340867761616,-118.29913034016019,15.921586064888059,0.09493212019590624,cruise,0.1678219540591005,0.4118930084179505,R10,westbound,0.010050451495076858,0.930399911664209,660
253.76271007049945,16532.816319428828,4.95692900615609,34.01834308514827,-118.29930372919466,16.027334036836436,0.07796605804177821,cruise,0.22357336226812152,0.49381854354361887,R10,westbound,0.013299412027607191,1.2311657622279808,661
254.75981007044902,16548.763782780494,6.128337163746729,34.01835490290443,-118.2994764724864,16.078921759628898,0.03770502007894427,cruise,0.1556161553468644,0.3418576567478324,R10,westbound,0.009226721729946546,0.8541448199314807,661
255.7569100703986,16564.754885692928,7.269970584954992,34.01836645575757,-118.29964969161709,16.109494543277197,-0.0027315623836725172,cruise,0.17034010011770964,0.4669221661050173,R10,westbound,0.010080230330432243,0.933156626205609,662
256.75401007034816,16580.783543175407,7.327338032672499,34.01836823938992,-118.29982342084286,16.06499961156019,-0.02738491380711803,cruise,0.18958279670013808,0.474041575120044,R10,westbound,0.011250565207212508,1.0414979745029747,663
257.7511100702977,16596.72077095696,7.214743541274686,34.01836848397764,-118.29999617521375,16.02491433978941,-0.024959114592062917,cruise,0.26280489631634185,0.5913004375037775,R10,westbound,0.015635527400613376,1.447426846393905,663
258.7482100702473,16612.491578183053,7.240806463825494,34.01836913493359,-118.30016792799903,15.999668977782497,-0.0017791574248133405,cruise,0.17244751942716413,0.4009507017143081,R10,westbound,0.010276199624309769,0.9512980812240089,664
259.74531007019687,16628.413780851337,7.251395853537558,34.01836900418079,-118.30034051541222,16.02550477810396,-0.0032608992493214067,cruise,0.14504929963157992,0.33556418690417916,R10,westbound,0.00862935711883975,0.7988450175616731,665
260.74241007014643,16644.34391944922,6.016594087107867,34.01835764853283,-118.3005131675687,16.0537651860365,-0.047539274381151936,cruise,0.21955274704133196,0.4301686791570136,R10,westbound,0.013038370868867607,1.207000412924917,665
261.739510070096,16660.146698196884,4.8028343803835725,34.018346484347475,-118.30068443957947,15.951309475687411,-0.10763370647335146,cruise,0.31503222990865093,0.7924504835092752,R10,westbound,0.01883075961776653,1.7432189084761067,666
262.7366100700456,16675.819935343065,4.682370951200476,34.018345262696144,-118.30085406380766,15.789455817300754,-0.13474917382395465,cruise,0.4198066112181737,0.855116756445927,R10,westbound,0.025355226608374318,2.3472080441573304,667
263.73371006999514,16691.365906991054,4.5587357216076425,34.01834465138013,-118.3010225768533,15.645884734524804,-0.12288001660719476,cruise,0.29502671816938675,0.6115161922799115,R10,westbound,0.01798518248950634,1.6649413419584305,667
264.7308100699447,16706.902053909645,4.4984667467447235,34.01834461086697,-118.30119098093951,15.55303951992069,-0.1299412420796781,cruise,0.20907704427790055,0.4694843215353573,R10,westbound,0.012822986012251457,1.18706160204984,668
265.7279100698943,16722.324814706633,4.442100971807848,34.01834460186464,-118.30135815584194,15.452583785750457,-0.22197578963962344,cruise,0.1777300580986997,0.37144259398409996,R10,westbound,0.010972517395509975,1.015758269219766,668
279.68731006918824,16894.535788352634,4.694063159765285,34.018347500985456,-118.3032249484729,14.305374989210812,0.1915028134155384,cruise,0.20556078500102715,0.5897958389653053,R10,westbound,0.013726626941647443,1.2707143057416117,675
341.5075100660615,17134.434948065133,7.0540172076438035,34.01838134784252,-118.30582468049298,15.732060259953256,0.18406012680138903,cruise,0.1552666352079616,0.4321591479193727,R10,westbound,0.009412503086832624,0.8713431476006739,685
342.5046100660111,17150.338523685925,6.73043555933457,34.01837954479514,-118.30599708807583,15.682000104759874,-0.01639499527458606,cruise,0.18361178988889973,0.4698473285218957,R10,westbound,0.011166974224129806,1.0337597108723142,686
343.50171006596065,17165.91874773537,6.002838593149,34.018374077803486,-118.30616602483498,15.597589582366403,-0.10597090699687677,cruise,0.18013132312657695,0.4275325157493682,R10,westbound,0.01101560802606739,1.0197472958703409,686
344.4988100659102,17181.18809727621,5.4607415991665205,34.0183702609227,-118.30633157637904,15.465894988490973,-0.16227968663615933,cruise,0.13914623605534956,0.2997159486240354,R10,westbound,0.008582947883600167,0.7945487778963743,687
345.4959100658598,17196.485695057472,5.334794570767961,34.018370260922595,-118.30649713964195,15.314183828054704,-0.2781053092755712,cruise,0.10788576592902407,0.28305226803593453,R10,westbound,0.006721775586035644,0.6222545737908041,687
466.1450100597576,17719.172291415016,5.472353332815608,34.01843759820822,-118.31216278443183,15.962315646869916,0.07294592843815087,cruise,0.1614589839276554,0.37484174074377374,R10,westbound,0.009644292215757286,0.8928005503036138,708
467.1421100597072,17734.935515576934,5.620140283363166,34.01843869158348,-118.31233365109331,15.837419770754954,-0.0984040486288119,cruise,0.23097117022991268,0.47528539993151936,R10,westbound,0.013907083811394702,1.2874197299461156,709
468.13921005965676,17750.6826966343,5.769864769787298,34.01844020306759,-118.31250413510365,15.714726749170042,-0.07789739044684782,cruise,0.30336188421149546,0.5837506249811242,R10,westbound,0.018410899468810128,1.7043512172393787,710
469.13631005960633,17766.510489832035,5.381011928621838,34.01843693495476,-118.31267570596209,15.568324262828778,0.10530207040582146,cruise,0.32123097573816656,0.6790520516570366,R10,westbound,0.019681867422340522,1.8220084659980005,710
470.1334100595559,17782.004742984627,1.6025617638741143,34.018403111222845,-118.31284372239129,15.765382226732347,0.27348361754619827,cruise,0.261978794448552,0.6550361484611422,R10,westbound,0.01584741455920702,1.4670418650559895,711
471.13051005950547,17798.355531304376,1.1543754700788824,34.0183993161535,-118.31302096327272,16.416744459570655,0.2543914480378957,cruise,0.13481313017631708,0.31760650292964865,R10,westbound,0.007825993438985043,0.7244752743578792,711
472.12761005945504,17814.86834919688,1.087998721877966,34.01840060061758,-118.31319973145047,16.502449642677306,0.03727041095099679,cruise,0.12060509493472626,0.2454210353571653,R10,westbound,0.00696422290024914,0.644698636113572,712
477.1131100592029,17888.978692894874,9.63132563814104,34.01849249968183,-118.3140007033466,13.18374150490277,0.10593886302132716,cruise,0.3215878713891643,0.6550641542606601,R10,westbound,0.02333424713833214,2.1601200191742254,715
489.0783100585977,18104.79612032423,11.322425204287056,34.01868219424433,-118.31630737250488,21.51691685752956,0.24205141352847725,cruise,0.4404459859443744,0.8281111441320641,R10,westbound,0.01941716384472151,1.7975040757868175,724
490.0754100585473,18126.300316202465,10.843251755402873,34.018712162438526,-118.31653772092686,21.522533413640403,0.026503870580359166,cruise,0.42540067409908894,0.884499537121729,R10,westbound,0.018748909545663398,1.7356418061049577,725
491.07251005849685,18147.56472071679,10.571005266351623,34.018743584807154,-118.31676511497825,21.417251371772704,-0.08258541318093779,cruise,0.45030684339108135,0.8585105075621233,R10,westbound,0.019945855975558858,1.846446664293372,725
492.0696100584464,18168.809075346308,10.277859289066527,34.01877622482942,-118.31699066171252,21.288262227489167,0.009925120839260957,cruise,0.43455051975695286,0.8208501188492531,R10,westbound,0.019366585553169127,1.7928218942932284,726
493.066710058396,18189.761307236975,10.060875128126892,34.018809546189914,-118.31721604724416,21.25711255080951,0.2275393979119425,cruise,0.43690339975541886,0.7917936787595071,R10,westbound,0.019500470407833374,1.805216009822646,727
500.04641005804297,18352.23471666779,11.27862103679324,34.019120343874654,-118.31892967705116,24.593907242297274,0.2327706558701145,cruise,0.301390186970856,0.7750503103879497,R10,westbound,0.011597815890280565,1.073643993516162,734
501.04351005799253,18377.26288685536,11.01474575512568,34.01917486209913,-118.31918955239351,24.7223148754447,0.12497859455221678,cruise,0.26787372218616123,0.6039701990286934,R10,westbound,0.010253607931945562,0.9492067016884429,735
502.0406100579421,18401.67969293942,10.896901809336562,34.01923063362484,-118.31944557959467,24.637135743441846,0.10740458953149601,cruise,0.3320088009245164,0.8878280089805757,R10,westbound,0.012753250581480979,1.1806059877263937,736
503.0377100578917,18426.381008351043,10.871066423136778,34.01928786815254,-118.31970432883578,24.921374322041384,0.12695586233593156,cruise,0.2235439606519467,0.5526999719024435,R10,westbound,0.008487245572379367,0.7856893329301945,737
504.03481005784124,18451.201833329396,11.194454960451111,34.019348421623135,-118.31996335263912,25.037406492999203,0.11338790445126411,cruise,0.2148726411853002,0.46099080901973194,R10,westbound,0.008119567456872685,0.7516522863004138,738
505.0319100577908,18476.234503992073,11.81911332132633,34.019412852036375,-118.32022092874165,25.081570267859856,0.06454376224730148,cruise,0.21277902369370316,0.4908391473544405,R10,westbound,0.008026053223624121,0.7429953981599726,739
506.0290100577404,18501.095021394565,12.455750416847108,34.01948036851518,-118.32047797074445,25.155294274759196,0.04150695924169506,cruise,0.17437076755452793,0.4223023464649601,R10,westbound,0.006557681141206476,0.6070638674779154,740
507.02611005768995,18526.134071227014,13.237338899329822,34.01954965159614,-118.3207362307713,25.189626052282573,0.06545726285910447,cruise,0.2001757669281042,0.4834680784183968,R10,westbound,0.007517710723839317,0.6959366349664363,741
508.0232100576395,18551.199447864597,13.995610148885724,34.019618997527836,-118.32099493926101,25.177670242923302,0.11232604105011341,cruise,0.2538239009299219,0.70039931022026,R10,westbound,0.009537100287129447,0.8828774775963518,742
509.0203100575891,18576.57361614928,14.48737858879891,34.0196868094871,-118.32125766579895,25.45079892045683,0.09958256454414835,cruise,0.23868109337166188,0.5463015713037985,R10,westbound,0.008870239938104593,0.8211442499767758,743
510.01741005753865,18602.09478207453,14.602571164153018,34.01975172921254,-118.32152305727293,25.56612317973735,-0.1348346973881812,cruise,0.20162899590906633,0.5294781157793615,R10,westbound,0.007458871119183898,0.690489679374384,744
515.0029100572865,18719.428090925685,14.626806829077005,34.020037503641035,-118.32274902834234,22.272279307534824,0.09248833639187352,cruise,0.4405907876090571,0.9046972011875303,R10,westbound,0.01875366523382222,1.7360820541719266,748
517.9942100571352,18788.352972716315,14.652469371554627,34.02020494323294,-118.32346851490857,23.598699295865732,0.279751942809323,cruise,0.3517574030393667,0.6502020459306916,R10,westbound,0.014116869897203359,1.3068402461090327,751
518.9913100570848,18811.94540408315,14.91494964770563,34.02026445389725,-118.32371404056929,23.753592752966767,0.1479277214840616,cruise,0.30310645882041537,0.7196808013479261,R10,westbound,0.012083708523105792,1.118624506369771,752
519.9884100570343,18835.55654532828,15.23444394995416,34.02032450485786,-118.32395959521567,23.76790506913327,0.13087359190838718,cruise,0.3329453327057187,0.6824164111894497,R10,westbound,0.01326514139399522,1.2279932286854953,753
520.9855100569839,18859.358448968407,15.501986694992128,34.020384567619644,-118.32420729287715,23.861738657818968,0.22384392162184932,cruise,0.303284183214711,0.6612867664791716,R10,westbound,0.012035055493965077,1.1141205520910116,754
521.9826100569335,18883.709986980615,15.632623645597649,34.020444943474004,-118.32446066612175,24.273517741925033,0.2531648448422277,cruise,0.3330825595555436,0.8972737368942072,R10,westbound,0.012989480152998306,1.2024744552852749,755
522.979710056883,18908.25920228836,15.622513947046357,34.020504899154446,-118.3247168101023,24.587148725602166,0.15005243856687178,cruise,0.2566304114466683,0.5278649750196558,R10,westbound,0.009878173239168973,0.9144516058436322,756
523.9768100568326,18932.67424746185,15.575675520870517,34.020564208059824,-118.3249716623636,24.557079002026587,0.05232317238962432,cruise,0.2655039665081294,0.6685829893348192,R10,westbound,0.010232461868866439,0.947249148315791,757
524.9739100567822,18956.951681680403,15.538294461012747,34.020623262432615,-118.32522505115475,24.475881116642167,0.0606831835926922,cruise,0.2889080635395103,0.6637144835487742,R10,westbound,0.011172025034085552,1.034227279233692,758
525.9710100567318,18981.55489101992,15.593699444343567,34.02068351302453,-118.32548229295084,24.697813962007366,0.10131916429018914,cruise,0.30725189405711906,0.57930457637481,R10,westbound,0.0117727843773924,1.089841341966887,759
526.9681100566813,19006.25966148357,15.627885586831118,34.020743512276354,-118.3257401737419,24.809456979764654,0.08579008340377654,cruise,0.2802077924689225,0.6767663180429403,R10,westbound,0.010687408047980327,0.9893648567560409,760
527.9652100566309,19030.968628565108,15.64318914559619,34.02080335771153,-118.3259981532352,24.829655171155924,0.04482353045697182,cruise,0.25148309816570397,0.4978606893016925,R10,westbound,0.00958388238285247,0.8872082340553517,761
528.9623100565805,19055.749676987303,15.656257052551084,34.02086333913076,-118.32625671878789,24.85728766043909,0.04449264011937839,cruise,0.2876202596938831,0.6217906854343855,R10,westbound,0.010948655420593454,1.0135492958850516,762
529.95941005653,19080.712048223497,15.569419378553494,34.02092313101411,-118.32651756820724,24.918144534631246,0.052429715306225214,cruise,0.35399047015274065,0.9544455316888476,R10,westbound,0.013441652190104023,1.2443333532249605,763
530.9565100564796,19105.5848476028,15.479934951319285,34.020982682667515,-118.3267774902565,24.987149285054063,0.04831900368315426,cruise,0.34237357354020664,1.0591644742642676,R10,westbound,0.012964018674851462,1.2001174112230983,764
531.9536100564292,19130.492743364284,15.446063587793756,34.021042802200085,-118.32703761647528,25.013459561316125,0.03819656641481512,cruise,0.3271439787664705,0.7928065789947569,R10,westbound,0.012374094556946996,1.1455063972347457,765
532.9507100563787,19155.46326008932,15.32611681867045,34.021102799158385,-118.32729795540445,25.05104590517444,0.029500495059659168,cruise,0.27218134199623806,0.7306433186545686,R10,westbound,0.010279441799661584,0.9515982189503992,766
533.9478100563283,19180.434036763792,15.176625952283091,34.02116273703941,-118.32755885421636,25.082762692732572,0.026205398628710505,cruise,0.2819315638998132,0.6704665265565196,R10,westbound,0.01063398202991578,0.9844190528275135,767
534.9449100562779,19205.32310989121,15.111574650950724,34.021223206912595,-118.32781865179363,25.094335815372606,8.202784004868722e-05,cruise,0.2615122338757234,0.5605970699441079,R10,westbound,0.009859172148828794,0.9126926189182502,768
535.9420100562274,19230.037446537946,15.318153998164892,34.0212848332992,-118.32807997506835,25.12694606894616,-0.062150713720310204,cruise,0.2659493284385215,0.6265469596668918,R10,westbound,0.010013217115488159,0.9269530154230633,769
536.939110056177,19255.09511192831,15.86988372756005,34.02134615427532,-118.32834145067704,25.007353268716695,-0.12922404625866185,cruise,0.26186037468837564,0.627994002941335,R10,westbound,0.009907227619106817,0.9171412554121983,770
537.9362100561266,19279.919853053798,16.15433312511013,34.021404857184834,-118.32860047870066,24.797922379504165,-0.14237118749233568,cruise,0.27150831575399265,0.6426439910607079,R10,westbound,0.01036050094881899,0.9591021032537631,771
538.9333100560762,19304.57862885455,16.22932178959777,34.02146189397509,-118.32885881515921,24.650263725706644,-0.03829662276841343,cruise,0.2797221000427205,0.6444041727313061,R10,westbound,0.010738972825471168,0.9941383601599392,772
539.9304100560257,19329.248462178468,16.372011519982976,34.02151954628086,-118.3291170813855,24.632285745707637,0.14482670539250148,cruise,0.32929012160426724,0.8926251650106036,R10,westbound,0.01265135296713768,1.1711730252937869,773
540.9275100559753,19355.05291467897,15.311855690413559,34.02156930626631,-118.32939055153638,24.943876527150486,0.26284127987062467,cruise,0.3954416324779104,1.0223618484643744,R10,westbound,0.014999870689138365,1.3885822314534904,774
541.9246100559249,19380.392063746378,13.350455381755625,34.02160913654299,-118.32966454865957,25.37074982569768,0.20907954943259394,cruise,0.29342135402555153,0.6956010621052049,R10,westbound,0.010939581732230164,1.0127093178148316,775
542.9217100558744,19405.35583142393,11.751425558186474,34.02164838469495,-118.32993155599301,25.484273886591076,0.01503156110650669,cruise,0.2774574504659196,0.6448869773886756,R10,westbound,0.01029753024492625,0.95327271963175,776
543.918810055824,19430.064688865124,11.30731342626677,34.02169720271433,-118.33019291595569,25.342727698639216,-0.29083795428119,cruise,0.3090748835812101,0.9252475008395724,R10,westbound,0.011536150590743022,1.0679354550220872,777
551.8956100554205,19596.339818861677,15.989592107299687,34.02209380613137,-118.3319297358239,17.359712919873655,-0.19427248932875607,cruise,0.25201345248378887,0.5753124802727887,R10,westbound,0.013821598111265567,1.2795060667750968,783
552.8927100553701,19613.41069747679,15.965960502366014,34.022130368252725,-118.33211308908876,17.360894796718178,-0.08155245221945945,cruise,0.2574483914460883,0.556930506476973,R10,westbound,0.014118697860879636,1.3070094660932061,784
553.8898100553197,19630.71821357288,16.05327727433487,34.02216667051188,-118.33229554428341,17.34392691929644,-0.27827869291896745,cruise,0.17905521982937753,0.41565990407055253,R10,westbound,0.009829318859159024,0.9099290119215648,785
558.8753100550675,19704.70308055215,15.757334960167864,34.02231556545139,-118.33307793237425,13.45190139680871,-0.19647927331365905,cruise,0.12897354124723295,0.31266818259286255,R10,westbound,0.009168521906285665,0.8487570907514056,788
559.8724100550171,19718.25761440248,15.723750541173048,34.02234264300684,-118.33322120186364,13.6761282848181,-0.2544140391182876,cruise,0.12435239380012052,0.3148884843625548,R10,westbound,0.008692603258512264,0.8046998990854767,788
629.6694100514869,19996.497334817494,11.306784859867967,34.02285186408506,-118.33618124868624,16.831989230955205,0.22286134649781195,cruise,0.16608436199516233,0.4132730628291277,R10,westbound,0.009399418917831264,0.8701319075196657,799
630.6665100514365,20013.3478760979,11.551436811596448,34.02288043165219,-118.33636065809114,16.876775771344924,-0.20946885532564846,cruise,0.15395146911660962,0.3637212980293156,R10,westbound,0.008689248413676392,0.8043893312129317,800
637.6462100510835,20103.388677065082,12.045139116887338,34.023032308535186,-118.33731814809914,9.698257109953,-0.24442257616012356,cruise,0.10221337318137394,0.35820525290604555,R10,westbound,0.010135394861370073,0.9382633693938822,804
638.643310051033,20112.720253333904,12.070233987299115,34.0230479644614,-118.33741752949979,9.577457209321617,0.2582249320542595,cruise,0.0942140972230533,0.2409093753768115,R10,westbound,0.009462065634278703,0.8759312986691381,804
642.6317100508313,20158.03333972834,12.041125226843809,34.02312255535376,-118.33790049751208,11.76316864411022,0.1738611029289784,cruise,0.09179994242233457,0.2511572141722608,R10,westbound,0.007480018212088724,0.6924473280810359,806
643.6288100507809,20170.04371717648,11.996139175436875,34.02314197151165,-118.33802857273488,11.860455285064912,0.09562438244270013,cruise,0.07735453655345285,0.19280583028709614,R10,westbound,0.006250395012283692,0.57861748500988,806
644.6259100507305,20182.1329328872,11.950857841797017,34.02316151512079,-118.33815748866631,11.961459334430378,0.07975175681779076,cruise,0.11587658834820844,0.30527678481527265,R10,westbound,0.009282633764249018,0.8593207617089689,807
645.62301005068,20194.22059446265,11.905582574667262,34.02318105621967,-118.3382863880244,12.028674131534142,0.06862257120952678,cruise,0.12711587842485286,0.3004491453554994,R10,westbound,0.01012511266154562,0.9373115158564496,807
646.6201100506296,20206.330506243507,11.860234853230711,34.023200633385024,-118.33841552463069,12.072072657954973,0.12592115438532983,cruise,0.09770960599438266,0.23365040820050778,R10,westbound,0.007754366732898159,0.7178445791051655,808
662.5737100498227,20485.841621587344,14.857789571996717,34.023608786074654,-118.34141056713435,21.795575978152264,0.11799826477819224,cruise,0.4392830697489397,1.4503104862945007,R10,westbound,0.019114069659179812,1.7694457538704274,819
670.5505100494192,20626.629589166834,14.417025091724325,34.02378582658078,-118.34292205847188,13.616523249357767,-0.061774796074345814,cruise,0.12248451737408698,0.29088894039430624,R10,westbound,0.008600158775235072,0.7961420408522347,825
674.5389100492175,20687.00963643656,14.366946439517875,34.02385804955422,-118.34357302164445,16.152683689045727,0.2928159172677785,cruise,0.20943390658926161,0.4595542966386237,R10,westbound,0.01235998018381458,1.1441997881215105,827
675.5360100491671,20703.170629745015,14.278714296265964,34.02387580713539,-118.34374689344251,16.198385163672558,0.10513406181726656,cruise,0.14522005947866723,0.42439261130401834,R10,westbound,0.00854573163736821,0.7911035603134977,828
676.5331100491167,20719.37946818273,14.194344639883541,34.023893654153134,-118.34392127430225,16.22650052071138,0.020683663874648022,cruise,0.1106530263298303,0.33169623362413486,R10,westbound,0.0065000969454234074,0.6017331287846274,828
677.5302100490662,20735.616123717453,14.121244966022632,34.02391163384415,-118.34409593867488,16.253425698884072,-0.0800118983328176,cruise,0.1785693563214814,0.49415059785318266,R10,westbound,0.010472033968642033,0.9694270435653335,829
730.3765100463934,20926.111179193922,13.216618092293698,34.02411851914493,-118.34614691695532,4.618479162367442,0.07573588403354319,cruise,0.026267209762229026,0.07897113682273052,R10,westbound,0.005539672291449398,0.5128237883778546,837
731.373610046343,20930.882541676398,13.139548684576129,34.02412297026639,-118.34619836476523,4.6747398110245175,0.031813599703284845,cruise,0.0609748725038978,0.119026758450029,R10,westbound,0.012702000346619974,1.1758616024606368,837
732.3707100462925,20935.606395854826,13.06324656949395,34.024127377067416,-118.34624930031104,4.653452368716721,0.019906501993382657,cruise,0.04713986654268049,0.1105704369417534,R10,westbound,0.009865653009145955,0.9132925712556699,837
733.3678100462421,20940.45427747297,12.984940683359133,34.02413189956775,-118.34630157319872,4.683063634551345,0.02646333451450735,cruise,0.05779105047731273,0.12320235696173329,R10,westbound,0.012016995595757855,1.1124486940948912,837
734.3649100461917,20945.29045813201,12.90682431113458,34.02413641115706,-118.34635371991865,4.7292479776602026,0.03408358083848021,cruise,0.057337235389596904,0.1454622284529617,R10,westbound,0.011804204314794755,1.09274997816079,837
735.3620100461412,20950.194514359184,12.827611589259517,34.0241409860664,-118.34640659851537,4.7572637471395165,0.026815505596029403,cruise,0.04290781377328363,0.119926942805821,R10,westbound,0.008780658502451452,0.812851432498948,838
736.3591100460908,20955.1091628495,12.759288982914132,34.02414566983763,-118.34645957699196,4.783160686842525,-0.01098493103972337,cruise,0.046978527400022944,0.12126396239513909,R10,westbound,0.009560746416802775,0.885066469500849,838
737.3562100460404,20960.017317597485,12.76008555393041,34.024150965121144,-118.3465123960241,4.789577369139715,-0.06875400622170477,cruise,0.06321629942194745,0.18976665666128406,R10,westbound,0.0128478137419938,1.189359978154676,838
738.3533100459899,20964.773310663262,12.68578407359747,34.024155424451884,-118.34656367484652,4.631215907225082,-0.0917222485633866,cruise,0.04526391647948958,0.10557025277995383,R10,westbound,0.009519313862886347,0.881230935890966,838
739.3504100459395,20969.36081872176,12.61481411796129,34.0241597396312,-118.34661329606557,4.497880809155793,-0.06441527924113352,cruise,0.048573507450103984,0.1415518100374384,R10,westbound,0.010523454171760791,0.9741871632935748,838
740.3475100458891,20973.933457446656,12.548723453399454,34.02416402696689,-118.3466625971065,4.526119722598881,-0.017133276637885594,cruise,0.05771880803308637,0.14521505981624294,R10,westbound,0.012425427827953766,1.150258469401208,838
741.3446100458386,20978.5005852041,12.482712499425393,34.02416830913599,-118.34671183872946,4.5093027041974025,0.002050116114300075,cruise,0.034722583541694,0.0888098423206858,R10,westbound,0.007503268476975434,0.6945996736156979,839
742.3417100457882,20983.13017422326,12.415798792012668,34.024172649869435,-118.34676175379403,4.5172924713748435,0.004407068247673606,cruise,0.03153596432412649,0.09317224717971523,R10,westbound,0.006802405625753841,0.6297187341688766,839
743.3388100457378,20987.707627723616,12.349638533034813,34.02417694171945,-118.34681110674666,4.51897308504462,0.02665035591440658,cruise,0.04268883496901305,0.10102121330872872,R10,westbound,0.009204631113477002,0.8520998264680587,839
744.3359100456873,20992.342980940393,12.2826414639756,34.02418128785701,-118.3468610839594,4.542815068248861,0.06826674329915908,cruise,0.031461742944068595,0.08336233541487295,R10,westbound,0.006747614282768998,0.6246465380891251,839
745.3330100456369,20997.140312845524,12.213303231452468,34.02418578586681,-118.34691280758562,4.643218526608852,0.08400746679173804,cruise,0.04206581090308352,0.09768006220870537,R10,westbound,0.008823468719889808,0.8168145004807678,839
746.3301100455865,21001.955515436046,12.143706617236882,34.024190300631496,-118.34696472388923,4.801459648251505,0.061955100187692666,cruise,0.0439435952270256,0.1189612251638183,R10,westbound,0.00890842948629558,0.8246795689901351,840
747.327210045536,21006.712525291412,12.074951264480854,34.02419476083584,-118.34701601277315,4.762911575844807,0.02458938940338983,cruise,0.05177648109646923,0.14332580934956002,R10,westbound,0.01058276317994583,0.9796775729536067,840
748.3243100454856,21011.58030462583,12.004595180551274,34.024199324900835,-118.3470684959454,4.793774601377048,0.04769893409071246,cruise,0.05309305075741045,0.12779253138404323,R10,westbound,0.010780797346285958,0.9980101793006554,840
749.3214100454352,21016.41492657776,11.930500208164244,34.02420382012629,-118.34712062703562,4.798012054520589,0.08765684535887339,cruise,0.050960914969457885,0.12007648366900717,R10,westbound,0.010338560958311744,0.957071053679537,840
750.3185100453848,21021.596390986273,11.806562639973246,34.02420823934317,-118.34717655521759,5.051722812652388,0.07518947339796817,cruise,0.054355277422637974,0.12763654494325022,R10,westbound,0.010464089834000732,0.9686916316117375,840
751.3156100453343,21026.673796191768,11.691765874898323,34.024212667868305,-118.3472311783987,5.02937920758694,0.029383722466980518,cruise,0.050554221689472614,0.10151970202004104,R10,westbound,0.009776320230139258,0.9050227726563469,841
752.3127100452839,21031.74848762045,11.576162641742451,34.02421710758431,-118.347285939699,5.012235991838629,-0.00622239245172849,cruise,0.040429588985617854,0.08799030050865436,R10,westbound,0.00784559158349186,0.7262895323468717,841
753.3098100452335,21036.896155289774,11.458897392612462,34.024221611148995,-118.34734148848977,5.013289933356416,0.0004643341406417294,cruise,0.029880031720165585,0.07379394535648834,R10,westbound,0.005797150062349366,0.5366592643679803,841
754.306910045183,21042.04958179948,11.341500986111571,34.024226119752214,-118.3473970994245,5.030586001803084,0.007124304911572716,cruise,0.032969443447695146,0.07466426977439819,R10,westbound,0.006374169643776214,0.5900756673873904,841
755.3040100451326,21047.1068038157,11.22828736604187,34.024230562006565,-118.34745166962753,5.013807123052146,0.04667279525370647,cruise,0.033472139873163845,0.1384796935101642,R10,westbound,0.006493388599060412,0.6011121173935867,841
756.3011100450822,21052.04927800521,11.148548844140109,34.02423518002492,-118.34750496154365,5.05434066870472,0.1032417979975076,cruise,0.029299222059821467,0.07274978527498774,R10,westbound,0.005637505309196751,0.5218804791259833,842
757.2982100450317,21057.436169065328,11.101167541798484,34.0242405669858,-118.34756299407793,5.268759931325482,0.13478318101253514,cruise,0.027955601273534924,0.07129970107497767,R10,westbound,0.005156385949945434,0.4773418422730384,842
758.2953100449813,21062.91112927183,11.053011558820454,34.02424604201649,-118.34762197537394,5.393287574198397,0.23037182392271213,cruise,0.04725595215563848,0.1347638863765224,R10,westbound,0.008511643197474689,0.7879478929804193,842
784.2199100436701,21496.6694297159,12.300636721569328,34.02469160822531,-118.3522941665115,24.53163802489681,0.19061104110007537,cruise,0.36011831603909183,1.1847157798694186,R10,westbound,0.013893518229846814,1.2861639240870444,859
785.2170100436197,21521.32619804726,12.284816051593628,34.02471599935626,-118.35255981701471,24.631291674176644,-0.010398095720091692,cruise,0.37892505915179553,0.9884747245471395,R10,westbound,0.014558928914963591,1.3477629520467664,860
786.2141100435692,21545.498659841836,12.254841841491071,34.02473978182747,-118.35282026693694,24.318049777715135,-0.1867952951451615,cruise,0.37386614208920166,0.8908910590185317,R10,westbound,0.014552791147887809,1.3471947608617316,861
852.0227100402408,22125.348917613526,13.515304823560939,34.02508826035339,-118.35909765423253,24.08882536291487,0.26415208942079094,cruise,0.4742760823038184,0.9950120654243083,R10,westbound,0.01863997213657676,1.7255571491280266,885
853.0198100401904,22149.75303630216,13.535269084411015,34.025112178169664,-118.35936034845425,24.30090019678348,0.0707270663140983,cruise,0.45542912087086324,1.1570282099860758,R10,westbound,0.01774036735089889,1.642278083153987,885
854.0169100401399,22174.008894919927,13.543331103956426,34.02513594169833,-118.35962171006925,24.190499738928956,-0.10036268229777995,cruise,0.4506051897075587,0.9172217622757319,R10,westbound,0.017633947378220535,1.6324264726837758,886
855.0140100400895,22198.070049211674,13.55208490925188,34.02515950769691,-118.35988097460114,24.01339462490049,-0.12527110885355427,cruise,0.3337540352448727,0.7401095103523573,R10,westbound,0.013159096024865454,1.2181762963696623,887
856.0111100400391,22221.667683805128,13.6059435764447,34.02518224461301,-118.36013548586489,23.775901151713537,-0.03210895718533647,cruise,0.41243113222897965,0.9884343055727909,R10,westbound,0.016426377430753935,1.5206381641683198,888
857.0082100399886,22245.616386848098,13.690745495760428,34.025205296229956,-118.36039359300854,23.96605184820953,0.019407622371476495,cruise,0.41740935269471596,1.008788302973799,R10,westbound,0.01649048821606001,1.526573088486368,889
858.0053100399382,22269.7143359158,13.736592036722781,34.02522884520116,-118.36065326143905,24.04574746837264,-0.019457704065538928,cruise,0.3639256603998059,0.8113648446518804,R10,westbound,0.014329050959452265,1.3264824722985629,890
859.0024100398878,22293.501186156638,13.716353684254974,34.02525267685122,-118.36090949929938,23.859656349835106,-0.10617237177988377,cruise,0.3538645011279049,0.6839095222335679,R10,westbound,0.014043452363396478,1.300043768657051,891
859.9995100398373,22317.29319389175,13.657813099297647,34.02527664879542,-118.3611655907368,23.76588898975136,-0.09585583492188873,cruise,0.3432488064587181,0.6864071150337213,R10,westbound,0.01367683040956302,1.2661044940256678,892
860.9966100397869,22340.845395596432,13.599788926513936,34.02530032534135,-118.36141929081344,23.610723495452604,0.016117542961677337,cruise,0.35198889303660436,0.6322893951813047,R10,westbound,0.014118842416483111,1.3070228480313977,893
861.9937100397365,22364.44230551212,13.547730578581406,34.02532399239521,-118.36167347966332,23.721213204780447,0.16381487877722212,cruise,0.3663832946030993,0.8254718090975289,R10,westbound,0.014626597617702276,1.3540272432660558,894
862.990810039686,22388.25687229359,13.519946318319167,34.02534765597246,-118.36193004241045,24.000756947323676,0.259758219917211,cruise,0.34678106324788854,0.6478098888475816,R10,westbound,0.013680042809739496,1.266401875376335,895
863.9879100396356,22412.535078614328,13.591155929993462,34.02537150391311,-118.36219229583216,24.355894431603325,0.19536287404169397,cruise,0.33059111266485436,0.6588115348973832,R10,westbound,0.012847965953743865,1.1893740688449184,896
864.9850100395852,22437.0368912093,13.86550195378637,34.025394116015576,-118.36245650210348,24.530071795027826,0.0236253524038922,cruise,0.2519859733168334,0.6045569776047954,R10,westbound,0.00972235773162879,0.900027305152035,897
865.9821100395347,22461.235163888265,14.14907983264293,34.025416334884305,-118.36271745080538,24.360676287259025,-0.14631676506383248,cruise,0.45560889206042104,1.314848985281192,R10,westbound,0.0177030734010286,1.6388256723163321,898
866.9792100394843,22485.3063926111,14.485978220893244,34.025437946294154,-118.36297709693493,24.137316124952346,-0.18277381131233247,cruise,0.3855390157810199,0.7373419767729599,R10,westbound,0.015121469243031281,1.3998389679151193,899
867.9763100394339,22508.722870441223,15.295445342303646,34.025459159599976,-118.36323445811779,23.873295423052195,-0.06234432762581714,cruise,0.3209025111287899,0.6274296370886243,R10,westbound,0.012727923200222984,1.178261357408376,900
868.9734100393835,22532.532764509586,16.347893417684325,34.02548034956492,-118.3634915355719,23.9239900557328,0.11143653904530411,cruise,0.3151725041758308,0.698745026164982,R10,westbound,0.012473710622049826,1.1547281499308717,901
869.970510039333,22556.657602793006,16.628537463489188,34.025509151634,-118.3637511821378,24.201021182043213,0.196098141933219,cruise,0.2713803539214979,0.5240083660974733,R10,westbound,0.010615480468119366,0.9827063087314433,902
870.9676100392826,22581.83025968926,1.1333949788023845,34.02568020671693,-118.3639968274856,24.47627060442006,0.14418807140255913,cruise,0.27166787568086764,0.6972669971883101,R10,westbound,0.010505179894344007,0.9724954595822906,903
871.9647100392322,22606.551154585693,4.707751151999541,34.02576457775131,-118.3642527879376,24.49419161823529,0.0312262927566776,cruise,0.2047884500995715,0.4351513283140107,R10,westbound,0.007913112374165322,0.7325401309104147,904
872.9618100391817,22631.038318868075,4.727682186100196,34.02579685772871,-118.36451526018097,24.493439175470023,-0.07274190160919843,cruise,0.22309169776912777,0.4349338396885367,R10,westbound,0.008620626984137032,0.7980368432661995,905
873.9589100391313,22655.37645027994,4.680474566170119,34.02582863677819,-118.36477628886104,24.370667030029896,-0.09069607607090147,cruise,0.23626004371333487,0.5041928890900609,R10,westbound,0.009176258087888961,0.8494732518794753,906
874.9560100390809,22679.396552561146,4.648067300203447,34.02586012701921,-118.36503388408214,24.16460949208029,-0.030967318825959954,cruise,0.40166793816193974,0.9735628842120327,R10,westbound,0.015735972116558476,1.456725309740376,907
875.9531100390304,22703.387327213237,4.725305539035458,34.025890637146055,-118.36529282836628,24.280422956950677,0.016685095592938078,cruise,0.3178387951451001,0.6925240774915554,R10,westbound,0.01239142149216189,1.147110402686764,908
876.95021003898,22727.78302187358,5.116212129566517,34.02591995708187,-118.36555493631008,24.398418166950425,0.026401991714366475,cruise,0.2961616633630929,0.6749009077427436,R10,westbound,0.011489507786644586,1.0636175931992413,909
877.9473100389296,22751.95348805189,5.120147349936795,34.025946002282204,-118.36581481689225,24.236678608049033,0.034420899487927085,cruise,0.5528628289935409,1.7851720112502893,R10,westbound,0.02159375806810255,1.9989978170535188,910
878.9444100388791,22776.202088962607,4.770158601273348,34.025968812310175,-118.36607690974947,24.366306396604312,-0.005258624200138272,cruise,0.4322775541058863,1.251443688006614,R10,westbound,0.016792566520177226,1.5545373672656848,911
879.9415100388287,22800.708003573454,4.220612512512865,34.02598799234898,-118.36634160327948,24.518461200562847,-0.06933631080277941,cruise,0.22458319027392862,0.5874714134848977,R10,westbound,0.008669251917901348,0.8025381966731742,912
880.9386100387783,22824.60872508703,3.897033021604079,34.02600844678004,-118.36659960693449,24.08517532929845,-0.09650045122432632,cruise,0.5373679724305129,1.4373061513955894,R10,westbound,0.021122861756489916,1.9554055578458596,912
881.9357100387278,22848.51701635071,3.7766473302992876,34.02602928406448,-118.36685784745606,24.102998262367162,-0.03539124168611183,cruise,0.39452114743302547,1.0629701674615077,R10,westbound,0.015496173920969582,1.4345264841351353,913
882.9328100386774,22872.671975107685,3.6980348006173043,34.02605039715174,-118.36711844049294,24.20444573533454,0.019369183462854416,cruise,0.31827755696473875,0.6756362770941191,R10,westbound,0.012448148470443426,1.1523617862298787,914
883.929910038627,22896.78302729997,3.6954827695732977,34.02607064790094,-118.36737921620073,24.187459152026133,-0.03403116940797289,cruise,0.2967372195706669,0.7171857351592599,R10,westbound,0.011613975478001888,1.0751399341707497,915
884.9270100385766,22920.710772987964,13.561329497713873,34.02617781253524,-118.36762840545323,24.116592516618496,-0.09862435710655514,cruise,0.29017832768245183,0.7576981030728622,R10,westbound,0.011391215804788758,1.0545184147911113,916
885.9241100385261,22944.52598125701,18.195617313227896,34.02623791260687,-118.36788126317202,23.987256606993366,-0.15611838362313063,cruise,0.30560679416752495,0.9124607623633862,R10,westbound,0.012062675614607613,1.1166774280501222,917
886.9212100384757,22968.3109827089,18.499021008117715,34.02625928241771,-118.36813734581983,23.81461820157148,-0.20091845968297434,cruise,0.2640428995261797,0.8960159798499059,R10,westbound,0.010498954600129754,0.9719191657521218,918
887.9183100384253,22991.666546807923,18.83352676492175,34.026280874570816,-118.36838959089098,23.555439625256646,-0.20532404250139938,cruise,0.463681382423273,1.4804995367851368,R10,westbound,0.018643411455329866,1.7258755370000185,919
888.9154100383748,23015.038852544927,19.256263173970662,34.02630290187931,-118.36864158598665,23.346394721516642,-0.18853892107197512,cruise,0.42340259322985724,0.9346500642341082,R10,westbound,0.017178974152344928,1.590308260445092,920
889.9125100383244,23038.27318891489,19.669570643072845,34.02632516986727,-118.36889064876024,23.22710847044146,-0.192550580835284,cruise,0.3475071979045086,0.7868457881459483,R10,westbound,0.014173283117859998,1.3120625841842266,921
899.8835100378201,23214.955551943844,23.416866154559536,34.02650552804913,-118.37079543173932,12.762999649689425,0.18671020016426254,cruise,0.14561975250161735,0.39218911083297653,R10,westbound,0.010920503244607211,1.0109431659949082,928
902.8748100376688,23257.68052475366,23.39178578754275,34.026541840293305,-118.3712528767693,14.394695935090597,0.08159715760583053,cruise,0.11161577144143436,0.4089917717175902,R10,westbound,0.007406267220506927,0.6856199814601938,930
999.593510032777,23548.575182239154,12.678922836711319,34.02671951227929,-118.37439901368032,17.834687071401905,0.18651330973232005,cruise,0.1748321761417288,0.5031592926836924,R10,westbound,0.009328918183047343,0.8636054467484903,941
1000.5906100327265,23566.327180040196,12.448053580199266,34.02673518768126,-118.37459052570375,17.75001020157156,-0.24130712707121513,cruise,0.1988989169066903,0.46488504389338636,R10,westbound,0.010664605155416614,0.9872539257956399,942
1003.5819100325753,23615.959166873632,13.047676350680378,34.02679016675848,-118.37512446860866,16.477554360418114,-0.14125333811965193,cruise,0.17740491344489445,0.518967930067178,R10,westbound,0.010259816515178747,0.9497814485338503,944
1004.5790100325248,23632.172075829847,13.60348480452197,34.02681119448069,-118.37529890596866,16.393608930869892,-0.04312652055090442,cruise,0.22975115872287658,0.5761264388109621,R10,westbound,0.013356356436867835,1.236437273997559,945
1005.5761100324744,23648.57809079267,14.024881129951511,34.0268309421313,-118.37547520387076,16.40619247978382,-0.04367808406339825,cruise,0.22676498003702814,0.42912620043502936,R10,westbound,0.013172472849825362,1.2194146284751546,945
1006.573210032424,23665.081775438564,14.014930525476649,34.02684708359167,-118.3756527302781,16.356144664960777,-0.10897483771353242,cruise,0.18942964355614123,0.42519860328742953,R10,westbound,0.011037963469869816,1.0218168051803636,946
1007.5703100323735,23681.519005408678,12.892823254454122,34.02685332976751,-118.37583115694346,16.253710120622756,-0.28206039821298146,cruise,0.10886827676307884,0.2606506963734786,R10,westbound,0.006384365283520329,0.5910195078031102,947
1010.5616100322222,23725.661620505118,1.7198879950487302,34.0267667425687,-118.3763241448368,14.817005098952553,-0.2533768735179192,cruise,0.2105358306087576,0.434174209268927,R10,westbound,0.013565189676028978,1.2557695823384585,949
1011.5587100321718,23742.359923719803,11.1667253452151,34.02669918602853,-118.37651557497513,14.795235768003053,-0.08589192822914259,cruise,0.14053936748710333,0.3190114789566843,R10,westbound,0.00906874878750968,0.8395207991339483,949
1012.5558100321214,23755.94899627939,11.401188185507305,34.02671126489512,-118.37666316473248,14.763794355046274,-0.07192924196425649,cruise,0.11836920227730713,0.3129766435592459,R10,westbound,0.007654695053694981,0.7086176780478861,950
1013.5529100320709,23770.49697508836,11.183701507308276,34.02672909902693,-118.37681940878025,14.72009787463061,-0.18049163077093935,cruise,0.16538560498363358,0.47914323431664435,R10,westbound,0.010727445415847525,0.9930712338819995,950
1017.5413100318692,23824.810177209747,10.912573945297105,34.02679084204782,-118.37740343827609,13.400881469881602,-0.20452496905228265,cruise,0.23048990073164916,0.5134758535344808,R10,westbound,0.016448613720521588,1.5226966430382192,952
1018.5384100318188,23838.022671441493,11.429862931411064,34.026800460504425,-118.37754609673307,13.248606623430932,-0.11119761773085227,cruise,0.3303741166682386,0.6064608060520471,R10,westbound,0.02385239287444582,2.208086296842995,953
1019.5355100317684,23851.335494154537,11.50805914976358,34.02681410145235,-118.37768946698495,13.173332306501802,-0.03564824789941434,cruise,0.21596532044845898,0.45049742198566395,R10,westbound,0.015682925630627384,1.4518146402198515,954
1020.5326100317179,23864.438415543133,11.438569046604268,34.026828837858766,-118.37783038701059,13.190426521817557,-0.0017661263181592767,cruise,0.14724187809875658,0.33343006886954685,R10,westbound,0.010678285629359375,0.9885203675822704,954
1021.5297100316675,23877.348082504825,11.44166577835103,34.026842716549105,-118.37796932132032,13.245792363622726,-0.06168620326736369,cruise,0.09127303245496597,0.23125235598799318,R10,westbound,0.006591166283969652,0.6101636858178361,955
1022.5268100316171,23890.433628085048,11.524278852326576,34.026856073148124,-118.37811025139996,13.165580538999523,-0.13220508187173582,cruise,0.10083854561804151,0.25016217992013307,R10,westbound,0.007327058666313295,0.6782874121859772,955
1023.5239100315666,23903.1792496981,11.604745363788597,34.02686908278664,-118.37824752053018,12.829134409671177,-0.11922911564015522,cruise,0.13110818003792554,0.3526582263284129,R10,westbound,0.0097806775754661,0.9054261449535188,956
1024.5210100315162,23915.980420214255,11.685563249365241,34.02688214911864,-118.37838538791766,12.816154353003267,-0.04089375679075352,cruise,0.17589181231941425,0.49605778023843994,R10,westbound,0.013135057123701702,1.2159509444508738,956
1025.5181100314658,23928.711115252765,11.801943049157707,34.02689518434604,-118.37852329389156,12.881918442426263,-0.007237017127183994,cruise,0.13408995992488926,0.3463899697518531,R10,westbound,0.009961426839398844,0.9221586369494031,957
1026.5152100314153,23941.554640913106,11.979176625886387,34.02690815214787,-118.3786616473121,12.868145516880448,-0.024663554935986758,cruise,0.12565981855060468,0.3216760573801104,R10,westbound,0.009345322446701783,0.8651240377752201,957
1027.512310031365,23954.31738939035,12.161581502891655,34.0269209821844,-118.37879913914786,12.733847067131096,-0.013623583251395581,cruise,0.15480523680254862,0.3590105683456757,R10,westbound,0.011636388791759716,1.0772148006730755,958
1028.5094100313145,23967.176402439345,12.34536246435784,34.02693390899058,-118.37893766803278,12.816673544545854,0.01193087045101442,cruise,0.1488620669228225,0.39981714560597437,R10,westbound,0.011116101178399906,1.0290502431159279,958
1029.506510031264,23980.177941314847,12.440029307611017,34.02694686297116,-118.37907648809977,12.851885965605172,-0.0003076160456994756,cruise,0.18786298683601205,0.39900618253982156,R10,westbound,0.013989353063438946,1.2950356370396565,959
1030.5036100312136,23993.309955907018,12.392245681874426,34.02695967687079,-118.37921380698215,12.821484243963006,-0.06500095016565564,cruise,0.14941905553956905,0.4575240211525668,R10,westbound,0.011153435216181593,1.0325063650096722,959
1031.5007100311632,24005.97847923908,12.06507580313202,34.02697241513062,-118.37935031530291,12.727196023959042,-0.12126786570460633,cruise,0.12373396275811543,0.33367918711335937,R10,westbound,0.009305769628299963,0.8614625168211465,960
1032.4978100311127,24018.51984635275,11.734090276800886,34.026985089286526,-118.37948544686036,12.5524888017506,-0.15784598372156516,cruise,0.12557404532647243,0.2741837994111759,R10,westbound,0.009577880493359489,0.8866526214585619,960
1033.4949100310623,24030.57622554442,11.661808842442209,34.0269977478996,-118.37961907359792,12.395384274489889,-0.18495570215040866,cruise,0.13982423163047591,0.3065671383200078,R10,westbound,0.010802291970449122,1.0,961
1034.492010031012,24042.629257377383,11.715729013774565,34.027009838045146,-118.37974891117915,12.208966611267284,-0.1934508968395826,cruise,0.10100934592438468,0.22742887001826503,R10,westbound,0.007924818554759499,0.7336238065439007,961
1035.4891100309615,24054.589072620725,11.783742111576466,34.02702170478682,-118.37987776281607,11.964202230813294,-0.13951396663466617,cruise,0.12179211832779906,0.34635151383039153,R10,westbound,0.009754239394819321,0.9029786846627673,962
1036.486210030911,24066.35064256107,11.84207408935656,34.02703345140333,-118.38000446788396,11.826331510053251,-0.07345043933552398,cruise,0.15022613957281863,0.416960580084925,R10,westbound,0.012174188460452392,1.1270005007970758,962
1037.4833100308606,24078.335256430757,11.877063515564766,34.027045319070744,-118.38013247870875,11.943363118957578,-0.07239162298861299,cruise,0.191582996499299,0.5595074273379179,R10,westbound,0.015370971605681783,1.422936136861584,963
1038.4804100308102,24090.027074973845,11.834903359485155,34.02705699595767,-118.38025843162839,11.790381124776511,-0.1412749267304206,cruise,0.2496172189457745,0.5809591572675132,R10,westbound,0.020291493038759448,1.8784433057603975,963
1039.4775100307597,24101.490801796765,11.79846928453992,34.02706840110254,-118.38038193307437,11.567062492420261,-0.20735921510414565,cruise,0.12064795120086927,0.3979197888176346,R10,westbound,0.010000162034413602,0.925744468097156,964
1040.4746100307093,24112.729962330824,11.794193509212011,34.02707944736669,-118.38050351109116,11.357440759975903,-0.21246024330896918,cruise,0.19370972299733502,0.5962321066745435,R10,westbound,0.016357530477436964,1.5142647988209186,964
1041.4717100306589,24123.837016298494,11.834610805410506,34.02709018963971,-118.38062321076703,11.135756243538873,-0.18378309663488557,cruise,0.17094997499052275,0.38652709058490203,R10,westbound,0.01472798687431417,1.3634131455254335,964
1042.4688100306084,24134.7747122983,11.864396933391442,34.02710085782478,-118.38074107324672,10.950622722101947,-0.10802208465676551,cruise,0.18389932748951635,0.5370570876148779,R10,westbound,0.016116125289687623,1.4919172092158854,965
1043.465910030558,24145.650727329812,11.861280590444904,34.02711175906635,-118.38085823170644,10.874379776421959,-0.03041195858636291,cruise,0.20166674031627554,0.387391217305658,R10,westbound,0.017799233076183175,1.6477274568096258,965
1044.4630100305076,24156.604491329796,11.85815155186191,34.0271227381514,-118.38097622770405,10.97256430345794,0.006444259730892807,cruise,0.1348781519266387,0.27348463178288457,R10,westbound,0.011796083236942695,1.0919981860527561,966
1045.4601100304571,24167.483677353255,11.8492909186183,34.02713369401737,-118.38109341341682,10.93187207875331,0.006735399619698246,cruise,0.1015324319716923,0.22682456091467978,R10,westbound,0.008913378759438765,0.8251377377895645,966
1046.4572100304067,24178.39355802653,11.83595990398709,34.02714472061363,-118.38121092441375,10.931683848034687,0.01927994807984588,cruise,0.07643240755210853,0.1797203866005671,R10,westbound,0.006710003072493167,0.6211647575208235,967
1047.4543100303563,24189.34812688661,11.822573046414169,34.027155792387234,-118.38132891674839,10.955555433607977,0.09376282846361325,cruise,0.14263246758353573,0.3938188661075945,R10,westbound,0.012493955107479625,1.1566022416037482,967
1048.4514100303059,24200.3311399587,11.80915214645873,34.027166892902954,-118.38144721545825,11.064225165979918,0.1437125339749923,cruise,0.09270928069014954,0.3258003465367312,R10,westbound,0.008039784591096378,0.7442665513106022,968
1049.4485100302554,24211.565688320523,11.797436434664773,34.02717822961766,-118.38156822588998,11.360276258346122,0.12365549782755869,cruise,0.08710426644082904,0.18510811811371086,R10,westbound,0.007353523223896011,0.6807373142674162,968
1050.445610030205,24222.858551708767,11.797776074014745,34.02718951664779,-118.38168987901672,11.386737629011844,0.06129189778652982,cruise,0.07652427489698428,0.19023509350053006,R10,westbound,0.006445067366534922,0.5966388785052399,968
1051.4427100301546,24234.210798045144,11.812270183457017,34.02720073625822,-118.3818121888665,11.372824351841786,0.04795094537674726,cruise,0.071798221182633,0.1941717762055066,R10,westbound,0.006054552352913167,0.5604877529209609,969
1052.4398100301041,24245.31173215299,11.957410445941797,34.02721209025004,-118.38193452010329,11.41836198016341,0.0673551579246159,cruise,0.0972143388451024,0.2096113196053005,R10,westbound,0.008164570660602976,0.7558183654855907,969
1053.4369100300537,24256.85365847715,12.196636228653697,34.02722370680323,-118.38205887246362,11.615523232990977,0.07455496050387428,cruise,0.07948179749719034,0.20741263418659808,R10,westbound,0.00656006036885259,0.6072841195922466,970
1054.4340100300033,24268.28994797488,12.431816346921826,34.027235233619436,-118.38218208403595,11.546997715642078,0.16089663700314893,cruise,0.10253237056916195,0.2501769366899658,R10,westbound,0.00851363558332255,0.7881323340095373,970
1064.405010029499,24413.19253830429,16.2649249309159,34.02737882751377,-118.38374425791314,16.604303646226693,0.2745939351664197,cruise,0.31128715309539856,0.712551599641456,R10,westbound,0.017862818532637575,1.6536137498878305,976
1065.4021100294485,24430.048354361646,16.716397659128628,34.027395434649506,-118.38392593621043,16.909907956768503,0.18437509042066955,cruise,0.34833705336759446,0.7524649094203008,R10,westbound,0.019621474206170216,1.816417688009818,977
1066.399210029398,24448.01639521872,16.39710218640824,34.02741316141392,-118.38411065864346,17.124350627745198,0.016811068240964726,cruise,0.3413661573079284,0.7177116229767594,R10,westbound,0.01898389879103583,1.757395453017601,977
1067.3963100293477,24465.12322337265,15.696888603565212,34.027432917470676,-118.38429471483803,16.915041257908182,-0.0873242012599649,cruise,0.17763416396513157,0.3498335688590797,R10,westbound,0.010002864159428816,0.9259946117724618,978
1068.3934100292972,24481.56465864047,14.961526673417497,34.027452465211844,-118.38447155285024,16.699744241940326,-0.05973683600432594,cruise,0.14107900384529046,0.2933660024168468,R10,westbound,0.008048578810674818,0.7450806581318673,979
1069.3905100292468,24498.22155551963,14.243285605739883,34.02747202887573,-118.38465073362478,16.81208857614193,0.01782653622178764,cruise,0.10258994255670112,0.2541926359845892,R10,westbound,0.005812991169867258,0.5381257223716361,979
1070.3876100291964,24515.126599423125,13.355689075890753,34.02749312341103,-118.3848321947334,16.86992171445004,-0.01706669374436134,cruise,0.15255548126443244,0.3520999593899702,R10,westbound,0.00861401531847014,0.7974247818920968,980
1071.384710029146,24532.92564455736,11.429469869101355,34.02752415109721,-118.38502263115453,16.851512820993538,-0.12622806881025908,cruise,0.17990125337341312,0.45975426146850845,R10,westbound,0.010169376850479089,0.9414091822641488,981
1072.3818100290955,24549.28211221039,8.712763674602721,34.027561164545176,-118.38519675490087,16.55821679509887,-0.12718759842980665,cruise,0.17351009870702408,0.4083582897534776,R10,westbound,0.009984846960394837,0.9243267065646348,981
1073.378910029045,24565.321707540916,5.126268703297326,34.0276057442575,-118.3853666496213,16.368621451067042,-0.021997974964945002,cruise,0.10529249537778265,0.29428780665464294,R10,westbound,0.006130580083736152,0.5675258640024764,982
1074.3760100289946,24581.198666089396,0.9026510250377081,34.02765481350325,-118.38553420146614,16.591900558048863,0.06435544083263267,cruise,0.16335271151811856,0.36214345570090234,R10,westbound,0.009380916056847967,0.8684190431540373,983
1075.3731100289442,24597.030886925386,4.279014722045215,34.02771210932161,-118.38570110664564,16.686223973024926,0.03672398136910721,cruise,0.15829429323687585,0.3548056617442912,R10,westbound,0.00903815691102761,0.8366888189795738,983
1076.3702100288938,24615.481241884816,10.90154634091994,34.02778412863049,-118.38589513673674,16.625627133446805,-0.058946730631310534,cruise,0.1702794821374247,0.44038140337948367,R10,westbound,0.00975852439018819,0.9033753593111281,984
1077.3673100288433,24630.79461866703,6.588579873348706,34.027755739251106,-118.38606416912495,16.5545997665968,-0.1264919354819486,cruise,0.13674404051039935,0.4382109763426173,R10,westbound,0.00787084890304345,0.7286276768462691,985
1078.364410028793,24646.07188166775,2.7867757919857326,34.02773238865208,-118.38623219138155,16.37087005381996,-0.14341863678916997,cruise,0.16449834691253404,0.3877947419629599,R10,westbound,0.009576460181770271,0.8865211390293605,985
1079.3615100287425,24661.643101756228,0.47063734136316,34.02772286488162,-118.3864024465039,16.184230399475748,-0.09166348209388422,cruise,0.18821437540306638,0.4635766295135612,R10,westbound,0.011085661954307938,1.0262323944431428,986
1080.358610028692,24678.508043931924,3.0412023037667026,34.027758180244184,-118.38658242053758,16.13798016415636,-0.04495937423548638,cruise,0.22762478668285707,0.48960747938316995,R10,westbound,0.013445985774901081,1.2447345259398728,987
1081.3557100286416,24694.756881093475,3.223110240077754,34.02777158969943,-118.38675781974598,16.23910370831325,-0.06956321078966027,cruise,0.2183499718888547,0.5391657520846648,R10,westbound,0.012816418799876588,1.186453655847975,987
1082.3528100285912,24710.747719041916,3.5796709865746474,34.02778638124904,-118.3869302792323,16.047022792694843,-0.15444447787284035,cruise,0.25186929212850884,0.47280636468210474,R10,westbound,0.0149639156549569,1.3852537679866797,988
1083.3499100285408,24726.728764251704,3.50224833648831,34.02780022283711,-118.38710182306365,15.859018906088103,-0.2126046449507071,cruise,0.215243386487098,0.5146964655563329,R10,westbound,0.012942138487868505,1.1980918978373452,989
1084.3470100284903,24742.367068451083,3.6253120978040236,34.02781582838435,-118.38727029633237,15.594085433106184,-0.2216517988705765,cruise,0.14916801263300156,0.4450184200834139,R10,westbound,0.0091241873957698,0.8446529144675995,989
31.40854429007959,24483.04416035972,15.749094934690179,34.02772936888126,-118.38445844868566,13.036824375880519,-0.24225723309331393,cruise,0.16879877957660122,0.48219467736355254,R11,eastbound,0.012388365774948262,1.227790427009174,979
32.40564429002916,24469.768294371923,14.983444583330778,34.027712041612126,-118.384315821114,12.663530349706528,-0.1992622468581029,cruise,0.24009148072057918,0.590612653414428,R11,eastbound,0.01814911815751877,1.7987290605772404,978
33.40274428997873,24455.874638956837,14.95020857444346,34.02770080398949,-118.38416582914215,12.642753582476146,-0.15806559183774027,cruise,0.1901608135143342,0.41961503463564326,R11,eastbound,0.014398763360094529,1.4270376041079027,978
34.399844289928296,24442.268604355788,14.430113740792324,34.02768542150906,-118.38401940389988,12.376973152137387,-0.0881813940402898,cruise,0.14296221462220426,0.34426938245446015,R11,eastbound,0.011061432875248136,1.0962803036295514,977
35.396944289877865,24428.941656402843,14.898967744856284,34.02767638942179,-118.38386749698977,12.377738363769021,-0.007608560347453164,cruise,0.1476027247972272,0.36242210925781304,R11,eastbound,0.011419765457644797,1.1317940527668087,977
36.394044289827434,24412.650683449945,15.117730616026972,34.0276583959044,-118.3836922271766,12.400991560454898,0.034519913991577056,cruise,0.1485850242079059,0.34320399266594265,R11,eastbound,0.01147383799803145,1.1371530927448703,976
37.391144289777,24378.90927265433,25.50779699215285,34.02770986054607,-118.38331458075336,12.57321620102626,-0.004549030844335,cruise,0.17704628226249272,0.3808398496734732,R11,eastbound,0.013481166526442871,1.3360961007104428,975
38.38824428972657,24365.85070959158,24.568955870657586,34.02768548800958,-118.3831757281784,12.388014152315707,-0.08970218839879429,cruise,0.2129726858577765,0.47078310235670096,R11,eastbound,0.01646342249798122,1.6316625538862266,974
39.38534428967614,24352.880052898883,23.449102945397794,34.027659606759904,-118.38303808616881,12.363500739980273,-0.10750588688708085,cruise,0.15300336590728897,0.3690643279792473,R11,eastbound,0.011851470290837652,1.1745796042363683,974
40.38244428962571,24340.330026914333,21.414775943216842,34.02762593684253,-118.38290582569944,12.074054709213405,-0.04404323233517449,cruise,0.14310632352461616,0.3121306983581082,R11,eastbound,0.01135521532289373,1.1253965957535697,973
41.37954428957528,24326.73544704055,17.681652845121352,34.02757570472815,-118.38276546141752,12.244010925270446,0.008318777018557988,cruise,0.13744514039170783,0.3151035021780517,R11,eastbound,0.010752041748294399,1.06561706113444,973
42.37664428952485,24313.267912899442,12.860690012998719,34.02751591962976,-118.38262808811477,12.244010925270448,0.025594165300061533,cruise,0.15301403078866233,0.32655787157764493,R11,eastbound,0.011969963015249382,1.1863232220263076,972
43.373744289474416,24299.135091134296,7.4179337791626505,34.027449756479335,-118.38248450245861,12.243312439311936,-0.005599910687834608,cruise,0.1664049568252002,0.38798405223616717,R11,eastbound,0.01301826218050888,1.2902184171738447,971
44.370844289423985,24287.13138073917,6.677940221702596,34.027428411320784,-118.38235713515922,12.227872848488316,-0.010956431547786138,cruise,0.12209812165334344,0.2886364392442276,R11,eastbound,0.009564299853281003,0.9479019278434815,971
45.367944289373554,24274.4199663137,3.470189727991844,34.02738460605831,-118.38222515737812,12.226646976373239,-0.011947137189931567,cruise,0.11834093987058873,0.23692420061192426,R11,eastbound,0.009270934331304714,0.9188269565324619,970
46.36504428932312,24264.90512038221,0.7791738259069131,34.02733530422822,-118.38212901711712,12.19512844083468,0.0408542138604977,cruise,0.115052229319601,0.27310627328302467,R11,eastbound,0.00903699010415211,0.8956411313986197,970
47.36214428927269,24252.148616879756,21.255009180066708,34.02713717307644,-118.38202130182268,12.204581904016699,0.09476302346293775,cruise,0.13187098943602085,0.30983738121625026,R11,eastbound,0.010349889584882893,1.0257604258519917,970
48.35924428922226,24239.771374600663,20.971192545953766,34.02712495950237,-118.38188791070235,12.494352340674306,0.09813507437594904,cruise,0.10668062993371587,0.2515571311501305,R11,eastbound,0.008175340977958103,0.8102445126838933,969
49.35634428917183,24228.29309756232,20.930488047041845,34.02711314404189,-118.38175940342173,12.494352340674308,0.033313388245044706,cruise,0.11477852300710033,0.28447939296146485,R11,eastbound,0.00879591321416534,0.8717483998571072,969
50.3534442891214,24215.230465925837,20.958686388902912,34.02709983205337,-118.38161871972433,12.492460900108924,-0.07545448223375306,cruise,0.10349555338195923,0.2361847330244355,R11,eastbound,0.007932477993859828,0.7861747643112926,968
51.35054428907097,24203.428792571125,21.02170034387303,34.0270874688524,-118.3814916615989,12.405774021086797,-0.05055982492978117,cruise,0.11347312674515889,0.23768274516047172,R11,eastbound,0.008759037016187967,0.8680936609122277,968
52.347644289020536,24191.77440095433,21.031787791437324,34.02707572698329,-118.38136612643508,12.131516674873005,0.012310989577484222,cruise,0.10044200078121732,0.27202329775346284,R11,eastbound,0.007931484393135338,0.786076290188074,967
53.344744288970105,24178.869887055447,21.04295608197701,34.02706272561927,-118.38122712559003,12.552817357300619,0.05042449343782529,cruise,0.20545172721171714,0.5978709014252487,R11,eastbound,0.01566995548000129,1.553023351063097,967
54.341844288919674,24165.780794809125,21.054426685053436,34.02704953701456,-118.38108613673253,12.419069290137632,0.04256311031757054,cruise,0.2887515839216021,0.7417877192309665,R11,eastbound,0.022264581101496796,2.2066057811326854,966
55.33894428886924,24153.119820159143,21.07802735064958,34.02703666776722,-118.38094977436944,12.419890980248054,0.011078057025753374,cruise,0.24619104269060366,0.6309686368765253,R11,eastbound,0.01898161555635457,1.881236499844782,966
56.33604428881881,24140.20879930426,21.097316915273552,34.027023587151945,-118.38081071319252,12.519081115698583,0.033296887811578024,cruise,0.18726358908775534,0.44714096400152903,R11,eastbound,0.014321884614692642,1.4194182788991017,965
57.33314428876838,24128.02912369101,19.832325677053213,34.02702274158192,-118.38067798631708,12.519081115698581,0.05699054909806289,cruise,0.1654793809688031,0.40290554978786475,R11,eastbound,0.012655832411902278,1.2542986026928913,965
58.33024428871795,24114.895629064966,19.70368351584724,34.02701076363886,-118.3805363506709,12.519081115698581,0.14303284410274308,cruise,0.13218398816377794,0.26511094354169285,R11,eastbound,0.010109406936040148,1.0019265885666888,964
59.32734428866752,24102.918705997123,20.607074453536022,34.02699084617669,-118.38040755918325,12.760842639264883,0.2072662867697277,cruise,0.18361076786429362,0.348906577050395,R11,eastbound,0.01377194175608367,1.3649143524354859,964
60.32444428861709,24090.527153133327,20.834721144691287,34.026976830894874,-118.3802742808545,13.133027885218064,0.1672750571031818,cruise,0.25406466485674734,0.5264026956819341,R11,eastbound,0.018507212270931262,1.8342191754481851,963
61.321544288566656,24077.827028221272,21.27159590372695,34.02696064249068,-118.38013792023867,13.145125633344955,0.06464341993908995,cruise,0.2313551919842442,0.4360762150271086,R11,eastbound,0.01683717535537991,1.6687045809556404,963
62.318644288516225,24064.555748269482,22.409629130332092,34.02693697303843,-118.37999840002853,13.135537878193393,0.045505213208621775,cruise,0.18925307414350878,0.38818489397689704,R11,eastbound,0.01378336505353678,1.366046496538477,962
63.315744288465794,24050.874913598254,23.248723773589166,34.02691519016768,-118.37985215686574,13.145068370397597,0.10443383148747287,cruise,0.18173962098145383,0.453074120824782,R11,eastbound,0.013226396176948395,1.3108462330622295,962
64.31284428841536,24036.355649846653,23.55799571165069,34.02689727594618,-118.37969622202507,13.405324636693551,0.12061220678494777,cruise,0.24718185245290106,0.8096723677211359,R11,eastbound,0.01763386603252911,1.747663275303308,961
65.30994428836493,24022.599704607528,23.73675302546082,34.026881326396754,-118.37954834178382,13.500124715070154,0.08759538632328745,cruise,0.15755149344939792,0.36454250727765003,R11,eastbound,0.011159388244856204,1.10598849817787,960
66.3070442883145,24009.73390722519,24.571808034727542,34.026863012260876,-118.37940250743947,13.502056121795974,0.06641628578224701,cruise,0.22625360978325462,0.6490926650316118,R11,eastbound,0.016023234291542742,1.5880362293357828,960
67.30414428826407,23996.719173402234,23.447981671278516,34.02686303584174,-118.37926091030558,13.572385043486364,0.0920582463363333,cruise,0.35540364134795477,0.8233235342689889,R11,eastbound,0.02503695237816383,2.481370909596226,959
68.30124428821364,23982.285954028936,23.526022720133977,34.026849838931916,-118.37911318506752,13.730406379578115,0.09587048138042853,cruise,0.20944775060461035,0.4333330820075682,R11,eastbound,0.014582151025637981,1.445212852100752,959
69.29834428816321,23968.028503939055,23.40843624176155,34.026835953288916,-118.37896190627325,13.82252212179191,0.12284001712231696,cruise,0.17103521194602359,0.3781321990975872,R11,eastbound,0.011827080842925912,1.1721624064227043,958
70.29544428811278,23954.222981031744,24.94939011663986,34.02680653219788,-118.37881554939453,13.825473785367972,0.2146799641190853,cruise,0.17280464969648124,0.38038477621896694,R11,eastbound,0.0119468424007452,1.1840317761915222,958
71.29254428806235,23939.54606299284,23.02017626789135,34.026807152488246,-118.3786550933667,14.212220324095304,0.2751629569860645,cruise,0.20204191491238158,0.4959913200085244,R11,eastbound,0.013581607092964675,1.3460505990114395,957
72.28964428801191,23923.95806563569,24.415769168615824,34.02677701149263,-118.37848937070186,14.625052530548595,0.16818781168856045,cruise,0.23009704245230334,0.48621596749354257,R11,eastbound,0.015023506219283205,1.4889548348216852,956
73.28674428796148,23910.292089364204,21.195365068233905,34.02679092346795,-118.37833649148523,14.66913328299286,-0.0007239411054840161,cruise,0.1557173050616308,0.4029701693231574,R11,eastbound,0.010136024227744025,1.0045645842911144,956
74.28384428791105,23898.078959687773,20.66963083231356,34.02678247189706,-118.37820437604873,14.374761228627515,-0.019630221266714543,cruise,0.1200652810467839,0.30128025235727474,R11,eastbound,0.00797817325431647,0.7907035459413774,955
75.28094428786062,23882.761862017876,20.998984169602778,34.02676302498425,-118.37803996431421,14.458180575958934,-0.03074445363848266,cruise,0.1688546976184523,0.4032330470052572,R11,eastbound,0.011154315761062393,1.1054857727049272,955
76.27804428781019,23867.775755263887,21.184619385421684,34.026745220674265,-118.37787892842827,14.718565475838206,-0.10293202026511228,cruise,0.16771404000576715,0.4799839953108442,R11,eastbound,0.010879627323066923,1.078261856273355,954
77.27514428775976,23853.90851451557,21.177166347036326,34.02673034945968,-118.37772968332831,14.141397267453875,-0.14022263224428766,cruise,0.21179013373413647,0.5319105400412971,R11,eastbound,0.01430943024180079,1.4181839466159896,954
78.27224428770933,23839.27215789885,20.928117018066086,34.02671681166311,-118.37757184822927,14.07574343272566,-0.028857802888800244,cruise,0.18049320647245018,0.43858564692664037,R11,eastbound,0.012252740161246627,1.2143487969196873,953
79.2693442876589,23826.950868590342,21.023362886245877,34.02670272222075,-118.37743975104655,14.262106699449236,0.12817298087084517,cruise,0.21028504796690034,0.5102138369070205,R11,eastbound,0.014085431407183532,1.3959837928749343,953
80.26644428760846,23813.739077131806,21.170761537094553,34.02668697443905,-118.37729779171688,14.425211352289043,0.179413031076729,cruise,0.3646461136518656,0.6903897202399192,R11,eastbound,0.024144037185636794,2.392875562798127,952
81.26354428755803,23799.61866237189,21.3475475229485,34.0266699713999,-118.37714609460798,14.558737023209629,0.21021945654953278,cruise,0.28214516918538385,0.7120533616914918,R11,eastbound,0.018507193654948496,1.834217330448946,951
82.2606442875076,23785.00767821209,22.182320557668028,34.026646545809065,-118.37698998341838,14.852469508630614,0.24592591624928595,cruise,0.20998022495698582,0.48507780997597333,R11,eastbound,0.013496530799917184,1.3376188284238801,951
83.25774428745717,23769.927392328656,21.87182605576991,34.02663285399219,-118.37682731851557,15.092507463797295,0.24643097990930585,cruise,0.2211287986704634,0.5733950488470245,R11,eastbound,0.01398319955436846,1.3858517631543088,950
84.25484428740674,23754.732358616897,21.495261666665698,34.026619627959775,-118.37666333219904,15.362717298179948,0.18544178923538102,cruise,0.209553036398362,0.48585820658371826,R11,eastbound,0.013014155631433632,1.289811423892065,950
85.25194428735631,23739.87381703161,21.63348121271182,34.02660291798619,-118.37650164625435,15.522787213991139,0.14304924668563945,cruise,0.15713328535004198,0.3620668554079539,R11,eastbound,0.009656308331011478,0.9570207357809744,949
86.24904428730588,23725.02044517295,21.575457119627686,34.02658827947551,-118.37634160846955,15.53161380666025,0.13857391705947641,cruise,0.1660945790695864,0.3321862645264609,R11,eastbound,0.010201106135616318,1.011014744458219,949
87.24614428725545,23709.31383603716,21.35918508484679,34.02657418734883,-118.37617218734398,15.779417378495218,0.18121695883583122,cruise,0.17000189730184734,0.4156786746976655,R11,eastbound,0.010274316518468055,1.0182705043264664,948
88.24324428720502,23694.005444720708,24.21765224359768,34.026533261725206,-118.37600993458335,15.93511944983396,0.22714865061138934,cruise,0.19181522979280588,0.40580498518922126,R11,eastbound,0.011477427094285573,1.1375088021340247,947
89.24034428715458,23677.965582938814,25.597834651423284,34.02650499314769,-118.37583877293848,16.203430148693837,0.2930564617292486,cruise,0.1283842512341628,0.33410338959496644,R11,eastbound,0.0075526059501814695,0.7485262748180408,947
93.22874428695286,23608.425752092782,23.133278100155987,34.02645854695152,-118.37508680580605,17.765385805280463,0.23267953313046874,cruise,0.3981752735914845,0.6990169574016543,R11,eastbound,0.021330652701751347,2.114045683251313,944
94.22584428690243,23591.006233899418,21.307267030392467,34.026457492313064,-118.374896957997,18.053954331270454,0.024335615959452994,cruise,0.3143087226583828,0.7187499173802177,R11,eastbound,0.01656411431030603,1.6416419527429027,943
98.2142442867007,23525.272986051084,25.864172177936762,34.02635103828831,-118.37419511645979,15.836889784525066,0.0018022434806734822,cruise,0.10198782026515722,0.27489612276406505,R11,eastbound,0.006141032427974433,0.6086275594370237,941
100.20844428659984,23488.574927551395,32.09136985379718,34.0262576578993,-118.37380758870388,16.76878487290875,0.1619531791423281,cruise,0.08207577490250542,0.20963788876841052,R11,eastbound,0.0046628260322574885,0.4621249702516814,939
101.20554428654941,23472.959053431136,32.20324611296421,34.02624064858998,-118.37363955790629,16.60822441027228,0.0016005687787092882,cruise,0.10898455403279228,0.3016716610508092,R11,eastbound,0.006252438643587066,0.6196688450693154,938
102.20264428649898,23457.313026001575,32.81072283815287,34.026219170473745,-118.37347181335856,16.68455113776676,-0.12114337091267835,cruise,0.17212374823342275,0.3474724661918572,R11,eastbound,0.009828782027899064,0.9741143184048976,938
107.18814428624682,23389.61519904721,39.28606627592813,34.02609504885993,-118.3727436258719,14.353163810273132,-0.2811182125104885,cruise,0.09919088615417149,0.2757511622527362,R11,eastbound,0.0066011868043018545,0.6542326980376026,935
108.1852442861964,23376.33706561194,40.6869784791817,34.02607073214693,-118.3726018851649,14.021992843254266,-0.12402711611820916,cruise,0.1079398278993611,0.2500176107021584,R11,eastbound,0.007356043164432255,0.7290452624687628,935
109.18234428614596,23361.805937585275,40.86081014408312,34.026056312843586,-118.37244532232916,14.109387578356031,-0.08376550470163213,cruise,0.07491784338732319,0.1998731659832676,R11,eastbound,0.005073445196486559,0.502820755970768,934
110.17944428609553,23347.146413875806,40.499912177204905,34.02604657617428,-118.37228680535182,14.123465122748,-0.10417693433960196,cruise,0.07903824198065283,0.2643804805417388,R11,eastbound,0.005347052270614642,0.5299375002192929,933
111.1765442860451,23334.30104123826,39.34612298869234,34.02604555688614,-118.37214701379051,13.75055602237676,-0.13334402576894622,cruise,0.06905374451200329,0.16122360625155646,R11,eastbound,0.0048004870318882524,0.47576832407167885,933
112.17364428599467,23321.401151371047,38.39920131711338,34.02604310717618,-118.37200339463645,13.75757547188496,-0.13771990311017923,cruise,0.09643967365076671,0.265211480468862,R11,eastbound,0.006700826023856119,0.6641077761670182,932
154.05184428387656,23203.04512987909,24.243565262512867,34.026068257129744,-118.37071171560433,12.215933730530937,0.2393708997259303,cruise,0.3512055416953719,0.6788138974629914,R11,eastbound,0.027538298588596445,2.729275192339901,928
155.04894428382613,23190.413526357963,24.87188698275971,34.026052580221254,-118.37057743319589,12.215729221838847,0.16713306879515777,cruise,0.4333965267238882,0.7731087183932962,R11,eastbound,0.033983536104516945,3.3680520145298014,927
156.0460442837757,23176.36225060986,26.13255519168016,34.026029555593944,-118.37042704166181,12.377550001539674,0.19453475981231438,cruise,0.29223462605538286,0.6888665392260322,R11,eastbound,0.02261003347230668,2.2408429938186156,927
157.04314428372527,23161.948802420186,27.391962175843258,34.02600624043837,-118.37027273994408,12.686851985396443,0.266516393457767,cruise,0.1804621739852923,0.46953809520108225,R11,eastbound,0.013616081412311376,1.3494672917407686,926
161.03154428352354,23104.221856587348,21.68670719277247,34.02600933034076,-118.36964397576365,13.945233889303253,0.22742089929430076,cruise,0.22423674302432045,0.4526566884527433,R11,eastbound,0.015367183316961786,1.523016103125964,924
162.0286442834731,23089.317825291182,19.964925725853934,34.026012315242454,-118.36948152934923,14.154638509817268,0.11890625966848756,cruise,0.19504282685978566,0.402198949048348,R11,eastbound,0.013165372402626522,1.304798267794375,923
163.02574428342268,23074.95401743317,18.67677054285772,34.02601182481172,-118.36932521026667,14.179534069436265,0.03987871955054878,cruise,0.1891279158737867,0.4919567867221093,R11,eastbound,0.01274331727580646,1.2629690827514446,922
164.02284428337225,23059.97290088206,17.94493224577047,34.02600582414641,-118.36916279024831,14.171567138297279,-0.007473898318939298,cruise,0.17573800543896037,0.36792347905831724,R11,eastbound,0.011847885074794567,1.1742242794085076,922
165.01994428332182,23044.970291340607,17.20314661483236,34.025999894716726,-118.36900012823365,14.166883688394277,-0.016221229236766277,cruise,0.2226792804365895,0.4813211668992454,R11,eastbound,0.015017615085253887,1.4883709742789126,921
166.0170442832714,23030.78521838647,16.423144277763587,34.02599499409911,-118.36884625081262,14.122575546778627,-0.03817230825849993,cruise,0.1853529793019107,0.4040348624299317,R11,eastbound,0.012540202647269605,1.2428387281079472,921
167.01414428322096,23016.84089401528,15.754875088080006,34.025989933768244,-118.3686938900269,14.131480534927952,-0.05929515190212431,cruise,0.11687182598705567,0.2803035143475019,R11,eastbound,0.007901987633831816,0.7831529151958783,920
168.01124428317053,23003.426905743363,14.78527356213724,34.02598817654765,-118.36854812614013,13.978600640387855,-0.01723486001907748,cruise,0.09801518733672943,0.3105895221093674,R11,eastbound,0.006700776314495832,0.664102849554598,920
169.0083442831201,22990.219750447366,14.018576932544049,34.02598475873218,-118.36840478613757,13.956119419033348,0.04765888654932482,cruise,0.1209174349881647,0.31588333002017754,R11,eastbound,0.008280026324183924,0.8206197040754908,919
170.00544428306966,22976.083826789698,2.0580527200608123,34.02608092385669,-118.36824098027007,14.194827389128319,0.04346639567203425,cruise,0.12411816249211602,0.3243951374825194,R11,eastbound,0.0083538368254892,0.8279349406903658,919
171.00254428301923,22961.987974860876,8.247553083701014,34.026162206060114,-118.36807890663843,14.200377840843048,-0.0405163334654981,cruise,0.32992768411671014,0.9906936052669002,R11,eastbound,0.022197123793121273,2.199920198953415,918
171.9996442829688,22948.76221798129,8.063125327042435,34.02615021537241,-118.36793646981613,13.99438427731252,-0.07604245719089864,cruise,0.2691669218426487,0.5646961857748174,R11,eastbound,0.018380397773332214,1.8216508004916634,917
172.99674428291837,22935.274571437214,7.902389533355733,34.026138302499916,-118.36779096479297,13.91416951427073,0.0033688614557014773,cruise,0.23906753823708254,0.733032714021366,R11,eastbound,0.01642076092047119,1.627434435551696,917
173.99384428286794,22920.822702634527,7.7328030161532855,34.026125561692204,-118.36763505525452,14.026104111333373,0.09710304218320331,cruise,0.4438364028848336,1.0874152018305319,R11,eastbound,0.03023820173200936,2.9968581240642584,916
174.9909442828175,22905.61923488131,7.541522753385785,34.026112042669176,-118.36747104934035,14.188812557366045,0.1175852716210537,cruise,0.5069635002124435,0.9456008295828344,R11,eastbound,0.03413615279993823,3.3831776026052642,916
175.98804428276708,22890.49699313604,7.357376971710804,34.02609865076096,-118.36730791393757,14.300669894353053,0.08405888536212558,cruise,0.3826403382227352,0.7294881505159463,R11,eastbound,0.025559928653304084,2.5332022226067425,915
176.98514428271665,22876.14073688781,7.301646865654002,34.026085846416336,-118.36715193602888,14.343069377215588,0.03976471764006284,cruise,0.46092593841734547,1.1292558242199962,R11,eastbound,0.03069673602625251,3.042302699010989,915
177.98224428266622,22861.999644888467,7.342317363862731,34.02607343814061,-118.36699938227297,14.37473797902585,-0.020227506696014252,cruise,0.43667140539972055,0.8701276478378072,R11,eastbound,0.029016263725702027,2.875753870783597,914
178.97934428261578,22848.055281453326,7.400564352256515,34.02606136518131,-118.36684893111236,14.352640872434657,-0.03446804041541185,cruise,0.4952828950624958,0.7826330139556323,R11,eastbound,0.03296246469518681,3.2668553172056507,913
179.97644428256535,22834.698635554363,7.440484292197667,34.0260496587288,-118.36670483830642,14.170085317580526,0.050353128597499186,cruise,0.4187908209586465,0.726825962567057,R11,eastbound,0.028236995771615363,2.798521913680956,913
180.97354428251492,22820.385734930733,7.534797726516706,34.026036960620125,-118.36654986527749,14.341513540082095,0.14891413011643984,cruise,0.2574168810943751,0.5315519880955857,R11,eastbound,0.017145335873078156,1.6992458598043172,912
181.9706442824645,22804.951518936447,7.672815421339514,34.02602309530457,-118.3663832422468,14.687107938510577,0.15917259917318027,cruise,0.2235546605146961,0.44283374564828504,R11,eastbound,0.014533610215445837,1.440402052746272,912
182.96774428241406,22790.15630720712,7.775214490720479,34.02600946043201,-118.36622370739354,14.72651192629416,0.09234628388368726,cruise,0.27984385742631085,0.5993331838799274,R11,eastbound,0.01814353619099244,1.7981758411139617,911
183.96484428236363,22775.298711919033,7.788349782064806,34.025994964464545,-118.36606360596622,14.73735292313376,0.050131140299910726,cruise,0.16135724954732483,0.3976862632292727,R11,eastbound,0.01045368840862733,1.0360477554678116,911
184.9619442823132,22759.98513496855,7.797158185440715,34.02597875264725,-118.36589770147127,14.843739433393521,0.03349391735435159,cruise,0.12170230820646445,0.3383190369409904,R11,eastbound,0.00782712570042264,0.7757334728854928,910
185.95904428226277,22744.72457933284,7.699830327210242,34.02596115903688,-118.3657336413096,14.869794991354288,-0.009713941657936154,cruise,0.092528056611484,0.2000552716260843,R11,eastbound,0.005940215120549119,0.5887248884864165,909
186.95614428221234,22729.9220312786,7.317141030170578,34.025941920934216,-118.36557515994733,14.794450568027633,0.03469488892585382,cruise,0.1295000558249714,0.36624575648706736,R11,eastbound,0.00835685329832744,0.8282338983205654,909
187.9532442821619,22715.548035737673,6.751928402747817,34.0259216480665,-118.36542115166623,14.72852716113982,0.19260445188881992,cruise,0.12222896592623228,0.31511227416655363,R11,eastbound,0.007923550779977723,0.7852900029195619,908
188.95034428211147,22698.967514440807,6.58519287501759,34.02590260640535,-118.36524288419174,15.19257290608531,0.24556692042608397,cruise,0.12263625511754074,0.2897470984093553,R11,eastbound,0.007703016535467742,0.7634332189695267,907
189.94744428206104,22682.02090866762,6.8644326002573575,34.025883358970276,-118.36505849595403,15.623948047108396,0.10890802950113798,cruise,0.1210889456684548,0.29358925441207356,R11,eastbound,0.007392269993777421,0.7326356435633246,907
190.9445442820106,22667.102757908604,6.844695186260288,34.02586344593474,-118.364898574871,15.36815834012584,-0.09361937147516208,cruise,0.2282822855957849,0.6098590803821302,R11,eastbound,0.014172217763814287,1.404585045033772,906
191.94164428196018,22652.192660158056,7.08610988149541,34.02584587183875,-118.36473832460989,15.204494904359839,-0.15460571887484598,cruise,0.26262399272151266,0.49540157884743363,R11,eastbound,0.01648275567446079,1.6335786330072755,906
192.93874428190975,22637.582928096315,7.635249103438155,34.02583143863238,-118.36458080524672,15.051938797074893,-0.05778003584041702,cruise,0.22998383982657228,0.4830329590304379,R11,eastbound,0.014583025456427024,1.4452995154889157,905
193.93584428185932,22622.800536192673,8.443521888106163,34.02581911123964,-118.36442119707382,15.015223416465465,0.07064876452180346,cruise,0.18541519764511535,0.33137431596444045,R11,eastbound,0.01178621970024458,1.168112726204007,904
194.9329442818089,22607.963416392573,8.93621322064327,34.02580413118291,-118.3642612943143,15.211754985618818,0.1715401377408874,cruise,0.21158330662808686,0.4565431028589934,R11,eastbound,0.013272903310321897,1.3154554780733103,904
195.93004428175846,22593.339437052517,9.08593037134727,34.025786370801576,-118.36410421609382,15.467342014422682,0.16983658042991578,cruise,0.17214497748769728,0.3627631715504701,R11,eastbound,0.010617396545110984,1.0522725979086605,903
196.92714428170802,22578.577006501593,9.139703345520452,34.02576757400648,-118.36394580364248,15.626076227114403,0.07937528796979176,cruise,0.20786586326687914,0.4639337397764422,R11,eastbound,0.012688092207868052,1.2574958176753663,903
197.9242442816576,22563.91898964177,9.207282619528488,34.02574903667598,-118.36378848935371,15.616966500998512,-0.02948314754987269,cruise,0.20037461483569824,0.44953342164586524,R11,eastbound,0.012238085130074777,1.212896361036925,902
198.92134428160716,22549.598295909498,9.136012607881375,34.025729701556735,-118.3636350109208,15.537001096827048,-0.10526052485798143,cruise,0.18421876687533945,0.3787520708405421,R11,eastbound,0.011310257033347863,1.1209408540906343,901
199.91844428155673,22535.616176106472,8.775707415344968,34.02570843969178,-118.36348581256486,15.38003126618708,-0.13477904765626825,cruise,0.148377253729093,0.27110015035635904,R11,eastbound,0.009204321333432219,0.9122250525696631,901
200.9155442815063,22521.51075012328,8.803181567379395,34.02569056924568,-118.3633344356481,15.233279845942327,-0.12435254559055764,cruise,0.1023146852230694,0.2560641104440763,R11,eastbound,0.006409111696743051,0.6351964520458717,900
201.91264428145587,22507.813055878665,8.9633244001652,34.02567440599827,-118.36318722829725,15.114358621415628,-0.07874680772107023,cruise,0.12381581956219792,0.2606547590806266,R11,eastbound,0.007818046582992145,0.7748336565845083,900
202.90974428140544,22494.110022173085,9.067992675185739,34.02565774099942,-118.36304004934287,15.058722202386054,-0.004780236282940109,cruise,0.09927759040148851,0.22684824855691244,R11,eastbound,0.006292199688791619,0.6236094964479459,899
203.906844281355,22479.389114025016,9.220083708270923,34.025644175324175,-118.36288420220318,15.083478257895113,0.07162106147250658,cruise,0.10349880835039005,0.2657573000766871,R11,eastbound,0.006548788535365819,0.649039592331795,899
204.90394428130458,22464.230438955765,9.835341553221497,34.025634175372446,-118.36272019600939,15.235561967877977,0.07778301408124477,cruise,0.21047269170513158,0.44689538164200615,R11,eastbound,0.01318224705193967,1.306470686357259,898
205.90104428125414,22448.830839780527,10.32949562077426,34.025622844460166,-118.36255374423241,15.365999018267447,-0.008391272621219414,cruise,0.2729327566839217,0.503132865130454,R11,eastbound,0.016946629769809343,1.679552426803243,897
206.8981442812037,22434.39923854027,10.551508105812289,34.025610066970906,-118.3623980520286,15.241546102032627,-0.09388605209379275,cruise,0.17182543236937323,0.41694022983967555,R11,eastbound,0.010757408403818955,1.0661489414807104,897
207.89524428115328,22420.642777197794,10.513485557080756,34.025595651681314,-118.36224995060927,15.027292496159296,-0.07527979226404025,cruise,0.11152891946616739,0.2427548037371799,R11,eastbound,0.007083726008160853,0.7020563598439705,896
208.89234428110285,22406.830737986686,11.229180129381012,34.02558792892012,-118.3621003232302,15.012585794758216,0.039213437688488284,cruise,0.1342517436464979,0.30220075138162306,R11,eastbound,0.008535456385776402,0.8459349546977964,896
209.88944428105242,22393.010739152378,12.419658698894919,34.02558473021792,-118.36195059208406,15.144590440365787,0.18859214532109103,cruise,0.16537449764422607,0.31115992932339764,R11,eastbound,0.010420964496570559,1.0328045427077521,895
210.886544281002,22379.113540988685,12.428856110728015,34.02557114879673,-118.36180084260803,15.35884647012942,0.27750385701825486,cruise,0.1498049133149909,0.30747534107190344,R11,eastbound,0.00930592220942382,0.9222945472216931,895
211.88364428095156,22364.199255451873,12.192114738751524,34.02555436393338,-118.36164042509441,15.809303189328984,0.25962012527049794,cruise,0.11920059708437898,0.30277834840334195,R11,eastbound,0.0071902121145199305,0.7126100215917971,894
212.88074428090113,22349.579856009103,12.200594887979491,34.02554006601263,-118.3614828949405,16.008067620708466,0.16754412110460049,cruise,0.1580235767984944,0.29050634208676124,R11,eastbound,0.009411647110844773,0.9327727672080317,893
213.8778442808507,22335.132313458293,12.206742330863518,34.025525916163424,-118.36132721925699,16.048572651151463,0.09993577916590546,cruise,0.13828635415211854,0.3130355924454953,R11,eastbound,0.008214983437587324,0.8141734112424329,893
214.87494428080026,22320.579422649254,11.75969580562125,34.025507602442964,-118.36117094434788,16.121926467176625,0.13157150620861024,cruise,0.1408335339803147,0.3080905098094459,R11,eastbound,0.00832758069671041,0.825332739225657,892
215.87204428074983,22305.34832728973,11.296326794502166,34.025488475669256,-118.36100738126609,16.29332013526853,0.1833877835943163,cruise,0.1594205566156311,0.3067682053502516,R11,eastbound,0.009325785774055533,0.9242631922346143,892
216.8691442806994,22289.280652853286,11.529584701606476,34.02547463519097,-118.36083384298121,16.550459829595216,0.19221468475027592,cruise,0.16434348008950544,0.3548454355131797,R11,eastbound,0.009461851675722046,0.9377484585355453,891
217.86624428064897,22273.0089901109,11.842274892366767,34.025461257998025,-118.36065817013977,16.717175042808734,0.1583041813799504,cruise,0.1413358254369251,0.31429739812584967,R11,eastbound,0.008054678536589852,0.79828585783766,890
218.86334428059854,22256.41050920727,11.573470370324992,34.025442346797234,-118.36047967171159,16.84801513256525,0.11984004052043673,cruise,0.13530385524713487,0.2766094371719785,R11,eastbound,0.007650010400964692,0.7581798687134976,890
219.8604442805481,22239.570212600185,11.607297241237502,34.02542590615882,-118.36029820627235,16.9428354277743,0.10591433212038659,cruise,0.15262461689199097,0.38610957881741736,R11,eastbound,0.008580195133848171,0.8503689379686142,889
220.85754428049768,22222.856008307033,12.369021370989797,34.02541611143716,-118.36011722888864,17.041754471010965,0.12054095114949348,cruise,0.26971741643344793,0.4937664537453017,R11,eastbound,0.015073352883505788,1.4938950552077015,888
221.85464428044725,22207.332135778062,13.84166295737309,34.02541403923562,-118.35994839769634,17.157078787674386,0.1338586674588349,cruise,0.2577487421630175,0.5966031588654966,R11,eastbound,0.01430599280610392,1.4178432680536395,888
222.85174428039682,22191.30536244136,15.45609080861615,34.025412754244165,-118.3597738044398,17.354920066975644,0.09187675000542939,cruise,0.15659833237742002,0.35514376313419893,R11,eastbound,0.008590998710486146,0.8514396625673656,887
223.84884428034638,22173.912448619867,17.05391500987614,34.02540997801538,-118.35958451091153,17.430492695708356,-0.03886590164920811,cruise,0.1345310203190903,0.3788469202598582,R11,eastbound,0.007347835924759697,0.7282318565292552,886
224.84594428029595,22156.58727478529,19.307783337880082,34.02541314607493,-118.35939517195224,17.31800240753168,-0.175571018542934,cruise,0.12286841146967939,0.28086654718798587,R11,eastbound,0.006755188860276699,0.6694955869045109,886
225.84304428024552,22141.677937975935,20.27120721718552,34.02540712660143,-118.35923338821316,16.96147730392356,-0.16508627498730277,cruise,0.18177181905321924,0.5329657167314344,R11,eastbound,0.01020735766561555,1.0116343232490503,885
226.8401442801951,22128.01196654845,22.800762200685625,34.02541622354775,-118.35908272412433,16.773564283278617,-0.013413052046599816,cruise,0.2658086579859316,0.5749938647536464,R11,eastbound,0.015096540979872427,1.4961931890581806,885
227.83724428014466,22112.77873356279,24.119913002707065,34.02541282646046,-118.35891703710995,16.987285671272325,0.16250019041474317,cruise,0.1971559422019799,0.5438643686499918,R11,eastbound,0.011054140412535962,1.095557559720469,884
228.83434428009423,22097.46117146853,25.69024825777327,34.02541159515503,-118.35875013995481,17.21194911501298,0.17805828147179703,cruise,0.1549584544876178,0.402588546283158,R11,eastbound,0.008572868490067043,0.8496428064303636,883
229.8314442800438,22080.732045275774,27.98665769494805,34.02541545797498,-118.35856716441475,17.49526611131527,0.07096649999663462,cruise,0.11316079560375845,0.3459541416515983,R11,eastbound,0.006157358011623394,0.6102455610107312,883
230.82854427999337,22064.96377292689,30.010643509588462,34.0254178401493,-118.35839486703843,17.330835317914968,-0.025990215893862967,cruise,0.2042161909220017,0.4718032131636192,R11,eastbound,0.01121915607183168,1.111911988583039,882
231.82564427994294,22049.788525260643,31.70180559768343,34.02541804401601,-118.35822997250376,17.292963651228728,-0.049588088703293565,cruise,0.20629989769909468,0.406391412683308,R11,eastbound,0.01135887815655719,1.125759613135315,881
232.8227442798925,22035.766658984292,32.90832028763098,34.02541508350065,-118.35807746354762,17.258762509500762,0.021247736270771256,cruise,0.2041531673688817,0.4672311154187714,R11,eastbound,0.011263337992526833,1.1162907856142088,881
233.81984427984207,22020.67049622559,34.31370534445712,34.02541284973325,-118.35791314429456,17.270673220268158,0.1458621082257281,cruise,0.25321851407918516,0.4747837584840021,R11,eastbound,0.013960522794879773,1.38360430705545,880
236.81114427969078,21968.728852565684,39.781851770450594,34.02540910037852,-118.35734351971993,18.429239198253665,0.10025451083298798,cruise,0.16927587370396793,0.3713285840430114,R11,eastbound,0.008736109696167383,0.865821372173775,878
237.80824427964035,21951.059172033903,43.037365279662176,34.02541952370555,-118.35714917083061,18.29789475603018,-0.2933637649394427,cruise,0.23606472657973146,0.605144637896663,R11,eastbound,0.01227195713700774,1.2162533595798628,878
304.61394427626146,21539.927859734238,6.981526509973462,34.02468700076145,-118.35276656175152,17.931418347786924,-0.004078291662247935,cruise,0.21677987481230374,0.5872711330657562,R11,eastbound,0.011503747007540978,1.1401173251726362,861
305.61104427621103,21528.35416025249,8.637822534671656,34.02469032229689,-118.3526398944055,17.206775482745613,-0.11446138809058581,cruise,0.15692866322269522,0.362517861786551,R11,eastbound,0.008684522968537884,0.8607086969836131,861
306.6081442761606,21513.119187434586,9.169900045719633,34.02467993023026,-118.35247512876536,17.109566745809296,0.1220749176531406,cruise,0.12903539099697545,0.30565103332214016,R11,eastbound,0.007182164375128354,0.7118124234611362,860
308.60234427605974,21475.28555249492,8.447904781054293,34.024635819113215,-118.35206840449278,17.977708087076454,0.24811705595745792,cruise,0.13750155991642635,0.2535232691256537,R11,eastbound,0.007277614444198972,0.7212723218199056,859
309.5994442760093,21453.940673096713,8.246981317879223,34.024612946584305,-118.35183877393703,18.553226167572497,-0.04981149958882902,cruise,0.13932874985966573,0.30806530171491286,R11,eastbound,0.007141700439670608,0.7078021097929199,858
310.5965442759589,21434.776555443084,8.807047223111939,34.02459909303153,-118.35163162624804,17.93153682290363,-0.1843185344175602,cruise,0.11853310930682653,0.254926279764578,R11,eastbound,0.006290093757249504,0.6234007810584977,857
311.59364427590845,21415.442050008154,7.135538270743212,34.024565078758954,-118.35142528546339,17.63898013251859,-0.15173169800337583,cruise,0.09102392866019712,0.20415001735165775,R11,eastbound,0.004911791837836555,0.48679955915998974,856
312.590744275858,21394.83293912783,7.133099093111486,34.02454476274788,-118.35120323479578,17.78925005817965,-0.04128100431790216,cruise,0.1118188182319057,0.23329351556121294,R11,eastbound,0.005982073299981999,0.5928733833672869,855
313.5878442758076,21375.18976373539,7.061608512446692,34.024524779271204,-118.3509916734069,17.78776287586738,-0.062165714904088176,cruise,0.1167043325998291,0.26126649179079764,R11,eastbound,0.006243969093109072,0.618829441940052,855
314.58494427575715,21357.37123987408,6.593920193591306,34.024502932894684,-118.35080014338308,17.53578634313504,-0.09549804336699985,cruise,0.101581238603027,0.21384938873996534,R11,eastbound,0.005514294313727938,0.5465125822969624,854
315.5820442757067,21340.2613584829,6.918157295317359,34.024488749587775,-118.3506154348159,17.520531241596817,-0.11817597728527396,cruise,0.09750272047818728,0.2711589403210224,R11,eastbound,0.0052975815196902075,0.5250345359780526,853
316.5791442756563,21324.75844104987,7.447302325980974,34.02447800663638,-118.35044779143438,17.48515509823169,-0.12522464211266815,cruise,0.1034987707486188,0.22681020474676977,R11,eastbound,0.00563493600125803,0.558469180264647,852
317.57624427560586,21309.251624689947,7.188484051162996,34.024460201557076,-118.35028105245271,17.131394519099608,-0.11826029713501107,cruise,0.0915667464855669,0.19460649794543872,R11,eastbound,0.005090038325268987,0.5044652734998188,852
318.5733442755554,21292.3900601454,7.204625036301848,34.02444350645326,-118.35009938896742,17.1757541217669,-0.06769259084354395,cruise,0.1036664992123079,0.20593767407562602,R11,eastbound,0.005747504027399374,0.5696256110154364,851
319.570444275505,21277.09262307235,7.278406268920085,34.02442907188304,-118.34993460474675,17.122428164457478,-0.027102853038986296,cruise,0.06947067841824997,0.15684657512006714,R11,eastbound,0.003863812863239816,0.38293609757906627,851
320.56754427545457,21261.625849497184,9.016409828273027,34.02442941067938,-118.34976589923204,17.089143758913718,-0.0367311846085876,cruise,0.09051829209032275,0.21485084063266216,R11,eastbound,0.005044411201601678,0.49994324479414637,850
321.56464427540413,21246.159075920223,10.754413388088842,34.02442974947572,-118.34959719371733,17.055859353369957,-0.03371071647853441,cruise,0.1458422229891656,0.2990277712056,R11,eastbound,0.008143641896373075,0.807102869175612,849
322.5617442753537,21230.69230234511,12.492416947441786,34.02443008827206,-118.34942848820263,17.0225749478262,-0.0372892050725433,cruise,0.16683719902987748,0.3077849398341085,R11,eastbound,0.009334503594093099,0.9251272009489967,849
323.5588442753033,21215.080087730457,14.005470341149833,34.024428268481955,-118.34925848205965,16.98731924315071,-0.031057178894693394,cruise,0.13781963281013868,0.2873544618120749,R11,eastbound,0.007727256368967406,0.7658355887464481,848
324.55594427525284,21198.230943962426,12.792355860152314,34.02440064340176,-118.34907805189586,16.93459747087724,0.07602127768572231,cruise,0.09309385768458509,0.19396327864733598,R11,eastbound,0.005236106278554143,0.5189418265815013,847
325.5530442752024,21182.585332165345,6.972034713684475,34.02433275575498,-118.34891657426904,16.95803415187292,0.17483301856147548,cruise,0.10086215165494002,0.2652100303018263,R11,eastbound,0.0056650623571018865,0.5614549535278612,847
326.550144275152,21160.855653140316,6.984520357583844,34.02431098288885,-118.34868249711906,17.506664934963595,0.13587517577902908,cruise,0.11918769427530936,0.21256981469784492,R11,eastbound,0.006481001155818054,0.6423212973449705,846
327.54724427510155,21142.673654119677,6.994967164234938,34.02429276475025,-118.34848663640261,17.46120779585734,0.0607312098884325,cruise,0.13983797162602693,0.43410423394969105,R11,eastbound,0.007624025834204826,0.7556045813110011,845
328.5443442750511,21128.251375153428,7.003581229205525,34.02427831673782,-118.34833127586718,17.244310653467327,0.06341895339939185,cruise,0.19936683494072793,0.5092975397229953,R11,eastbound,0.011008647907585111,1.0910488728529668,845
329.5414442750007,21111.169027567594,7.017697629155124,34.024261238962566,-118.34814725564146,17.58371896962935,0.07880617733479944,cruise,0.19859057948706743,0.35046115595179184,R11,eastbound,0.010750513261963059,1.0654655753840572,844
330.53854427495025,21094.901674862613,7.070665065043981,34.024244915663346,-118.34797140817071,17.763563991779595,-0.11701226055235736,cruise,0.1969229515492845,0.4113049038821293,R11,eastbound,0.01055046251444036,1.0456388769166054,843
342.5037442743451,20970.778976490088,6.982097899233435,34.02411084166875,-118.34663578767845,11.645923595499324,0.2411144339467164,cruise,0.020565784754743337,0.042291618290320396,R11,eastbound,0.0016928978594112393,0.16778030479957495,838
343.50084427429465,20962.169728814166,5.9965236315526855,34.024092760851005,-118.34654432346433,11.803088168276169,-0.023212620095112158,cruise,0.031963426874994455,0.10786010159940387,R11,eastbound,0.0025954755572153913,0.2572332865025264,838
348.4863442740425,20933.67355251233,6.484816643792642,34.02406642789536,-118.34623702360405,8.65348921773485,-0.18935805294289487,cruise,0.038996660761651813,0.10480634662412944,R11,eastbound,0.0043422453881864,0.43035275323570776,837
349.48344427399206,20922.211161394665,8.59578988020685,34.02407296797611,-118.34611093356547,9.203331874109399,-0.09275098708084961,cruise,0.03120523274490255,0.08339236104391282,R11,eastbound,0.0032636254862304817,0.3234525200603936,836
350.48054427394163,20920.133519734292,8.961384665268794,34.024074000981514,-118.34608810090226,8.345418866526417,-0.044096286801245554,cruise,0.040687834538554506,0.08833063459379284,R11,eastbound,0.004700731585982225,0.46588172694091534,836
351.4776442738912,20912.66696770401,8.737589552678749,34.024063953734675,-118.34600803812806,8.405731422147909,0.024076311504324543,cruise,0.08779503772257095,0.2737059793643758,R11,eastbound,0.010069077385044487,0.9979295935200797,836
352.47474427384077,20900.208734415188,8.79219053342354,34.02405101954972,-118.34587389567254,9.187279224292544,-0.08233323161659811,cruise,0.09658355915741583,0.2597631322871546,R11,eastbound,0.010119226212673308,1.0028997608211543,836
355.4660442736895,20885.125744445777,7.05493445401951,34.02401907508834,-118.34571356608807,7.706672160388461,-0.14910689127580445,cruise,0.023114564203623105,0.06653346917616897,R11,eastbound,0.0028957610130090333,0.28699408100046414,835
356.46314427363905,20877.585750564827,6.960164665056948,34.0240098551377,-118.34563258607463,7.686364803192711,-0.08291836060311475,cruise,0.016991384255023133,0.052156439361445824,R11,eastbound,0.002134378178987438,0.21153468854442134,835
357.4602442735886,20870.08698857504,6.9123810439236255,34.024001101233814,-118.34555198684173,7.680171806335557,-0.17268469870122605,cruise,0.014685282563533446,0.04197159720406837,R11,eastbound,0.0018462095673125213,0.18297477441156113,834
358.4573442735382,20865.747879403065,6.702308899070559,34.023994404183846,-118.34550559223146,7.28350600962183,-0.16662300538497243,cruise,0.012229443436658998,0.04011838208773804,R11,eastbound,0.0016226767393807517,0.16082080582178063,834
359.45444427348775,20860.039001439098,7.719610141926053,34.02399716429411,-118.3454428242099,7.07642747556164,-0.06234716129773865,cruise,0.011796876736542604,0.031674182305470665,R11,eastbound,0.001611885784284297,0.1597513321231185,834
581.8077442622416,19900.75463739789,6.186146375719942,34.02251622262324,-118.33520236948402,11.437752361583279,0.252252981268529,cruise,0.16018817319094766,0.3533901789103551,R11,eastbound,0.013430244372763188,1.331049290344459,796
582.8048442621912,19897.6526156473,4.685675362841047,34.022523402127575,-118.33516603003886,11.401955694428617,-0.07559023800680276,cruise,0.14690597942742462,0.33805965905153723,R11,eastbound,0.012355994257892456,1.2245821395343839,795
583.8019442621408,19882.145349412447,4.96863983579111,34.02249024826607,-118.33500303581577,11.005619055268943,-0.14021563486378152,cruise,0.1494914297141667,0.32914450643450816,R11,eastbound,0.013034179679773038,1.2917959741796268,795
584.7990442620903,19868.74306710496,4.998086343524511,34.02246322897793,-118.3348614432383,10.83645455622873,0.001776752717279173,cruise,0.1688872310605374,0.3080608501579686,R11,eastbound,0.014959160083507225,1.4825775958092124,794
585.7961442620399,19854.234156281258,0.7305834214172461,34.02248460882425,-118.33469432647084,11.164399442689527,0.1178788822558543,cruise,0.095179222257522,0.21495532957791524,R11,eastbound,0.00817865062324696,0.8105725261504211,794
586.7932442619895,19842.139663501555,8.888393441588684,34.02253215956001,-118.33454689718948,11.253804907813892,0.09901510514111855,cruise,0.062291672057871235,0.16333820071980065,R11,eastbound,0.005309405416998804,0.5262063828696573,793
587.790344261939,19829.472490989796,9.125923541721546,34.02250895456175,-118.33441243369239,11.293490904631991,0.01976317438220132,cruise,0.05889109994255334,0.1943585104671077,R11,eastbound,0.005001617115003979,0.4957019937032635,793
588.7874442618886,19817.469009678913,9.351003667465523,34.022486965338494,-118.3342850153652,11.299730862273565,-0.012352526189049584,cruise,0.06316798545125238,0.13763178388126027,R11,eastbound,0.0053618391730698494,0.5314030056466782,792
589.7845442618382,19806.01117407222,9.584619058061667,34.02246593034491,-118.33416312618887,11.236708655282834,0.05734189698464576,cruise,0.05352045059661026,0.14146566758045215,R11,eastbound,0.004568854004890061,0.4528115581596936,792
590.7816442617877,19794.02374413584,9.840418774279543,34.02244396938242,-118.33403587165203,11.236686933988175,0.21672604171747256,cruise,0.05978855774394654,0.14570714317644998,R11,eastbound,0.005103950463436335,0.5058440824865248,791
591.7787442617373,19780.985808573758,9.962535889103323,34.022418712730115,-118.33389784440969,11.699588465800367,0.2932794712931175,cruise,0.05691375711479013,0.15610572666881287,R11,eastbound,0.004663067798609619,0.4621489313146749,791
592.7758442616869,19767.7188513663,9.851403925174898,34.0223909447409,-118.33375796429873,12.1334362688694,0.25359397044815957,cruise,0.04926406215436987,0.11634596013826833,R11,eastbound,0.003889550750050618,0.38548693694011027,790
593.7729442616364,19754.633467769017,9.947422487717699,34.02236536302253,-118.33361949920707,12.094533085271076,0.1275799027961808,cruise,0.052997543474306304,0.15187083475508112,R11,eastbound,0.004198011860800515,0.4160580070686012,790
594.770044261586,19741.964190903265,10.032571286071848,34.022340526127294,-118.3334854561991,12.358893602043896,-0.0484602317612266,cruise,0.07422599695388807,0.18772839320912169,R11,eastbound,0.005751643199011576,0.5700358374628575,789
595.7671442615356,19730.256507769085,10.111257685386532,34.02231757434702,-118.33336158700817,12.237390659055698,-0.18275338809752828,cruise,0.08446397985277493,0.21168279316535732,R11,eastbound,0.006611074000204725,0.6552126016584706,789
596.7642442614851,19720.675856206293,10.164254837499064,34.02229869232556,-118.33326024982819,11.700660512564722,-0.2026992913093162,cruise,0.08739716112508712,0.2379522366297994,R11,eastbound,0.0071599719690779275,0.7096129708298525,788
597.7613442614347,19707.996299121332,10.20036530210743,34.022273403921176,-118.33312621731835,11.65942575517328,-0.21400553920082555,cruise,0.09428548203190618,0.2818716520443347,R11,eastbound,0.007752083003297231,0.7682961153823873,788
601.749744261233,19663.18940324994,12.84093143597673,34.022205148838765,-118.33264619098702,10.379915484836184,-0.08444185228477519,cruise,0.04099926171393827,0.09611213297838642,R11,eastbound,0.003794035549526975,0.3760205835108356,786
602.7468442611826,19653.704930748343,13.299339033317807,34.02218969825411,-118.33254495594906,10.433019321600847,0.03881529585160326,cruise,0.05223472767901552,0.23030856360888208,R11,eastbound,0.004808729818201551,0.47658525297991433,786
603.7439442611321,19644.399099306887,13.1554170502716,34.02216932835886,-118.33244709367176,10.595636333858533,-0.007436499125697438,cruise,0.07680134795244743,0.26728119343394796,R11,eastbound,0.006959968978065512,0.6897910054310894,785
604.7410442610817,19634.56271356296,12.444133096123737,34.02214288990512,-118.33234503266496,10.616781113778648,-0.1952316243211074,cruise,0.058765956161754944,0.16129232175055336,R11,eastbound,0.00531475873627948,0.5267369414828706,785
605.7381442610313,19625.535223762177,11.68184738599681,34.02211766468838,-118.33225163502264,10.151664092991231,-0.28127638739035454,cruise,0.0719987457974622,0.16968664830727387,R11,eastbound,0.006815111789173168,0.6754344492043484,785
606.7352442609808,19617.280610349815,10.853951093184264,34.022093450544595,-118.33216655665221,9.70899884686376,-0.18849689817836435,cruise,0.08213570554935747,0.24248724376313946,R11,eastbound,0.008135343932697417,0.8062804717303215,784
607.7323442609304,19607.696424269863,10.103109377252313,34.02206718274719,-118.33206725514509,9.820654485657,-0.011790317929420091,cruise,0.15013345944933998,0.35231229973247413,R11,eastbound,0.014698398223258226,1.456733919447133,784
608.72944426088,19598.826485339116,9.869425306611332,34.0220459098241,-118.33197227325454,9.820089178128036,0.2459054337196518,cruise,0.2634725941018647,0.5846492375009654,R11,eastbound,0.025796060994783866,2.5566049081298337,783
621.6917442602244,19391.27579710189,6.677445863079953,34.021573917324574,-118.3297962891324,18.209514023099683,0.13079854063758312,cruise,0.5430486927742006,1.145164899932971,R11,eastbound,0.028370072528815894,2.811710930821428,775
622.6888442601739,19376.359229152364,7.043530339473199,34.021545304206306,-118.3296382565663,17.99566637992225,-0.22536554856580793,cruise,0.3602660885323652,0.8659249974868017,R11,eastbound,0.019048629506548485,1.887878141528509,775
623.6859442601235,19361.395259514156,8.976987138044795,34.02152857950881,-118.32947446982611,17.381716642846964,-0.2590622449217914,cruise,0.18385579219487885,0.5688310482736887,R11,eastbound,0.01007052850314649,0.9980734114333111,774
624.6830442600731,19345.35243672616,10.473876540352556,34.02150494731485,-118.32930214758758,17.13048653894575,0.018534666944947986,cruise,0.21963958202271092,0.591072041999468,R11,eastbound,0.01221004577915254,1.2101174273771287,773
631.6627442597201,19196.23221973983,9.55624427692771,34.021152732140905,-118.32774021267694,21.336845229833894,0.20651695936996184,cruise,0.13413313499733986,0.29683141513643285,R11,eastbound,0.005964057669100496,0.5910878840096905,767
632.6598442596696,19174.72365634562,9.660469418518119,34.02110089185755,-118.32751556001139,21.381696375065477,0.16118614155064925,cruise,0.17641976278023971,0.42086103327641755,R11,eastbound,0.007827541052686399,0.7757746377608721,766
633.6569442596192,19150.775126657663,9.80185291382571,34.02104339045932,-118.32726534766695,21.654187279365463,0.12296732160310064,cruise,0.30460690027009224,0.8640982486911961,R11,eastbound,0.013342079353618608,1.3223114012258075,766
634.6540442595688,19126.805278874483,9.897693695640362,34.020985695267406,-118.32701530535886,21.72686091579952,0.07496225906118781,cruise,0.2266890102062574,0.515578969605663,R11,eastbound,0.009895417485314821,0.9807184482958545,765
635.6511442595183,19101.697334219054,9.930633275212987,34.0209250824322,-118.32675309343604,21.72734498728536,-0.0178978272740693,cruise,0.14377130003497918,0.3472751692916439,R11,eastbound,0.006275755465042035,0.6219797366502361,764
636.6482442594679,19076.757215547168,10.035017168282206,34.02086549683333,-118.32649242514198,21.757007878182367,-0.041215168499180166,cruise,0.12600784423628725,0.35497880050563113,R11,eastbound,0.005492735590619965,0.5443759329332475,763
637.6453442594175,19056.155641902445,10.110118546608165,34.02081618009118,-118.32627713475543,21.516964775538188,0.056401167648045814,cruise,0.09996474090783283,0.2922891330394151,R11,eastbound,0.004406958895829719,0.4367664018658866,762
638.642444259367,19033.651604885476,10.094080685558756,34.02076165832203,-118.32604229780011,21.69066726049596,0.18953253045726903,cruise,0.12429235921796693,0.2985324784136926,R11,eastbound,0.005434813114434007,0.5386353321904442,761
644.6250442590645,18868.06677879285,10.070198621272429,34.02035854243767,-118.32431404972654,23.965170623526916,0.2410237204371537,cruise,0.178313605957235,0.36243232319766816,R11,eastbound,0.007044855088511536,0.6982039273358034,754
645.622144259014,18836.883684876848,9.826700893999895,34.02028078257716,-118.3239892265292,24.221576266114702,0.08714957451243244,cruise,0.16796221503554334,0.38857066364891474,R11,eastbound,0.006564441633974099,0.6505909450262028,753
646.6192442589636,18808.34569203668,8.863253421180318,34.02020318989044,-118.32369411707414,24.31506116829216,-0.19553591666211823,cruise,0.13195723928911546,0.3828734173430421,R11,eastbound,0.0051370959321730275,0.5091290750313798,752
649.6105442588123,18732.83983701138,4.519633052096226,34.01990385262805,-118.32294492302695,23.009071910064538,-0.16165496303712068,cruise,0.1471935706604275,0.4338525791733775,R11,eastbound,0.006061247339290199,0.6007201913560235,749
650.6076442587619,18708.061283299914,3.0008044787024226,34.01985690310869,-118.32268183231358,22.982936870106123,-0.05480219909574835,cruise,0.18930784184775315,0.3960381566113709,R11,eastbound,0.007804477594991789,0.7734888566428786,748
651.6047442587114,18683.63851177827,1.6835374791265765,34.01980905195598,-118.32242304003084,23.066879862754913,-0.0574915886256413,cruise,0.1215573008882488,0.2802078370072411,R11,eastbound,0.004992817773045854,0.4948299054862677,747
652.601844258661,18660.820192138573,0.16606023406711581,34.01976683336138,-118.32218041197189,22.83472882045473,-0.12090125369007865,cruise,0.1654723520680552,0.40315745998161645,R11,eastbound,0.006866867573357468,0.6805638793098379,746
653.5989442586106,18638.342220413488,0.021091290450780696,34.0197135275332,-118.32194534357869,22.813330781621566,-0.07266644694471758,cruise,0.10174495405477285,0.22546063807772612,R11,eastbound,0.004226299563592071,0.4188615544710993,745
654.5960442585601,18618.187061971326,1.05791945520524,34.01967396772872,-118.32173179600915,22.51318211094979,0.15435459808889362,cruise,0.126657514048812,0.3117678052405596,R11,eastbound,0.005332478510968664,0.5284931190229409,744
657.5873442584088,18534.517322025837,0.26184633160817405,34.0194537722244,-118.3208641835787,24.44264904716145,0.29552886364401765,cruise,0.07904833509363975,0.21248088148567673,R11,eastbound,0.003061013024682385,0.30337193435597637,741
658.5844442583584,18507.969906812563,0.9091737299901789,34.019381759126915,-118.3205896673158,24.408250126459567,-0.060059690123814846,cruise,0.09589267813031484,0.23008010991975478,R11,eastbound,0.0037186049795575197,0.36854478457215517,740
659.581544258308,18483.05094409344,0.011751622916649376,34.01932738358267,-118.32032741530186,23.931282273643912,-0.21674999340297774,cruise,0.09709403812656532,0.23251872192873996,R11,eastbound,0.003841539233376528,0.38072859499012973,739
660.5786442582576,18458.089130445078,0.17673193102265475,34.019268503441175,-118.32006630018465,23.76986280516681,-0.11844475569465551,cruise,0.1245267017083441,0.3675634010665646,R11,eastbound,0.004960952300342568,0.4916717712296627,738
661.5757442582071,18432.780137831927,0.8700321201151549,34.01920051545957,-118.31980418786144,23.784307857987148,-0.026895825264828588,cruise,0.1134371585687181,0.2997083185772753,R11,eastbound,0.004516370108337537,0.44760996604254466,737
662.5728442581568,18406.870199872785,1.4853137392134343,34.019134886803045,-118.319534575236,23.846616946733334,-0.055583913013967035,cruise,0.08347150353666184,0.21934493257722448,R11,eastbound,0.003314489266688353,0.32849354515298146,736
663.5699442581064,18382.264727822694,0.7045603685925892,34.019084448835734,-118.31927471777784,23.693621167856172,-0.15937042742146623,cruise,0.12696819269858917,0.3193945988808231,R11,eastbound,0.005074774392476229,0.5029524903852488,735
664.567044258056,18357.234270420995,0.7167911507451918,34.019026117197896,-118.3190126281893,23.52801317731721,-0.27441688200003256,cruise,0.14101522412859008,0.3922540919748307,R11,eastbound,0.005676575138814754,0.5625959662677247,734
665.5641442580055,18335.938328019867,0.5102532063999481,34.01898425554807,-118.31878702361244,23.149462108359835,-0.23315171460791184,cruise,0.1257146127503824,0.3122942545453272,R11,eastbound,0.005144837709672604,0.5098963497853459,733
666.5612442579551,18315.644200935214,1.2522872997661507,34.01893876970039,-118.31857380544176,22.74904956805932,-0.0830417681028841,cruise,0.13305193442643173,0.30008718172167503,R11,eastbound,0.005542620081895326,0.5493199022958544,732
667.5583442579047,18292.05549966723,2.704308293826025,34.018880708074825,-118.31832733393817,23.07773132937133,0.041074523970239696,cruise,0.1669043971070703,0.5381899404443061,R11,eastbound,0.006852115465078944,0.679101822275713,731
668.5554442578542,18269.21848291842,2.516990004355751,34.0188385257576,-118.31808503935468,23.10293827447852,0.10660145541915256,cruise,0.1599488487760553,0.42237287492831155,R11,eastbound,0.00655927368953852,0.6500787586070588,730
669.5525442578036,18246.675411289154,3.7814339120972247,34.018784122913424,-118.31784920892585,23.041305849032558,0.16660209525194958,cruise,0.16316139977853772,0.3645829453186588,R11,eastbound,0.006709221688364093,0.6649398565800874,729
670.5496442577531,18221.038734473936,4.42912631459296,34.0187315424816,-118.3175779618775,23.42322891555638,0.2369780842088538,cruise,0.17690963545951274,0.42340455794961784,R11,eastbound,0.007153913996157518,0.709012575160732,728
671.5467442577027,18195.432825081043,3.2555516282056134,34.01870011248999,-118.31730144730068,23.754154383297323,0.16602123799812674,cruise,0.14329134517977218,0.3739088420953165,R11,eastbound,0.005712346787725709,0.5661412351828563,727
672.5438442576523,18170.622034852622,2.45060062848244,34.01866663123214,-118.31703594049178,23.80783482672992,-0.0068384899374667185,cruise,0.18677245844635204,0.4816731781262351,R11,eastbound,0.007428656046518124,0.7362418050250749,726
673.5409442576018,18145.270513958814,3.397595329041107,34.01861601185587,-118.31676736981969,23.649938596256376,-0.19902200569251605,cruise,0.13042760619482946,0.3321606476037249,R11,eastbound,0.005222837751661126,0.5176268048429034,725
686.5032442569462,17922.61151676243,4.986439498916688,34.01836763877215,-118.3143687541796,11.558032686050673,0.12066684554403029,cruise,0.12724868823885294,0.3188288624708136,R11,eastbound,0.010555660114156628,1.046154002421534,716
691.4887442566941,17834.192067487395,2.3013428826853737,34.018373620219975,-118.31340996163188,15.36224404327769,-0.033869754270151375,cruise,0.1332410203519796,0.3006873794087388,R11,eastbound,0.008275106593197966,0.8201321176805011,713
692.4858442566436,17819.903038599812,2.570557770354275,34.01836848417035,-118.31325503999462,15.115517374399849,-0.11982172440252992,cruise,0.19871842546354612,0.3885618346132145,R11,eastbound,0.012546609682474218,1.243473718762295,712
693.4829442565932,17804.145178502895,3.7715870413470864,34.018355004735284,-118.31308380817677,15.191923014666044,-0.020358942736095287,cruise,0.1766783898456402,0.43017385727300916,R11,eastbound,0.011097988752908065,1.099903296157956,712
694.4800442565428,17788.050131250675,4.629978471644299,34.01834702736927,-118.31290936286932,15.172386389392205,0.04547867058244481,cruise,0.2274297902045215,0.555358220512095,R11,eastbound,0.014304631312028051,1.4177083326292947,711
695.4771442564924,17773.082538613176,5.513279462792332,34.01833884234845,-118.31274713894737,15.183575617478542,0.12319008389813213,cruise,0.14647016274854993,0.34450167114137903,R11,eastbound,0.009205615093195441,0.9123532749583938,710
696.4742442564419,17756.765543033805,5.917367115193073,34.01833495632975,-118.31257027968343,15.395945466200125,0.18691192277964852,cruise,0.18682794031520633,0.38815929168213753,R11,eastbound,0.011577356248910846,1.1474126152484339,710
697.4713442563915,17739.549614340278,8.05709490692077,34.01831541344847,-118.31238370772668,15.705360933749805,0.17220784711864923,cruise,0.1685555200317468,0.30022698576003914,R11,eastbound,0.010235765774842354,1.0144498039340517,709
698.4684442563411,17723.2203722332,9.247418807835086,34.01830486679091,-118.31220639522418,15.768820342285911,0.07474716473437137,cruise,0.1522712814441263,0.32247581534313163,R11,eastbound,0.009209031373226165,0.9126918568176885,708
699.4655442562906,17706.134780240045,12.103369319118848,34.018279384604284,-118.31202114557613,15.840951407512676,-0.0471219593981651,cruise,0.15145939571616968,0.3662422587667619,R11,eastbound,0.009117505150199564,0.9036208443456794,708
700.4626442562402,17692.21604611388,9.162668254833216,34.01830610002175,-118.31187032831964,15.707537380154486,-0.13875960338138515,cruise,0.14464093857164687,0.3623221373240312,R11,eastbound,0.008782281940375093,0.8703974268739353,707
701.4597442561898,17677.9278267574,8.24471158047855,34.01831458992386,-118.31171546923608,15.484732061600027,-0.18115499570802474,cruise,0.11584306765960907,0.2502561044294352,R11,eastbound,0.007136698180966299,0.7073063442123625,707
702.4568442561393,17664.772332436412,4.734442342590276,34.01834479657562,-118.31157439034635,15.294896485051076,-0.11420063827632454,cruise,0.08479746406110542,0.2242146224937578,R11,eastbound,0.005290046058083841,0.5242877088507731,706
703.4539442560889,17650.69419191061,3.9537118700451135,34.018348506679935,-118.31142162213305,15.169814425348068,0.0026310211060538435,cruise,0.08042504365644995,0.25218289983260805,R11,eastbound,0.005059359221800787,0.5014247183344515,706
704.4510442560385,17635.829534268367,3.055551023804288,34.01835308910948,-118.3112602981089,15.33923827788906,0.08632340341125122,cruise,0.07965499122517981,0.20244651140448228,R11,eastbound,0.0049546240177285,0.49104458561421427,705
705.448144255988,17620.442152186548,2.484970938524086,34.01835459661404,-118.311093403025,15.456130615630329,0.12729522927154502,cruise,0.08231740238927071,0.2160571179199089,R11,eastbound,0.005080841719834895,0.5035538131572616,704
706.4452442559376,17604.978312851796,2.394330575124331,34.01835176181977,-118.31092581576499,15.52501868799084,0.07541027750172535,cruise,0.11191539916224123,0.23177866714827633,R11,eastbound,0.006876529025165684,0.6815214098071313,704
707.4423442558872,17588.21989217837,3.603034050238299,34.0183369108096,-118.31074457212469,15.745590453847713,-0.0023560366090400464,cruise,0.1678819595533223,0.3246667732335352,R11,eastbound,0.010168367819629286,1.0077701041484726,703
708.4394442558367,17573.004797578324,4.567680362843654,34.01832461886234,-118.3105799807051,15.500927965830686,-0.07810684654507671,cruise,0.12750179042520404,0.2786369202698056,R11,eastbound,0.007846604284867787,0.777663963149334,702
709.4365442557863,17557.39950928774,5.133436901469537,34.018315828560766,-118.31041104774897,15.466126113173962,-0.13551583831480762,cruise,0.13090506985532838,0.2740329136826116,R11,eastbound,0.008074485843227652,0.8002489272139216,702
710.4336442557359,17542.3478903465,5.467939829984623,34.018309252866466,-118.31024804836557,15.337201008547641,-0.20119659971095682,cruise,0.10488565869753941,0.22590483628069458,R11,eastbound,0.006524879506555593,0.6466700080601032,701
711.4307442556855,17528.17340861049,6.592879505178187,34.01829576293418,-118.31009477831608,15.09858035686959,-0.22184550936099878,cruise,0.11402573064094307,0.23720368518256052,R11,eastbound,0.007207528889748819,0.7143262585223932,701
712.427844255635,17515.00049802155,7.39014482499066,34.018285462348494,-118.30995226772086,14.664794944765173,-0.10924064187496274,cruise,0.18728410083281113,0.34092885162785036,R11,eastbound,0.01219445347035732,1.2085720994604752,700
713.4249442555846,17500.080244331464,7.3644176617539605,34.018284699745124,-118.30978899932418,14.811319232720447,0.06362378329798357,cruise,0.16992492410921223,0.41414814791554594,R11,eastbound,0.010952833669736001,1.0855172161222197,700
714.4220442555342,17484.583369912016,7.6082716121188545,34.01828152722765,-118.30962104472472,14.970919068648683,0.1497931516858939,cruise,0.1911853676197213,0.35337327470845326,R11,eastbound,0.012189594724016884,1.208090557152763,699
715.4191442554837,17468.943061000493,6.987890925427336,34.01828613490537,-118.30945147004444,15.173091878925344,0.0928291903786933,cruise,0.39980752187613733,0.7694374673328516,R11,eastbound,0.025145468854562123,2.492125797958016,698
716.4162442554333,17453.75284165276,6.353302531976573,34.018290898944045,-118.30928677288064,15.199174807790978,-0.03533128821789688,cruise,0.5429811144181418,0.8505419344466587,R11,eastbound,0.034090608082748275,3.378663741069165,698
717.4133442553829,17438.0776002421,5.097821370746574,34.01830122848961,-118.30911677152164,15.138423407909636,-0.13558504155182494,cruise,0.30074925986571016,0.5262635614186835,R11,eastbound,0.018959368755213948,1.8790316562061424,697
718.4104442553324,17422.982874258363,5.76949923467002,34.018294225353316,-118.30895320823315,14.794214574782696,-0.2600971753409933,cruise,0.27281084836648883,0.5410488049475506,R11,eastbound,0.017605221993597767,1.7448244120157952,696
743.3379442540717,17294.228779291538,1.222042623561943,34.01832124742647,-118.3075573792193,6.691827053990446,0.08974379367798635,cruise,0.08584341251569846,0.1649607279839263,R11,eastbound,0.012415409155165189,1.2304706516608754,691
744.3350442540212,17293.335123678622,3.1711873607997614,34.018360766981175,-118.30754724831321,6.310149414927305,-0.1882990944074523,cruise,0.08803381461018314,0.17933241446705248,R11,eastbound,0.013515975431712695,1.3395459536968135,691
745.3321442539708,17291.71604598072,4.840551942406154,34.01837567617264,-118.30752953026547,5.719735839864339,-0.19605994961571138,cruise,0.07081951957222872,0.15522524335545146,R11,eastbound,0.012015682149304983,1.1908543697292702,691
746.3292442539204,17287.403195839048,5.226378841120191,34.01837879056484,-118.30748274446002,5.906395773800324,0.04081080443089835,cruise,0.0666401122520109,0.13533043735569544,R11,eastbound,0.010943208901118811,1.0845633212352717,691
747.3263442538699,17284.22486973522,5.068328112812908,34.01837709863812,-118.30744831074486,5.922632440605796,0.12863901781919163,cruise,0.09500577083203157,0.2095244193468281,R11,eastbound,0.015557729285825472,1.541900798712618,691
748.3234442538195,17278.34565406464,6.257962910280145,34.018387325675675,-118.30738446583531,6.3514075327617885,0.06466719315643843,cruise,0.09425097826183672,0.17026576238007401,R11,eastbound,0.014374896100633212,1.4246721595272456,691
749.3205442537691,17276.05171370269,7.670544577107003,34.01839986377397,-118.30735945897426,6.044319868869043,-0.14923339670281077,cruise,0.08864715911862932,0.1538178621686967,R11,eastbound,0.01421924203354624,1.4092455425733863,691
752.3118442536178,17285.000318172235,14.419405541168269,34.01846144212654,-118.30745576940842,4.858285668844009,-0.21325800092087377,cruise,0.06094276064797794,0.1380034587810058,R11,eastbound,0.012207592410992396,1.2098742781195369,691
753.3089442535673,17286.248311178504,12.89814732117397,34.018447836541725,-118.30746945029937,4.928057970738944,0.15185492650624166,cruise,0.07090249835174357,0.13240648225203472,R11,eastbound,0.013998133983034362,1.3873318896602538,691
758.2944442533152,17273.74672968589,3.085509784550341,34.018358346368515,-118.30733493940407,6.8031067860028545,0.22842400906388116,cruise,0.1104481184218988,0.27403990755835095,R11,eastbound,0.015708206155398446,1.5568143121900466,690
759.2915442532648,17272.139549831532,0.40120614997421644,34.01833401835983,-118.30731779093213,7.112771572238459,0.15285526453511222,cruise,0.1564601481941567,0.3739462451245828,R11,eastbound,0.021267081128067813,2.1077452098057847,690
760.2886442532143,17270.292615944873,0.8970496490464271,34.018322162175224,-118.3072979035029,6.905353161200487,0.2901821696984692,cruise,0.2513954757988566,0.81274096144375,R11,eastbound,0.035215647257211706,3.490164511510557,690
763.279944253063,17243.06663761874,0.13329704216388413,34.01832852163082,-118.30700270231972,8.799917508335078,0.207389489149433,cruise,0.08767456456278915,0.21663749921376682,R11,eastbound,0.009597273178898445,0.951169859568715,689
764.2770442530126,17234.972554202952,1.0762449203018785,34.01833612693648,-118.30691484861836,8.59951335331455,-0.17695371954692884,cruise,0.25156308074798023,0.6038091825712264,R11,eastbound,0.0281901880854187,2.7938828813770398,689
772.2538442526092,17165.945131098957,3.017171827182646,34.01834717044174,-118.30616656217077,5.612333522878697,-0.295979698570485,cruise,0.15042906229022898,0.3677862762483804,R11,eastbound,0.026019642246737577,2.5787636759442787,686
773.2509442525587,17159.07553048855,4.569358698754727,34.01836067908128,-118.3060919712496,5.335425765330899,-0.2967477991143337,cruise,0.15943974447328724,0.2944170701204498,R11,eastbound,0.029034781459305166,2.8775891327108654,686
775.2451442524579,17147.106221552935,7.8894189896954074,34.018389764200606,-118.30596195527622,4.691280128285532,-0.116921249218076,cruise,0.17184904024209266,0.49586806716194565,R11,eastbound,0.035670403378210466,3.535234637960584,685
776.2422442524074,17141.494482902155,9.428972570509188,34.01840324703537,-118.30590099950182,4.409715614941666,0.11835629711359452,cruise,0.2019594397770976,0.4662160539652913,R11,eastbound,0.044644530594619654,4.424645532604249,685
777.239344252357,17127.085312277897,7.637106471532481,34.018386088597154,-118.3057449680143,5.2278665749311966,0.09153325980997762,cruise,0.1928780566003152,0.3841839833612759,R11,eastbound,0.03585927682313932,3.5539535724683815,685
778.2364442523066,17115.931326024755,8.34497977525901,34.01839168768181,-118.30562400932025,5.17314142650896,-0.23513853968905218,cruise,0.1947456890376359,0.39480212119890035,R11,eastbound,0.03659614319873741,3.626983179309164,684
780.2306442522057,17099.741668012113,11.109171927428692,34.01841512108711,-118.30544781223364,3.755381165570573,-0.25248763360913373,cruise,0.1641178120201423,0.40174962028509337,R11,eastbound,0.042718535027310885,4.233763299793062,683
781.2277442521553,17083.952349507752,7.785996755528586,34.018383490078506,-118.30527710263065,4.018147315601949,-0.007903187706785886,cruise,0.12555162738788028,0.27380508063368414,R11,eastbound,0.0305074484285922,3.023542718511474,683
782.2248442521048,17071.120885000615,6.516448022169864,34.018370682178336,-118.30513818925742,4.119922790983122,0.16406715020345408,cruise,0.10982223158662421,0.2667667337969862,R11,eastbound,0.026014992776843736,2.5783028746787986,682
783.2219442520544,17060.024252119732,6.708997838281317,34.018371236061554,-118.30501789192738,4.06363796064494,0.28669429467097896,cruise,0.06424166511103158,0.1471946903674809,R11,eastbound,0.015432172545933927,1.5294570780406747,682
786.2132442519031,17011.1644124426,10.874541574644955,34.01840398592875,-118.30448908509679,5.662547382123667,0.23633254595154796,cruise,0.09200029035115963,0.17124282146349556,R11,eastbound,0.01576971514834894,1.5629103666730608,680
787.2103442518527,16998.499593284552,9.433212275241281,34.01839091044396,-118.30435181742779,5.762642484762898,-0.06666078106920814,cruise,0.08828779316694782,0.16134041645379482,R11,eastbound,0.014866015394512183,1.4733461798539198,679
789.2045442517518,16986.154880334314,10.151840331459091,34.0183973049389,-118.30421800215349,4.921063335458747,-0.2986145455984155,cruise,0.07047355210173263,0.15836969858791966,R11,eastbound,0.013933564560164941,1.3809325210335301,679
794.1900442514997,16886.423175715114,3.9146472921710203,34.018269855857945,-118.3031370817091,11.907597183647322,-0.025926073059341803,cruise,0.07570776599263969,0.13761830917238727,R11,eastbound,0.006092698642432585,0.6038372779529719,675
798.178444251298,16936.295774967242,0.9407289391327429,34.018296993473356,-118.30367764770872,8.74897179721418,0.19757422689562487,cruise,0.05743798803720515,0.10156219421703434,R11,eastbound,0.0063246779957317825,0.6268283676914184,677
799.1755442512475,16930.194411871533,0.19005866876234653,34.018307144538205,-118.30361150339436,6.1191085107028,0.20989562388898175,cruise,0.06735945525587123,0.12816373621412527,R11,eastbound,0.010670323908352774,1.0575181412753665,677
801.1697442511467,16917.99168568011,2.4516338850181865,34.018327446667904,-118.30347921476564,6.1191085107028,0.014764778720538274,cruise,0.0833312533551484,0.14581249897092607,R11,eastbound,0.013200395721889984,1.3082693709967619,676
802.1668442510962,16911.85594703953,2.7041057665716495,34.01832968118486,-118.30341270490369,6.1535840345904464,0.018004293033502705,cruise,0.07655637410622598,0.13055367137943666,R11,eastbound,0.012058087706913705,1.19505711435514,676
902.8739442460027,16435.306889532818,5.771736794617027,34.01834702106169,-118.29824726582339,17.051868583917134,-0.0036478687434868817,cruise,0.17015373159792527,0.5376592431329672,R11,eastbound,0.0095034271062699,0.9418689306424203,657
903.8710442459522,16418.30447136679,6.488615267910063,34.0183534823368,-118.29806296946695,17.051868583917134,-3.1224800522977603e-10,cruise,0.21745466920778447,0.48517361352508326,R11,eastbound,0.012145279320805747,1.2036985308903712,656
988.6245442416656,15665.079463416138,10.615942850575864,34.01816458338461,-118.28989855743784,12.671046972713249,0.2075046964587397,cruise,0.1263129714506171,0.3093912336404382,R11,eastbound,0.00954255323407247,0.9457466564082414,626
989.6216442416152,15654.317948742017,10.733688500833166,34.018163658407566,-118.28978190717933,12.492187487924454,-0.2677893911592042,cruise,0.13494010681879257,0.39638914511215373,R11,eastbound,0.010342794676141628,1.0250572611899793,626
995.6042442413126,15602.463339578742,14.956266009141496,34.01812611535133,-118.28922032120876,9.53961091636711,-0.29848787520910225,cruise,0.3293075760278415,0.6992418654886026,R11,eastbound,0.033206333560551804,3.291024756805684,624
1001.58684424101,15551.668776914827,15.837756890872368,34.01811725584019,-118.28866975778226,6.413288272229918,-0.282200067010391,cruise,0.18268651443410724,0.44603258005684776,R11,eastbound,0.027589391427506903,2.734338919036592,622
1002.5839442409596,15541.089567751402,16.507807215887095,34.01811078761009,-118.2885555565706,6.2562462036464295,-0.08902100465206475,cruise,0.1947523038615483,0.4778783253435156,R11,eastbound,0.030162711538294106,2.98937641591482,621
1003.5810442409091,15531.222213019693,16.724049958632087,34.01810843450624,-118.28844861192037,6.278482171310754,0.07769094358723239,cruise,0.21274795546374875,0.4475578797482608,R11,eastbound,0.0328311300975117,3.2538389626121593,621
1004.5781442408587,15520.799162212079,16.9422198032401,34.01810604127517,-118.28833564400391,6.40004597610351,0.18154691371307674,cruise,0.14795408275490904,0.34732270605290916,R11,eastbound,0.02239111366533972,2.219146214101288,620
1005.5752442408083,15508.100947651656,16.732062032043192,34.018107415372235,-118.28819799378934,6.734282338854305,0.25223420004204167,cruise,0.11091061792475311,0.2438246083603131,R11,eastbound,0.0159379818399955,1.5795869999708867,620
1011.5578442405057,15384.25691513026,14.036796177612597,34.01812555555768,-118.28685530677444,10.775423561596025,0.184948555614306,cruise,0.08706142873713378,0.18116590016495943,R11,eastbound,0.00775588288727738,0.7686727155941767,615
1012.5549442404553,15371.946580817008,12.938358568230772,34.01813508202474,-118.28672183053483,10.758577118579087,-0.07157984156497488,cruise,0.11103745285217792,0.27230063153969214,R11,eastbound,0.009907547103544722,0.9819205946819471,614
1013.5520442404048,15361.078610731374,11.949546108736062,34.01814366423194,-118.28660399260153,10.641138849951764,-0.2603111340476856,cruise,0.1101845623895548,0.24000383048246532,R11,eastbound,0.0099418254033901,0.9853178602429474,614
