{"type": "FeatureCollection", "features": [{"type": "Feature", "properties": {"bin": 610, "start_m": 15250, "end_m": 15275, "median_score": 3.42, "hot_fraction": 1.0, "recordings": 1, "rides_rough": 1, "rides_covering": 1}, "geometry": {"type": "Polygon", "coordinates": [[[-118.2854, 34.0182199], [-118.285403, 34.0182199], [-118.285671, 34.0182199], [-118.285671, 34.0182921], [-118.285403, 34.0182921], [-118.2854, 34.0182921], [-118.2854, 34.0182199]]]}}, {"type": "Feature", "properties": {"bin": 611, "start_m": 15275, "end_m": 15300, "median_score": 0.9, "hot_fraction": 0.0, "recordings": 1, "rides_rough": 0, "rides_covering": 1}, "geometry": {"type": "Polygon", "coordinates": [[[-118.285671, 34.0182199], [-118.2857066, 34.0182199], [-118.2859416, 34.0182179], [-118.2859424, 34.0182901], [-118.2857074, 34.0182921], [-118.285671, 34.0182921], [-118.285671, 34.0182199]]]}}, {"type": "Feature", "properties": {"bin": 612, "start_m": 15300, "end_m": 15325, "median_score": 0.96, "hot_fraction": 0.0, "recordings": 1, "rides_rough": 0, "rides_covering": 1}, "geometry": {"type": "Polygon", "coordinates": [[[-118.2859418, 34.0182179], [-118.2862118, 34.0182169], [-118.2862122, 34.0182891], [-118.2859422, 34.0182901], [-118.2859418, 34.0182179]]]}}, {"type": "Feature", "properties": {"bin": 613, "start_m": 15325, "end_m": 15350, "median_score": 0.97, "hot_fraction": 0.0, "recordings": 2, "rides_rough": 0, "rides_covering": 2}, "geometry": {"type": "Polygon", "coordinates": [[[-118.2862116, 34.0182169], [-118.2864726, 34.0182149], [-118.286483, 34.0182149], [-118.286483, 34.0182871], [-118.2864734, 34.0182871], [-118.2862124, 34.0182891], [-118.2862116, 34.0182169]]]}}, {"type": "Feature", "properties": {"bin": 614, "start_m": 15350, "end_m": 15375, "median_score": 1.0, "hot_fraction": 0.0, "recordings": 3, "rides_rough": 0, "rides_covering": 2}, "geometry": {"type": "Polygon", "coordinates": [[[-118.2864832, 34.0182149], [-118.2867542, 34.0182159], [-118.2867538, 34.0182881], [-118.2864828, 34.0182871], [-118.2864832, 34.0182149]]]}}, {"type": "Feature", "properties": {"bin": 615, "start_m": 15375, "end_m": 15400, "median_score": 1.22, "hot_fraction": 0.33, "recordings": 3, "rides_rough": 1, "rides_covering": 2}, "geometry": {"type": "Polygon", "coordinates": [[[-118.2867542, 34.0182159], [-118.2870252, 34.0182169], [-118.2870248, 34.0182891], [-118.2867538, 34.0182881], [-118.2867542, 34.0182159]]]}}, {"type": "Feature", "properties": {"bin": 616, "start_m": 15400, "end_m": 15425, "median_score": 1.73, "hot_fraction": 0.0, "recordings": 3, "rides_rough": 0, "rides_covering": 2}, "geometry": {"type": "Polygon", "coordinates": [[[-118.287025, 34.0182169], [-118.2871872, 34.0182169], [-118.2872965, 34.0182179], [-118.2872955, 34.0182901], [-118.2871868, 34.0182891], [-118.287025, 34.0182891], [-118.287025, 34.0182169]]]}}, {"type": "Feature", "properties": {"bin": 617, "start_m": 15425, "end_m": 15450, "median_score": 1.96, "hot_fraction": 0.6, "recordings": 5, "rides_rough": 2, "rides_covering": 4}, "geometry": {"type": "Polygon", "coordinates": [[[-118.2872962, 34.0182179], [-118.2875672, 34.0182189], [-118.2875668, 34.0182911], [-118.2872958, 34.0182901], [-118.2872962, 34.0182179]]]}}, {"type": "Feature", "properties": {"bin": 618, "start_m": 15450, "end_m": 15475, "median_score": 1.38, "hot_fraction": 0.25, "recordings": 4, "rides_rough": 1, "rides_covering": 3}, "geometry": {"type": "Polygon", "coordinates": [[[-118.2875674, 34.0182189], [-118.2878384, 34.0182209], [-118.2878376, 34.0182931], [-118.2875666, 34.0182911], [-118.2875674, 34.0182189]]]}}, {"type": "Feature", "properties": {"bin": 619, "start_m": 15475, "end_m": 15500, "median_score": 1.08, "hot_fraction": 0.0, "recordings": 3, "rides_rough": 0, "rides_covering": 3}, "geometry": {"type": "Polygon", "coordinates": [[[-118.287838, 34.0182209], [-118.2878742, 34.0182209], [-118.2881092, 34.0182219], [-118.2881088, 34.0182941], [-118.2878738, 34.0182931], [-118.287838, 34.0182931], [-118.287838, 34.0182209]]]}}, {"type": "Feature", "properties": {"bin": 620, "start_m": 15500, "end_m": 15525, "median_score": 2.03, "hot_fraction": 0.83, "recordings": 6, "rides_rough": 3, "rides_covering": 4}, "geometry": {"type": "Polygon", "coordinates": [[[-118.2881092, 34.0182219], [-118.2883802, 34.0182229], [-118.2883798, 34.0182951], [-118.2881088, 34.0182941], [-118.2881092, 34.0182219]]]}}, {"type": "Feature", "properties": {"bin": 621, "start_m": 15525, "end_m": 15550, "median_score": 1.9, "hot_fraction": 0.5, "recordings": 6, "rides_rough": 2, "rides_covering": 4}, "geometry": {"type": "Polygon", "coordinates": [[[-118.2883802, 34.0182229], [-118.2886512, 34.0182239], [-118.2886508, 34.0182961], [-118.2883798, 34.0182951], [-118.2883802, 34.0182229]]]}}, {"type": "Feature", "properties": {"bin": 622, "start_m": 15550, "end_m": 15575, "median_score": 2.38, "hot_fraction": 0.8, "recordings": 5, "rides_rough": 3, "rides_covering": 3}, "geometry": {"type": "Polygon", "coordinates": [[[-118.288651, 34.0182239], [-118.288668, 34.0182239], [-118.288922, 34.0182239], [-118.288922, 34.0182961], [-118.288668, 34.0182961], [-118.288651, 34.0182961], [-118.288651, 34.0182239]]]}}, {"type": "Feature", "properties": {"bin": 623, "start_m": 15575, "end_m": 15600, "median_score": 1.37, "hot_fraction": 0.2, "recordings": 5, "rides_rough": 1, "rides_covering": 4}, "geometry": {"type": "Polygon", "coordinates": [[[-118.2889222, 34.0182239], [-118.2891932, 34.0182249], [-118.2891928, 34.0182971], [-118.2889218, 34.0182961], [-118.2889222, 34.0182239]]]}}, {"type": "Feature", "properties": {"bin": 624, "start_m": 15600, "end_m": 15625, "median_score": 1.17, "hot_fraction": 0.25, "recordings": 4, "rides_rough": 1, "rides_covering": 2}, "geometry": {"type": "Polygon", "coordinates": [[[-118.289193, 34.0182249], [-118.28927, 34.0182249], [-118.289464, 34.0182249], [-118.289464, 34.0182971], [-118.28927, 34.0182971], [-118.289193, 34.0182971], [-118.289193, 34.0182249]]]}}, {"type": "Feature", "properties": {"bin": 625, "start_m": 15625, "end_m": 15650, "median_score": 1.05, "hot_fraction": 0.0, "recordings": 2, "rides_rough": 0, "rides_covering": 2}, "geometry": {"type": "Polygon", "coordinates": [[[-118.2894638, 34.0182249], [-118.2897348, 34.0182239], [-118.2897352, 34.0182961], [-118.2894642, 34.0182971], [-118.2894638, 34.0182249]]]}}, {"type": "Feature", "properties": {"bin": 626, "start_m": 15650, "end_m": 15675, "median_score": 1.59, "hot_fraction": 0.5, "recordings": 2, "rides_rough": 1, "rides_covering": 2}, "geometry": {"type": "Polygon", "coordinates": [[[-118.289735, 34.0182239], [-118.290006, 34.0182239], [-118.290006, 34.0182961], [-118.289735, 34.0182961], [-118.289735, 34.0182239]]]}}, {"type": "Feature", "properties": {"bin": 627, "start_m": 15675, "end_m": 15700, "median_score": 1.03, "hot_fraction": 0.0, "recordings": 1, "rides_rough": 0, "rides_covering": 1}, "geometry": {"type": "Polygon", "coordinates": [[[-118.290006, 34.0182239], [-118.290126, 34.0182239], [-118.290277, 34.0182239], [-118.290277, 34.0182961], [-118.290126, 34.0182961], [-118.290006, 34.0182961], [-118.290006, 34.0182239]]]}}, {"type": "Feature", "properties": {"bin": 628, "start_m": 15700, "end_m": 15725, "median_score": 1.35, "hot_fraction": 0.0, "recordings": 1, "rides_rough": 0, "rides_covering": 1}, "geometry": {"type": "Polygon", "coordinates": [[[-118.2902772, 34.0182239], [-118.2905482, 34.0182249], [-118.2905478, 34.0182971], [-118.2902768, 34.0182961], [-118.2902772, 34.0182239]]]}}, {"type": "Feature", "properties": {"bin": 629, "start_m": 15725, "end_m": 15750, "median_score": 0.57, "hot_fraction": 0.0, "recordings": 1, "rides_rough": 0, "rides_covering": 1}, "geometry": {"type": "Polygon", "coordinates": [[[-118.2905482, 34.0182249], [-118.2908192, 34.0182259], [-118.2908188, 34.0182981], [-118.2905478, 34.0182971], [-118.2905482, 34.0182249]]]}}, {"type": "Feature", "properties": {"bin": 631, "start_m": 15775, "end_m": 15800, "median_score": 0.86, "hot_fraction": 0.0, "recordings": 1, "rides_rough": 0, "rides_covering": 1}, "geometry": {"type": "Polygon", "coordinates": [[[-118.2910906, 34.018228], [-118.2913616, 34.018231], [-118.2913604, 34.018303], [-118.2910894, 34.0183], [-118.2910906, 34.018228]]]}}, {"type": "Feature", "properties": {"bin": 632, "start_m": 15800, "end_m": 15825, "median_score": 0.77, "hot_fraction": 0.0, "recordings": 3, "rides_rough": 0, "rides_covering": 3}, "geometry": {"type": "Polygon", "coordinates": [[[-118.2913616, 34.018231], [-118.2915444, 34.0182329], [-118.291632, 34.0182329], [-118.291632, 34.0183051], [-118.2915436, 34.0183051], [-118.2913604, 34.018303], [-118.2913616, 34.018231]]]}}, {"type": "Feature", "properties": {"bin": 633, "start_m": 15825, "end_m": 15850, "median_score": 0.75, "hot_fraction": 0.0, "recordings": 5, "rides_rough": 0, "rides_covering": 3}, "geometry": {"type": "Polygon", "coordinates": [[[-118.2916322, 34.0182329], [-118.2919032, 34.0182339], [-118.2919028, 34.0183061], [-118.2916318, 34.0183051], [-118.2916322, 34.0182329]]]}}, {"type": "Feature", "properties": {"bin": 634, "start_m": 15850, "end_m": 15875, "median_score": 0.65, "hot_fraction": 0.0, "recordings": 5, "rides_rough": 0, "rides_covering": 4}, "geometry": {"type": "Polygon", "coordinates": [[[-118.2919034, 34.0182339], [-118.2921744, 34.0182359], [-118.2921736, 34.0183081], [-118.2919026, 34.0183061], [-118.2919034, 34.0182339]]]}}, {"type": "Feature", "properties": {"bin": 635, "start_m": 15875, "end_m": 15900, "median_score": 1.14, "hot_fraction": 0.2, "recordings": 5, "rides_rough": 1, "rides_covering": 3}, "geometry": {"type": "Polygon", "coordinates": [[[-118.2921742, 34.0182359], [-118.2924452, 34.0182369], [-118.2924448, 34.0183091], [-118.2921738, 34.0183081], [-118.2921742, 34.0182359]]]}}, {"type": "Feature", "properties": {"bin": 636, "start_m": 15900, "end_m": 15925, "median_score": 1.1, "hot_fraction": 0.33, "recordings": 3, "rides_rough": 1, "rides_covering": 1}, "geometry": {"type": "Polygon", "coordinates": [[[-118.292445, 34.0182369], [-118.2925202, 34.0182369], [-118.2927163, 34.0182379], [-118.2927157, 34.0183101], [-118.2925198, 34.0183091], [-118.292445, 34.0183091], [-118.292445, 34.0182369]]]}}, {"type": "Feature", "properties": {"bin": 637, "start_m": 15925, "end_m": 15950, "median_score": 0.71, "hot_fraction": 0.0, "recordings": 3, "rides_rough": 0, "rides_covering": 2}, "geometry": {"type": "Polygon", "coordinates": [[[-118.2927162, 34.0182379], [-118.2929872, 34.0182389], [-118.2929868, 34.0183111], [-118.2927158, 34.0183101], [-118.2927162, 34.0182379]]]}}, {"type": "Feature", "properties": {"bin": 638, "start_m": 15950, "end_m": 15975, "median_score": 1.13, "hot_fraction": 0.0, "recordings": 1, "rides_rough": 0, "rides_covering": 1}, "geometry": {"type": "Polygon", "coordinates": [[[-118.292987, 34.0182389], [-118.2931102, 34.0182389], [-118.2932584, 34.0182399], [-118.2932576, 34.0183121], [-118.2931098, 34.0183111], [-118.292987, 34.0183111], [-118.292987, 34.0182389]]]}}, {"type": "Feature", "properties": {"bin": 639, "start_m": 15975, "end_m": 16000, "median_score": 1.29, "hot_fraction": 0.0, "recordings": 1, "rides_rough": 0, "rides_covering": 1}, "geometry": {"type": "Polygon", "coordinates": [[[-118.2932586, 34.01824], [-118.2935296, 34.018243], [-118.2935284, 34.018315], [-118.2932574, 34.018312], [-118.2932586, 34.01824]]]}}, {"type": "Feature", "properties": {"bin": 640, "start_m": 16000, "end_m": 16025, "median_score": 1.23, "hot_fraction": 0.0, "recordings": 2, "rides_rough": 0, "rides_covering": 2}, "geometry": {"type": "Polygon", "coordinates": [[[-118.2935295, 34.0182429], [-118.2937566, 34.018245], [-118.2938012, 34.018246], [-118.2937988, 34.018318], [-118.2937554, 34.018317], [-118.2935285, 34.0183151], [-118.2935295, 34.0182429]]]}}, {"type": "Feature", "properties": {"bin": 641, "start_m": 16025, "end_m": 16050, "median_score": 1.35, "hot_fraction": 0.0, "recordings": 3, "rides_rough": 0, "rides_covering": 2}, "geometry": {"type": "Polygon", "coordinates": [[[-118.2938014, 34.018246], [-118.2939825, 34.018251], [-118.2940116, 34.018252], [-118.294071, 34.0182519], [-118.294071, 34.0183241], [-118.2940104, 34.018324], [-118.2939795, 34.018323], [-118.2937986, 34.018318], [-118.2938014, 34.018246]]]}}, {"type": "Feature", "properties": {"bin": 642, "start_m": 16050, "end_m": 16075, "median_score": 1.64, "hot_fraction": 0.0, "recordings": 4, "rides_rough": 0, "rides_covering": 3}, "geometry": {"type": "Polygon", "coordinates": [[[-118.294071, 34.0182519], [-118.294342, 34.0182519], [-118.294342, 34.0183241], [-118.294071, 34.0183241], [-118.294071, 34.0182519]]]}}, {"type": "Feature", "properties": {"bin": 643, "start_m": 16075, "end_m": 16100, "median_score": 1.83, "hot_fraction": 0.5, "recordings": 4, "rides_rough": 2, "rides_covering": 3}, "geometry": {"type": "Polygon", "coordinates": [[[-118.2943422, 34.0182519], [-118.2946132, 34.0182529], [-118.2946128, 34.0183251], [-118.2943418, 34.0183241], [-118.2943422, 34.0182519]]]}}, {"type": "Feature", "properties": {"bin": 644, "start_m": 16100, "end_m": 16125, "median_score": 1.92, "hot_fraction": 0.62, "recordings": 8, "rides_rough": 4, "rides_covering": 5}, "geometry": {"type": "Polygon", "coordinates": [[[-118.294613, 34.0182529], [-118.294884, 34.0182529], [-118.294884, 34.0183251], [-118.294613, 34.0183251], [-118.294613, 34.0182529]]]}}, {"type": "Feature", "properties": {"bin": 645, "start_m": 16125, "end_m": 16150, "median_score": 1.74, "hot_fraction": 0.57, "recordings": 7, "rides_rough": 3, "rides_covering": 5}, "geometry": {"type": "Polygon", "coordinates": [[[-118.294884, 34.0182529], [-118.2949192, 34.0182529], [-118.2951552, 34.0182539], [-118.2951548, 34.0183261], [-118.2949188, 34.0183251], [-118.294884, 34.0183251], [-118.294884, 34.0182529]]]}}, {"type": "Feature", "properties": {"bin": 646, "start_m": 16150, "end_m": 16175, "median_score": 1.36, "hot_fraction": 0.25, "recordings": 8, "rides_rough": 2, "rides_covering": 5}, "geometry": {"type": "Polygon", "coordinates": [[[-118.2951552, 34.0182539], [-118.2954262, 34.0182549], [-118.2954258, 34.0183271], [-118.2951548, 34.0183261], [-118.2951552, 34.0182539]]]}}, {"type": "Feature", "properties": {"bin": 647, "start_m": 16175, "end_m": 16200, "median_score": 1.44, "hot_fraction": 0.3, "recordings": 10, "rides_rough": 3, "rides_covering": 5}, "geometry": {"type": "Polygon", "coordinates": [[[-118.2954262, 34.0182549], [-118.2956672, 34.0182559], [-118.295697, 34.0182559], [-118.295697, 34.0183281], [-118.2956668, 34.0183281], [-118.2954258, 34.0183271], [-118.2954262, 34.0182549]]]}}, {"type": "Feature", "properties": {"bin": 648, "start_m": 16200, "end_m": 16225, "median_score": 1.96, "hot_fraction": 0.7, "recordings": 10, "rides_rough": 5, "rides_covering": 5}, "geometry": {"type": "Polygon", "coordinates": [[[-118.295697, 34.0182559], [-118.295968, 34.0182559], [-118.295968, 34.0183281], [-118.295697, 34.0183281], [-118.295697, 34.0182559]]]}}, {"type": "Feature", "properties": {"bin": 649, "start_m": 16225, "end_m": 16250, "median_score": 3.38, "hot_fraction": 1.0, "recordings": 10, "rides_rough": 5, "rides_covering": 5}, "geometry": {"type": "Polygon", "coordinates": [[[-118.295968, 34.0182559], [-118.296239, 34.0182559], [-118.296239, 34.0183281], [-118.295968, 34.0183281], [-118.295968, 34.0182559]]]}}, {"type": "Feature", "properties": {"bin": 650, "start_m": 16250, "end_m": 16275, "median_score": 1.5, "hot_fraction": 0.4, "recordings": 10, "rides_rough": 2, "rides_covering": 5}, "geometry": {"type": "Polygon", "coordinates": [[[-118.296239, 34.0182559], [-118.2963232, 34.0182559], [-118.2965103, 34.0182569], [-118.2965097, 34.0183291], [-118.2963228, 34.0183281], [-118.296239, 34.0183281], [-118.296239, 34.0182559]]]}}, {"type": "Feature", "properties": {"bin": 651, "start_m": 16275, "end_m": 16300, "median_score": 1.05, "hot_fraction": 0.0, "recordings": 9, "rides_rough": 0, "rides_covering": 5}, "geometry": {"type": "Polygon", "coordinates": [[[-118.2965102, 34.0182569], [-118.2967812, 34.0182579], [-118.2967808, 34.0183301], [-118.2965098, 34.0183291], [-118.2965102, 34.0182569]]]}}, {"type": "Feature", "properties": {"bin": 652, "start_m": 16300, "end_m": 16325, "median_score": 0.74, "hot_fraction": 0.0, "recordings": 10, "rides_rough": 0, "rides_covering": 5}, "geometry": {"type": "Polygon", "coordinates": [[[-118.2967812, 34.0182579], [-118.2970522, 34.0182589], [-118.2970518, 34.0183311], [-118.2967808, 34.0183301], [-118.2967812, 34.0182579]]]}}, {"type": "Feature", "properties": {"bin": 653, "start_m": 16325, "end_m": 16350, "median_score": 0.88, "hot_fraction": 0.0, "recordings": 10, "rides_rough": 0, "rides_covering": 5}, "geometry": {"type": "Polygon", "coordinates": [[[-118.297052, 34.0182589], [-118.297053, 34.0182589], [-118.297323, 34.0182589], [-118.297323, 34.0183311], [-118.297053, 34.0183311], [-118.297052, 34.0183311], [-118.297052, 34.0182589]]]}}, {"type": "Feature", "properties": {"bin": 654, "start_m": 16350, "end_m": 16375, "median_score": 1.3, "hot_fraction": 0.29, "recordings": 7, "rides_rough": 1, "rides_covering": 4}, "geometry": {"type": "Polygon", "coordinates": [[[-118.297323, 34.0182589], [-118.297594, 34.0182589], [-118.297594, 34.0183311], [-118.297323, 34.0183311], [-118.297323, 34.0182589]]]}}, {"type": "Feature", "properties": {"bin": 655, "start_m": 16375, "end_m": 16400, "median_score": 1.28, "hot_fraction": 0.33, "recordings": 6, "rides_rough": 1, "rides_covering": 3}, "geometry": {"type": "Polygon", "coordinates": [[[-118.297594, 34.0182589], [-118.297731, 34.0182589], [-118.297865, 34.0182589], [-118.297865, 34.0183311], [-118.297731, 34.0183311], [-118.297594, 34.0183311], [-118.297594, 34.0182589]]]}}, {"type": "Feature", "properties": {"bin": 656, "start_m": 16400, "end_m": 16425, "median_score": 1.38, "hot_fraction": 0.33, "recordings": 9, "rides_rough": 2, "rides_covering": 4}, "geometry": {"type": "Polygon", "coordinates": [[[-118.297865, 34.0182589], [-118.298136, 34.0182589], [-118.298136, 34.0183311], [-118.297865, 34.0183311], [-118.297865, 34.0182589]]]}}, {"type": "Feature", "properties": {"bin": 657, "start_m": 16425, "end_m": 16450, "median_score": 1.57, "hot_fraction": 0.0, "recordings": 8, "rides_rough": 0, "rides_covering": 5}, "geometry": {"type": "Polygon", "coordinates": [[[-118.298136, 34.0182589], [-118.298407, 34.0182589], [-118.298407, 34.0183311], [-118.298136, 34.0183311], [-118.298136, 34.0182589]]]}}, {"type": "Feature", "properties": {"bin": 658, "start_m": 16450, "end_m": 16475, "median_score": 0.99, "hot_fraction": 0.0, "recordings": 8, "rides_rough": 0, "rides_covering": 5}, "geometry": {"type": "Polygon", "coordinates": [[[-118.298407, 34.0182589], [-118.2985322, 34.0182589], [-118.2986784, 34.0182599], [-118.2986776, 34.0183321], [-118.2985318, 34.0183311], [-118.298407, 34.0183311], [-118.298407, 34.0182589]]]}}, {"type": "Feature", "properties": {"bin": 659, "start_m": 16475, "end_m": 16500, "median_score": 0.92, "hot_fraction": 0.0, "recordings": 10, "rides_rough": 0, "rides_covering": 5}, "geometry": {"type": "Polygon", "coordinates": [[[-118.2986782, 34.0182599], [-118.2989482, 34.0182609], [-118.2989478, 34.0183331], [-118.2986778, 34.0183321], [-118.2986782, 34.0182599]]]}}, {"type": "Feature", "properties": {"bin": 660, "start_m": 16500, "end_m": 16525, "median_score": 1.14, "hot_fraction": 0.0, "recordings": 10, "rides_rough": 0, "rides_covering": 5}, "geometry": {"type": "Polygon", "coordinates": [[[-118.2989482, 34.0182609], [-118.2992192, 34.0182619], [-118.2992188, 34.0183341], [-118.2989478, 34.0183331], [-118.2989482, 34.0182609]]]}}, {"type": "Feature", "properties": {"bin": 661, "start_m": 16525, "end_m": 16550, "median_score": 1.63, "hot_fraction": 0.33, "recordings": 9, "rides_rough": 2, "rides_covering": 4}, "geometry": {"type": "Polygon", "coordinates": [[[-118.299219, 34.0182619], [-118.2992484, 34.0182619], [-118.2994904, 34.0182639], [-118.2994896, 34.0183361], [-118.2992476, 34.0183341], [-118.299219, 34.0183341], [-118.299219, 34.0182619]]]}}, {"type": "Feature", "properties": {"bin": 662, "start_m": 16550, "end_m": 16575, "median_score": 1.16, "hot_fraction": 0.0, "recordings": 9, "rides_rough": 0, "rides_covering": 4}, "geometry": {"type": "Polygon", "coordinates": [[[-118.2994904, 34.0182639], [-118.2997614, 34.0182659], [-118.2997606, 34.0183381], [-118.2994896, 34.0183361], [-118.2994904, 34.0182639]]]}}, {"type": "Feature", "properties": {"bin": 663, "start_m": 16575, "end_m": 16600, "median_score": 1.45, "hot_fraction": 0.11, "recordings": 9, "rides_rough": 1, "rides_covering": 4}, "geometry": {"type": "Polygon", "coordinates": [[[-118.2997614, 34.0182659], [-118.3000324, 34.0182679], [-118.3000316, 34.0183401], [-118.2997606, 34.0183381], [-118.2997614, 34.0182659]]]}}, {"type": "Feature", "properties": {"bin": 664, "start_m": 16600, "end_m": 16625, "median_score": 1.02, "hot_fraction": 0.0, "recordings": 8, "rides_rough": 0, "rides_covering": 3}, "geometry": {"type": "Polygon", "coordinates": [[[-118.300032, 34.0182679], [-118.300071, 34.0182679], [-118.300303, 34.0182679], [-118.300303, 34.0183401], [-118.300071, 34.0183401], [-118.300032, 34.0183401], [-118.300032, 34.0182679]]]}}, {"type": "Feature", "properties": {"bin": 665, "start_m": 16625, "end_m": 16650, "median_score": 1.05, "hot_fraction": 0.12, "recordings": 8, "rides_rough": 1, "rides_covering": 3}, "geometry": {"type": "Polygon", "coordinates": [[[-118.3003028, 34.0182679], [-118.3005738, 34.0182669], [-118.3005742, 34.0183391], [-118.3003032, 34.0183401], [-118.3003028, 34.0182679]]]}}, {"type": "Feature", "properties": {"bin": 666, "start_m": 16650, "end_m": 16675, "median_score": 2.06, "hot_fraction": 0.75, "recordings": 8, "rides_rough": 2, "rides_covering": 3}, "geometry": {"type": "Polygon", "coordinates": [[[-118.300574, 34.0182669], [-118.300834, 34.0182669], [-118.300845, 34.0182669], [-118.300845, 34.0183391], [-118.300834, 34.0183391], [-118.300574, 34.0183391], [-118.300574, 34.0182669]]]}}, {"type": "Feature", "properties": {"bin": 667, "start_m": 16675, "end_m": 16700, "median_score": 2.0, "hot_fraction": 0.62, "recordings": 8, "rides_rough": 2, "rides_covering": 3}, "geometry": {"type": "Polygon", "coordinates": [[[-118.3008452, 34.0182669], [-118.3011162, 34.0182679], [-118.3011158, 34.0183401], [-118.3008448, 34.0183391], [-118.3008452, 34.0182669]]]}}, {"type": "Feature", "properties": {"bin": 668, "start_m": 16700, "end_m": 16725, "median_score": 1.07, "hot_fraction": 0.0, "recordings": 8, "rides_rough": 0, "rides_covering": 3}, "geometry": {"type": "Polygon", "coordinates": [[[-118.3011162, 34.0182679], [-118.3013872, 34.0182689], [-118.3013868, 34.0183411], [-118.3011158, 34.0183401], [-118.3011162, 34.0182679]]]}}, {"type": "Feature", "properties": {"bin": 669, "start_m": 16725, "end_m": 16750, "median_score": 0.94, "hot_fraction": 0.0, "recordings": 7, "rides_rough": 0, "rides_covering": 4}, "geometry": {"type": "Polygon", "coordinates": [[[-118.301387, 34.0182689], [-118.301504, 34.0182689], [-118.301658, 34.0182689], [-118.301658, 34.0183411], [-118.301504, 34.0183411], [-118.301387, 34.0183411], [-118.301387, 34.0182689]]]}}, {"type": "Feature", "properties": {"bin": 670, "start_m": 16750, "end_m": 16775, "median_score": 0.72, "hot_fraction": 0.0, "recordings": 6, "rides_rough": 0, "rides_covering": 3}, "geometry": {"type": "Polygon", "coordinates": [[[-118.3016578, 34.0182689], [-118.3019288, 34.0182679], [-118.3019292, 34.0183401], [-118.3016582, 34.0183411], [-118.3016578, 34.0182689]]]}}, {"type": "Feature", "properties": {"bin": 671, "start_m": 16775, "end_m": 16800, "median_score": 1.21, "hot_fraction": 0.0, "recordings": 6, "rides_rough": 0, "rides_covering": 3}, "geometry": {"type": "Polygon", "coordinates": [[[-118.3019288, 34.0182679], [-118.3021998, 34.0182669], [-118.3022002, 34.0183391], [-118.3019292, 34.0183401], [-118.3019288, 34.0182679]]]}}, {"type": "Feature", "properties": {"bin": 672, "start_m": 16800, "end_m": 16825, "median_score": 1.49, "hot_fraction": 0.0, "recordings": 5, "rides_rough": 0, "rides_covering": 2}, "geometry": {"type": "Polygon", "coordinates": [[[-118.3022, 34.0182669], [-118.302351, 34.0182669], [-118.302471, 34.0182669], [-118.302471, 34.0183391], [-118.302351, 34.0183391], [-118.3022, 34.0183391], [-118.3022, 34.0182669]]]}}, {"type": "Feature", "properties": {"bin": 673, "start_m": 16825, "end_m": 16850, "median_score": 1.9, "hot_fraction": 0.75, "recordings": 8, "rides_rough": 3, "rides_covering": 5}, "geometry": {"type": "Polygon", "coordinates": [[[-118.3024712, 34.0182669], [-118.3027422, 34.0182679], [-118.3027418, 34.0183401], [-118.3024708, 34.0183391], [-118.3024712, 34.0182669]]]}}, {"type": "Feature", "properties": {"bin": 674, "start_m": 16850, "end_m": 16875, "median_score": 2.28, "hot_fraction": 0.83, "recordings": 6, "rides_rough": 2, "rides_covering": 3}, "geometry": {"type": "Polygon", "coordinates": [[[-118.3027423, 34.0182679], [-118.3029122, 34.0182689], [-118.303013, 34.0182689], [-118.303013, 34.0183411], [-118.3029118, 34.0183411], [-118.3027417, 34.0183401], [-118.3027423, 34.0182679]]]}}, {"type": "Feature", "properties": {"bin": 675, "start_m": 16875, "end_m": 16900, "median_score": 1.27, "hot_fraction": 0.33, "recordings": 9, "rides_rough": 2, "rides_covering": 5}, "geometry": {"type": "Polygon", "coordinates": [[[-118.303013, 34.0182689], [-118.303284, 34.0182689], [-118.303284, 34.0183411], [-118.303013, 34.0183411], [-118.303013, 34.0182689]]]}}, {"type": "Feature", "properties": {"bin": 676, "start_m": 16900, "end_m": 16925, "median_score": 1.44, "hot_fraction": 0.38, "recordings": 8, "rides_rough": 2, "rides_covering": 5}, "geometry": {"type": "Polygon", "coordinates": [[[-118.303284, 34.0182689], [-118.303555, 34.0182689], [-118.303555, 34.0183411], [-118.303284, 34.0183411], [-118.303284, 34.0182689]]]}}, {"type": "Feature", "properties": {"bin": 677, "start_m": 16925, "end_m": 16950, "median_score": 1.28, "hot_fraction": 0.14, "recordings": 7, "rides_rough": 1, "rides_covering": 4}, "geometry": {"type": "Polygon", "coordinates": [[[-118.3035552, 34.0182689], [-118.3038262, 34.0182699], [-118.3038258, 34.0183421], [-118.3035548, 34.0183411], [-118.3035552, 34.0182689]]]}}, {"type": "Feature", "properties": {"bin": 678, "start_m": 16950, "end_m": 16975, "median_score": 0.92, "hot_fraction": 0.0, "recordings": 6, "rides_rough": 0, "rides_covering": 3}, "geometry": {"type": "Polygon", "coordinates": [[[-118.303826, 34.0182699], [-118.304097, 34.0182699], [-118.304097, 34.0183421], [-118.303826, 34.0183421], [-118.303826, 34.0182699]]]}}, {"type": "Feature", "properties": {"bin": 679, "start_m": 16975, "end_m": 17000, "median_score": 1.5, "hot_fraction": 0.12, "recordings": 8, "rides_rough": 1, "rides_covering": 4}, "geometry": {"type": "Polygon", "coordinates": [[[-118.304097, 34.0182699], [-118.304368, 34.0182699], [-118.304368, 34.0183421], [-118.304097, 34.0183421], [-118.304097, 34.0182699]]]}}, {"type": "Feature", "properties": {"bin": 680, "start_m": 17000, "end_m": 17025, "median_score": 1.43, "hot_fraction": 0.38, "recordings": 8, "rides_rough": 1, "rides_covering": 4}, "geometry": {"type": "Polygon", "coordinates": [[[-118.304368, 34.0182699], [-118.3045332, 34.0182699], [-118.3046395, 34.018271], [-118.3046385, 34.018343], [-118.3045328, 34.0183421], [-118.304368, 34.0183421], [-118.304368, 34.0182699]]]}}, {"type": "Feature", "properties": {"bin": 681, "start_m": 17025, "end_m": 17050, "median_score": 1.45, "hot_fraction": 0.14, "recordings": 7, "rides_rough": 1, "rides_covering": 4}, "geometry": {"type": "Polygon", "coordinates": [[[-118.3046396, 34.018271], [-118.3049106, 34.018274], [-118.3049094, 34.018346], [-118.3046384, 34.018343], [-118.3046396, 34.018271]]]}}, {"type": "Feature", "properties": {"bin": 682, "start_m": 17050, "end_m": 17075, "median_score": 1.09, "hot_fraction": 0.12, "recordings": 8, "rides_rough": 1, "rides_covering": 4}, "geometry": {"type": "Polygon", "coordinates": [[[-118.3049104, 34.0182739], [-118.3051814, 34.0182759], [-118.3051806, 34.0183481], [-118.3049096, 34.0183461], [-118.3049104, 34.0182739]]]}}, {"type": "Feature", "properties": {"bin": 683, "start_m": 17075, "end_m": 17100, "median_score": 0.93, "hot_fraction": 0.12, "recordings": 8, "rides_rough": 1, "rides_covering": 4}, "geometry": {"type": "Polygon", "coordinates": [[[-118.3051816, 34.018276], [-118.3054526, 34.018279], [-118.3054514, 34.018351], [-118.3051804, 34.018348], [-118.3051816, 34.018276]]]}}, {"type": "Feature", "properties": {"bin": 684, "start_m": 17100, "end_m": 17125, "median_score": 1.03, "hot_fraction": 0.12, "recordings": 8, "rides_rough": 1, "rides_covering": 4}, "geometry": {"type": "Polygon", "coordinates": [[[-118.3054525, 34.018279], [-118.3055514, 34.0182799], [-118.3057233, 34.0182809], [-118.3057227, 34.0183531], [-118.3055506, 34.0183521], [-118.3054515, 34.018351], [-118.3054525, 34.018279]]]}}, {"type": "Feature", "properties": {"bin": 685, "start_m": 17125, "end_m": 17150, "median_score": 0.96, "hot_fraction": 0.1, "recordings": 10, "rides_rough": 1, "rides_covering": 5}, "geometry": {"type": "Polygon", "coordinates": [[[-118.3057234, 34.0182809], [-118.3059944, 34.0182829], [-118.3059936, 34.0183551], [-118.3057226, 34.0183531], [-118.3057234, 34.0182809]]]}}, {"type": "Feature", "properties": {"bin": 686, "start_m": 17150, "end_m": 17175, "median_score": 1.12, "hot_fraction": 0.09, "recordings": 11, "rides_rough": 1, "rides_covering": 5}, "geometry": {"type": "Polygon", "coordinates": [[[-118.3059944, 34.0182829], [-118.3062654, 34.0182849], [-118.3062646, 34.0183571], [-118.3059936, 34.0183551], [-118.3059944, 34.0182829]]]}}, {"type": "Feature", "properties": {"bin": 687, "start_m": 17175, "end_m": 17200, "median_score": 0.81, "hot_fraction": 0.25, "recordings": 8, "rides_rough": 1, "rides_covering": 3}, "geometry": {"type": "Polygon", "coordinates": [[[-118.3062652, 34.0182849], [-118.3064804, 34.0182859], [-118.3065369, 34.018287], [-118.3065351, 34.018359], [-118.3064796, 34.0183581], [-118.3062648, 34.0183571], [-118.3062652, 34.0182849]]]}}, {"type": "Feature", "properties": {"bin": 688, "start_m": 17200, "end_m": 17225, "median_score": 2.9, "hot_fraction": 1.0, "recordings": 7, "rides_rough": 3, "rides_covering": 3}, "geometry": {"type": "Polygon", "coordinates": [[[-118.3065364, 34.0182869], [-118.3068074, 34.0182889], [-118.3068066, 34.0183611], [-118.3065356, 34.0183591], [-118.3065364, 34.0182869]]]}}, {"type": "Feature", "properties": {"bin": 689, "start_m": 17225, "end_m": 17250, "median_score": 1.7, "hot_fraction": 0.4, "recordings": 5, "rides_rough": 2, "rides_covering": 3}, "geometry": {"type": "Polygon", "coordinates": [[[-118.3068076, 34.018289], [-118.3070786, 34.018292], [-118.3070774, 34.018364], [-118.3068064, 34.018361], [-118.3068076, 34.018289]]]}}, {"type": "Feature", "properties": {"bin": 690, "start_m": 17250, "end_m": 17275, "median_score": 1.58, "hot_fraction": 0.33, "recordings": 3, "rides_rough": 1, "rides_covering": 2}, "geometry": {"type": "Polygon", "coordinates": [[[-118.3070786, 34.018292], [-118.3072666, 34.018294], [-118.3073496, 34.018295], [-118.3073484, 34.018367], [-118.3072654, 34.018366], [-118.3070774, 34.018364], [-118.3070786, 34.018292]]]}}, {"type": "Feature", "properties": {"bin": 691, "start_m": 17275, "end_m": 17300, "median_score": 1.96, "hot_fraction": 0.67, "recordings": 3, "rides_rough": 1, "rides_covering": 2}, "geometry": {"type": "Polygon", "coordinates": [[[-118.3073494, 34.0182949], [-118.3076204, 34.0182969], [-118.3076196, 34.0183691], [-118.3073486, 34.0183671], [-118.3073494, 34.0182949]]]}}, {"type": "Feature", "properties": {"bin": 692, "start_m": 17300, "end_m": 17325, "median_score": 0.63, "hot_fraction": 0.0, "recordings": 3, "rides_rough": 0, "rides_covering": 1}, "geometry": {"type": "Polygon", "coordinates": [[[-118.3076204, 34.0182969], [-118.3078914, 34.0182989], [-118.3078906, 34.0183711], [-118.3076196, 34.0183691], [-118.3076204, 34.0182969]]]}}, {"type": "Feature", "properties": {"bin": 693, "start_m": 17325, "end_m": 17350, "median_score": 0.55, "hot_fraction": 0.0, "recordings": 3, "rides_rough": 0, "rides_covering": 2}, "geometry": {"type": "Polygon", "coordinates": [[[-118.307891, 34.0182989], [-118.3079106, 34.018299], [-118.3081626, 34.018302], [-118.3081614, 34.018374], [-118.3079094, 34.018371], [-118.307891, 34.0183711], [-118.307891, 34.0182989]]]}}, {"type": "Feature", "properties": {"bin": 694, "start_m": 17350, "end_m": 17375, "median_score": 0.73, "hot_fraction": 0.0, "recordings": 1, "rides_rough": 0, "rides_covering": 1}, "geometry": {"type": "Polygon", "coordinates": [[[-118.3081626, 34.018302], [-118.3084336, 34.018305], [-118.3084324, 34.018377], [-118.3081614, 34.018374], [-118.3081626, 34.018302]]]}}, {"type": "Feature", "properties": {"bin": 695, "start_m": 17375, "end_m": 17400, "median_score": 1.08, "hot_fraction": 0.0, "recordings": 1, "rides_rough": 0, "rides_covering": 1}, "geometry": {"type": "Polygon", "coordinates": [[[-118.3084336, 34.018305], [-118.3087046, 34.018308], [-118.3087034, 34.01838], [-118.3084324, 34.018377], [-118.3084336, 34.018305]]]}}, {"type": "Feature", "properties": {"bin": 696, "start_m": 17400, "end_m": 17425, "median_score": 1.56, "hot_fraction": 0.0, "recordings": 2, "rides_rough": 0, "rides_covering": 1}, "geometry": {"type": "Polygon", "coordinates": [[[-118.3087045, 34.018308], [-118.3089144, 34.0183099], [-118.308975, 34.0183099], [-118.308975, 34.0183821], [-118.3089136, 34.0183821], [-118.3087035, 34.01838], [-118.3087045, 34.018308]]]}}, {"type": "Feature", "properties": {"bin": 697, "start_m": 17425, "end_m": 17450, "median_score": 1.87, "hot_fraction": 0.5, "recordings": 2, "rides_rough": 1, "rides_covering": 1}, "geometry": {"type": "Polygon", "coordinates": [[[-118.3089754, 34.0183099], [-118.3092464, 34.0183119], [-118.3092456, 34.0183841], [-118.3089746, 34.0183821], [-118.3089754, 34.0183099]]]}}, {"type": "Feature", "properties": {"bin": 698, "start_m": 17450, "end_m": 17475, "median_score": 3.38, "hot_fraction": 0.67, "recordings": 3, "rides_rough": 1, "rides_covering": 2}, "geometry": {"type": "Polygon", "coordinates": [[[-118.3092462, 34.0183119], [-118.3095172, 34.0183129], [-118.3095168, 34.0183851], [-118.3092458, 34.0183841], [-118.3092462, 34.0183119]]]}}, {"type": "Feature", "properties": {"bin": 699, "start_m": 17475, "end_m": 17500, "median_score": 1.15, "hot_fraction": 0.0, "recordings": 6, "rides_rough": 0, "rides_covering": 3}, "geometry": {"type": "Polygon", "coordinates": [[[-118.3095174, 34.0183129], [-118.3097884, 34.0183149], [-118.3097876, 34.0183871], [-118.3095166, 34.0183851], [-118.3095174, 34.0183129]]]}}, {"type": "Feature", "properties": {"bin": 700, "start_m": 17500, "end_m": 17525, "median_score": 1.11, "hot_fraction": 0.0, "recordings": 7, "rides_rough": 0, "rides_covering": 3}, "geometry": {"type": "Polygon", "coordinates": [[[-118.3097883, 34.0183149], [-118.3099486, 34.018316], [-118.3100599, 34.018318], [-118.3100581, 34.01839], [-118.3099474, 34.018388], [-118.3097877, 34.0183871], [-118.3097883, 34.0183149]]]}}, {"type": "Feature", "properties": {"bin": 701, "start_m": 17525, "end_m": 17550, "median_score": 0.81, "hot_fraction": 0.0, "recordings": 4, "rides_rough": 0, "rides_covering": 3}, "geometry": {"type": "Polygon", "coordinates": [[[-118.3100602, 34.018318], [-118.3103302, 34.018324], [-118.3103278, 34.018396], [-118.3100578, 34.01839], [-118.3100602, 34.018318]]]}}, {"type": "Feature", "properties": {"bin": 702, "start_m": 17550, "end_m": 17575, "median_score": 0.8, "hot_fraction": 0.0, "recordings": 2, "rides_rough": 0, "rides_covering": 1}, "geometry": {"type": "Polygon", "coordinates": [[[-118.3103302, 34.018324], [-118.3106012, 34.01833], [-118.3105988, 34.018402], [-118.3103278, 34.018396], [-118.3103302, 34.018324]]]}}, {"type": "Feature", "properties": {"bin": 703, "start_m": 17575, "end_m": 17600, "median_score": 1.01, "hot_fraction": 0.0, "recordings": 2, "rides_rough": 0, "rides_covering": 1}, "geometry": {"type": "Polygon", "coordinates": [[[-118.3106012, 34.01833], [-118.3108192, 34.018335], [-118.310872, 34.018336], [-118.31087, 34.018408], [-118.3108168, 34.018407], [-118.3105988, 34.018402], [-118.3106012, 34.01833]]]}}, {"type": "Feature", "properties": {"bin": 704, "start_m": 17600, "end_m": 17625, "median_score": 0.7, "hot_fraction": 0.0, "recordings": 2, "rides_rough": 0, "rides_covering": 1}, "geometry": {"type": "Polygon", "coordinates": [[[-118.3108722, 34.018336], [-118.3111432, 34.018342], [-118.3111408, 34.018414], [-118.3108698, 34.018408], [-118.3108722, 34.018336]]]}}, {"type": "Feature", "properties": {"bin": 705, "start_m": 17625, "end_m": 17650, "median_score": 0.7, "hot_fraction": 0.0, "recordings": 4, "rides_rough": 0, "rides_covering": 2}, "geometry": {"type": "Polygon", "coordinates": [[[-118.3111432, 34.018342], [-118.3114142, 34.018348], [-118.3114118, 34.01842], [-118.3111408, 34.018414], [-118.3111432, 34.018342]]]}}, {"type": "Feature", "properties": {"bin": 706, "start_m": 17650, "end_m": 17675, "median_score": 0.81, "hot_fraction": 0.0, "recordings": 6, "rides_rough": 0, "rides_covering": 4}, "geometry": {"type": "Polygon", "coordinates": [[[-118.3114141, 34.018348], [-118.311645, 34.018353], [-118.311684, 34.0183529], [-118.311684, 34.0184251], [-118.311643, 34.018425], [-118.3114119, 34.01842], [-118.3114141, 34.018348]]]}}, {"type": "Feature", "properties": {"bin": 707, "start_m": 17675, "end_m": 17700, "median_score": 0.98, "hot_fraction": 0.0, "recordings": 7, "rides_rough": 0, "rides_covering": 4}, "geometry": {"type": "Polygon", "coordinates": [[[-118.311684, 34.0183529], [-118.311955, 34.0183529], [-118.311955, 34.0184251], [-118.311684, 34.0184251], [-118.311684, 34.0183529]]]}}, {"type": "Feature", "properties": {"bin": 708, "start_m": 17700, "end_m": 17725, "median_score": 1.04, "hot_fraction": 0.0, "recordings": 8, "rides_rough": 0, "rides_covering": 4}, "geometry": {"type": "Polygon", "coordinates": [[[-118.3119548, 34.0183529], [-118.3122258, 34.0183519], [-118.3122262, 34.0184241], [-118.3119552, 34.0184251], [-118.3119548, 34.0183529]]]}}, {"type": "Feature", "properties": {"bin": 709, "start_m": 17725, "end_m": 17750, "median_score": 1.29, "hot_fraction": 0.11, "recordings": 9, "rides_rough": 1, "rides_covering": 4}, "geometry": {"type": "Polygon", "coordinates": [[[-118.312226, 34.0183519], [-118.31236, 34.0183519], [-118.312497, 34.0183519], [-118.312497, 34.0184241], [-118.31236, 34.0184241], [-118.312226, 34.0184241], [-118.312226, 34.0183519]]]}}, {"type": "Feature", "properties": {"bin": 710, "start_m": 17750, "end_m": 17775, "median_score": 1.29, "hot_fraction": 0.3, "recordings": 10, "rides_rough": 1, "rides_covering": 4}, "geometry": {"type": "Polygon", "coordinates": [[[-118.3124972, 34.0183519], [-118.3127682, 34.0183529], [-118.3127678, 34.0184251], [-118.3124968, 34.0184241], [-118.3124972, 34.0183519]]]}}, {"type": "Feature", "properties": {"bin": 711, "start_m": 17775, "end_m": 17800, "median_score": 1.44, "hot_fraction": 0.0, "recordings": 8, "rides_rough": 0, "rides_covering": 4}, "geometry": {"type": "Polygon", "coordinates": [[[-118.312768, 34.0183529], [-118.313039, 34.0183529], [-118.313039, 34.0184251], [-118.312768, 34.0184251], [-118.312768, 34.0183529]]]}}, {"type": "Feature", "properties": {"bin": 712, "start_m": 17800, "end_m": 17825, "median_score": 1.19, "hot_fraction": 0.0, "recordings": 7, "rides_rough": 0, "rides_covering": 3}, "geometry": {"type": "Polygon", "coordinates": [[[-118.313039, 34.0183529], [-118.3130858, 34.018353], [-118.3133109, 34.018357], [-118.3133091, 34.018429], [-118.3130842, 34.018425], [-118.313039, 34.0184251], [-118.313039, 34.0183529]]]}}, {"type": "Feature", "properties": {"bin": 713, "start_m": 17825, "end_m": 17850, "median_score": 1.11, "hot_fraction": 0.0, "recordings": 5, "rides_rough": 0, "rides_covering": 3}, "geometry": {"type": "Polygon", "coordinates": [[[-118.31331, 34.0183569], [-118.313342, 34.018357], [-118.3135821, 34.018362], [-118.3135799, 34.018434], [-118.31334, 34.018429], [-118.31331, 34.0184291], [-118.31331, 34.0183569]]]}}, {"type": "Feature", "properties": {"bin": 714, "start_m": 17850, "end_m": 17875, "median_score": 2.05, "hot_fraction": 0.67, "recordings": 3, "rides_rough": 1, "rides_covering": 2}, "geometry": {"type": "Polygon", "coordinates": [[[-118.313581, 34.0183619], [-118.313594, 34.018362], [-118.313853, 34.018367], [-118.313851, 34.018439], [-118.313592, 34.018434], [-118.313581, 34.0184341], [-118.313581, 34.0183619]]]}}, {"type": "Feature", "properties": {"bin": 715, "start_m": 17875, "end_m": 17900, "median_score": 2.22, "hot_fraction": 1.0, "recordings": 6, "rides_rough": 4, "rides_covering": 4}, "geometry": {"type": "Polygon", "coordinates": [[[-118.313853, 34.018367], [-118.314123, 34.018372], [-118.314121, 34.018444], [-118.313851, 34.018439], [-118.313853, 34.018367]]]}}, {"type": "Feature", "properties": {"bin": 716, "start_m": 17900, "end_m": 17925, "median_score": 1.3, "hot_fraction": 0.2, "recordings": 5, "rides_rough": 1, "rides_covering": 3}, "geometry": {"type": "Polygon", "coordinates": [[[-118.314123, 34.018372], [-118.314394, 34.018377], [-118.314392, 34.018449], [-118.314121, 34.018444], [-118.314123, 34.018372]]]}}, {"type": "Feature", "properties": {"bin": 717, "start_m": 17925, "end_m": 17950, "median_score": 0.85, "hot_fraction": 0.0, "recordings": 2, "rides_rough": 0, "rides_covering": 1}, "geometry": {"type": "Polygon", "coordinates": [[[-118.314394, 34.018377], [-118.3146043, 34.018381], [-118.3146666, 34.018384], [-118.3146614, 34.018456], [-118.3146017, 34.018453], [-118.314392, 34.018449], [-118.314394, 34.018377]]]}}, {"type": "Feature", "properties": {"bin": 718, "start_m": 17950, "end_m": 17975, "median_score": 0.96, "hot_fraction": 0.0, "recordings": 2, "rides_rough": 0, "rides_covering": 1}, "geometry": {"type": "Polygon", "coordinates": [[[-118.3146664, 34.018384], [-118.3148405, 34.018392], [-118.3149377, 34.018397], [-118.3149323, 34.018469], [-118.3148355, 34.018464], [-118.3146616, 34.018456], [-118.3146664, 34.018384]]]}}, {"type": "Feature", "properties": {"bin": 719, "start_m": 17975, "end_m": 18000, "median_score": 1.2, "hot_fraction": 0.0, "recordings": 3, "rides_rough": 0, "rides_covering": 2}, "geometry": {"type": "Polygon", "coordinates": [[[-118.3149373, 34.018397], [-118.3149837, 34.018399], [-118.3152078, 34.018411], [-118.3152022, 34.018483], [-118.3149783, 34.018471], [-118.3149327, 34.018469], [-118.3149373, 34.018397]]]}}, {"type": "Feature", "properties": {"bin": 720, "start_m": 18000, "end_m": 18025, "median_score": 2.16, "hot_fraction": 0.67, "recordings": 3, "rides_rough": 1, "rides_covering": 2}, "geometry": {"type": "Polygon", "coordinates": [[[-118.3152079, 34.018411], [-118.3152274, 34.0184121], [-118.3154795, 34.0184341], [-118.3154705, 34.0185059], [-118.3152186, 34.0184839], [-118.3152021, 34.018483], [-118.3152079, 34.018411]]]}}, {"type": "Feature", "properties": {"bin": 721, "start_m": 18025, "end_m": 18050, "median_score": 2.52, "hot_fraction": 1.0, "recordings": 2, "rides_rough": 1, "rides_covering": 1}, "geometry": {"type": "Polygon", "coordinates": [[[-118.3154798, 34.0184342], [-118.3156208, 34.0184473], [-118.3157498, 34.0184644], [-118.3157362, 34.0185356], [-118.3156092, 34.0185187], [-118.3154702, 34.0185058], [-118.3154798, 34.0184342]]]}}, {"type": "Feature", "properties": {"bin": 722, "start_m": 18050, "end_m": 18075, "median_score": 1.65, "hot_fraction": 0.0, "recordings": 2, "rides_rough": 0, "rides_covering": 1}, "geometry": {"type": "Polygon", "coordinates": [[[-118.3157499, 34.0184644], [-118.3160179, 34.0185004], [-118.3160041, 34.0185716], [-118.3157361, 34.0185356], [-118.3157499, 34.0184644]]]}}, {"type": "Feature", "properties": {"bin": 723, "start_m": 18075, "end_m": 18100, "median_score": 2.07, "hot_fraction": 0.67, "recordings": 3, "rides_rough": 1, "rides_covering": 2}, "geometry": {"type": "Polygon", "coordinates": [[[-118.316018, 34.0185004], [-118.3161503, 34.0185185], [-118.3162856, 34.0185385], [-118.3162704, 34.0186095], [-118.3161357, 34.0185895], [-118.316004, 34.0185716], [-118.316018, 34.0185004]]]}}, {"type": "Feature", "properties": {"bin": 724, "start_m": 18100, "end_m": 18125, "median_score": 1.52, "hot_fraction": 0.4, "recordings": 5, "rides_rough": 2, "rides_covering": 3}, "geometry": {"type": "Polygon", "coordinates": [[[-118.3162857, 34.0185385], [-118.3165527, 34.0185785], [-118.3165373, 34.0186495], [-118.3162703, 34.0186095], [-118.3162857, 34.0185385]]]}}, {"type": "Feature", "properties": {"bin": 725, "start_m": 18125, "end_m": 18150, "median_score": 1.57, "hot_fraction": 0.43, "recordings": 7, "rides_rough": 1, "rides_covering": 3}, "geometry": {"type": "Polygon", "coordinates": [[[-118.3165527, 34.0185785], [-118.3168187, 34.0186185], [-118.3168033, 34.0186895], [-118.3165373, 34.0186495], [-118.3165527, 34.0185785]]]}}, {"type": "Feature", "properties": {"bin": 726, "start_m": 18150, "end_m": 18175, "median_score": 1.05, "hot_fraction": 0.38, "recordings": 8, "rides_rough": 1, "rides_covering": 4}, "geometry": {"type": "Polygon", "coordinates": [[[-118.3168181, 34.0186184], [-118.3168551, 34.0186236], [-118.3170862, 34.0186606], [-118.3170698, 34.0187314], [-118.3168389, 34.0186944], [-118.3168039, 34.0186896], [-118.3168181, 34.0186184]]]}}, {"type": "Feature", "properties": {"bin": 727, "start_m": 18175, "end_m": 18200, "median_score": 0.9, "hot_fraction": 0.2, "recordings": 10, "rides_rough": 1, "rides_covering": 5}, "geometry": {"type": "Polygon", "coordinates": [[[-118.3170861, 34.0186606], [-118.3171997, 34.0186785], [-118.3173514, 34.0187005], [-118.3173366, 34.0187715], [-118.3171843, 34.0187495], [-118.3170699, 34.0187314], [-118.3170861, 34.0186606]]]}}, {"type": "Feature", "properties": {"bin": 728, "start_m": 18200, "end_m": 18225, "median_score": 1.32, "hot_fraction": 0.12, "recordings": 8, "rides_rough": 1, "rides_covering": 5}, "geometry": {"type": "Polygon", "coordinates": [[[-118.3173515, 34.0187005], [-118.3174961, 34.0187216], [-118.3176188, 34.0187427], [-118.3176012, 34.0188133], [-118.3174799, 34.0187924], [-118.3173365, 34.0187715], [-118.3173515, 34.0187005]]]}}, {"type": "Feature", "properties": {"bin": 729, "start_m": 18225, "end_m": 18250, "median_score": 0.97, "hot_fraction": 0.0, "recordings": 8, "rides_rough": 0, "rides_covering": 4}, "geometry": {"type": "Polygon", "coordinates": [[[-118.3176186, 34.0187427], [-118.3178028, 34.0187737], [-118.3178853, 34.0187888], [-118.3178667, 34.0188592], [-118.3177852, 34.0188443], [-118.3176014, 34.0188133], [-118.3176186, 34.0187427]]]}}, {"type": "Feature", "properties": {"bin": 730, "start_m": 18250, "end_m": 18275, "median_score": 0.98, "hot_fraction": 0.29, "recordings": 7, "rides_rough": 1, "rides_covering": 3}, "geometry": {"type": "Polygon", "coordinates": [[[-118.3178853, 34.0187888], [-118.3181493, 34.0188368], [-118.3181307, 34.0189072], [-118.3178667, 34.0188592], [-118.3178853, 34.0187888]]]}}, {"type": "Feature", "properties": {"bin": 731, "start_m": 18275, "end_m": 18300, "median_score": 0.96, "hot_fraction": 0.0, "recordings": 7, "rides_rough": 0, "rides_covering": 3}, "geometry": {"type": "Polygon", "coordinates": [[[-118.3181492, 34.0188368], [-118.3184142, 34.0188848], [-118.3183958, 34.0189552], [-118.3181308, 34.0189072], [-118.3181492, 34.0188368]]]}}, {"type": "Feature", "properties": {"bin": 732, "start_m": 18300, "end_m": 18325, "median_score": 0.78, "hot_fraction": 0.0, "recordings": 7, "rides_rough": 0, "rides_covering": 3}, "geometry": {"type": "Polygon", "coordinates": [[[-118.3184142, 34.0188848], [-118.3186792, 34.0189328], [-118.3186608, 34.0190032], [-118.3183958, 34.0189552], [-118.3184142, 34.0188848]]]}}, {"type": "Feature", "properties": {"bin": 733, "start_m": 18325, "end_m": 18350, "median_score": 0.76, "hot_fraction": 0.0, "recordings": 5, "rides_rough": 0, "rides_covering": 2}, "geometry": {"type": "Polygon", "coordinates": [[[-118.3186792, 34.0189328], [-118.3188794, 34.0189688], [-118.3189443, 34.018982], [-118.3189237, 34.019052], [-118.3188606, 34.0190392], [-118.3186608, 34.0190032], [-118.3186792, 34.0189328]]]}}, {"type": "Feature", "properties": {"bin": 734, "start_m": 18350, "end_m": 18375, "median_score": 0.93, "hot_fraction": 0.0, "recordings": 7, "rides_rough": 0, "rides_covering": 3}, "geometry": {"type": "Polygon", "coordinates": [[[-118.3189438, 34.0189819], [-118.3190019, 34.0189931], [-118.3192082, 34.0190392], [-118.3191858, 34.0191088], [-118.3189801, 34.0190629], [-118.3189242, 34.0190521], [-118.3189438, 34.0189819]]]}}, {"type": "Feature", "properties": {"bin": 735, "start_m": 18375, "end_m": 18400, "median_score": 0.86, "hot_fraction": 0.0, "recordings": 8, "rides_rough": 0, "rides_covering": 3}, "geometry": {"type": "Polygon", "coordinates": [[[-118.3192082, 34.0190392], [-118.3194692, 34.0190972], [-118.3194468, 34.0191668], [-118.3191858, 34.0191088], [-118.3192082, 34.0190392]]]}}, {"type": "Feature", "properties": {"bin": 736, "start_m": 18400, "end_m": 18425, "median_score": 0.97, "hot_fraction": 0.0, "recordings": 8, "rides_rough": 0, "rides_covering": 3}, "geometry": {"type": "Polygon", "coordinates": [[[-118.3194692, 34.0190972], [-118.3197312, 34.0191552], [-118.3197088, 34.0192248], [-118.3194468, 34.0191668], [-118.3194692, 34.0190972]]]}}, {"type": "Feature", "properties": {"bin": 737, "start_m": 18425, "end_m": 18450, "median_score": 0.73, "hot_fraction": 0.12, "recordings": 8, "rides_rough": 1, "rides_covering": 3}, "geometry": {"type": "Polygon", "coordinates": [[[-118.3197312, 34.0191552], [-118.3199932, 34.0192132], [-118.3199708, 34.0192828], [-118.3197088, 34.0192248], [-118.3197312, 34.0191552]]]}}, {"type": "Feature", "properties": {"bin": 738, "start_m": 18450, "end_m": 18475, "median_score": 0.78, "hot_fraction": 0.0, "recordings": 8, "rides_rough": 0, "rides_covering": 3}, "geometry": {"type": "Polygon", "coordinates": [[[-118.3199932, 34.0192132], [-118.3201863, 34.0192562], [-118.3202556, 34.0192723], [-118.3202324, 34.0193417], [-118.3201637, 34.0193258], [-118.3199708, 34.0192828], [-118.3199932, 34.0192132]]]}}, {"type": "Feature", "properties": {"bin": 739, "start_m": 18475, "end_m": 18500, "median_score": 0.7, "hot_fraction": 0.0, "recordings": 8, "rides_rough": 0, "rides_covering": 3}, "geometry": {"type": "Polygon", "coordinates": [[[-118.3202561, 34.0192724], [-118.3205161, 34.0193354], [-118.3204919, 34.0194046], [-118.3202319, 34.0193416], [-118.3202561, 34.0192724]]]}}, {"type": "Feature", "properties": {"bin": 740, "start_m": 18500, "end_m": 18525, "median_score": 0.57, "hot_fraction": 0.0, "recordings": 8, "rides_rough": 0, "rides_covering": 3}, "geometry": {"type": "Polygon", "coordinates": [[[-118.3205159, 34.0193353], [-118.320684, 34.0193753], [-118.320776, 34.0193974], [-118.320752, 34.0194666], [-118.32066, 34.0194447], [-118.3204921, 34.0194047], [-118.3205159, 34.0193353]]]}}, {"type": "Feature", "properties": {"bin": 741, "start_m": 18525, "end_m": 18550, "median_score": 0.68, "hot_fraction": 0.0, "recordings": 10, "rides_rough": 0, "rides_covering": 4}, "geometry": {"type": "Polygon", "coordinates": [[[-118.3207761, 34.0193974], [-118.3210371, 34.0194604], [-118.3210129, 34.0195296], [-118.3207519, 34.0194666], [-118.3207761, 34.0193974]]]}}, {"type": "Feature", "properties": {"bin": 742, "start_m": 18550, "end_m": 18575, "median_score": 0.86, "hot_fraction": 0.0, "recordings": 9, "rides_rough": 0, "rides_covering": 4}, "geometry": {"type": "Polygon", "coordinates": [[[-118.321037, 34.0194603], [-118.321297, 34.0195223], [-118.321273, 34.0195917], [-118.321013, 34.0195297], [-118.321037, 34.0194603]]]}}, {"type": "Feature", "properties": {"bin": 743, "start_m": 18575, "end_m": 18600, "median_score": 0.72, "hot_fraction": 0.0, "recordings": 10, "rides_rough": 0, "rides_covering": 5}, "geometry": {"type": "Polygon", "coordinates": [[[-118.3212971, 34.0195224], [-118.3215571, 34.0195854], [-118.3215329, 34.0196546], [-118.3212729, 34.0195916], [-118.3212971, 34.0195224]]]}}, {"type": "Feature", "properties": {"bin": 744, "start_m": 18600, "end_m": 18625, "median_score": 0.64, "hot_fraction": 0.0, "recordings": 11, "rides_rough": 0, "rides_covering": 5}, "geometry": {"type": "Polygon", "coordinates": [[[-118.321557, 34.0195854], [-118.3216357, 34.0196043], [-118.3218176, 34.0196463], [-118.3217944, 34.0197157], [-118.3216123, 34.0196737], [-118.321533, 34.0196546], [-118.321557, 34.0195854]]]}}, {"type": "Feature", "properties": {"bin": 745, "start_m": 18625, "end_m": 18650, "median_score": 0.7, "hot_fraction": 0.0, "recordings": 8, "rides_rough": 0, "rides_covering": 4}, "geometry": {"type": "Polygon", "coordinates": [[[-118.3218177, 34.0196463], [-118.3220787, 34.0197073], [-118.3220553, 34.0197767], [-118.3217943, 34.0197157], [-118.3218177, 34.0196463]]]}}, {"type": "Feature", "properties": {"bin": 746, "start_m": 18650, "end_m": 18675, "median_score": 0.78, "hot_fraction": 0.0, "recordings": 7, "rides_rough": 0, "rides_covering": 3}, "geometry": {"type": "Polygon", "coordinates": [[[-118.3220787, 34.0197073], [-118.3223397, 34.0197683], [-118.3223163, 34.0198377], [-118.3220553, 34.0197767], [-118.3220787, 34.0197073]]]}}, {"type": "Feature", "properties": {"bin": 747, "start_m": 18675, "end_m": 18700, "median_score": 0.64, "hot_fraction": 0.0, "recordings": 5, "rides_rough": 0, "rides_covering": 3}, "geometry": {"type": "Polygon", "coordinates": [[[-118.3223396, 34.0197683], [-118.3226006, 34.0198283], [-118.3225774, 34.0198977], [-118.3223164, 34.0198377], [-118.3223396, 34.0197683]]]}}, {"type": "Feature", "properties": {"bin": 748, "start_m": 18700, "end_m": 18725, "median_score": 1.02, "hot_fraction": 0.29, "recordings": 7, "rides_rough": 1, "rides_covering": 3}, "geometry": {"type": "Polygon", "coordinates": [[[-118.3226008, 34.0198283], [-118.3228527, 34.0198873], [-118.3228612, 34.0198892], [-118.3228388, 34.0199588], [-118.3228293, 34.0199567], [-118.3225772, 34.0198977], [-118.3226008, 34.0198283]]]}}, {"type": "Feature", "properties": {"bin": 749, "start_m": 18725, "end_m": 18750, "median_score": 0.62, "hot_fraction": 0.17, "recordings": 6, "rides_rough": 1, "rides_covering": 3}, "geometry": {"type": "Polygon", "coordinates": [[[-118.3228617, 34.0198893], [-118.3231227, 34.0199503], [-118.3230993, 34.0200197], [-118.3228383, 34.0199587], [-118.3228617, 34.0198893]]]}}, {"type": "Feature", "properties": {"bin": 750, "start_m": 18750, "end_m": 18775, "median_score": 0.74, "hot_fraction": 0.0, "recordings": 7, "rides_rough": 0, "rides_covering": 4}, "geometry": {"type": "Polygon", "coordinates": [[[-118.3231226, 34.0199503], [-118.3233836, 34.0200103], [-118.3233604, 34.0200797], [-118.3230994, 34.0200197], [-118.3231226, 34.0199503]]]}}, {"type": "Feature", "properties": {"bin": 751, "start_m": 18775, "end_m": 18800, "median_score": 0.83, "hot_fraction": 0.0, "recordings": 9, "rides_rough": 0, "rides_covering": 4}, "geometry": {"type": "Polygon", "coordinates": [[[-118.3233837, 34.0200103], [-118.3236447, 34.0200713], [-118.3236213, 34.0201407], [-118.3233603, 34.0200797], [-118.3233837, 34.0200103]]]}}, {"type": "Feature", "properties": {"bin": 752, "start_m": 18800, "end_m": 18825, "median_score": 0.83, "hot_fraction": 0.1, "recordings": 10, "rides_rough": 1, "rides_covering": 4}, "geometry": {"type": "Polygon", "coordinates": [[[-118.3236447, 34.0200713], [-118.3239057, 34.0201323], [-118.3238823, 34.0202017], [-118.3236213, 34.0201407], [-118.3236447, 34.0200713]]]}}, {"type": "Feature", "properties": {"bin": 753, "start_m": 18825, "end_m": 18850, "median_score": 0.96, "hot_fraction": 0.0, "recordings": 8, "rides_rough": 0, "rides_covering": 4}, "geometry": {"type": "Polygon", "coordinates": [[[-118.3239056, 34.0201323], [-118.3241666, 34.0201923], [-118.3241434, 34.0202617], [-118.3238824, 34.0202017], [-118.3239056, 34.0201323]]]}}, {"type": "Feature", "properties": {"bin": 754, "start_m": 18850, "end_m": 18875, "median_score": 0.99, "hot_fraction": 0.0, "recordings": 10, "rides_rough": 0, "rides_covering": 4}, "geometry": {"type": "Polygon", "coordinates": [[[-118.3241667, 34.0201923], [-118.3243847, 34.0202433], [-118.3244277, 34.0202533], [-118.3244043, 34.0203227], [-118.3243613, 34.0203127], [-118.3241433, 34.0202617], [-118.3241667, 34.0201923]]]}}, {"type": "Feature", "properties": {"bin": 755, "start_m": 18875, "end_m": 18900, "median_score": 1.11, "hot_fraction": 0.0, "recordings": 9, "rides_rough": 0, "rides_covering": 4}, "geometry": {"type": "Polygon", "coordinates": [[[-118.3244277, 34.0202533], [-118.3246887, 34.0203143], [-118.3246653, 34.0203837], [-118.3244043, 34.0203227], [-118.3244277, 34.0202533]]]}}, {"type": "Feature", "properties": {"bin": 756, "start_m": 18900, "end_m": 18925, "median_score": 0.91, "hot_fraction": 0.0, "recordings": 9, "rides_rough": 0, "rides_covering": 4}, "geometry": {"type": "Polygon", "coordinates": [[[-118.3246888, 34.0203143], [-118.3249488, 34.0203753], [-118.3249252, 34.0204447], [-118.3246652, 34.0203837], [-118.3246888, 34.0203143]]]}}, {"type": "Feature", "properties": {"bin": 757, "start_m": 18925, "end_m": 18950, "median_score": 0.8, "hot_fraction": 0.0, "recordings": 9, "rides_rough": 0, "rides_covering": 4}, "geometry": {"type": "Polygon", "coordinates": [[[-118.3249487, 34.0203753], [-118.3252097, 34.0204363], [-118.3251863, 34.0205057], [-118.3249253, 34.0204447], [-118.3249487, 34.0203753]]]}}, {"type": "Feature", "properties": {"bin": 758, "start_m": 18950, "end_m": 18975, "median_score": 0.72, "hot_fraction": 0.0, "recordings": 9, "rides_rough": 0, "rides_covering": 4}, "geometry": {"type": "Polygon", "coordinates": [[[-118.3252099, 34.0204363], [-118.3253487, 34.0204693], [-118.3254705, 34.0204972], [-118.3254475, 34.0205668], [-118.3253253, 34.0205387], [-118.3251861, 34.0205057], [-118.3252099, 34.0204363]]]}}, {"type": "Feature", "properties": {"bin": 759, "start_m": 18975, "end_m": 19000, "median_score": 0.75, "hot_fraction": 0.0, "recordings": 9, "rides_rough": 0, "rides_covering": 4}, "geometry": {"type": "Polygon", "coordinates": [[[-118.3254707, 34.0204973], [-118.3257317, 34.0205583], [-118.3257083, 34.0206277], [-118.3254473, 34.0205667], [-118.3254707, 34.0204973]]]}}, {"type": "Feature", "properties": {"bin": 760, "start_m": 19000, "end_m": 19025, "median_score": 0.84, "hot_fraction": 0.0, "recordings": 9, "rides_rough": 0, "rides_covering": 4}, "geometry": {"type": "Polygon", "coordinates": [[[-118.3257316, 34.0205583], [-118.3259926, 34.0206183], [-118.3259694, 34.0206877], [-118.3257084, 34.0206277], [-118.3257316, 34.0205583]]]}}, {"type": "Feature", "properties": {"bin": 761, "start_m": 19025, "end_m": 19050, "median_score": 0.85, "hot_fraction": 0.0, "recordings": 9, "rides_rough": 0, "rides_covering": 4}, "geometry": {"type": "Polygon", "coordinates": [[[-118.3259927, 34.0206183], [-118.3262537, 34.0206793], [-118.3262303, 34.0207487], [-118.3259693, 34.0206877], [-118.3259927, 34.0206183]]]}}, {"type": "Feature", "properties": {"bin": 762, "start_m": 19050, "end_m": 19075, "median_score": 0.76, "hot_fraction": 0.0, "recordings": 10, "rides_rough": 0, "rides_covering": 4}, "geometry": {"type": "Polygon", "coordinates": [[[-118.3262529, 34.0206791], [-118.3262906, 34.0206873], [-118.3265147, 34.0207393], [-118.3264913, 34.0208087], [-118.3262674, 34.0207567], [-118.3262311, 34.0207489], [-118.3262529, 34.0206791]]]}}, {"type": "Feature", "properties": {"bin": 763, "start_m": 19075, "end_m": 19100, "median_score": 1.25, "hot_fraction": 0.0, "recordings": 8, "rides_rough": 0, "rides_covering": 4}, "geometry": {"type": "Polygon", "coordinates": [[[-118.3265147, 34.0207393], [-118.3267757, 34.0208003], [-118.3267523, 34.0208697], [-118.3264913, 34.0208087], [-118.3265147, 34.0207393]]]}}, {"type": "Feature", "properties": {"bin": 764, "start_m": 19100, "end_m": 19125, "median_score": 0.86, "hot_fraction": 0.0, "recordings": 8, "rides_rough": 0, "rides_covering": 4}, "geometry": {"type": "Polygon", "coordinates": [[[-118.3267756, 34.0208003], [-118.3270366, 34.0208603], [-118.3270134, 34.0209297], [-118.3267524, 34.0208697], [-118.3267756, 34.0208003]]]}}, {"type": "Feature", "properties": {"bin": 765, "start_m": 19125, "end_m": 19150, "median_score": 0.97, "hot_fraction": 0.0, "recordings": 8, "rides_rough": 0, "rides_covering": 4}, "geometry": {"type": "Polygon", "coordinates": [[[-118.3270368, 34.0208603], [-118.3271257, 34.0208813], [-118.3272977, 34.0209213], [-118.3272743, 34.0209907], [-118.3271023, 34.0209507], [-118.3270132, 34.0209297], [-118.3270368, 34.0208603]]]}}, {"type": "Feature", "properties": {"bin": 766, "start_m": 19150, "end_m": 19175, "median_score": 1.03, "hot_fraction": 0.0, "recordings": 9, "rides_rough": 0, "rides_covering": 4}, "geometry": {"type": "Polygon", "coordinates": [[[-118.3272979, 34.0209213], [-118.3275589, 34.0209833], [-118.3275351, 34.0210527], [-118.3272741, 34.0209907], [-118.3272979, 34.0209213]]]}}, {"type": "Feature", "properties": {"bin": 767, "start_m": 19175, "end_m": 19200, "median_score": 0.98, "hot_fraction": 0.0, "recordings": 9, "rides_rough": 0, "rides_covering": 4}, "geometry": {"type": "Polygon", "coordinates": [[[-118.3275587, 34.0209833], [-118.3278197, 34.0210443], [-118.3277963, 34.0211137], [-118.3275353, 34.0210527], [-118.3275587, 34.0209833]]]}}, {"type": "Feature", "properties": {"bin": 768, "start_m": 19200, "end_m": 19225, "median_score": 0.93, "hot_fraction": 0.0, "recordings": 8, "rides_rough": 0, "rides_covering": 3}, "geometry": {"type": "Polygon", "coordinates": [[[-118.3278198, 34.0210443], [-118.3280487, 34.0210983], [-118.32808, 34.0211051], [-118.328058, 34.0211749], [-118.3280253, 34.0211677], [-118.3277962, 34.0211137], [-118.3278198, 34.0210443]]]}}, {"type": "Feature", "properties": {"bin": 769, "start_m": 19225, "end_m": 19250, "median_score": 0.85, "hot_fraction": 0.0, "recordings": 9, "rides_rough": 0, "rides_covering": 4}, "geometry": {"type": "Polygon", "coordinates": [[[-118.3280798, 34.0211051], [-118.3283418, 34.0211611], [-118.3283202, 34.0212309], [-118.3280582, 34.0211749], [-118.3280798, 34.0211051]]]}}, {"type": "Feature", "properties": {"bin": 770, "start_m": 19250, "end_m": 19275, "median_score": 0.99, "hot_fraction": 0.0, "recordings": 7, "rides_rough": 0, "rides_covering": 3}, "geometry": {"type": "Polygon", "coordinates": [[[-118.3283419, 34.0211611], [-118.328532, 34.0212021], [-118.3286042, 34.0212182], [-118.3285818, 34.0212878], [-118.32851, 34.0212719], [-118.3283201, 34.0212309], [-118.3283419, 34.0211611]]]}}, {"type": "Feature", "properties": {"bin": 771, "start_m": 19275, "end_m": 19300, "median_score": 1.01, "hot_fraction": 0.0, "recordings": 7, "rides_rough": 0, "rides_covering": 3}, "geometry": {"type": "Polygon", "coordinates": [[[-118.328604, 34.0212181], [-118.328866, 34.0212751], [-118.328844, 34.0213449], [-118.328582, 34.0212879], [-118.328604, 34.0212181]]]}}, {"type": "Feature", "properties": {"bin": 772, "start_m": 19300, "end_m": 19325, "median_score": 1.09, "hot_fraction": 0.0, "recordings": 7, "rides_rough": 0, "rides_covering": 3}, "geometry": {"type": "Polygon", "coordinates": [[[-118.3288659, 34.0212751], [-118.3291289, 34.0213321], [-118.3291071, 34.0214019], [-118.3288441, 34.0213449], [-118.3288659, 34.0212751]]]}}, {"type": "Feature", "properties": {"bin": 773, "start_m": 19325, "end_m": 19350, "median_score": 1.28, "hot_fraction": 0.11, "recordings": 9, "rides_rough": 1, "rides_covering": 4}, "geometry": {"type": "Polygon", "coordinates": [[[-118.329129, 34.0213321], [-118.329391, 34.0213891], [-118.329369, 34.0214589], [-118.329107, 34.0214019], [-118.329129, 34.0213321]]]}}, {"type": "Feature", "properties": {"bin": 774, "start_m": 19350, "end_m": 19375, "median_score": 1.39, "hot_fraction": 0.14, "recordings": 7, "rides_rough": 1, "rides_covering": 3}, "geometry": {"type": "Polygon", "coordinates": [[[-118.3293911, 34.0213891], [-118.329605, 34.0214361], [-118.3296525, 34.021446], [-118.3296315, 34.021516], [-118.329583, 34.0215059], [-118.3293689, 34.0214589], [-118.3293911, 34.0213891]]]}}, {"type": "Feature", "properties": {"bin": 775, "start_m": 19375, "end_m": 19400, "median_score": 1.39, "hot_fraction": 0.33, "recordings": 6, "rides_rough": 1, "rides_covering": 3}, "geometry": {"type": "Polygon", "coordinates": [[[-118.3296522, 34.021446], [-118.3299152, 34.021499], [-118.3298948, 34.021569], [-118.3296318, 34.021516], [-118.3296522, 34.021446]]]}}, {"type": "Feature", "properties": {"bin": 776, "start_m": 19400, "end_m": 19425, "median_score": 1.29, "hot_fraction": 0.17, "recordings": 6, "rides_rough": 1, "rides_covering": 3}, "geometry": {"type": "Polygon", "coordinates": [[[-118.3299152, 34.021499], [-118.3301792, 34.021552], [-118.3301588, 34.021622], [-118.3298948, 34.021569], [-118.3299152, 34.021499]]]}}, {"type": "Feature", "properties": {"bin": 777, "start_m": 19425, "end_m": 19450, "median_score": 1.27, "hot_fraction": 0.0, "recordings": 6, "rides_rough": 0, "rides_covering": 2}, "geometry": {"type": "Polygon", "coordinates": [[[-118.3301794, 34.021552], [-118.3303894, 34.021595], [-118.3304425, 34.021606], [-118.3304215, 34.021676], [-118.3303686, 34.021665], [-118.3301586, 34.021622], [-118.3301794, 34.021552]]]}}, {"type": "Feature", "properties": {"bin": 778, "start_m": 19450, "end_m": 19475, "median_score": 1.04, "hot_fraction": 0.0, "recordings": 4, "rides_rough": 0, "rides_covering": 2}, "geometry": {"type": "Polygon", "coordinates": [[[-118.3304422, 34.021606], [-118.3307052, 34.021659], [-118.3306848, 34.021729], [-118.3304218, 34.021676], [-118.3304422, 34.021606]]]}}, {"type": "Feature", "properties": {"bin": 779, "start_m": 19475, "end_m": 19500, "median_score": 1.39, "hot_fraction": 0.0, "recordings": 4, "rides_rough": 0, "rides_covering": 3}, "geometry": {"type": "Polygon", "coordinates": [[[-118.3307054, 34.021659], [-118.3309684, 34.021713], [-118.3309476, 34.021783], [-118.3306846, 34.021729], [-118.3307054, 34.021659]]]}}, {"type": "Feature", "properties": {"bin": 780, "start_m": 19500, "end_m": 19525, "median_score": 2.28, "hot_fraction": 1.0, "recordings": 1, "rides_rough": 1, "rides_covering": 1}, "geometry": {"type": "Polygon", "coordinates": [[[-118.3309683, 34.021713], [-118.3310224, 34.021724], [-118.3312314, 34.021767], [-118.3312106, 34.021837], [-118.3310016, 34.021794], [-118.3309477, 34.021783], [-118.3309683, 34.021713]]]}}, {"type": "Feature", "properties": {"bin": 781, "start_m": 19525, "end_m": 19550, "median_score": 1.29, "hot_fraction": 0.0, "recordings": 1, "rides_rough": 0, "rides_covering": 1}, "geometry": {"type": "Polygon", "coordinates": [[[-118.3312311, 34.0217669], [-118.331266, 34.0217739], [-118.331495, 34.0218189], [-118.331475, 34.0218891], [-118.331246, 34.0218441], [-118.3312109, 34.0218371], [-118.3312311, 34.0217669]]]}}, {"type": "Feature", "properties": {"bin": 783, "start_m": 19575, "end_m": 19600, "median_score": 1.28, "hot_fraction": 0.33, "recordings": 3, "rides_rough": 1, "rides_covering": 2}, "geometry": {"type": "Polygon", "coordinates": [[[-118.3317565, 34.0218717], [-118.3317706, 34.021874], [-118.3320217, 34.0219271], [-118.3320003, 34.0219969], [-118.3317494, 34.021944], [-118.3317395, 34.0219423], [-118.3317565, 34.0218717]]]}}, {"type": "Feature", "properties": {"bin": 784, "start_m": 19600, "end_m": 19625, "median_score": 1.31, "hot_fraction": 0.0, "recordings": 3, "rides_rough": 0, "rides_covering": 2}, "geometry": {"type": "Polygon", "coordinates": [[[-118.3320224, 34.0219272], [-118.332043, 34.0219319], [-118.3322849, 34.0219789], [-118.3322651, 34.0220491], [-118.332023, 34.0220021], [-118.3319996, 34.0219968], [-118.3320224, 34.0219272]]]}}, {"type": "Feature", "properties": {"bin": 785, "start_m": 19625, "end_m": 19650, "median_score": 0.83, "hot_fraction": 0.0, "recordings": 4, "rides_rough": 0, "rides_covering": 2}, "geometry": {"type": "Polygon", "coordinates": [[[-118.3322848, 34.0219789], [-118.3325488, 34.0220299], [-118.3325292, 34.0221001], [-118.3322652, 34.0220491], [-118.3322848, 34.0219789]]]}}, {"type": "Feature", "properties": {"bin": 786, "start_m": 19650, "end_m": 19675, "median_score": 0.76, "hot_fraction": 0.0, "recordings": 3, "rides_rough": 0, "rides_covering": 2}, "geometry": {"type": "Polygon", "coordinates": [[[-118.332549, 34.0220299], [-118.332813, 34.0220819], [-118.332793, 34.0221521], [-118.332529, 34.0221001], [-118.332549, 34.0220299]]]}}, {"type": "Feature", "properties": {"bin": 787, "start_m": 19675, "end_m": 19700, "median_score": 0.61, "hot_fraction": 0.0, "recordings": 4, "rides_rough": 0, "rides_covering": 2}, "geometry": {"type": "Polygon", "coordinates": [[[-118.3328128, 34.0220819], [-118.3329578, 34.0221099], [-118.3330768, 34.0221329], [-118.3330572, 34.0222031], [-118.3329382, 34.0221801], [-118.3327932, 34.0221521], [-118.3328128, 34.0220819]]]}}, {"type": "Feature", "properties": {"bin": 788, "start_m": 19700, "end_m": 19725, "median_score": 0.71, "hot_fraction": 0.0, "recordings": 9, "rides_rough": 0, "rides_covering": 4}, "geometry": {"type": "Polygon", "coordinates": [[[-118.3330766, 34.0221328], [-118.3333406, 34.0221828], [-118.3333214, 34.0222532], [-118.3330574, 34.0222032], [-118.3330766, 34.0221328]]]}}, {"type": "Feature", "properties": {"bin": 789, "start_m": 19725, "end_m": 19750, "median_score": 0.78, "hot_fraction": 0.0, "recordings": 8, "rides_rough": 0, "rides_covering": 4}, "geometry": {"type": "Polygon", "coordinates": [[[-118.3333408, 34.0221829], [-118.3336048, 34.0222339], [-118.3335852, 34.0223041], [-118.3333212, 34.0222531], [-118.3333408, 34.0221829]]]}}, {"type": "Feature", "properties": {"bin": 790, "start_m": 19750, "end_m": 19775, "median_score": 0.6, "hot_fraction": 0.0, "recordings": 7, "rides_rough": 0, "rides_covering": 3}, "geometry": {"type": "Polygon", "coordinates": [[[-118.3336046, 34.0222338], [-118.3338686, 34.0222838], [-118.3338494, 34.0223542], [-118.3335854, 34.0223042], [-118.3336046, 34.0222338]]]}}, {"type": "Feature", "properties": {"bin": 791, "start_m": 19775, "end_m": 19800, "median_score": 0.53, "hot_fraction": 0.0, "recordings": 4, "rides_rough": 0, "rides_covering": 2}, "geometry": {"type": "Polygon", "coordinates": [[[-118.3338688, 34.0222839], [-118.3341328, 34.0223349], [-118.3341132, 34.0224051], [-118.3338492, 34.0223541], [-118.3338688, 34.0222839]]]}}, {"type": "Feature", "properties": {"bin": 792, "start_m": 19800, "end_m": 19825, "median_score": 0.62, "hot_fraction": 0.0, "recordings": 4, "rides_rough": 0, "rides_covering": 2}, "geometry": {"type": "Polygon", "coordinates": [[[-118.3341326, 34.0223348], [-118.3342706, 34.0223608], [-118.3343967, 34.0223849], [-118.3343773, 34.0224551], [-118.3342514, 34.0224312], [-118.3341134, 34.0224052], [-118.3341326, 34.0223348]]]}}, {"type": "Feature", "properties": {"bin": 793, "start_m": 19825, "end_m": 19850, "median_score": 0.69, "hot_fraction": 0.0, "recordings": 4, "rides_rough": 0, "rides_covering": 2}, "geometry": {"type": "Polygon", "coordinates": [[[-118.3343966, 34.0223848], [-118.3346606, 34.0224348], [-118.3346414, 34.0225052], [-118.3343774, 34.0224552], [-118.3343966, 34.0223848]]]}}, {"type": "Feature", "properties": {"bin": 794, "start_m": 19850, "end_m": 19875, "median_score": 1.3, "hot_fraction": 0.0, "recordings": 4, "rides_rough": 0, "rides_covering": 2}, "geometry": {"type": "Polygon", "coordinates": [[[-118.3346606, 34.0224348], [-118.3349256, 34.0224848], [-118.3349064, 34.0225552], [-118.3346414, 34.0225052], [-118.3346606, 34.0224348]]]}}, {"type": "Feature", "properties": {"bin": 795, "start_m": 19875, "end_m": 19900, "median_score": 1.24, "hot_fraction": 0.0, "recordings": 3, "rides_rough": 0, "rides_covering": 2}, "geometry": {"type": "Polygon", "coordinates": [[[-118.3349255, 34.0224848], [-118.3351174, 34.0225208], [-118.3351892, 34.0225338], [-118.3351708, 34.0226042], [-118.3350986, 34.0225912], [-118.3349065, 34.0225552], [-118.3349255, 34.0224848]]]}}, {"type": "Feature", "properties": {"bin": 796, "start_m": 19900, "end_m": 19925, "median_score": 1.44, "hot_fraction": 0.0, "recordings": 2, "rides_rough": 0, "rides_covering": 1}, "geometry": {"type": "Polygon", "coordinates": [[[-118.3351894, 34.0225338], [-118.3354544, 34.0225828], [-118.3354356, 34.0226532], [-118.3351706, 34.0226042], [-118.3351894, 34.0225338]]]}}, {"type": "Feature", "properties": {"bin": 798, "start_m": 19950, "end_m": 19975, "median_score": 1.53, "hot_fraction": 0.0, "recordings": 1, "rides_rough": 0, "rides_covering": 1}, "geometry": {"type": "Polygon", "coordinates": [[[-118.3357184, 34.0226308], [-118.3359834, 34.0226798], [-118.3359646, 34.0227502], [-118.3356996, 34.0227012], [-118.3357184, 34.0226308]]]}}, {"type": "Feature", "properties": {"bin": 799, "start_m": 19975, "end_m": 20000, "median_score": 0.89, "hot_fraction": 0.0, "recordings": 3, "rides_rough": 0, "rides_covering": 2}, "geometry": {"type": "Polygon", "coordinates": [[[-118.3359833, 34.0226798], [-118.3360641, 34.0226946], [-118.3362475, 34.0227215], [-118.3362325, 34.0227925], [-118.3360479, 34.0227654], [-118.3359647, 34.0227502], [-118.3359833, 34.0226798]]]}}, {"type": "Feature", "properties": {"bin": 800, "start_m": 20000, "end_m": 20025, "median_score": 0.82, "hot_fraction": 0.0, "recordings": 6, "rides_rough": 0, "rides_covering": 3}, "geometry": {"type": "Polygon", "coordinates": [[[-118.3362475, 34.0227215], [-118.3365145, 34.0227605], [-118.3364995, 34.0228315], [-118.3362325, 34.0227925], [-118.3362475, 34.0227215]]]}}, {"type": "Feature", "properties": {"bin": 801, "start_m": 20025, "end_m": 20050, "median_score": 0.7, "hot_fraction": 0.0, "recordings": 1, "rides_rough": 0, "rides_covering": 1}, "geometry": {"type": "Polygon", "coordinates": [[[-118.3365149, 34.0227605], [-118.3365409, 34.0227646], [-118.3367809, 34.0228016], [-118.3367651, 34.0228724], [-118.3365251, 34.0228354], [-118.3364991, 34.0228315], [-118.3365149, 34.0227605]]]}}, {"type": "Feature", "properties": {"bin": 803, "start_m": 20075, "end_m": 20100, "median_score": 0.74, "hot_fraction": 0.0, "recordings": 3, "rides_rough": 0, "rides_covering": 2}, "geometry": {"type": "Polygon", "coordinates": [[[-118.3370479, 34.0228436], [-118.3373139, 34.0228846], [-118.3372981, 34.0229554], [-118.3370321, 34.0229144], [-118.3370479, 34.0228436]]]}}, {"type": "Feature", "properties": {"bin": 804, "start_m": 20100, "end_m": 20125, "median_score": 0.91, "hot_fraction": 0.0, "recordings": 7, "rides_rough": 0, "rides_covering": 3}, "geometry": {"type": "Polygon", "coordinates": [[[-118.3373139, 34.0228846], [-118.3375799, 34.0229256], [-118.3375641, 34.0229964], [-118.3372981, 34.0229554], [-118.3373139, 34.0228846]]]}}, {"type": "Feature", "properties": {"bin": 805, "start_m": 20125, "end_m": 20150, "median_score": 0.85, "hot_fraction": 0.0, "recordings": 2, "rides_rough": 0, "rides_covering": 1}, "geometry": {"type": "Polygon", "coordinates": [[[-118.3375801, 34.0229256], [-118.3376621, 34.0229386], [-118.337847, 34.0229676], [-118.337831, 34.0230384], [-118.3376459, 34.0230094], [-118.3375639, 34.0229964], [-118.3375801, 34.0229256]]]}}, {"type": "Feature", "properties": {"bin": 806, "start_m": 20150, "end_m": 20175, "median_score": 0.68, "hot_fraction": 0.0, "recordings": 6, "rides_rough": 0, "rides_covering": 3}, "geometry": {"type": "Polygon", "coordinates": [[[-118.3378469, 34.0229676], [-118.3381129, 34.0230086], [-118.3380971, 34.0230794], [-118.3378311, 34.0230384], [-118.3378469, 34.0229676]]]}}, {"type": "Feature", "properties": {"bin": 807, "start_m": 20175, "end_m": 20200, "median_score": 0.85, "hot_fraction": 0.0, "recordings": 6, "rides_rough": 0, "rides_covering": 3}, "geometry": {"type": "Polygon", "coordinates": [[[-118.3381129, 34.0230085], [-118.3383799, 34.0230495], [-118.3383641, 34.0231205], [-118.3380971, 34.0230795], [-118.3381129, 34.0230085]]]}}, {"type": "Feature", "properties": {"bin": 808, "start_m": 20200, "end_m": 20225, "median_score": 0.72, "hot_fraction": 0.0, "recordings": 8, "rides_rough": 0, "rides_covering": 4}, "geometry": {"type": "Polygon", "coordinates": [[[-118.3383799, 34.0230496], [-118.3386459, 34.0230906], [-118.3386301, 34.0231614], [-118.3383641, 34.0231204], [-118.3383799, 34.0230496]]]}}, {"type": "Feature", "properties": {"bin": 809, "start_m": 20225, "end_m": 20250, "median_score": 0.64, "hot_fraction": 0.0, "recordings": 1, "rides_rough": 0, "rides_covering": 1}, "geometry": {"type": "Polygon", "coordinates": [[[-118.3386463, 34.0230906], [-118.3386887, 34.0230975], [-118.3389126, 34.0231305], [-118.3388974, 34.0232015], [-118.3386733, 34.0231685], [-118.3386297, 34.0231614], [-118.3386463, 34.0230906]]]}}, {"type": "Feature", "properties": {"bin": 810, "start_m": 20250, "end_m": 20275, "median_score": 0.76, "hot_fraction": 0.0, "recordings": 4, "rides_rough": 0, "rides_covering": 3}, "geometry": {"type": "Polygon", "coordinates": [[[-118.3389211, 34.0231325], [-118.3389144, 34.0231313], [-118.3391792, 34.0231633], [-118.3391668, 34.0232347], [-118.3389016, 34.0232027], [-118.3388889, 34.0231995], [-118.3389211, 34.0231325]]]}}, {"type": "Feature", "properties": {"bin": 811, "start_m": 20275, "end_m": 20300, "median_score": 1.01, "hot_fraction": 0.0, "recordings": 4, "rides_rough": 0, "rides_covering": 3}, "geometry": {"type": "Polygon", "coordinates": [[[-118.3391794, 34.0231633], [-118.3394474, 34.0231963], [-118.3394346, 34.0232677], [-118.3391666, 34.0232347], [-118.3391794, 34.0231633]]]}}, {"type": "Feature", "properties": {"bin": 812, "start_m": 20300, "end_m": 20325, "median_score": 0.95, "hot_fraction": 0.0, "recordings": 3, "rides_rough": 0, "rides_covering": 2}, "geometry": {"type": "Polygon", "coordinates": [[[-118.3394474, 34.0231963], [-118.3397054, 34.0232283], [-118.3397142, 34.0232292], [-118.3397038, 34.0233008], [-118.3396926, 34.0232997], [-118.3394346, 34.0232677], [-118.3394474, 34.0231963]]]}}, {"type": "Feature", "properties": {"bin": 813, "start_m": 20325, "end_m": 20350, "median_score": 1.5, "hot_fraction": 0.5, "recordings": 2, "rides_rough": 1, "rides_covering": 2}, "geometry": {"type": "Polygon", "coordinates": [[[-118.3397155, 34.0232294], [-118.3399835, 34.0232634], [-118.3399705, 34.0233346], [-118.3397025, 34.0233006], [-118.3397155, 34.0232294]]]}}, {"type": "Feature", "properties": {"bin": 814, "start_m": 20350, "end_m": 20375, "median_score": 1.11, "hot_fraction": 0.0, "recordings": 1, "rides_rough": 0, "rides_covering": 1}, "geometry": {"type": "Polygon", "coordinates": [[[-118.3399834, 34.0232633], [-118.3402514, 34.0232963], [-118.3402386, 34.0233677], [-118.3399706, 34.0233347], [-118.3399834, 34.0232633]]]}}, {"type": "Feature", "properties": {"bin": 815, "start_m": 20375, "end_m": 20400, "median_score": 0.97, "hot_fraction": 0.0, "recordings": 3, "rides_rough": 0, "rides_covering": 2}, "geometry": {"type": "Polygon", "coordinates": [[[-118.3402515, 34.0232964], [-118.3404955, 34.0233274], [-118.3405194, 34.0233303], [-118.3405066, 34.0234017], [-118.3404825, 34.0233986], [-118.3402385, 34.0233676], [-118.3402515, 34.0232964]]]}}, {"type": "Feature", "properties": {"bin": 816, "start_m": 20400, "end_m": 20425, "median_score": 0.86, "hot_fraction": 0.0, "recordings": 3, "rides_rough": 0, "rides_covering": 2}, "geometry": {"type": "Polygon", "coordinates": [[[-118.3405192, 34.0233303], [-118.3407872, 34.0233623], [-118.3407748, 34.0234337], [-118.3405068, 34.0234017], [-118.3405192, 34.0233303]]]}}, {"type": "Feature", "properties": {"bin": 817, "start_m": 20425, "end_m": 20450, "median_score": 0.97, "hot_fraction": 0.0, "recordings": 3, "rides_rough": 0, "rides_covering": 2}, "geometry": {"type": "Polygon", "coordinates": [[[-118.3407869, 34.0233623], [-118.3408752, 34.0233723], [-118.3410553, 34.0233943], [-118.3410427, 34.0234657], [-118.3408628, 34.0234437], [-118.3407751, 34.0234337], [-118.3407869, 34.0233623]]]}}, {"type": "Feature", "properties": {"bin": 818, "start_m": 20450, "end_m": 20475, "median_score": 0.84, "hot_fraction": 0.0, "recordings": 5, "rides_rough": 0, "rides_covering": 3}, "geometry": {"type": "Polygon", "coordinates": [[[-118.3410552, 34.0233943], [-118.3413232, 34.0234263], [-118.3413108, 34.0234977], [-118.3410428, 34.0234657], [-118.3410552, 34.0233943]]]}}, {"type": "Feature", "properties": {"bin": 819, "start_m": 20475, "end_m": 20500, "median_score": 0.94, "hot_fraction": 0.14, "recordings": 7, "rides_rough": 1, "rides_covering": 4}, "geometry": {"type": "Polygon", "coordinates": [[[-118.3413233, 34.0234263], [-118.3415923, 34.0234593], [-118.3415797, 34.0235307], [-118.3413107, 34.0234977], [-118.3413233, 34.0234263]]]}}, {"type": "Feature", "properties": {"bin": 820, "start_m": 20500, "end_m": 20525, "median_score": 0.87, "hot_fraction": 0.0, "recordings": 4, "rides_rough": 0, "rides_covering": 3}, "geometry": {"type": "Polygon", "coordinates": [[[-118.3415922, 34.0234593], [-118.3418602, 34.0234913], [-118.3418478, 34.0235627], [-118.3415798, 34.0235307], [-118.3415922, 34.0234593]]]}}, {"type": "Feature", "properties": {"bin": 821, "start_m": 20525, "end_m": 20550, "median_score": 0.79, "hot_fraction": 0.0, "recordings": 2, "rides_rough": 0, "rides_covering": 1}, "geometry": {"type": "Polygon", "coordinates": [[[-118.3418603, 34.0234913], [-118.3420582, 34.0235153], [-118.3421279, 34.0235233], [-118.3421161, 34.0235947], [-118.3420458, 34.0235867], [-118.3418477, 34.0235627], [-118.3418603, 34.0234913]]]}}, {"type": "Feature", "properties": {"bin": 822, "start_m": 20550, "end_m": 20575, "median_score": 0.73, "hot_fraction": 0.0, "recordings": 4, "rides_rough": 0, "rides_covering": 2}, "geometry": {"type": "Polygon", "coordinates": [[[-118.3421282, 34.0235233], [-118.3423962, 34.0235553], [-118.3423838, 34.0236267], [-118.3421158, 34.0235947], [-118.3421282, 34.0235233]]]}}, {"type": "Feature", "properties": {"bin": 823, "start_m": 20575, "end_m": 20600, "median_score": 0.58, "hot_fraction": 0.0, "recordings": 5, "rides_rough": 0, "rides_covering": 3}, "geometry": {"type": "Polygon", "coordinates": [[[-118.3423962, 34.0235553], [-118.3426642, 34.0235873], [-118.3426518, 34.0236587], [-118.3423838, 34.0236267], [-118.3423962, 34.0235553]]]}}, {"type": "Feature", "properties": {"bin": 824, "start_m": 20600, "end_m": 20625, "median_score": 0.73, "hot_fraction": 0.0, "recordings": 5, "rides_rough": 0, "rides_covering": 2}, "geometry": {"type": "Polygon", "coordinates": [[[-118.3426641, 34.0235873], [-118.3429331, 34.0236193], [-118.3429209, 34.0236907], [-118.3426519, 34.0236587], [-118.3426641, 34.0235873]]]}}, {"type": "Feature", "properties": {"bin": 825, "start_m": 20625, "end_m": 20650, "median_score": 0.83, "hot_fraction": 0.0, "recordings": 8, "rides_rough": 0, "rides_covering": 3}, "geometry": {"type": "Polygon", "coordinates": [[[-118.3429332, 34.0236193], [-118.3432012, 34.0236513], [-118.3431888, 34.0237227], [-118.3429208, 34.0236907], [-118.3429332, 34.0236193]]]}}, {"type": "Feature", "properties": {"bin": 826, "start_m": 20650, "end_m": 20675, "median_score": 0.77, "hot_fraction": 0.0, "recordings": 5, "rides_rough": 0, "rides_covering": 2}, "geometry": {"type": "Polygon", "coordinates": [[[-118.3432014, 34.0236513], [-118.3432086, 34.0236522], [-118.3434695, 34.0236802], [-118.3434585, 34.0237518], [-118.3431974, 34.0237238], [-118.3431886, 34.0237227], [-118.3432014, 34.0236513]]]}}, {"type": "Feature", "properties": {"bin": 827, "start_m": 20675, "end_m": 20700, "median_score": 1.12, "hot_fraction": 0.0, "recordings": 8, "rides_rough": 0, "rides_covering": 3}, "geometry": {"type": "Polygon", "coordinates": [[[-118.3434696, 34.0236802], [-118.3437386, 34.0237092], [-118.3437274, 34.0237808], [-118.3434584, 34.0237518], [-118.3434696, 34.0236802]]]}}, {"type": "Feature", "properties": {"bin": 828, "start_m": 20700, "end_m": 20725, "median_score": 0.99, "hot_fraction": 0.0, "recordings": 7, "rides_rough": 0, "rides_covering": 3}, "geometry": {"type": "Polygon", "coordinates": [[[-118.3437384, 34.0237092], [-118.3440064, 34.0237372], [-118.3439956, 34.0238088], [-118.3437276, 34.0237808], [-118.3437384, 34.0237092]]]}}, {"type": "Feature", "properties": {"bin": 829, "start_m": 20725, "end_m": 20750, "median_score": 0.96, "hot_fraction": 0.0, "recordings": 3, "rides_rough": 0, "rides_covering": 1}, "geometry": {"type": "Polygon", "coordinates": [[[-118.3440066, 34.0237372], [-118.3442756, 34.0237662], [-118.3442644, 34.0238378], [-118.3439954, 34.0238088], [-118.3440066, 34.0237372]]]}}, {"type": "Feature", "properties": {"bin": 831, "start_m": 20775, "end_m": 20800, "median_score": 1.72, "hot_fraction": 0.5, "recordings": 2, "rides_rough": 1, "rides_covering": 1}, "geometry": {"type": "Polygon", "coordinates": [[[-118.3445444, 34.0237952], [-118.3448134, 34.0238232], [-118.3448026, 34.0238948], [-118.3445336, 34.0238668], [-118.3445444, 34.0237952]]]}}, {"type": "Feature", "properties": {"bin": 832, "start_m": 20800, "end_m": 20825, "median_score": 1.59, "hot_fraction": 0.2, "recordings": 5, "rides_rough": 1, "rides_covering": 3}, "geometry": {"type": "Polygon", "coordinates": [[[-118.3448136, 34.0238232], [-118.3450816, 34.0238522], [-118.3450704, 34.0239238], [-118.3448024, 34.0238948], [-118.3448136, 34.0238232]]]}}, {"type": "Feature", "properties": {"bin": 833, "start_m": 20825, "end_m": 20850, "median_score": 1.46, "hot_fraction": 0.0, "recordings": 6, "rides_rough": 0, "rides_covering": 4}, "geometry": {"type": "Polygon", "coordinates": [[[-118.3450816, 34.0238522], [-118.3453506, 34.0238812], [-118.3453394, 34.0239528], [-118.3450704, 34.0239238], [-118.3450816, 34.0238522]]]}}, {"type": "Feature", "properties": {"bin": 834, "start_m": 20850, "end_m": 20875, "median_score": 1.35, "hot_fraction": 0.17, "recordings": 6, "rides_rough": 1, "rides_covering": 4}, "geometry": {"type": "Polygon", "coordinates": [[[-118.3453503, 34.0238812], [-118.3454574, 34.0238922], [-118.3456194, 34.0239092], [-118.3456086, 34.0239808], [-118.3454466, 34.0239638], [-118.3453397, 34.0239528], [-118.3453503, 34.0238812]]]}}, {"type": "Feature", "properties": {"bin": 835, "start_m": 20875, "end_m": 20900, "median_score": 0.8, "hot_fraction": 0.0, "recordings": 2, "rides_rough": 0, "rides_covering": 2}, "geometry": {"type": "Polygon", "coordinates": [[[-118.3456192, 34.0239092], [-118.3457672, 34.0239242], [-118.3458881, 34.0239362], [-118.3458779, 34.0240078], [-118.3457568, 34.0239958], [-118.3456088, 34.0239808], [-118.3456192, 34.0239092]]]}}, {"type": "Feature", "properties": {"bin": 836, "start_m": 20900, "end_m": 20925, "median_score": 1.48, "hot_fraction": 0.5, "recordings": 2, "rides_rough": 1, "rides_covering": 2}, "geometry": {"type": "Polygon", "coordinates": [[[-118.3458882, 34.0239362], [-118.3461572, 34.0239632], [-118.3461468, 34.0240348], [-118.3458778, 34.0240078], [-118.3458882, 34.0239362]]]}}, {"type": "Feature", "properties": {"bin": 837, "start_m": 20925, "end_m": 20950, "median_score": 1.08, "hot_fraction": 0.2, "recordings": 5, "rides_rough": 1, "rides_covering": 3}, "geometry": {"type": "Polygon", "coordinates": [[[-118.3461572, 34.0239632], [-118.3464262, 34.0239902], [-118.3464158, 34.0240618], [-118.3461468, 34.0240348], [-118.3461572, 34.0239632]]]}}, {"type": "Feature", "properties": {"bin": 838, "start_m": 20950, "end_m": 20975, "median_score": 1.08, "hot_fraction": 0.2, "recordings": 5, "rides_rough": 1, "rides_covering": 3}, "geometry": {"type": "Polygon", "coordinates": [[[-118.3464262, 34.0239902], [-118.3466262, 34.0240102], [-118.3466953, 34.0240172], [-118.3466847, 34.0240888], [-118.3466158, 34.0240818], [-118.3464158, 34.0240618], [-118.3464262, 34.0239902]]]}}, {"type": "Feature", "properties": {"bin": 839, "start_m": 20975, "end_m": 21000, "median_score": 1.07, "hot_fraction": 0.4, "recordings": 5, "rides_rough": 2, "rides_covering": 3}, "geometry": {"type": "Polygon", "coordinates": [[[-118.3466952, 34.0240172], [-118.3469642, 34.0240442], [-118.3469538, 34.0241158], [-118.3466848, 34.0240888], [-118.3466952, 34.0240172]]]}}, {"type": "Feature", "properties": {"bin": 840, "start_m": 21000, "end_m": 21025, "median_score": 1.24, "hot_fraction": 0.17, "recordings": 6, "rides_rough": 1, "rides_covering": 4}, "geometry": {"type": "Polygon", "coordinates": [[[-118.346964, 34.0240442], [-118.347201, 34.0240672], [-118.3472329, 34.0240702], [-118.3472231, 34.0241418], [-118.347191, 34.0241388], [-118.346954, 34.0241158], [-118.346964, 34.0240442]]]}}, {"type": "Feature", "properties": {"bin": 841, "start_m": 21025, "end_m": 21050, "median_score": 0.86, "hot_fraction": 0.0, "recordings": 4, "rides_rough": 0, "rides_covering": 2}, "geometry": {"type": "Polygon", "coordinates": [[[-118.3472332, 34.0240702], [-118.3475022, 34.0240972], [-118.3474918, 34.0241688], [-118.3472228, 34.0241418], [-118.3472332, 34.0240702]]]}}, {"type": "Feature", "properties": {"bin": 842, "start_m": 21050, "end_m": 21075, "median_score": 0.78, "hot_fraction": 0.0, "recordings": 5, "rides_rough": 0, "rides_covering": 2}, "geometry": {"type": "Polygon", "coordinates": [[[-118.3475022, 34.0240972], [-118.3477712, 34.0241242], [-118.3477608, 34.0241958], [-118.3474918, 34.0241688], [-118.3475022, 34.0240972]]]}}, {"type": "Feature", "properties": {"bin": 843, "start_m": 21075, "end_m": 21100, "median_score": 1.05, "hot_fraction": 0.0, "recordings": 3, "rides_rough": 0, "rides_covering": 2}, "geometry": {"type": "Polygon", "coordinates": [[[-118.3477712, 34.0241242], [-118.3480392, 34.0241512], [-118.348035, 34.0241509], [-118.348035, 34.0242231], [-118.3480288, 34.0242228], [-118.3477608, 34.0241958], [-118.3477712, 34.0241242]]]}}, {"type": "Feature", "properties": {"bin": 844, "start_m": 21100, "end_m": 21125, "median_score": 1.07, "hot_fraction": 0.0, "recordings": 3, "rides_rough": 0, "rides_covering": 2}, "geometry": {"type": "Polygon", "coordinates": [[[-118.3480398, 34.0241512], [-118.3483098, 34.0241762], [-118.3483002, 34.0242478], [-118.3480302, 34.0242228], [-118.3480398, 34.0241512]]]}}, {"type": "Feature", "properties": {"bin": 845, "start_m": 21125, "end_m": 21150, "median_score": 1.15, "hot_fraction": 0.0, "recordings": 2, "rides_rough": 0, "rides_covering": 1}, "geometry": {"type": "Polygon", "coordinates": [[[-118.3483098, 34.0241762], [-118.3485788, 34.0242012], [-118.3485692, 34.0242728], [-118.3483002, 34.0242478], [-118.3483098, 34.0241762]]]}}, {"type": "Feature", "properties": {"bin": 846, "start_m": 21150, "end_m": 21175, "median_score": 0.74, "hot_fraction": 0.0, "recordings": 2, "rides_rough": 0, "rides_covering": 1}, "geometry": {"type": "Polygon", "coordinates": [[[-118.348579, 34.0242012], [-118.348848, 34.0242272], [-118.348838, 34.0242988], [-118.348569, 34.0242728], [-118.348579, 34.0242012]]]}}, {"type": "Feature", "properties": {"bin": 847, "start_m": 21175, "end_m": 21200, "median_score": 0.79, "hot_fraction": 0.0, "recordings": 3, "rides_rough": 0, "rides_covering": 2}, "geometry": {"type": "Polygon", "coordinates": [[[-118.3488478, 34.0242272], [-118.3491178, 34.0242522], [-118.3491082, 34.0243238], [-118.3488382, 34.0242988], [-118.3488478, 34.0242272]]]}}, {"type": "Feature", "properties": {"bin": 848, "start_m": 21200, "end_m": 21225, "median_score": 1.02, "hot_fraction": 0.0, "recordings": 4, "rides_rough": 0, "rides_covering": 2}, "geometry": {"type": "Polygon", "coordinates": [[[-118.3491177, 34.0242522], [-118.3491618, 34.0242562], [-118.3493868, 34.0242772], [-118.3493772, 34.0243488], [-118.3491522, 34.0243278], [-118.3491083, 34.0243238], [-118.3491177, 34.0242522]]]}}, {"type": "Feature", "properties": {"bin": 849, "start_m": 21225, "end_m": 21250, "median_score": 1.1, "hot_fraction": 0.0, "recordings": 4, "rides_rough": 0, "rides_covering": 2}, "geometry": {"type": "Polygon", "coordinates": [[[-118.3493866, 34.0242772], [-118.3496556, 34.0243012], [-118.3496464, 34.0243728], [-118.3493774, 34.0243488], [-118.3493866, 34.0242772]]]}}, {"type": "Feature", "properties": {"bin": 850, "start_m": 21250, "end_m": 21275, "median_score": 0.56, "hot_fraction": 0.0, "recordings": 4, "rides_rough": 0, "rides_covering": 2}, "geometry": {"type": "Polygon", "coordinates": [[[-118.3496558, 34.0243012], [-118.3499258, 34.0243262], [-118.3499162, 34.0243978], [-118.3496462, 34.0243728], [-118.3496558, 34.0243012]]]}}, {"type": "Feature", "properties": {"bin": 851, "start_m": 21275, "end_m": 21300, "median_score": 1.08, "hot_fraction": 0.0, "recordings": 3, "rides_rough": 0, "rides_covering": 2}, "geometry": {"type": "Polygon", "coordinates": [[[-118.3499257, 34.0243262], [-118.3500808, 34.0243402], [-118.350195, 34.0243512], [-118.350185, 34.0244228], [-118.3500712, 34.0244118], [-118.3499163, 34.0243978], [-118.3499257, 34.0243262]]]}}, {"type": "Feature", "properties": {"bin": 852, "start_m": 21300, "end_m": 21325, "median_score": 1.09, "hot_fraction": 0.0, "recordings": 3, "rides_rough": 0, "rides_covering": 2}, "geometry": {"type": "Polygon", "coordinates": [[[-118.3501948, 34.0243512], [-118.3504638, 34.0243762], [-118.3504542, 34.0244478], [-118.3501852, 34.0244228], [-118.3501948, 34.0243512]]]}}, {"type": "Feature", "properties": {"bin": 853, "start_m": 21325, "end_m": 21350, "median_score": 0.76, "hot_fraction": 0.0, "recordings": 4, "rides_rough": 0, "rides_covering": 2}, "geometry": {"type": "Polygon", "coordinates": [[[-118.3504638, 34.0243762], [-118.3507338, 34.0244012], [-118.3507242, 34.0244728], [-118.3504542, 34.0244478], [-118.3504638, 34.0243762]]]}}, {"type": "Feature", "properties": {"bin": 854, "start_m": 21350, "end_m": 21375, "median_score": 0.88, "hot_fraction": 0.0, "recordings": 4, "rides_rough": 0, "rides_covering": 2}, "geometry": {"type": "Polygon", "coordinates": [[[-118.3507337, 34.0244012], [-118.3508896, 34.0244152], [-118.3510026, 34.0244252], [-118.3509934, 34.0244968], [-118.3508804, 34.0244868], [-118.3507243, 34.0244728], [-118.3507337, 34.0244012]]]}}, {"type": "Feature", "properties": {"bin": 855, "start_m": 21375, "end_m": 21400, "median_score": 0.78, "hot_fraction": 0.0, "recordings": 5, "rides_rough": 0, "rides_covering": 3}, "geometry": {"type": "Polygon", "coordinates": [[[-118.3510028, 34.0244252], [-118.3512718, 34.0244502], [-118.3512622, 34.0245218], [-118.3509932, 34.0244968], [-118.3510028, 34.0244252]]]}}, {"type": "Feature", "properties": {"bin": 856, "start_m": 21400, "end_m": 21425, "median_score": 0.98, "hot_fraction": 0.0, "recordings": 5, "rides_rough": 0, "rides_covering": 3}, "geometry": {"type": "Polygon", "coordinates": [[[-118.3512718, 34.0244502], [-118.3515418, 34.0244752], [-118.3515322, 34.0245468], [-118.3512622, 34.0245218], [-118.3512718, 34.0244502]]]}}, {"type": "Feature", "properties": {"bin": 857, "start_m": 21425, "end_m": 21450, "median_score": 0.94, "hot_fraction": 0.0, "recordings": 6, "rides_rough": 0, "rides_covering": 3}, "geometry": {"type": "Polygon", "coordinates": [[[-118.3515416, 34.0244752], [-118.3518106, 34.0244992], [-118.3518014, 34.0245708], [-118.3515324, 34.0245468], [-118.3515416, 34.0244752]]]}}, {"type": "Feature", "properties": {"bin": 858, "start_m": 21450, "end_m": 21475, "median_score": 1.02, "hot_fraction": 0.0, "recordings": 5, "rides_rough": 0, "rides_covering": 3}, "geometry": {"type": "Polygon", "coordinates": [[[-118.3518108, 34.0244992], [-118.3520168, 34.0245182], [-118.3520799, 34.0245242], [-118.3520701, 34.0245958], [-118.3520072, 34.0245898], [-118.3518012, 34.0245708], [-118.3518108, 34.0244992]]]}}, {"type": "Feature", "properties": {"bin": 859, "start_m": 21475, "end_m": 21500, "median_score": 0.95, "hot_fraction": 0.0, "recordings": 7, "rides_rough": 0, "rides_covering": 3}, "geometry": {"type": "Polygon", "coordinates": [[[-118.3520798, 34.0245242], [-118.3523498, 34.0245492], [-118.3523402, 34.0246208], [-118.3520702, 34.0245958], [-118.3520798, 34.0245242]]]}}, {"type": "Feature", "properties": {"bin": 860, "start_m": 21500, "end_m": 21525, "median_score": 1.24, "hot_fraction": 0.0, "recordings": 7, "rides_rough": 0, "rides_covering": 4}, "geometry": {"type": "Polygon", "coordinates": [[[-118.3523498, 34.0245492], [-118.3526188, 34.0245742], [-118.3526092, 34.0246458], [-118.3523402, 34.0246208], [-118.3523498, 34.0245492]]]}}, {"type": "Feature", "properties": {"bin": 861, "start_m": 21525, "end_m": 21550, "median_score": 1.35, "hot_fraction": 0.0, "recordings": 7, "rides_rough": 0, "rides_covering": 4}, "geometry": {"type": "Polygon", "coordinates": [[[-118.3526186, 34.0245742], [-118.3528876, 34.0245982], [-118.3528784, 34.0246698], [-118.3526094, 34.0246458], [-118.3526186, 34.0245742]]]}}, {"type": "Feature", "properties": {"bin": 862, "start_m": 21550, "end_m": 21575, "median_score": 1.34, "hot_fraction": 0.0, "recordings": 4, "rides_rough": 0, "rides_covering": 3}, "geometry": {"type": "Polygon", "coordinates": [[[-118.3528881, 34.0245982], [-118.3529588, 34.0246052], [-118.3531577, 34.0246232], [-118.3531483, 34.0246948], [-118.3529492, 34.0246768], [-118.3528779, 34.0246698], [-118.3528881, 34.0245982]]]}}, {"type": "Feature", "properties": {"bin": 863, "start_m": 21575, "end_m": 21600, "median_score": 1.24, "hot_fraction": 0.0, "recordings": 2, "rides_rough": 0, "rides_covering": 1}, "geometry": {"type": "Polygon", "coordinates": [[[-118.3531578, 34.0246232], [-118.3534268, 34.0246482], [-118.3534172, 34.0247198], [-118.3531482, 34.0246948], [-118.3531578, 34.0246232]]]}}, {"type": "Feature", "properties": {"bin": 864, "start_m": 21600, "end_m": 21625, "median_score": 1.37, "hot_fraction": 0.0, "recordings": 2, "rides_rough": 0, "rides_covering": 1}, "geometry": {"type": "Polygon", "coordinates": [[[-118.3534266, 34.0246482], [-118.3536966, 34.0246722], [-118.3536874, 34.0247438], [-118.3534174, 34.0247198], [-118.3534266, 34.0246482]]]}}, {"type": "Feature", "properties": {"bin": 865, "start_m": 21625, "end_m": 21650, "median_score": 1.67, "hot_fraction": 0.0, "recordings": 2, "rides_rough": 0, "rides_covering": 1}, "geometry": {"type": "Polygon", "coordinates": [[[-118.3536968, 34.0246722], [-118.3539658, 34.0246972], [-118.3539562, 34.0247688], [-118.3536872, 34.0247438], [-118.3536968, 34.0246722]]]}}, {"type": "Feature", "properties": {"bin": 877, "start_m": 21925, "end_m": 21950, "median_score": 0.94, "hot_fraction": 0.0, "recordings": 1, "rides_rough": 0, "rides_covering": 1}, "geometry": {"type": "Polygon", "coordinates": [[[-118.3569278, 34.0249722], [-118.3571548, 34.0249932], [-118.3571978, 34.0249972], [-118.3571882, 34.0250688], [-118.3571452, 34.0250648], [-118.3569182, 34.0250438], [-118.3569278, 34.0249722]]]}}, {"type": "Feature", "properties": {"bin": 878, "start_m": 21950, "end_m": 21975, "median_score": 1.27, "hot_fraction": 0.0, "recordings": 2, "rides_rough": 0, "rides_covering": 1}, "geometry": {"type": "Polygon", "coordinates": [[[-118.3571982, 34.0249972], [-118.3574672, 34.0250242], [-118.3574568, 34.0250958], [-118.3571878, 34.0250688], [-118.3571982, 34.0249972]]]}}, {"type": "Feature", "properties": {"bin": 879, "start_m": 21975, "end_m": 22000, "median_score": 1.07, "hot_fraction": 0.0, "recordings": 1, "rides_rough": 0, "rides_covering": 1}, "geometry": {"type": "Polygon", "coordinates": [[[-118.357467, 34.0250242], [-118.3575918, 34.0250362], [-118.3577357, 34.0250492], [-118.3577263, 34.0251208], [-118.3575822, 34.0251078], [-118.357457, 34.0250958], [-118.357467, 34.0250242]]]}}, {"type": "Feature", "properties": {"bin": 880, "start_m": 22000, "end_m": 22025, "median_score": 0.99, "hot_fraction": 0.0, "recordings": 4, "rides_rough": 0, "rides_covering": 2}, "geometry": {"type": "Polygon", "coordinates": [[[-118.3577358, 34.0250492], [-118.3580048, 34.0250742], [-118.3579952, 34.0251458], [-118.3577262, 34.0251208], [-118.3577358, 34.0250492]]]}}, {"type": "Feature", "properties": {"bin": 881, "start_m": 22025, "end_m": 22050, "median_score": 1.14, "hot_fraction": 0.0, "recordings": 4, "rides_rough": 0, "rides_covering": 2}, "geometry": {"type": "Polygon", "coordinates": [[[-118.3580046, 34.0250742], [-118.3582746, 34.0250982], [-118.3582654, 34.0251698], [-118.3579954, 34.0251458], [-118.3580046, 34.0250742]]]}}, {"type": "Feature", "properties": {"bin": 882, "start_m": 22050, "end_m": 22075, "median_score": 1.48, "hot_fraction": 0.0, "recordings": 3, "rides_rough": 0, "rides_covering": 2}, "geometry": {"type": "Polygon", "coordinates": [[[-118.3582749, 34.0250982], [-118.3583708, 34.0251072], [-118.3585438, 34.0251232], [-118.3585342, 34.0251948], [-118.3583612, 34.0251788], [-118.3582651, 34.0251698], [-118.3582749, 34.0250982]]]}}, {"type": "Feature", "properties": {"bin": 883, "start_m": 22075, "end_m": 22100, "median_score": 0.51, "hot_fraction": 0.0, "recordings": 3, "rides_rough": 0, "rides_covering": 2}, "geometry": {"type": "Polygon", "coordinates": [[[-118.3585438, 34.0251232], [-118.3588128, 34.0251482], [-118.3588032, 34.0252198], [-118.3585342, 34.0251948], [-118.3585438, 34.0251232]]]}}, {"type": "Feature", "properties": {"bin": 884, "start_m": 22100, "end_m": 22125, "median_score": 1.21, "hot_fraction": 0.0, "recordings": 4, "rides_rough": 0, "rides_covering": 3}, "geometry": {"type": "Polygon", "coordinates": [[[-118.3588128, 34.0251482], [-118.3590828, 34.0251732], [-118.3590732, 34.0252448], [-118.3588032, 34.0252198], [-118.3588128, 34.0251482]]]}}, {"type": "Feature", "properties": {"bin": 885, "start_m": 22125, "end_m": 22150, "median_score": 1.5, "hot_fraction": 0.33, "recordings": 3, "rides_rough": 1, "rides_covering": 2}, "geometry": {"type": "Polygon", "coordinates": [[[-118.3590828, 34.0251732], [-118.3591798, 34.0251822], [-118.3593518, 34.0251982], [-118.3593422, 34.0252698], [-118.3591702, 34.0252538], [-118.3590732, 34.0252448], [-118.3590828, 34.0251732]]]}}, {"type": "Feature", "properties": {"bin": 886, "start_m": 22150, "end_m": 22175, "median_score": 1.17, "hot_fraction": 0.0, "recordings": 6, "rides_rough": 0, "rides_covering": 4}, "geometry": {"type": "Polygon", "coordinates": [[[-118.3593516, 34.0251982], [-118.3596206, 34.0252222], [-118.3596114, 34.0252938], [-118.3593424, 34.0252698], [-118.3593516, 34.0251982]]]}}, {"type": "Feature", "properties": {"bin": 887, "start_m": 22175, "end_m": 22200, "median_score": 0.89, "hot_fraction": 0.0, "recordings": 8, "rides_rough": 0, "rides_covering": 4}, "geometry": {"type": "Polygon", "coordinates": [[[-118.3596208, 34.0252222], [-118.3598908, 34.0252472], [-118.3598812, 34.0253188], [-118.3596112, 34.0252938], [-118.3596208, 34.0252222]]]}}, {"type": "Feature", "properties": {"bin": 888, "start_m": 22200, "end_m": 22225, "median_score": 1.4, "hot_fraction": 0.0, "recordings": 9, "rides_rough": 0, "rides_covering": 4}, "geometry": {"type": "Polygon", "coordinates": [[[-118.3598907, 34.0252472], [-118.3601116, 34.0252672], [-118.3601593, 34.0252711], [-118.3601507, 34.0253429], [-118.3601024, 34.0253388], [-118.3598813, 34.0253188], [-118.3598907, 34.0252472]]]}}, {"type": "Feature", "properties": {"bin": 889, "start_m": 22225, "end_m": 22250, "median_score": 1.49, "hot_fraction": 0.12, "recordings": 8, "rides_rough": 1, "rides_covering": 4}, "geometry": {"type": "Polygon", "coordinates": [[[-118.3601598, 34.0252712], [-118.3604288, 34.0252962], [-118.3604192, 34.0253678], [-118.3601502, 34.0253428], [-118.3601598, 34.0252712]]]}}, {"type": "Feature", "properties": {"bin": 890, "start_m": 22250, "end_m": 22275, "median_score": 1.19, "hot_fraction": 0.0, "recordings": 7, "rides_rough": 0, "rides_covering": 3}, "geometry": {"type": "Polygon", "coordinates": [[[-118.3604288, 34.0252962], [-118.3606988, 34.0253212], [-118.3606892, 34.0253928], [-118.3604192, 34.0253678], [-118.3604288, 34.0252962]]]}}, {"type": "Feature", "properties": {"bin": 891, "start_m": 22275, "end_m": 22300, "median_score": 1.32, "hot_fraction": 0.0, "recordings": 6, "rides_rough": 0, "rides_covering": 3}, "geometry": {"type": "Polygon", "coordinates": [[[-118.3606988, 34.0253212], [-118.3609678, 34.0253462], [-118.360963, 34.025382], [-118.360963, 34.025382], [-118.3609582, 34.0254178], [-118.3606892, 34.0253928], [-118.3606988, 34.0253212]]]}}, {"type": "Feature", "properties": {"bin": 892, "start_m": 22300, "end_m": 22325, "median_score": 1.04, "hot_fraction": 0.0, "recordings": 8, "rides_rough": 0, "rides_covering": 4}, "geometry": {"type": "Polygon", "coordinates": [[[-118.3609678, 34.0253462], [-118.3612368, 34.0253712], [-118.3612272, 34.0254428], [-118.3609582, 34.0254178], [-118.3609678, 34.0253462]]]}}, {"type": "Feature", "properties": {"bin": 893, "start_m": 22325, "end_m": 22350, "median_score": 0.97, "hot_fraction": 0.0, "recordings": 8, "rides_rough": 0, "rides_covering": 4}, "geometry": {"type": "Polygon", "coordinates": [[[-118.3612366, 34.0253712], [-118.3615066, 34.0253952], [-118.3614974, 34.0254668], [-118.3612274, 34.0254428], [-118.3612366, 34.0253712]]]}}, {"type": "Feature", "properties": {"bin": 894, "start_m": 22350, "end_m": 22375, "median_score": 0.86, "hot_fraction": 0.0, "recordings": 8, "rides_rough": 0, "rides_covering": 5}, "geometry": {"type": "Polygon", "coordinates": [[[-118.3615068, 34.0253952], [-118.3617758, 34.0254202], [-118.3617662, 34.0254918], [-118.3614972, 34.0254668], [-118.3615068, 34.0253952]]]}}, {"type": "Feature", "properties": {"bin": 895, "start_m": 22375, "end_m": 22400, "median_score": 0.94, "hot_fraction": 0.0, "recordings": 9, "rides_rough": 0, "rides_covering": 5}, "geometry": {"type": "Polygon", "coordinates": [[[-118.3617757, 34.0254202], [-118.3620306, 34.0254432], [-118.3620445, 34.0254441], [-118.3620375, 34.0255159], [-118.3620214, 34.0255148], [-118.3617663, 34.0254918], [-118.3617757, 34.0254202]]]}}, {"type": "Feature", "properties": {"bin": 896, "start_m": 22400, "end_m": 22425, "median_score": 1.01, "hot_fraction": 0.0, "recordings": 10, "rides_rough": 0, "rides_covering": 5}, "geometry": {"type": "Polygon", "coordinates": [[[-118.362046, 34.0254442], [-118.362315, 34.0254702], [-118.362305, 34.0255418], [-118.362036, 34.0255158], [-118.362046, 34.0254442]]]}}, {"type": "Feature", "properties": {"bin": 897, "start_m": 22425, "end_m": 22450, "median_score": 1.0, "hot_fraction": 0.0, "recordings": 8, "rides_rough": 0, "rides_covering": 5}, "geometry": {"type": "Polygon", "coordinates": [[[-118.362315, 34.0254702], [-118.362584, 34.0254962], [-118.362574, 34.0255678], [-118.362305, 34.0255418], [-118.362315, 34.0254702]]]}}, {"type": "Feature", "properties": {"bin": 898, "start_m": 22450, "end_m": 22475, "median_score": 1.78, "hot_fraction": 0.56, "recordings": 9, "rides_rough": 3, "rides_covering": 5}, "geometry": {"type": "Polygon", "coordinates": [[[-118.3625838, 34.0254962], [-118.3628528, 34.0255212], [-118.3628432, 34.0255928], [-118.3625742, 34.0255678], [-118.3625838, 34.0254962]]]}}, {"type": "Feature", "properties": {"bin": 899, "start_m": 22475, "end_m": 22500, "median_score": 1.17, "hot_fraction": 0.11, "recordings": 9, "rides_rough": 1, "rides_covering": 5}, "geometry": {"type": "Polygon", "coordinates": [[[-118.3628529, 34.0255212], [-118.3630522, 34.0255402], [-118.3631229, 34.0255483], [-118.3631111, 34.0256197], [-118.3630418, 34.0256118], [-118.3628431, 34.0255928], [-118.3628529, 34.0255212]]]}}, {"type": "Feature", "properties": {"bin": 900, "start_m": 22500, "end_m": 22525, "median_score": 0.92, "hot_fraction": 0.0, "recordings": 8, "rides_rough": 0, "rides_covering": 4}, "geometry": {"type": "Polygon", "coordinates": [[[-118.3631234, 34.0255483], [-118.3633914, 34.0255813], [-118.3633786, 34.0256527], [-118.3631106, 34.0256197], [-118.3631234, 34.0255483]]]}}, {"type": "Feature", "properties": {"bin": 901, "start_m": 22525, "end_m": 22550, "median_score": 1.14, "hot_fraction": 0.0, "recordings": 8, "rides_rough": 0, "rides_covering": 4}, "geometry": {"type": "Polygon", "coordinates": [[[-118.363391, 34.0255813], [-118.3635961, 34.0256053], [-118.3636604, 34.0256133], [-118.3636476, 34.0256847], [-118.3635839, 34.0256767], [-118.363379, 34.0256527], [-118.363391, 34.0255813]]]}}, {"type": "Feature", "properties": {"bin": 902, "start_m": 22550, "end_m": 22575, "median_score": 1.11, "hot_fraction": 0.0, "recordings": 9, "rides_rough": 0, "rides_covering": 4}, "geometry": {"type": "Polygon", "coordinates": [[[-118.3636602, 34.0256133], [-118.3639282, 34.0256453], [-118.3639158, 34.0257167], [-118.3636478, 34.0256847], [-118.3636602, 34.0256133]]]}}, {"type": "Feature", "properties": {"bin": 903, "start_m": 22575, "end_m": 22600, "median_score": 0.97, "hot_fraction": 0.0, "recordings": 9, "rides_rough": 0, "rides_covering": 4}, "geometry": {"type": "Polygon", "coordinates": [[[-118.3639284, 34.0256453], [-118.3641964, 34.0256783], [-118.3641836, 34.0257497], [-118.3639156, 34.0257167], [-118.3639284, 34.0256453]]]}}, {"type": "Feature", "properties": {"bin": 904, "start_m": 22600, "end_m": 22625, "median_score": 1.05, "hot_fraction": 0.0, "recordings": 9, "rides_rough": 0, "rides_covering": 4}, "geometry": {"type": "Polygon", "coordinates": [[[-118.3641963, 34.0256783], [-118.3644424, 34.0257083], [-118.364465, 34.0257114], [-118.364451, 34.0257826], [-118.3644296, 34.0257797], [-118.3641837, 34.0257497], [-118.3641963, 34.0256783]]]}}, {"type": "Feature", "properties": {"bin": 905, "start_m": 22625, "end_m": 22650, "median_score": 0.97, "hot_fraction": 0.0, "recordings": 9, "rides_rough": 0, "rides_covering": 5}, "geometry": {"type": "Polygon", "coordinates": [[[-118.3644644, 34.0257113], [-118.3647324, 34.0257443], [-118.3647196, 34.0258157], [-118.3644516, 34.0257827], [-118.3644644, 34.0257113]]]}}, {"type": "Feature", "properties": {"bin": 906, "start_m": 22650, "end_m": 22675, "median_score": 1.38, "hot_fraction": 0.0, "recordings": 10, "rides_rough": 0, "rides_covering": 5}, "geometry": {"type": "Polygon", "coordinates": [[[-118.3647324, 34.0257443], [-118.3650004, 34.0257773], [-118.3649876, 34.0258487], [-118.3647196, 34.0258157], [-118.3647324, 34.0257443]]]}}, {"type": "Feature", "properties": {"bin": 907, "start_m": 22675, "end_m": 22700, "median_score": 1.46, "hot_fraction": 0.2, "recordings": 10, "rides_rough": 2, "rides_covering": 5}, "geometry": {"type": "Polygon", "coordinates": [[[-118.3650003, 34.0257773], [-118.3652202, 34.0258043], [-118.3652674, 34.0258092], [-118.3652566, 34.0258808], [-118.3652078, 34.0258757], [-118.3649877, 34.0258487], [-118.3650003, 34.0257773]]]}}, {"type": "Feature", "properties": {"bin": 908, "start_m": 22700, "end_m": 22725, "median_score": 0.99, "hot_fraction": 0.11, "recordings": 9, "rides_rough": 1, "rides_covering": 5}, "geometry": {"type": "Polygon", "coordinates": [[[-118.365267, 34.0258092], [-118.365536, 34.0258352], [-118.365526, 34.0259068], [-118.365257, 34.0258808], [-118.365267, 34.0258092]]]}}, {"type": "Feature", "properties": {"bin": 909, "start_m": 22725, "end_m": 22750, "median_score": 1.07, "hot_fraction": 0.2, "recordings": 10, "rides_rough": 2, "rides_covering": 5}, "geometry": {"type": "Polygon", "coordinates": [[[-118.3655361, 34.0258352], [-118.3656972, 34.0258512], [-118.3658062, 34.0258622], [-118.3657958, 34.0259338], [-118.3656868, 34.0259228], [-118.3655259, 34.0259068], [-118.3655361, 34.0258352]]]}}, {"type": "Feature", "properties": {"bin": 910, "start_m": 22750, "end_m": 22775, "median_score": 1.27, "hot_fraction": 0.4, "recordings": 10, "rides_rough": 2, "rides_covering": 5}, "geometry": {"type": "Polygon", "coordinates": [[[-118.3658063, 34.0258622], [-118.3660212, 34.0258842], [-118.3660748, 34.0258892], [-118.3660652, 34.0259608], [-118.3660108, 34.0259558], [-118.3657957, 34.0259338], [-118.3658063, 34.0258622]]]}}, {"type": "Feature", "properties": {"bin": 911, "start_m": 22775, "end_m": 22800, "median_score": 1.45, "hot_fraction": 0.22, "recordings": 9, "rides_rough": 2, "rides_covering": 4}, "geometry": {"type": "Polygon", "coordinates": [[[-118.3660746, 34.0258892], [-118.3663436, 34.0259132], [-118.3663344, 34.0259848], [-118.3660654, 34.0259608], [-118.3660746, 34.0258892]]]}}, {"type": "Feature", "properties": {"bin": 912, "start_m": 22800, "end_m": 22825, "median_score": 1.6, "hot_fraction": 0.12, "recordings": 8, "rides_rough": 1, "rides_covering": 4}, "geometry": {"type": "Polygon", "coordinates": [[[-118.3663439, 34.0259132], [-118.3665028, 34.0259282], [-118.3666127, 34.0259382], [-118.3666033, 34.0260098], [-118.3664932, 34.0259998], [-118.3663341, 34.0259848], [-118.3663439, 34.0259132]]]}}, {"type": "Feature", "properties": {"bin": 913, "start_m": 22825, "end_m": 22850, "median_score": 1.83, "hot_fraction": 0.62, "recordings": 8, "rides_rough": 3, "rides_covering": 4}, "geometry": {"type": "Polygon", "coordinates": [[[-118.3666125, 34.0259381], [-118.3666584, 34.0259421], [-118.3668824, 34.0259611], [-118.3668736, 34.0260329], [-118.3666496, 34.0260139], [-118.3666035, 34.0260099], [-118.3666125, 34.0259381]]]}}, {"type": "Feature", "properties": {"bin": 914, "start_m": 22850, "end_m": 22875, "median_score": 1.66, "hot_fraction": 0.44, "recordings": 9, "rides_rough": 2, "rides_covering": 4}, "geometry": {"type": "Polygon", "coordinates": [[[-118.3668822, 34.0259611], [-118.3671522, 34.0259831], [-118.3671438, 34.0260549], [-118.3668738, 34.0260329], [-118.3668822, 34.0259611]]]}}, {"type": "Feature", "properties": {"bin": 915, "start_m": 22875, "end_m": 22900, "median_score": 1.08, "hot_fraction": 0.44, "recordings": 9, "rides_rough": 2, "rides_covering": 4}, "geometry": {"type": "Polygon", "coordinates": [[[-118.3671525, 34.0259831], [-118.3672551, 34.0259921], [-118.3674208, 34.0260041], [-118.3674132, 34.0260759], [-118.3672469, 34.0260639], [-118.3671435, 34.0260549], [-118.3671525, 34.0259831]]]}}, {"type": "Feature", "properties": {"bin": 916, "start_m": 22900, "end_m": 22925, "median_score": 1.17, "hot_fraction": 0.44, "recordings": 9, "rides_rough": 2, "rides_covering": 4}, "geometry": {"type": "Polygon", "coordinates": [[[-118.3674207, 34.0260041], [-118.3676907, 34.0260231], [-118.3676833, 34.0260949], [-118.3674133, 34.0260759], [-118.3674207, 34.0260041]]]}}, {"type": "Feature", "properties": {"bin": 917, "start_m": 22925, "end_m": 22950, "median_score": 1.12, "hot_fraction": 0.22, "recordings": 9, "rides_rough": 1, "rides_covering": 4}, "geometry": {"type": "Polygon", "coordinates": [[[-118.3676908, 34.0260231], [-118.3679608, 34.0260431], [-118.3679532, 34.0261149], [-118.3676832, 34.0260949], [-118.3676908, 34.0260231]]]}}, {"type": "Feature", "properties": {"bin": 918, "start_m": 22950, "end_m": 22975, "median_score": 1.16, "hot_fraction": 0.25, "recordings": 8, "rides_rough": 1, "rides_covering": 4}, "geometry": {"type": "Polygon", "coordinates": [[[-118.3679606, 34.0260431], [-118.3680478, 34.0260491], [-118.368231, 34.0260631], [-118.368223, 34.0261349], [-118.3680402, 34.0261209], [-118.3679534, 34.0261149], [-118.3679606, 34.0260431]]]}}, {"type": "Feature", "properties": {"bin": 919, "start_m": 22975, "end_m": 23000, "median_score": 1.44, "hot_fraction": 0.5, "recordings": 8, "rides_rough": 2, "rides_covering": 4}, "geometry": {"type": "Polygon", "coordinates": [[[-118.3682307, 34.0260631], [-118.3683727, 34.0260731], [-118.3685007, 34.0260821], [-118.3684933, 34.0261539], [-118.3683653, 34.0261449], [-118.3682233, 34.0261349], [-118.3682307, 34.0260631]]]}}, {"type": "Feature", "properties": {"bin": 920, "start_m": 23000, "end_m": 23025, "median_score": 1.08, "hot_fraction": 0.22, "recordings": 9, "rides_rough": 1, "rides_covering": 4}, "geometry": {"type": "Polygon", "coordinates": [[[-118.3685008, 34.0260821], [-118.3687708, 34.0261021], [-118.3687632, 34.0261739], [-118.3684932, 34.0261539], [-118.3685008, 34.0260821]]]}}, {"type": "Feature", "properties": {"bin": 921, "start_m": 23025, "end_m": 23050, "median_score": 1.2, "hot_fraction": 0.12, "recordings": 8, "rides_rough": 1, "rides_covering": 4}, "geometry": {"type": "Polygon", "coordinates": [[[-118.3687705, 34.0261021], [-118.3688158, 34.0261051], [-118.3690409, 34.0261221], [-118.3690331, 34.0261939], [-118.3688082, 34.0261769], [-118.3687635, 34.0261739], [-118.3687705, 34.0261021]]]}}, {"type": "Feature", "properties": {"bin": 922, "start_m": 23050, "end_m": 23075, "median_score": 1.17, "hot_fraction": 0.0, "recordings": 7, "rides_rough": 0, "rides_covering": 5}, "geometry": {"type": "Polygon", "coordinates": [[[-118.369041, 34.0261221], [-118.369311, 34.0261431], [-118.369303, 34.0262149], [-118.369033, 34.0261939], [-118.369041, 34.0261221]]]}}, {"type": "Feature", "properties": {"bin": 923, "start_m": 23075, "end_m": 23100, "median_score": 1.3, "hot_fraction": 0.0, "recordings": 3, "rides_rough": 0, "rides_covering": 2}, "geometry": {"type": "Polygon", "coordinates": [[[-118.3693111, 34.0261431], [-118.369575, 34.0261641], [-118.369577, 34.0261639], [-118.369577, 34.0262361], [-118.369567, 34.0262359], [-118.3693029, 34.0262149], [-118.3693111, 34.0261431]]]}}, {"type": "Feature", "properties": {"bin": 924, "start_m": 23100, "end_m": 23125, "median_score": 1.49, "hot_fraction": 0.0, "recordings": 4, "rides_rough": 0, "rides_covering": 3}, "geometry": {"type": "Polygon", "coordinates": [[[-118.3695811, 34.0261641], [-118.3698501, 34.0261851], [-118.3698419, 34.0262569], [-118.3695729, 34.0262359], [-118.3695811, 34.0261641]]]}}, {"type": "Feature", "properties": {"bin": 925, "start_m": 23125, "end_m": 23150, "median_score": 1.4, "hot_fraction": 0.0, "recordings": 3, "rides_rough": 0, "rides_covering": 2}, "geometry": {"type": "Polygon", "coordinates": [[[-118.36985, 34.0261851], [-118.37012, 34.0262061], [-118.370112, 34.0262779], [-118.369842, 34.0262569], [-118.36985, 34.0261851]]]}}, {"type": "Feature", "properties": {"bin": 926, "start_m": 23150, "end_m": 23175, "median_score": 1.29, "hot_fraction": 0.0, "recordings": 4, "rides_rough": 0, "rides_covering": 3}, "geometry": {"type": "Polygon", "coordinates": [[[-118.37012, 34.0262061], [-118.37039, 34.0262271], [-118.370382, 34.0262989], [-118.370112, 34.0262779], [-118.37012, 34.0262061]]]}}, {"type": "Feature", "properties": {"bin": 927, "start_m": 23175, "end_m": 23200, "median_score": 1.9, "hot_fraction": 0.8, "recordings": 5, "rides_rough": 3, "rides_covering": 4}, "geometry": {"type": "Polygon", "coordinates": [[[-118.37039, 34.0262271], [-118.370611, 34.0262441], [-118.3706602, 34.0262481], [-118.3706518, 34.0263199], [-118.370603, 34.0263159], [-118.370382, 34.0262989], [-118.37039, 34.0262271]]]}}, {"type": "Feature", "properties": {"bin": 928, "start_m": 23200, "end_m": 23225, "median_score": 1.96, "hot_fraction": 0.62, "recordings": 8, "rides_rough": 4, "rides_covering": 5}, "geometry": {"type": "Polygon", "coordinates": [[[-118.3706597, 34.0262481], [-118.3709297, 34.0262671], [-118.3709223, 34.0263389], [-118.3706523, 34.0263199], [-118.3706597, 34.0262481]]]}}, {"type": "Feature", "properties": {"bin": 929, "start_m": 23225, "end_m": 23250, "median_score": 2.0, "hot_fraction": 0.5, "recordings": 2, "rides_rough": 1, "rides_covering": 2}, "geometry": {"type": "Polygon", "coordinates": [[[-118.3709299, 34.0262671], [-118.3709972, 34.0262721], [-118.3712003, 34.0262891], [-118.3711917, 34.0263609], [-118.3709888, 34.0263439], [-118.3709221, 34.0263389], [-118.3709299, 34.0262671]]]}}, {"type": "Feature", "properties": {"bin": 930, "start_m": 23250, "end_m": 23275, "median_score": 0.69, "hot_fraction": 0.0, "recordings": 4, "rides_rough": 0, "rides_covering": 2}, "geometry": {"type": "Polygon", "coordinates": [[[-118.3712004, 34.0262891], [-118.3714694, 34.0263121], [-118.3714606, 34.0263839], [-118.3711916, 34.0263609], [-118.3712004, 34.0262891]]]}}, {"type": "Feature", "properties": {"bin": 931, "start_m": 23275, "end_m": 23300, "median_score": 0.61, "hot_fraction": 0.0, "recordings": 1, "rides_rough": 0, "rides_covering": 1}, "geometry": {"type": "Polygon", "coordinates": [[[-118.3714693, 34.0263121], [-118.3717202, 34.0263331], [-118.3717377, 34.026334], [-118.3717323, 34.026406], [-118.3717118, 34.0264049], [-118.3714607, 34.0263839], [-118.3714693, 34.0263121]]]}}, {"type": "Feature", "properties": {"bin": 932, "start_m": 23300, "end_m": 23325, "median_score": 0.66, "hot_fraction": 0.0, "recordings": 1, "rides_rough": 0, "rides_covering": 1}, "geometry": {"type": "Polygon", "coordinates": [[[-118.371739, 34.0263341], [-118.372009, 34.0263551], [-118.372001, 34.0264269], [-118.371731, 34.0264059], [-118.371739, 34.0263341]]]}}, {"type": "Feature", "properties": {"bin": 933, "start_m": 23325, "end_m": 23350, "median_score": 0.53, "hot_fraction": 0.0, "recordings": 1, "rides_rough": 0, "rides_covering": 1}, "geometry": {"type": "Polygon", "coordinates": [[[-118.3720087, 34.0263551], [-118.3720791, 34.0263601], [-118.3722782, 34.0263761], [-118.3722698, 34.0264479], [-118.3720709, 34.0264319], [-118.3720013, 34.0264269], [-118.3720087, 34.0263551]]]}}, {"type": "Feature", "properties": {"bin": 934, "start_m": 23350, "end_m": 23375, "median_score": 0.5, "hot_fraction": 0.0, "recordings": 1, "rides_rough": 0, "rides_covering": 1}, "geometry": {"type": "Polygon", "coordinates": [[[-118.3722782, 34.0263761], [-118.3725482, 34.0263981], [-118.3725398, 34.0264699], [-118.3722698, 34.0264479], [-118.3722782, 34.0263761]]]}}, {"type": "Feature", "properties": {"bin": 935, "start_m": 23375, "end_m": 23400, "median_score": 0.73, "hot_fraction": 0.0, "recordings": 1, "rides_rough": 0, "rides_covering": 1}, "geometry": {"type": "Polygon", "coordinates": [[[-118.3725484, 34.0263981], [-118.3727254, 34.0264131], [-118.3728185, 34.0264211], [-118.3728095, 34.0264929], [-118.3727166, 34.0264849], [-118.3725396, 34.0264699], [-118.3725484, 34.0263981]]]}}, {"type": "Feature", "properties": {"bin": 936, "start_m": 23400, "end_m": 23425, "median_score": 0.88, "hot_fraction": 0.0, "recordings": 2, "rides_rough": 0, "rides_covering": 2}, "geometry": {"type": "Polygon", "coordinates": [[[-118.3728186, 34.0264212], [-118.3730876, 34.0264452], [-118.3730784, 34.0265168], [-118.3728094, 34.0264928], [-118.3728186, 34.0264212]]]}}, {"type": "Feature", "properties": {"bin": 937, "start_m": 23425, "end_m": 23450, "median_score": 0.99, "hot_fraction": 0.0, "recordings": 3, "rides_rough": 0, "rides_covering": 2}, "geometry": {"type": "Polygon", "coordinates": [[[-118.3730875, 34.0264451], [-118.3732366, 34.0264582], [-118.3733577, 34.0264692], [-118.3733483, 34.0265408], [-118.3732274, 34.0265298], [-118.3730785, 34.0265169], [-118.3730875, 34.0264451]]]}}, {"type": "Feature", "properties": {"bin": 938, "start_m": 23450, "end_m": 23475, "median_score": 0.95, "hot_fraction": 0.0, "recordings": 6, "rides_rough": 0, "rides_covering": 4}, "geometry": {"type": "Polygon", "coordinates": [[[-118.373358, 34.0264692], [-118.373627, 34.0264952], [-118.373617, 34.0265668], [-118.373348, 34.0265408], [-118.373358, 34.0264692]]]}}, {"type": "Feature", "properties": {"bin": 939, "start_m": 23475, "end_m": 23500, "median_score": 0.85, "hot_fraction": 0.0, "recordings": 7, "rides_rough": 0, "rides_covering": 4}, "geometry": {"type": "Polygon", "coordinates": [[[-118.373627, 34.0264952], [-118.373896, 34.0265212], [-118.373886, 34.0265928], [-118.373617, 34.0265668], [-118.373627, 34.0264952]]]}}, {"type": "Feature", "properties": {"bin": 940, "start_m": 23500, "end_m": 23525, "median_score": 0.82, "hot_fraction": 0.0, "recordings": 6, "rides_rough": 0, "rides_covering": 4}, "geometry": {"type": "Polygon", "coordinates": [[[-118.3738958, 34.0265212], [-118.3741648, 34.0265462], [-118.3741552, 34.0266178], [-118.3738862, 34.0265928], [-118.3738958, 34.0265212]]]}}, {"type": "Feature", "properties": {"bin": 941, "start_m": 23525, "end_m": 23550, "median_score": 0.81, "hot_fraction": 0.0, "recordings": 9, "rides_rough": 0, "rides_covering": 5}, "geometry": {"type": "Polygon", "coordinates": [[[-118.3741673, 34.0265465], [-118.3741718, 34.0265472], [-118.3744347, 34.0265712], [-118.3744253, 34.0266428], [-118.3741622, 34.0266188], [-118.3741527, 34.0266175], [-118.3741673, 34.0265465]]]}}, {"type": "Feature", "properties": {"bin": 942, "start_m": 23550, "end_m": 23575, "median_score": 1.07, "hot_fraction": 0.0, "recordings": 8, "rides_rough": 0, "rides_covering": 5}, "geometry": {"type": "Polygon", "coordinates": [[[-118.3744348, 34.0265712], [-118.3747038, 34.0265962], [-118.3746942, 34.0266678], [-118.3744252, 34.0266428], [-118.3744348, 34.0265712]]]}}, {"type": "Feature", "properties": {"bin": 943, "start_m": 23575, "end_m": 23600, "median_score": 1.02, "hot_fraction": 0.0, "recordings": 8, "rides_rough": 0, "rides_covering": 5}, "geometry": {"type": "Polygon", "coordinates": [[[-118.3747038, 34.0265962], [-118.3749728, 34.0266212], [-118.3749632, 34.0266928], [-118.3746942, 34.0266678], [-118.3747038, 34.0265962]]]}}, {"type": "Feature", "properties": {"bin": 944, "start_m": 23600, "end_m": 23625, "median_score": 1.16, "hot_fraction": 0.1, "recordings": 10, "rides_rough": 1, "rides_covering": 5}, "geometry": {"type": "Polygon", "coordinates": [[[-118.3749729, 34.0266212], [-118.3752388, 34.0266462], [-118.375238, 34.0266459], [-118.375238, 34.0267181], [-118.3752292, 34.0267178], [-118.3749631, 34.0266928], [-118.3749729, 34.0266212]]]}}, {"type": "Feature", "properties": {"bin": 945, "start_m": 23625, "end_m": 23650, "median_score": 1.24, "hot_fraction": 0.22, "recordings": 9, "rides_rough": 1, "rides_covering": 5}, "geometry": {"type": "Polygon", "coordinates": [[[-118.3752428, 34.0266462], [-118.3755118, 34.0266712], [-118.3755022, 34.0267428], [-118.3752332, 34.0267178], [-118.3752428, 34.0266462]]]}}, {"type": "Feature", "properties": {"bin": 946, "start_m": 23650, "end_m": 23675, "median_score": 1.15, "hot_fraction": 0.0, "recordings": 9, "rides_rough": 0, "rides_covering": 5}, "geometry": {"type": "Polygon", "coordinates": [[[-118.3755113, 34.0266711], [-118.3755596, 34.0266752], [-118.3757807, 34.0266952], [-118.3757713, 34.0267668], [-118.3755504, 34.0267468], [-118.3755027, 34.0267429], [-118.3755113, 34.0266711]]]}}, {"type": "Feature", "properties": {"bin": 947, "start_m": 23675, "end_m": 23700, "median_score": 1.14, "hot_fraction": 0.11, "recordings": 9, "rides_rough": 1, "rides_covering": 5}, "geometry": {"type": "Polygon", "coordinates": [[[-118.3757808, 34.0266952], [-118.3760508, 34.0267202], [-118.3760412, 34.0267918], [-118.3757712, 34.0267668], [-118.3757808, 34.0266952]]]}}, {"type": "Feature", "properties": {"bin": 948, "start_m": 23700, "end_m": 23725, "median_score": 1.02, "hot_fraction": 0.0, "recordings": 8, "rides_rough": 0, "rides_covering": 5}, "geometry": {"type": "Polygon", "coordinates": [[[-118.3760509, 34.0267202], [-118.3761248, 34.0267272], [-118.3763198, 34.0267452], [-118.3763102, 34.0268168], [-118.3761152, 34.0267988], [-118.3760411, 34.0267918], [-118.3760509, 34.0267202]]]}}, {"type": "Feature", "properties": {"bin": 949, "start_m": 23725, "end_m": 23750, "median_score": 0.86, "hot_fraction": 0.0, "recordings": 10, "rides_rough": 0, "rides_covering": 5}, "geometry": {"type": "Polygon", "coordinates": [[[-118.37632, 34.0267452], [-118.376589, 34.0267712], [-118.376579, 34.0268428], [-118.37631, 34.0268168], [-118.37632, 34.0267452]]]}}, {"type": "Feature", "properties": {"bin": 950, "start_m": 23750, "end_m": 23775, "median_score": 0.88, "hot_fraction": 0.0, "recordings": 8, "rides_rough": 0, "rides_covering": 4}, "geometry": {"type": "Polygon", "coordinates": [[[-118.3765889, 34.0267712], [-118.3766212, 34.0267742], [-118.3768582, 34.0267982], [-118.3768478, 34.0268698], [-118.3766108, 34.0268458], [-118.3765791, 34.0268428], [-118.3765889, 34.0267712]]]}}, {"type": "Feature", "properties": {"bin": 951, "start_m": 23775, "end_m": 23800, "median_score": 1.11, "hot_fraction": 0.0, "recordings": 7, "rides_rough": 0, "rides_covering": 5}, "geometry": {"type": "Polygon", "coordinates": [[[-118.3768582, 34.0267982], [-118.3771272, 34.0268252], [-118.3771168, 34.0268968], [-118.3768478, 34.0268698], [-118.3768582, 34.0267982]]]}}, {"type": "Feature", "properties": {"bin": 952, "start_m": 23800, "end_m": 23825, "median_score": 1.68, "hot_fraction": 0.6, "recordings": 10, "rides_rough": 4, "rides_covering": 5}, "geometry": {"type": "Polygon", "coordinates": [[[-118.3771274, 34.0268252], [-118.3773964, 34.0268532], [-118.3773856, 34.0269248], [-118.3771166, 34.0268968], [-118.3771274, 34.0268252]]]}}, {"type": "Feature", "properties": {"bin": 953, "start_m": 23825, "end_m": 23850, "median_score": 1.65, "hot_fraction": 0.4, "recordings": 10, "rides_rough": 2, "rides_covering": 5}, "geometry": {"type": "Polygon", "coordinates": [[[-118.3773955, 34.0268531], [-118.3774192, 34.0268552], [-118.3776653, 34.0268802], [-118.3776547, 34.0269518], [-118.3774088, 34.0269268], [-118.3773865, 34.0269249], [-118.3773955, 34.0268531]]]}}, {"type": "Feature", "properties": {"bin": 954, "start_m": 23850, "end_m": 23875, "median_score": 1.07, "hot_fraction": 0.0, "recordings": 10, "rides_rough": 0, "rides_covering": 5}, "geometry": {"type": "Polygon", "coordinates": [[[-118.3776652, 34.0268802], [-118.3779342, 34.0269072], [-118.3779238, 34.0269788], [-118.3776548, 34.0269518], [-118.3776652, 34.0268802]]]}}, {"type": "Feature", "properties": {"bin": 955, "start_m": 23875, "end_m": 23900, "median_score": 0.85, "hot_fraction": 0.0, "recordings": 10, "rides_rough": 0, "rides_covering": 5}, "geometry": {"type": "Polygon", "coordinates": [[[-118.3779342, 34.0269072], [-118.3782032, 34.0269342], [-118.3781928, 34.0270058], [-118.3779238, 34.0269788], [-118.3779342, 34.0269072]]]}}, {"type": "Feature", "properties": {"bin": 956, "start_m": 23900, "end_m": 23925, "median_score": 0.98, "hot_fraction": 0.0, "recordings": 9, "rides_rough": 0, "rides_covering": 4}, "geometry": {"type": "Polygon", "coordinates": [[[-118.3782031, 34.0269342], [-118.3784582, 34.0269592], [-118.3784743, 34.0269615], [-118.3784597, 34.0270325], [-118.3784478, 34.0270308], [-118.3781929, 34.0270058], [-118.3782031, 34.0269342]]]}}, {"type": "Feature", "properties": {"bin": 957, "start_m": 23925, "end_m": 23950, "median_score": 0.96, "hot_fraction": 0.0, "recordings": 9, "rides_rough": 0, "rides_covering": 5}, "geometry": {"type": "Polygon", "coordinates": [[[-118.3784724, 34.0269612], [-118.3787414, 34.0269892], [-118.3787306, 34.0270608], [-118.3784616, 34.0270328], [-118.3784724, 34.0269612]]]}}, {"type": "Feature", "properties": {"bin": 958, "start_m": 23950, "end_m": 23975, "median_score": 1.07, "hot_fraction": 0.0, "recordings": 10, "rides_rough": 0, "rides_covering": 5}, "geometry": {"type": "Polygon", "coordinates": [[[-118.3787414, 34.0269892], [-118.3789614, 34.0270122], [-118.3790103, 34.0270172], [-118.3789997, 34.0270888], [-118.3789506, 34.0270838], [-118.3787306, 34.0270608], [-118.3787414, 34.0269892]]]}}, {"type": "Feature", "properties": {"bin": 959, "start_m": 23975, "end_m": 24000, "median_score": 1.37, "hot_fraction": 0.3, "recordings": 10, "rides_rough": 3, "rides_covering": 5}, "geometry": {"type": "Polygon", "coordinates": [[[-118.37901, 34.0270172], [-118.3791654, 34.0270321], [-118.3792786, 34.0270401], [-118.3792714, 34.0271119], [-118.3791566, 34.0271039], [-118.379, 34.0270888], [-118.37901, 34.0270172]]]}}, {"type": "Feature", "properties": {"bin": 960, "start_m": 24000, "end_m": 24025, "median_score": 1.21, "hot_fraction": 0.2, "recordings": 10, "rides_rough": 2, "rides_covering": 5}, "geometry": {"type": "Polygon", "coordinates": [[[-118.3792788, 34.0270401], [-118.3795139, 34.0270571], [-118.3795486, 34.0270601], [-118.3795394, 34.0271319], [-118.3795061, 34.0271289], [-118.3792712, 34.0271119], [-118.3792788, 34.0270401]]]}}, {"type": "Feature", "properties": {"bin": 961, "start_m": 24025, "end_m": 24050, "median_score": 1.0, "hot_fraction": 0.0, "recordings": 10, "rides_rough": 0, "rides_covering": 5}, "geometry": {"type": "Polygon", "coordinates": [[[-118.379549, 34.0270602], [-118.379819, 34.0270862], [-118.379809, 34.0271578], [-118.379539, 34.0271318], [-118.379549, 34.0270602]]]}}, {"type": "Feature", "properties": {"bin": 962, "start_m": 24050, "end_m": 24075, "median_score": 1.22, "hot_fraction": 0.0, "recordings": 9, "rides_rough": 0, "rides_covering": 4}, "geometry": {"type": "Polygon", "coordinates": [[[-118.379819, 34.0270862], [-118.380088, 34.0271122], [-118.380078, 34.0271838], [-118.379809, 34.0271578], [-118.379819, 34.0270862]]]}}, {"type": "Feature", "properties": {"bin": 963, "start_m": 24075, "end_m": 24100, "median_score": 1.82, "hot_fraction": 0.6, "recordings": 10, "rides_rough": 3, "rides_covering": 5}, "geometry": {"type": "Polygon", "coordinates": [[[-118.3800931, 34.0271129], [-118.3800928, 34.0271132], [-118.3803567, 34.0271372], [-118.3803473, 34.0272088], [-118.3800832, 34.0271848], [-118.3800729, 34.0271831], [-118.3800931, 34.0271129]]]}}, {"type": "Feature", "properties": {"bin": 964, "start_m": 24100, "end_m": 24125, "median_score": 1.47, "hot_fraction": 0.1, "recordings": 10, "rides_rough": 1, "rides_covering": 5}, "geometry": {"type": "Polygon", "coordinates": [[[-118.3803565, 34.0271371], [-118.3804606, 34.0271462], [-118.3806267, 34.0271612], [-118.3806173, 34.0272328], [-118.3804514, 34.0272178], [-118.3803475, 34.0272089], [-118.3803565, 34.0271371]]]}}, {"type": "Feature", "properties": {"bin": 965, "start_m": 24125, "end_m": 24150, "median_score": 1.4, "hot_fraction": 0.2, "recordings": 10, "rides_rough": 1, "rides_covering": 5}, "geometry": {"type": "Polygon", "coordinates": [[[-118.3806268, 34.0271612], [-118.3808958, 34.0271862], [-118.3808862, 34.0272578], [-118.3806172, 34.0272328], [-118.3806268, 34.0271612]]]}}, {"type": "Feature", "properties": {"bin": 966, "start_m": 24150, "end_m": 24175, "median_score": 1.57, "hot_fraction": 0.5, "recordings": 10, "rides_rough": 3, "rides_covering": 5}, "geometry": {"type": "Polygon", "coordinates": [[[-118.3808958, 34.0271862], [-118.3811648, 34.0272112], [-118.3811552, 34.0272828], [-118.3808862, 34.0272578], [-118.3808958, 34.0271862]]]}}, {"type": "Feature", "properties": {"bin": 967, "start_m": 24175, "end_m": 24200, "median_score": 1.44, "hot_fraction": 0.0, "recordings": 10, "rides_rough": 0, "rides_covering": 5}, "geometry": {"type": "Polygon", "coordinates": [[[-118.3811648, 34.0272112], [-118.3814338, 34.0272362], [-118.3814242, 34.0273078], [-118.3811552, 34.0272828], [-118.3811648, 34.0272112]]]}}, {"type": "Feature", "properties": {"bin": 968, "start_m": 24200, "end_m": 24225, "median_score": 0.8, "hot_fraction": 0.0, "recordings": 10, "rides_rough": 0, "rides_covering": 5}, "geometry": {"type": "Polygon", "coordinates": [[[-118.3814338, 34.0272362], [-118.3817038, 34.0272612], [-118.3816942, 34.0273328], [-118.3814242, 34.0273078], [-118.3814338, 34.0272362]]]}}, {"type": "Feature", "properties": {"bin": 969, "start_m": 24225, "end_m": 24250, "median_score": 0.85, "hot_fraction": 0.0, "recordings": 10, "rides_rough": 0, "rides_covering": 5}, "geometry": {"type": "Polygon", "coordinates": [[[-118.3817039, 34.0272612], [-118.3818514, 34.0272752], [-118.3819739, 34.0272893], [-118.3819621, 34.0273607], [-118.3818406, 34.0273468], [-118.3816941, 34.0273328], [-118.3817039, 34.0272612]]]}}, {"type": "Feature", "properties": {"bin": 970, "start_m": 24250, "end_m": 24275, "median_score": 0.92, "hot_fraction": 0.0, "recordings": 10, "rides_rough": 0, "rides_covering": 5}, "geometry": {"type": "Polygon", "coordinates": [[[-118.3819736, 34.0272892], [-118.3822416, 34.0273182], [-118.3822304, 34.0273898], [-118.3819624, 34.0273608], [-118.3819736, 34.0272892]]]}}, {"type": "Feature", "properties": {"bin": 971, "start_m": 24275, "end_m": 24300, "median_score": 1.0, "hot_fraction": 0.0, "recordings": 8, "rides_rough": 0, "rides_covering": 5}, "geometry": {"type": "Polygon", "coordinates": [[[-118.3822418, 34.0273183], [-118.382402, 34.0273363], [-118.3825112, 34.0273493], [-118.3824988, 34.0274207], [-118.38239, 34.0274077], [-118.3822302, 34.0273897], [-118.3822418, 34.0273183]]]}}, {"type": "Feature", "properties": {"bin": 972, "start_m": 24300, "end_m": 24325, "median_score": 1.09, "hot_fraction": 0.0, "recordings": 6, "rides_rough": 0, "rides_covering": 3}, "geometry": {"type": "Polygon", "coordinates": [[[-118.382511, 34.0273493], [-118.382779, 34.0273803], [-118.382767, 34.0274517], [-118.382499, 34.0274207], [-118.382511, 34.0273493]]]}}, {"type": "Feature", "properties": {"bin": 973, "start_m": 24325, "end_m": 24350, "median_score": 1.06, "hot_fraction": 0.0, "recordings": 7, "rides_rough": 0, "rides_covering": 4}, "geometry": {"type": "Polygon", "coordinates": [[[-118.3827789, 34.0273803], [-118.382989, 34.0274043], [-118.3830481, 34.0274113], [-118.3830359, 34.0274827], [-118.382977, 34.0274757], [-118.3827671, 34.0274517], [-118.3827789, 34.0273803]]]}}, {"type": "Feature", "properties": {"bin": 974, "start_m": 24350, "end_m": 24375, "median_score": 1.49, "hot_fraction": 0.0, "recordings": 7, "rides_rough": 0, "rides_covering": 4}, "geometry": {"type": "Polygon", "coordinates": [[[-118.3830478, 34.0274113], [-118.3833158, 34.0274413], [-118.3833042, 34.0275127], [-118.3830362, 34.0274827], [-118.3830478, 34.0274113]]]}}, {"type": "Feature", "properties": {"bin": 975, "start_m": 24375, "end_m": 24400, "median_score": 1.11, "hot_fraction": 0.0, "recordings": 7, "rides_rough": 0, "rides_covering": 4}, "geometry": {"type": "Polygon", "coordinates": [[[-118.383316, 34.0274413], [-118.383585, 34.0274723], [-118.383573, 34.0275437], [-118.383304, 34.0275127], [-118.383316, 34.0274413]]]}}, {"type": "Feature", "properties": {"bin": 976, "start_m": 24400, "end_m": 24425, "median_score": 1.77, "hot_fraction": 0.56, "recordings": 9, "rides_rough": 3, "rides_covering": 5}, "geometry": {"type": "Polygon", "coordinates": [[[-118.383585, 34.0274723], [-118.383853, 34.0275033], [-118.383841, 34.0275747], [-118.383573, 34.0275437], [-118.383585, 34.0274723]]]}}, {"type": "Feature", "properties": {"bin": 977, "start_m": 24425, "end_m": 24450, "median_score": 2.04, "hot_fraction": 0.8, "recordings": 10, "rides_rough": 4, "rides_covering": 5}, "geometry": {"type": "Polygon", "coordinates": [[[-118.3838526, 34.0275033], [-118.3839434, 34.0275131], [-118.3841208, 34.0275261], [-118.3841132, 34.0275979], [-118.3839346, 34.0275849], [-118.3838414, 34.0275747], [-118.3838526, 34.0275033]]]}}, {"type": "Feature", "properties": {"bin": 978, "start_m": 24450, "end_m": 24475, "median_score": 0.97, "hot_fraction": 0.11, "recordings": 9, "rides_rough": 1, "rides_covering": 5}, "geometry": {"type": "Polygon", "coordinates": [[[-118.3841208, 34.0275261], [-118.3843908, 34.0275461], [-118.3843832, 34.0276179], [-118.3841132, 34.0275979], [-118.3841208, 34.0275261]]]}}, {"type": "Feature", "properties": {"bin": 979, "start_m": 24475, "end_m": 24500, "median_score": 0.75, "hot_fraction": 0.0, "recordings": 9, "rides_rough": 0, "rides_covering": 5}, "geometry": {"type": "Polygon", "coordinates": [[[-118.3843907, 34.0275461], [-118.3846597, 34.0275651], [-118.3846523, 34.0276369], [-118.3843833, 34.0276179], [-118.3843907, 34.0275461]]]}}, {"type": "Feature", "properties": {"bin": 980, "start_m": 24500, "end_m": 24525, "median_score": 0.73, "hot_fraction": 0.0, "recordings": 9, "rides_rough": 0, "rides_covering": 5}, "geometry": {"type": "Polygon", "coordinates": [[[-118.3846601, 34.0275651], [-118.3847108, 34.0275691], [-118.3849298, 34.0275851], [-118.3849222, 34.0276569], [-118.3847032, 34.0276409], [-118.3846519, 34.0276369], [-118.3846601, 34.0275651]]]}}, {"type": "Feature", "properties": {"bin": 981, "start_m": 24525, "end_m": 24550, "median_score": 0.87, "hot_fraction": 0.0, "recordings": 8, "rides_rough": 0, "rides_covering": 4}, "geometry": {"type": "Polygon", "coordinates": [[[-118.3849297, 34.0275851], [-118.3851997, 34.0276041], [-118.3851923, 34.0276759], [-118.3849223, 34.0276569], [-118.3849297, 34.0275851]]]}}, {"type": "Feature", "properties": {"bin": 982, "start_m": 24550, "end_m": 24575, "median_score": 0.75, "hot_fraction": 0.0, "recordings": 8, "rides_rough": 0, "rides_covering": 4}, "geometry": {"type": "Polygon", "coordinates": [[[-118.3851997, 34.0276041], [-118.3854107, 34.0276191], [-118.3854695, 34.0276231], [-118.3854625, 34.0276949], [-118.3854033, 34.0276909], [-118.3851923, 34.0276759], [-118.3851997, 34.0276041]]]}}, {"type": "Feature", "properties": {"bin": 983, "start_m": 24575, "end_m": 24600, "median_score": 0.87, "hot_fraction": 0.0, "recordings": 7, "rides_rough": 0, "rides_covering": 4}, "geometry": {"type": "Polygon", "coordinates": [[[-118.3854693, 34.027623], [-118.3857403, 34.02764], [-118.3857337, 34.027712], [-118.3854627, 34.027695], [-118.3854693, 34.027623]]]}}, {"type": "Feature", "properties": {"bin": 984, "start_m": 24600, "end_m": 24625, "median_score": 0.97, "hot_fraction": 0.0, "recordings": 8, "rides_rough": 0, "rides_covering": 4}, "geometry": {"type": "Polygon", "coordinates": [[[-118.3857403, 34.0276401], [-118.3860103, 34.0276571], [-118.3860037, 34.0277289], [-118.3857337, 34.0277119], [-118.3857403, 34.0276401]]]}}, {"type": "Feature", "properties": {"bin": 985, "start_m": 24625, "end_m": 24650, "median_score": 1.02, "hot_fraction": 0.0, "recordings": 7, "rides_rough": 0, "rides_covering": 4}, "geometry": {"type": "Polygon", "coordinates": [[[-118.3860101, 34.027657], [-118.3861283, 34.0276641], [-118.3862804, 34.0276741], [-118.3862736, 34.0277459], [-118.3861217, 34.0277359], [-118.3860039, 34.027729], [-118.3860101, 34.027657]]]}}, {"type": "Feature", "properties": {"bin": 986, "start_m": 24650, "end_m": 24675, "median_score": 1.04, "hot_fraction": 0.0, "recordings": 8, "rides_rough": 0, "rides_covering": 4}, "geometry": {"type": "Polygon", "coordinates": [[[-118.3862805, 34.0276741], [-118.3865505, 34.0276921], [-118.3865435, 34.0277639], [-118.3862735, 34.0277459], [-118.3862805, 34.0276741]]]}}, {"type": "Feature", "properties": {"bin": 987, "start_m": 24675, "end_m": 24700, "median_score": 0.99, "hot_fraction": 0.0, "recordings": 8, "rides_rough": 0, "rides_covering": 4}, "geometry": {"type": "Polygon", "coordinates": [[[-118.3865505, 34.0276921], [-118.3868205, 34.0277101], [-118.3868135, 34.0277819], [-118.3865435, 34.0277639], [-118.3865505, 34.0276921]]]}}, {"type": "Feature", "properties": {"bin": 988, "start_m": 24700, "end_m": 24725, "median_score": 1.21, "hot_fraction": 0.0, "recordings": 7, "rides_rough": 0, "rides_covering": 4}, "geometry": {"type": "Polygon", "coordinates": [[[-118.3868207, 34.0277101], [-118.386949, 34.0277191], [-118.3870914, 34.0277311], [-118.3870826, 34.0278029], [-118.386941, 34.0277909], [-118.3868133, 34.0277819], [-118.3868207, 34.0277101]]]}}, {"type": "Feature", "properties": {"bin": 989, "start_m": 24725, "end_m": 24750, "median_score": 0.91, "hot_fraction": 0.0, "recordings": 7, "rides_rough": 0, "rides_covering": 4}, "geometry": {"type": "Polygon", "coordinates": [[[-118.3870914, 34.0277311], [-118.3873614, 34.0277541], [-118.3873526, 34.0278259], [-118.3870826, 34.0278029], [-118.3870914, 34.0277311]]]}}, {"type": "Feature", "properties": {"bin": 990, "start_m": 24750, "end_m": 24775, "median_score": 0.78, "hot_fraction": 0.0, "recordings": 6, "rides_rough": 0, "rides_covering": 4}, "geometry": {"type": "Polygon", "coordinates": [[[-118.3873616, 34.0277542], [-118.3876306, 34.0277782], [-118.3876214, 34.0278498], [-118.3873524, 34.0278258], [-118.3873616, 34.0277542]]]}}, {"type": "Feature", "properties": {"bin": 991, "start_m": 24775, "end_m": 24800, "median_score": 0.91, "hot_fraction": 0.0, "recordings": 5, "rides_rough": 0, "rides_covering": 3}, "geometry": {"type": "Polygon", "coordinates": [[[-118.3876304, 34.0277781], [-118.3879004, 34.0278011], [-118.3878916, 34.0278729], [-118.3876216, 34.0278499], [-118.3876304, 34.0277781]]]}}, {"type": "Feature", "properties": {"bin": 992, "start_m": 24800, "end_m": 24825, "median_score": 0.83, "hot_fraction": 0.0, "recordings": 4, "rides_rough": 0, "rides_covering": 3}, "geometry": {"type": "Polygon", "coordinates": [[[-118.3878997, 34.0278011], [-118.3879146, 34.0278022], [-118.3881697, 34.0278252], [-118.3881603, 34.0278968], [-118.3879054, 34.0278738], [-118.3878923, 34.0278729], [-118.3878997, 34.0278011]]]}}, {"type": "Feature", "properties": {"bin": 993, "start_m": 24825, "end_m": 24850, "median_score": 0.85, "hot_fraction": 0.0, "recordings": 2, "rides_rough": 0, "rides_covering": 1}, "geometry": {"type": "Polygon", "coordinates": [[[-118.3881696, 34.0278252], [-118.3884396, 34.0278492], [-118.3884304, 34.0279208], [-118.3881604, 34.0278968], [-118.3881696, 34.0278252]]]}}, {"type": "Feature", "properties": {"bin": 994, "start_m": 24850, "end_m": 24875, "median_score": 0.75, "hot_fraction": 0.0, "recordings": 2, "rides_rough": 0, "rides_covering": 1}, "geometry": {"type": "Polygon", "coordinates": [[[-118.3884396, 34.0278492], [-118.3887086, 34.0278732], [-118.3886994, 34.0279448], [-118.3884304, 34.0279208], [-118.3884396, 34.0278492]]]}}]}