{"type": "FeatureCollection", "features": [{"type": "Feature", "properties": {"bin": 610, "start_m": 15250, "end_m": 15275, "median_score": 3.42, "hot_fraction": 1.0, "recordings": 1, "rides_rough": 1, "rides_covering": 1}, "geometry": {"type": "LineString", "coordinates": [[-118.2854, 34.018256], [-118.285403, 34.018256], [-118.285671, 34.018256]]}}, {"type": "Feature", "properties": {"bin": 611, "start_m": 15275, "end_m": 15300, "median_score": 0.9, "hot_fraction": 0.0, "recordings": 1, "rides_rough": 0, "rides_covering": 1}, "geometry": {"type": "LineString", "coordinates": [[-118.285671, 34.018256], [-118.285707, 34.018256], [-118.285942, 34.018254]]}}, {"type": "Feature", "properties": {"bin": 612, "start_m": 15300, "end_m": 15325, "median_score": 0.96, "hot_fraction": 0.0, "recordings": 1, "rides_rough": 0, "rides_covering": 1}, "geometry": {"type": "LineString", "coordinates": [[-118.285942, 34.018254], [-118.286212, 34.018253]]}}, {"type": "Feature", "properties": {"bin": 613, "start_m": 15325, "end_m": 15350, "median_score": 0.97, "hot_fraction": 0.0, "recordings": 2, "rides_rough": 0, "rides_covering": 2}, "geometry": {"type": "LineString", "coordinates": [[-118.286212, 34.018253], [-118.286473, 34.018251], [-118.286483, 34.018251]]}}, {"type": "Feature", "properties": {"bin": 614, "start_m": 15350, "end_m": 15375, "median_score": 1.0, "hot_fraction": 0.0, "recordings": 3, "rides_rough": 0, "rides_covering": 2}, "geometry": {"type": "LineString", "coordinates": [[-118.286483, 34.018251], [-118.286754, 34.018252]]}}, {"type": "Feature", "properties": {"bin": 615, "start_m": 15375, "end_m": 15400, "median_score": 1.22, "hot_fraction": 0.33, "recordings": 3, "rides_rough": 1, "rides_covering": 2}, "geometry": {"type": "LineString", "coordinates": [[-118.286754, 34.018252], [-118.287025, 34.018253]]}}, {"type": "Feature", "properties": {"bin": 616, "start_m": 15400, "end_m": 15425, "median_score": 1.73, "hot_fraction": 0.0, "recordings": 3, "rides_rough": 0, "rides_covering": 2}, "geometry": {"type": "LineString", "coordinates": [[-118.287025, 34.018253], [-118.287187, 34.018253], [-118.287296, 34.018254]]}}, {"type": "Feature", "properties": {"bin": 617, "start_m": 15425, "end_m": 15450, "median_score": 1.96, "hot_fraction": 0.6, "recordings": 5, "rides_rough": 2, "rides_covering": 4}, "geometry": {"type": "LineString", "coordinates": [[-118.287296, 34.018254], [-118.287567, 34.018255]]}}, {"type": "Feature", "properties": {"bin": 618, "start_m": 15450, "end_m": 15475, "median_score": 1.38, "hot_fraction": 0.25, "recordings": 4, "rides_rough": 1, "rides_covering": 3}, "geometry": {"type": "LineString", "coordinates": [[-118.287567, 34.018255], [-118.287838, 34.018257]]}}, {"type": "Feature", "properties": {"bin": 619, "start_m": 15475, "end_m": 15500, "median_score": 1.08, "hot_fraction": 0.0, "recordings": 3, "rides_rough": 0, "rides_covering": 3}, "geometry": {"type": "LineString", "coordinates": [[-118.287838, 34.018257], [-118.287874, 34.018257], [-118.288109, 34.018258]]}}, {"type": "Feature", "properties": {"bin": 620, "start_m": 15500, "end_m": 15525, "median_score": 2.03, "hot_fraction": 0.83, "recordings": 6, "rides_rough": 3, "rides_covering": 4}, "geometry": {"type": "LineString", "coordinates": [[-118.288109, 34.018258], [-118.28838, 34.018259]]}}, {"type": "Feature", "properties": {"bin": 621, "start_m": 15525, "end_m": 15550, "median_score": 1.9, "hot_fraction": 0.5, "recordings": 6, "rides_rough": 2, "rides_covering": 4}, "geometry": {"type": "LineString", "coordinates": [[-118.28838, 34.018259], [-118.288651, 34.01826]]}}, {"type": "Feature", "properties": {"bin": 622, "start_m": 15550, "end_m": 15575, "median_score": 2.38, "hot_fraction": 0.8, "recordings": 5, "rides_rough": 3, "rides_covering": 3}, "geometry": {"type": "LineString", "coordinates": [[-118.288651, 34.01826], [-118.288668, 34.01826], [-118.288922, 34.01826]]}}, {"type": "Feature", "properties": {"bin": 623, "start_m": 15575, "end_m": 15600, "median_score": 1.37, "hot_fraction": 0.2, "recordings": 5, "rides_rough": 1, "rides_covering": 4}, "geometry": {"type": "LineString", "coordinates": [[-118.288922, 34.01826], [-118.289193, 34.018261]]}}, {"type": "Feature", "properties": {"bin": 624, "start_m": 15600, "end_m": 15625, "median_score": 1.17, "hot_fraction": 0.25, "recordings": 4, "rides_rough": 1, "rides_covering": 2}, "geometry": {"type": "LineString", "coordinates": [[-118.289193, 34.018261], [-118.28927, 34.018261], [-118.289464, 34.018261]]}}, {"type": "Feature", "properties": {"bin": 625, "start_m": 15625, "end_m": 15650, "median_score": 1.05, "hot_fraction": 0.0, "recordings": 2, "rides_rough": 0, "rides_covering": 2}, "geometry": {"type": "LineString", "coordinates": [[-118.289464, 34.018261], [-118.289735, 34.01826]]}}, {"type": "Feature", "properties": {"bin": 626, "start_m": 15650, "end_m": 15675, "median_score": 1.59, "hot_fraction": 0.5, "recordings": 2, "rides_rough": 1, "rides_covering": 2}, "geometry": {"type": "LineString", "coordinates": [[-118.289735, 34.01826], [-118.290006, 34.01826]]}}, {"type": "Feature", "properties": {"bin": 627, "start_m": 15675, "end_m": 15700, "median_score": 1.03, "hot_fraction": 0.0, "recordings": 1, "rides_rough": 0, "rides_covering": 1}, "geometry": {"type": "LineString", "coordinates": [[-118.290006, 34.01826], [-118.290126, 34.01826], [-118.290277, 34.01826]]}}, {"type": "Feature", "properties": {"bin": 628, "start_m": 15700, "end_m": 15725, "median_score": 1.35, "hot_fraction": 0.0, "recordings": 1, "rides_rough": 0, "rides_covering": 1}, "geometry": {"type": "LineString", "coordinates": [[-118.290277, 34.01826], [-118.290548, 34.018261]]}}, {"type": "Feature", "properties": {"bin": 629, "start_m": 15725, "end_m": 15750, "median_score": 0.57, "hot_fraction": 0.0, "recordings": 1, "rides_rough": 0, "rides_covering": 1}, "geometry": {"type": "LineString", "coordinates": [[-118.290548, 34.018261], [-118.290819, 34.018262]]}}, {"type": "Feature", "properties": {"bin": 631, "start_m": 15775, "end_m": 15800, "median_score": 0.86, "hot_fraction": 0.0, "recordings": 1, "rides_rough": 0, "rides_covering": 1}, "geometry": {"type": "LineString", "coordinates": [[-118.29109, 34.018264], [-118.291361, 34.018267]]}}, {"type": "Feature", "properties": {"bin": 632, "start_m": 15800, "end_m": 15825, "median_score": 0.77, "hot_fraction": 0.0, "recordings": 3, "rides_rough": 0, "rides_covering": 3}, "geometry": {"type": "LineString", "coordinates": [[-118.291361, 34.018267], [-118.291544, 34.018269], [-118.291632, 34.018269]]}}, {"type": "Feature", "properties": {"bin": 633, "start_m": 15825, "end_m": 15850, "median_score": 0.75, "hot_fraction": 0.0, "recordings": 5, "rides_rough": 0, "rides_covering": 3}, "geometry": {"type": "LineString", "coordinates": [[-118.291632, 34.018269], [-118.291903, 34.01827]]}}, {"type": "Feature", "properties": {"bin": 634, "start_m": 15850, "end_m": 15875, "median_score": 0.65, "hot_fraction": 0.0, "recordings": 5, "rides_rough": 0, "rides_covering": 4}, "geometry": {"type": "LineString", "coordinates": [[-118.291903, 34.01827], [-118.292174, 34.018272]]}}, {"type": "Feature", "properties": {"bin": 635, "start_m": 15875, "end_m": 15900, "median_score": 1.14, "hot_fraction": 0.2, "recordings": 5, "rides_rough": 1, "rides_covering": 3}, "geometry": {"type": "LineString", "coordinates": [[-118.292174, 34.018272], [-118.292445, 34.018273]]}}, {"type": "Feature", "properties": {"bin": 636, "start_m": 15900, "end_m": 15925, "median_score": 1.1, "hot_fraction": 0.33, "recordings": 3, "rides_rough": 1, "rides_covering": 1}, "geometry": {"type": "LineString", "coordinates": [[-118.292445, 34.018273], [-118.29252, 34.018273], [-118.292716, 34.018274]]}}, {"type": "Feature", "properties": {"bin": 637, "start_m": 15925, "end_m": 15950, "median_score": 0.71, "hot_fraction": 0.0, "recordings": 3, "rides_rough": 0, "rides_covering": 2}, "geometry": {"type": "LineString", "coordinates": [[-118.292716, 34.018274], [-118.292987, 34.018275]]}}, {"type": "Feature", "properties": {"bin": 638, "start_m": 15950, "end_m": 15975, "median_score": 1.13, "hot_fraction": 0.0, "recordings": 1, "rides_rough": 0, "rides_covering": 1}, "geometry": {"type": "LineString", "coordinates": [[-118.292987, 34.018275], [-118.29311, 34.018275], [-118.293258, 34.018276]]}}, {"type": "Feature", "properties": {"bin": 639, "start_m": 15975, "end_m": 16000, "median_score": 1.29, "hot_fraction": 0.0, "recordings": 1, "rides_rough": 0, "rides_covering": 1}, "geometry": {"type": "LineString", "coordinates": [[-118.293258, 34.018276], [-118.293529, 34.018279]]}}, {"type": "Feature", "properties": {"bin": 640, "start_m": 16000, "end_m": 16025, "median_score": 1.23, "hot_fraction": 0.0, "recordings": 2, "rides_rough": 0, "rides_covering": 2}, "geometry": {"type": "LineString", "coordinates": [[-118.293529, 34.018279], [-118.293756, 34.018281], [-118.2938, 34.018282]]}}, {"type": "Feature", "properties": {"bin": 641, "start_m": 16025, "end_m": 16050, "median_score": 1.35, "hot_fraction": 0.0, "recordings": 3, "rides_rough": 0, "rides_covering": 2}, "geometry": {"type": "LineString", "coordinates": [[-118.2938, 34.018282], [-118.293981, 34.018287], [-118.294011, 34.018288], [-118.294071, 34.018288]]}}, {"type": "Feature", "properties": {"bin": 642, "start_m": 16050, "end_m": 16075, "median_score": 1.64, "hot_fraction": 0.0, "recordings": 4, "rides_rough": 0, "rides_covering": 3}, "geometry": {"type": "LineString", "coordinates": [[-118.294071, 34.018288], [-118.294342, 34.018288]]}}, {"type": "Feature", "properties": {"bin": 643, "start_m": 16075, "end_m": 16100, "median_score": 1.83, "hot_fraction": 0.5, "recordings": 4, "rides_rough": 2, "rides_covering": 3}, "geometry": {"type": "LineString", "coordinates": [[-118.294342, 34.018288], [-118.294613, 34.018289]]}}, {"type": "Feature", "properties": {"bin": 644, "start_m": 16100, "end_m": 16125, "median_score": 1.92, "hot_fraction": 0.62, "recordings": 8, "rides_rough": 4, "rides_covering": 5}, "geometry": {"type": "LineString", "coordinates": [[-118.294613, 34.018289], [-118.294884, 34.018289]]}}, {"type": "Feature", "properties": {"bin": 645, "start_m": 16125, "end_m": 16150, "median_score": 1.74, "hot_fraction": 0.57, "recordings": 7, "rides_rough": 3, "rides_covering": 5}, "geometry": {"type": "LineString", "coordinates": [[-118.294884, 34.018289], [-118.294919, 34.018289], [-118.295155, 34.01829]]}}, {"type": "Feature", "properties": {"bin": 646, "start_m": 16150, "end_m": 16175, "median_score": 1.36, "hot_fraction": 0.25, "recordings": 8, "rides_rough": 2, "rides_covering": 5}, "geometry": {"type": "LineString", "coordinates": [[-118.295155, 34.01829], [-118.295426, 34.018291]]}}, {"type": "Feature", "properties": {"bin": 647, "start_m": 16175, "end_m": 16200, "median_score": 1.44, "hot_fraction": 0.3, "recordings": 10, "rides_rough": 3, "rides_covering": 5}, "geometry": {"type": "LineString", "coordinates": [[-118.295426, 34.018291], [-118.295667, 34.018292], [-118.295697, 34.018292]]}}, {"type": "Feature", "properties": {"bin": 648, "start_m": 16200, "end_m": 16225, "median_score": 1.96, "hot_fraction": 0.7, "recordings": 10, "rides_rough": 5, "rides_covering": 5}, "geometry": {"type": "LineString", "coordinates": [[-118.295697, 34.018292], [-118.295968, 34.018292]]}}, {"type": "Feature", "properties": {"bin": 649, "start_m": 16225, "end_m": 16250, "median_score": 3.38, "hot_fraction": 1.0, "recordings": 10, "rides_rough": 5, "rides_covering": 5}, "geometry": {"type": "LineString", "coordinates": [[-118.295968, 34.018292], [-118.296239, 34.018292]]}}, {"type": "Feature", "properties": {"bin": 650, "start_m": 16250, "end_m": 16275, "median_score": 1.5, "hot_fraction": 0.4, "recordings": 10, "rides_rough": 2, "rides_covering": 5}, "geometry": {"type": "LineString", "coordinates": [[-118.296239, 34.018292], [-118.296323, 34.018292], [-118.29651, 34.018293]]}}, {"type": "Feature", "properties": {"bin": 651, "start_m": 16275, "end_m": 16300, "median_score": 1.05, "hot_fraction": 0.0, "recordings": 9, "rides_rough": 0, "rides_covering": 5}, "geometry": {"type": "LineString", "coordinates": [[-118.29651, 34.018293], [-118.296781, 34.018294]]}}, {"type": "Feature", "properties": {"bin": 652, "start_m": 16300, "end_m": 16325, "median_score": 0.74, "hot_fraction": 0.0, "recordings": 10, "rides_rough": 0, "rides_covering": 5}, "geometry": {"type": "LineString", "coordinates": [[-118.296781, 34.018294], [-118.297052, 34.018295]]}}, {"type": "Feature", "properties": {"bin": 653, "start_m": 16325, "end_m": 16350, "median_score": 0.88, "hot_fraction": 0.0, "recordings": 10, "rides_rough": 0, "rides_covering": 5}, "geometry": {"type": "LineString", "coordinates": [[-118.297052, 34.018295], [-118.297053, 34.018295], [-118.297323, 34.018295]]}}, {"type": "Feature", "properties": {"bin": 654, "start_m": 16350, "end_m": 16375, "median_score": 1.3, "hot_fraction": 0.29, "recordings": 7, "rides_rough": 1, "rides_covering": 4}, "geometry": {"type": "LineString", "coordinates": [[-118.297323, 34.018295], [-118.297594, 34.018295]]}}, {"type": "Feature", "properties": {"bin": 655, "start_m": 16375, "end_m": 16400, "median_score": 1.28, "hot_fraction": 0.33, "recordings": 6, "rides_rough": 1, "rides_covering": 3}, "geometry": {"type": "LineString", "coordinates": [[-118.297594, 34.018295], [-118.297731, 34.018295], [-118.297865, 34.018295]]}}, {"type": "Feature", "properties": {"bin": 656, "start_m": 16400, "end_m": 16425, "median_score": 1.38, "hot_fraction": 0.33, "recordings": 9, "rides_rough": 2, "rides_covering": 4}, "geometry": {"type": "LineString", "coordinates": [[-118.297865, 34.018295], [-118.298136, 34.018295]]}}, {"type": "Feature", "properties": {"bin": 657, "start_m": 16425, "end_m": 16450, "median_score": 1.57, "hot_fraction": 0.0, "recordings": 8, "rides_rough": 0, "rides_covering": 5}, "geometry": {"type": "LineString", "coordinates": [[-118.298136, 34.018295], [-118.298407, 34.018295]]}}, {"type": "Feature", "properties": {"bin": 658, "start_m": 16450, "end_m": 16475, "median_score": 0.99, "hot_fraction": 0.0, "recordings": 8, "rides_rough": 0, "rides_covering": 5}, "geometry": {"type": "LineString", "coordinates": [[-118.298407, 34.018295], [-118.298532, 34.018295], [-118.298678, 34.018296]]}}, {"type": "Feature", "properties": {"bin": 659, "start_m": 16475, "end_m": 16500, "median_score": 0.92, "hot_fraction": 0.0, "recordings": 10, "rides_rough": 0, "rides_covering": 5}, "geometry": {"type": "LineString", "coordinates": [[-118.298678, 34.018296], [-118.298948, 34.018297]]}}, {"type": "Feature", "properties": {"bin": 660, "start_m": 16500, "end_m": 16525, "median_score": 1.14, "hot_fraction": 0.0, "recordings": 10, "rides_rough": 0, "rides_covering": 5}, "geometry": {"type": "LineString", "coordinates": [[-118.298948, 34.018297], [-118.299219, 34.018298]]}}, {"type": "Feature", "properties": {"bin": 661, "start_m": 16525, "end_m": 16550, "median_score": 1.63, "hot_fraction": 0.33, "recordings": 9, "rides_rough": 2, "rides_covering": 4}, "geometry": {"type": "LineString", "coordinates": [[-118.299219, 34.018298], [-118.299248, 34.018298], [-118.29949, 34.0183]]}}, {"type": "Feature", "properties": {"bin": 662, "start_m": 16550, "end_m": 16575, "median_score": 1.16, "hot_fraction": 0.0, "recordings": 9, "rides_rough": 0, "rides_covering": 4}, "geometry": {"type": "LineString", "coordinates": [[-118.29949, 34.0183], [-118.299761, 34.018302]]}}, {"type": "Feature", "properties": {"bin": 663, "start_m": 16575, "end_m": 16600, "median_score": 1.45, "hot_fraction": 0.11, "recordings": 9, "rides_rough": 1, "rides_covering": 4}, "geometry": {"type": "LineString", "coordinates": [[-118.299761, 34.018302], [-118.300032, 34.018304]]}}, {"type": "Feature", "properties": {"bin": 664, "start_m": 16600, "end_m": 16625, "median_score": 1.02, "hot_fraction": 0.0, "recordings": 8, "rides_rough": 0, "rides_covering": 3}, "geometry": {"type": "LineString", "coordinates": [[-118.300032, 34.018304], [-118.300071, 34.018304], [-118.300303, 34.018304]]}}, {"type": "Feature", "properties": {"bin": 665, "start_m": 16625, "end_m": 16650, "median_score": 1.05, "hot_fraction": 0.12, "recordings": 8, "rides_rough": 1, "rides_covering": 3}, "geometry": {"type": "LineString", "coordinates": [[-118.300303, 34.018304], [-118.300574, 34.018303]]}}, {"type": "Feature", "properties": {"bin": 666, "start_m": 16650, "end_m": 16675, "median_score": 2.06, "hot_fraction": 0.75, "recordings": 8, "rides_rough": 2, "rides_covering": 3}, "geometry": {"type": "LineString", "coordinates": [[-118.300574, 34.018303], [-118.300834, 34.018303], [-118.300845, 34.018303]]}}, {"type": "Feature", "properties": {"bin": 667, "start_m": 16675, "end_m": 16700, "median_score": 2.0, "hot_fraction": 0.62, "recordings": 8, "rides_rough": 2, "rides_covering": 3}, "geometry": {"type": "LineString", "coordinates": [[-118.300845, 34.018303], [-118.301116, 34.018304]]}}, {"type": "Feature", "properties": {"bin": 668, "start_m": 16700, "end_m": 16725, "median_score": 1.07, "hot_fraction": 0.0, "recordings": 8, "rides_rough": 0, "rides_covering": 3}, "geometry": {"type": "LineString", "coordinates": [[-118.301116, 34.018304], [-118.301387, 34.018305]]}}, {"type": "Feature", "properties": {"bin": 669, "start_m": 16725, "end_m": 16750, "median_score": 0.94, "hot_fraction": 0.0, "recordings": 7, "rides_rough": 0, "rides_covering": 4}, "geometry": {"type": "LineString", "coordinates": [[-118.301387, 34.018305], [-118.301504, 34.018305], [-118.301658, 34.018305]]}}, {"type": "Feature", "properties": {"bin": 670, "start_m": 16750, "end_m": 16775, "median_score": 0.72, "hot_fraction": 0.0, "recordings": 6, "rides_rough": 0, "rides_covering": 3}, "geometry": {"type": "LineString", "coordinates": [[-118.301658, 34.018305], [-118.301929, 34.018304]]}}, {"type": "Feature", "properties": {"bin": 671, "start_m": 16775, "end_m": 16800, "median_score": 1.21, "hot_fraction": 0.0, "recordings": 6, "rides_rough": 0, "rides_covering": 3}, "geometry": {"type": "LineString", "coordinates": [[-118.301929, 34.018304], [-118.3022, 34.018303]]}}, {"type": "Feature", "properties": {"bin": 672, "start_m": 16800, "end_m": 16825, "median_score": 1.49, "hot_fraction": 0.0, "recordings": 5, "rides_rough": 0, "rides_covering": 2}, "geometry": {"type": "LineString", "coordinates": [[-118.3022, 34.018303], [-118.302351, 34.018303], [-118.302471, 34.018303]]}}, {"type": "Feature", "properties": {"bin": 673, "start_m": 16825, "end_m": 16850, "median_score": 1.9, "hot_fraction": 0.75, "recordings": 8, "rides_rough": 3, "rides_covering": 5}, "geometry": {"type": "LineString", "coordinates": [[-118.302471, 34.018303], [-118.302742, 34.018304]]}}, {"type": "Feature", "properties": {"bin": 674, "start_m": 16850, "end_m": 16875, "median_score": 2.28, "hot_fraction": 0.83, "recordings": 6, "rides_rough": 2, "rides_covering": 3}, "geometry": {"type": "LineString", "coordinates": [[-118.302742, 34.018304], [-118.302912, 34.018305], [-118.303013, 34.018305]]}}, {"type": "Feature", "properties": {"bin": 675, "start_m": 16875, "end_m": 16900, "median_score": 1.27, "hot_fraction": 0.33, "recordings": 9, "rides_rough": 2, "rides_covering": 5}, "geometry": {"type": "LineString", "coordinates": [[-118.303013, 34.018305], [-118.303284, 34.018305]]}}, {"type": "Feature", "properties": {"bin": 676, "start_m": 16900, "end_m": 16925, "median_score": 1.44, "hot_fraction": 0.38, "recordings": 8, "rides_rough": 2, "rides_covering": 5}, "geometry": {"type": "LineString", "coordinates": [[-118.303284, 34.018305], [-118.303555, 34.018305]]}}, {"type": "Feature", "properties": {"bin": 677, "start_m": 16925, "end_m": 16950, "median_score": 1.28, "hot_fraction": 0.14, "recordings": 7, "rides_rough": 1, "rides_covering": 4}, "geometry": {"type": "LineString", "coordinates": [[-118.303555, 34.018305], [-118.303826, 34.018306]]}}, {"type": "Feature", "properties": {"bin": 678, "start_m": 16950, "end_m": 16975, "median_score": 0.92, "hot_fraction": 0.0, "recordings": 6, "rides_rough": 0, "rides_covering": 3}, "geometry": {"type": "LineString", "coordinates": [[-118.303826, 34.018306], [-118.304097, 34.018306]]}}, {"type": "Feature", "properties": {"bin": 679, "start_m": 16975, "end_m": 17000, "median_score": 1.5, "hot_fraction": 0.12, "recordings": 8, "rides_rough": 1, "rides_covering": 4}, "geometry": {"type": "LineString", "coordinates": [[-118.304097, 34.018306], [-118.304368, 34.018306]]}}, {"type": "Feature", "properties": {"bin": 680, "start_m": 17000, "end_m": 17025, "median_score": 1.43, "hot_fraction": 0.38, "recordings": 8, "rides_rough": 1, "rides_covering": 4}, "geometry": {"type": "LineString", "coordinates": [[-118.304368, 34.018306], [-118.304533, 34.018306], [-118.304639, 34.018307]]}}, {"type": "Feature", "properties": {"bin": 681, "start_m": 17025, "end_m": 17050, "median_score": 1.45, "hot_fraction": 0.14, "recordings": 7, "rides_rough": 1, "rides_covering": 4}, "geometry": {"type": "LineString", "coordinates": [[-118.304639, 34.018307], [-118.30491, 34.01831]]}}, {"type": "Feature", "properties": {"bin": 682, "start_m": 17050, "end_m": 17075, "median_score": 1.09, "hot_fraction": 0.12, "recordings": 8, "rides_rough": 1, "rides_covering": 4}, "geometry": {"type": "LineString", "coordinates": [[-118.30491, 34.01831], [-118.305181, 34.018312]]}}, {"type": "Feature", "properties": {"bin": 683, "start_m": 17075, "end_m": 17100, "median_score": 0.93, "hot_fraction": 0.12, "recordings": 8, "rides_rough": 1, "rides_covering": 4}, "geometry": {"type": "LineString", "coordinates": [[-118.305181, 34.018312], [-118.305452, 34.018315]]}}, {"type": "Feature", "properties": {"bin": 684, "start_m": 17100, "end_m": 17125, "median_score": 1.03, "hot_fraction": 0.12, "recordings": 8, "rides_rough": 1, "rides_covering": 4}, "geometry": {"type": "LineString", "coordinates": [[-118.305452, 34.018315], [-118.305551, 34.018316], [-118.305723, 34.018317]]}}, {"type": "Feature", "properties": {"bin": 685, "start_m": 17125, "end_m": 17150, "median_score": 0.96, "hot_fraction": 0.1, "recordings": 10, "rides_rough": 1, "rides_covering": 5}, "geometry": {"type": "LineString", "coordinates": [[-118.305723, 34.018317], [-118.305994, 34.018319]]}}, {"type": "Feature", "properties": {"bin": 686, "start_m": 17150, "end_m": 17175, "median_score": 1.12, "hot_fraction": 0.09, "recordings": 11, "rides_rough": 1, "rides_covering": 5}, "geometry": {"type": "LineString", "coordinates": [[-118.305994, 34.018319], [-118.306265, 34.018321]]}}, {"type": "Feature", "properties": {"bin": 687, "start_m": 17175, "end_m": 17200, "median_score": 0.81, "hot_fraction": 0.25, "recordings": 8, "rides_rough": 1, "rides_covering": 3}, "geometry": {"type": "LineString", "coordinates": [[-118.306265, 34.018321], [-118.30648, 34.018322], [-118.306536, 34.018323]]}}, {"type": "Feature", "properties": {"bin": 688, "start_m": 17200, "end_m": 17225, "median_score": 2.9, "hot_fraction": 1.0, "recordings": 7, "rides_rough": 3, "rides_covering": 3}, "geometry": {"type": "LineString", "coordinates": [[-118.306536, 34.018323], [-118.306807, 34.018325]]}}, {"type": "Feature", "properties": {"bin": 689, "start_m": 17225, "end_m": 17250, "median_score": 1.7, "hot_fraction": 0.4, "recordings": 5, "rides_rough": 2, "rides_covering": 3}, "geometry": {"type": "LineString", "coordinates": [[-118.306807, 34.018325], [-118.307078, 34.018328]]}}, {"type": "Feature", "properties": {"bin": 690, "start_m": 17250, "end_m": 17275, "median_score": 1.58, "hot_fraction": 0.33, "recordings": 3, "rides_rough": 1, "rides_covering": 2}, "geometry": {"type": "LineString", "coordinates": [[-118.307078, 34.018328], [-118.307266, 34.01833], [-118.307349, 34.018331]]}}, {"type": "Feature", "properties": {"bin": 691, "start_m": 17275, "end_m": 17300, "median_score": 1.96, "hot_fraction": 0.67, "recordings": 3, "rides_rough": 1, "rides_covering": 2}, "geometry": {"type": "LineString", "coordinates": [[-118.307349, 34.018331], [-118.30762, 34.018333]]}}, {"type": "Feature", "properties": {"bin": 692, "start_m": 17300, "end_m": 17325, "median_score": 0.63, "hot_fraction": 0.0, "recordings": 3, "rides_rough": 0, "rides_covering": 1}, "geometry": {"type": "LineString", "coordinates": [[-118.30762, 34.018333], [-118.307891, 34.018335]]}}, {"type": "Feature", "properties": {"bin": 693, "start_m": 17325, "end_m": 17350, "median_score": 0.55, "hot_fraction": 0.0, "recordings": 3, "rides_rough": 0, "rides_covering": 2}, "geometry": {"type": "LineString", "coordinates": [[-118.307891, 34.018335], [-118.30791, 34.018335], [-118.308162, 34.018338]]}}, {"type": "Feature", "properties": {"bin": 694, "start_m": 17350, "end_m": 17375, "median_score": 0.73, "hot_fraction": 0.0, "recordings": 1, "rides_rough": 0, "rides_covering": 1}, "geometry": {"type": "LineString", "coordinates": [[-118.308162, 34.018338], [-118.308433, 34.018341]]}}, {"type": "Feature", "properties": {"bin": 695, "start_m": 17375, "end_m": 17400, "median_score": 1.08, "hot_fraction": 0.0, "recordings": 1, "rides_rough": 0, "rides_covering": 1}, "geometry": {"type": "LineString", "coordinates": [[-118.308433, 34.018341], [-118.308704, 34.018344]]}}, {"type": "Feature", "properties": {"bin": 696, "start_m": 17400, "end_m": 17425, "median_score": 1.56, "hot_fraction": 0.0, "recordings": 2, "rides_rough": 0, "rides_covering": 1}, "geometry": {"type": "LineString", "coordinates": [[-118.308704, 34.018344], [-118.308914, 34.018346], [-118.308975, 34.018346]]}}, {"type": "Feature", "properties": {"bin": 697, "start_m": 17425, "end_m": 17450, "median_score": 1.87, "hot_fraction": 0.5, "recordings": 2, "rides_rough": 1, "rides_covering": 1}, "geometry": {"type": "LineString", "coordinates": [[-118.308975, 34.018346], [-118.309246, 34.018348]]}}, {"type": "Feature", "properties": {"bin": 698, "start_m": 17450, "end_m": 17475, "median_score": 3.38, "hot_fraction": 0.67, "recordings": 3, "rides_rough": 1, "rides_covering": 2}, "geometry": {"type": "LineString", "coordinates": [[-118.309246, 34.018348], [-118.309517, 34.018349]]}}, {"type": "Feature", "properties": {"bin": 699, "start_m": 17475, "end_m": 17500, "median_score": 1.15, "hot_fraction": 0.0, "recordings": 6, "rides_rough": 0, "rides_covering": 3}, "geometry": {"type": "LineString", "coordinates": [[-118.309517, 34.018349], [-118.309788, 34.018351]]}}, {"type": "Feature", "properties": {"bin": 700, "start_m": 17500, "end_m": 17525, "median_score": 1.11, "hot_fraction": 0.0, "recordings": 7, "rides_rough": 0, "rides_covering": 3}, "geometry": {"type": "LineString", "coordinates": [[-118.309788, 34.018351], [-118.309948, 34.018352], [-118.310059, 34.018354]]}}, {"type": "Feature", "properties": {"bin": 701, "start_m": 17525, "end_m": 17550, "median_score": 0.81, "hot_fraction": 0.0, "recordings": 4, "rides_rough": 0, "rides_covering": 3}, "geometry": {"type": "LineString", "coordinates": [[-118.310059, 34.018354], [-118.310329, 34.01836]]}}, {"type": "Feature", "properties": {"bin": 702, "start_m": 17550, "end_m": 17575, "median_score": 0.8, "hot_fraction": 0.0, "recordings": 2, "rides_rough": 0, "rides_covering": 1}, "geometry": {"type": "LineString", "coordinates": [[-118.310329, 34.01836], [-118.3106, 34.018366]]}}, {"type": "Feature", "properties": {"bin": 703, "start_m": 17575, "end_m": 17600, "median_score": 1.01, "hot_fraction": 0.0, "recordings": 2, "rides_rough": 0, "rides_covering": 1}, "geometry": {"type": "LineString", "coordinates": [[-118.3106, 34.018366], [-118.310818, 34.018371], [-118.310871, 34.018372]]}}, {"type": "Feature", "properties": {"bin": 704, "start_m": 17600, "end_m": 17625, "median_score": 0.7, "hot_fraction": 0.0, "recordings": 2, "rides_rough": 0, "rides_covering": 1}, "geometry": {"type": "LineString", "coordinates": [[-118.310871, 34.018372], [-118.311142, 34.018378]]}}, {"type": "Feature", "properties": {"bin": 705, "start_m": 17625, "end_m": 17650, "median_score": 0.7, "hot_fraction": 0.0, "recordings": 4, "rides_rough": 0, "rides_covering": 2}, "geometry": {"type": "LineString", "coordinates": [[-118.311142, 34.018378], [-118.311413, 34.018384]]}}, {"type": "Feature", "properties": {"bin": 706, "start_m": 17650, "end_m": 17675, "median_score": 0.81, "hot_fraction": 0.0, "recordings": 6, "rides_rough": 0, "rides_covering": 4}, "geometry": {"type": "LineString", "coordinates": [[-118.311413, 34.018384], [-118.311644, 34.018389], [-118.311684, 34.018389]]}}, {"type": "Feature", "properties": {"bin": 707, "start_m": 17675, "end_m": 17700, "median_score": 0.98, "hot_fraction": 0.0, "recordings": 7, "rides_rough": 0, "rides_covering": 4}, "geometry": {"type": "LineString", "coordinates": [[-118.311684, 34.018389], [-118.311955, 34.018389]]}}, {"type": "Feature", "properties": {"bin": 708, "start_m": 17700, "end_m": 17725, "median_score": 1.04, "hot_fraction": 0.0, "recordings": 8, "rides_rough": 0, "rides_covering": 4}, "geometry": {"type": "LineString", "coordinates": [[-118.311955, 34.018389], [-118.312226, 34.018388]]}}, {"type": "Feature", "properties": {"bin": 709, "start_m": 17725, "end_m": 17750, "median_score": 1.29, "hot_fraction": 0.11, "recordings": 9, "rides_rough": 1, "rides_covering": 4}, "geometry": {"type": "LineString", "coordinates": [[-118.312226, 34.018388], [-118.31236, 34.018388], [-118.312497, 34.018388]]}}, {"type": "Feature", "properties": {"bin": 710, "start_m": 17750, "end_m": 17775, "median_score": 1.29, "hot_fraction": 0.3, "recordings": 10, "rides_rough": 1, "rides_covering": 4}, "geometry": {"type": "LineString", "coordinates": [[-118.312497, 34.018388], [-118.312768, 34.018389]]}}, {"type": "Feature", "properties": {"bin": 711, "start_m": 17775, "end_m": 17800, "median_score": 1.44, "hot_fraction": 0.0, "recordings": 8, "rides_rough": 0, "rides_covering": 4}, "geometry": {"type": "LineString", "coordinates": [[-118.312768, 34.018389], [-118.313039, 34.018389]]}}, {"type": "Feature", "properties": {"bin": 712, "start_m": 17800, "end_m": 17825, "median_score": 1.19, "hot_fraction": 0.0, "recordings": 7, "rides_rough": 0, "rides_covering": 3}, "geometry": {"type": "LineString", "coordinates": [[-118.313039, 34.018389], [-118.313085, 34.018389], [-118.31331, 34.018393]]}}, {"type": "Feature", "properties": {"bin": 713, "start_m": 17825, "end_m": 17850, "median_score": 1.11, "hot_fraction": 0.0, "recordings": 5, "rides_rough": 0, "rides_covering": 3}, "geometry": {"type": "LineString", "coordinates": [[-118.31331, 34.018393], [-118.313341, 34.018393], [-118.313581, 34.018398]]}}, {"type": "Feature", "properties": {"bin": 714, "start_m": 17850, "end_m": 17875, "median_score": 2.05, "hot_fraction": 0.67, "recordings": 3, "rides_rough": 1, "rides_covering": 2}, "geometry": {"type": "LineString", "coordinates": [[-118.313581, 34.018398], [-118.313593, 34.018398], [-118.313852, 34.018403]]}}, {"type": "Feature", "properties": {"bin": 715, "start_m": 17875, "end_m": 17900, "median_score": 2.22, "hot_fraction": 1.0, "recordings": 6, "rides_rough": 4, "rides_covering": 4}, "geometry": {"type": "LineString", "coordinates": [[-118.313852, 34.018403], [-118.314122, 34.018408]]}}, {"type": "Feature", "properties": {"bin": 716, "start_m": 17900, "end_m": 17925, "median_score": 1.3, "hot_fraction": 0.2, "recordings": 5, "rides_rough": 1, "rides_covering": 3}, "geometry": {"type": "LineString", "coordinates": [[-118.314122, 34.018408], [-118.314393, 34.018413]]}}, {"type": "Feature", "properties": {"bin": 717, "start_m": 17925, "end_m": 17950, "median_score": 0.85, "hot_fraction": 0.0, "recordings": 2, "rides_rough": 0, "rides_covering": 1}, "geometry": {"type": "LineString", "coordinates": [[-118.314393, 34.018413], [-118.314603, 34.018417], [-118.314664, 34.01842]]}}, {"type": "Feature", "properties": {"bin": 718, "start_m": 17950, "end_m": 17975, "median_score": 0.96, "hot_fraction": 0.0, "recordings": 2, "rides_rough": 0, "rides_covering": 1}, "geometry": {"type": "LineString", "coordinates": [[-118.314664, 34.01842], [-118.314838, 34.018428], [-118.314935, 34.018433]]}}, {"type": "Feature", "properties": {"bin": 719, "start_m": 17975, "end_m": 18000, "median_score": 1.2, "hot_fraction": 0.0, "recordings": 3, "rides_rough": 0, "rides_covering": 2}, "geometry": {"type": "LineString", "coordinates": [[-118.314935, 34.018433], [-118.314981, 34.018435], [-118.315205, 34.018447]]}}, {"type": "Feature", "properties": {"bin": 720, "start_m": 18000, "end_m": 18025, "median_score": 2.16, "hot_fraction": 0.67, "recordings": 3, "rides_rough": 1, "rides_covering": 2}, "geometry": {"type": "LineString", "coordinates": [[-118.315205, 34.018447], [-118.315223, 34.018448], [-118.315475, 34.01847]]}}, {"type": "Feature", "properties": {"bin": 721, "start_m": 18025, "end_m": 18050, "median_score": 2.52, "hot_fraction": 1.0, "recordings": 2, "rides_rough": 1, "rides_covering": 1}, "geometry": {"type": "LineString", "coordinates": [[-118.315475, 34.01847], [-118.315615, 34.018483], [-118.315743, 34.0185]]}}, {"type": "Feature", "properties": {"bin": 722, "start_m": 18050, "end_m": 18075, "median_score": 1.65, "hot_fraction": 0.0, "recordings": 2, "rides_rough": 0, "rides_covering": 1}, "geometry": {"type": "LineString", "coordinates": [[-118.315743, 34.0185], [-118.316011, 34.018536]]}}, {"type": "Feature", "properties": {"bin": 723, "start_m": 18075, "end_m": 18100, "median_score": 2.07, "hot_fraction": 0.67, "recordings": 3, "rides_rough": 1, "rides_covering": 2}, "geometry": {"type": "LineString", "coordinates": [[-118.316011, 34.018536], [-118.316143, 34.018554], [-118.316278, 34.018574]]}}, {"type": "Feature", "properties": {"bin": 724, "start_m": 18100, "end_m": 18125, "median_score": 1.52, "hot_fraction": 0.4, "recordings": 5, "rides_rough": 2, "rides_covering": 3}, "geometry": {"type": "LineString", "coordinates": [[-118.316278, 34.018574], [-118.316545, 34.018614]]}}, {"type": "Feature", "properties": {"bin": 725, "start_m": 18125, "end_m": 18150, "median_score": 1.57, "hot_fraction": 0.43, "recordings": 7, "rides_rough": 1, "rides_covering": 3}, "geometry": {"type": "LineString", "coordinates": [[-118.316545, 34.018614], [-118.316811, 34.018654]]}}, {"type": "Feature", "properties": {"bin": 726, "start_m": 18150, "end_m": 18175, "median_score": 1.05, "hot_fraction": 0.38, "recordings": 8, "rides_rough": 1, "rides_covering": 4}, "geometry": {"type": "LineString", "coordinates": [[-118.316811, 34.018654], [-118.316847, 34.018659], [-118.317078, 34.018696]]}}, {"type": "Feature", "properties": {"bin": 727, "start_m": 18175, "end_m": 18200, "median_score": 0.9, "hot_fraction": 0.2, "recordings": 10, "rides_rough": 1, "rides_covering": 5}, "geometry": {"type": "LineString", "coordinates": [[-118.317078, 34.018696], [-118.317192, 34.018714], [-118.317344, 34.018736]]}}, {"type": "Feature", "properties": {"bin": 728, "start_m": 18200, "end_m": 18225, "median_score": 1.32, "hot_fraction": 0.12, "recordings": 8, "rides_rough": 1, "rides_covering": 5}, "geometry": {"type": "LineString", "coordinates": [[-118.317344, 34.018736], [-118.317488, 34.018757], [-118.31761, 34.018778]]}}, {"type": "Feature", "properties": {"bin": 729, "start_m": 18225, "end_m": 18250, "median_score": 0.97, "hot_fraction": 0.0, "recordings": 8, "rides_rough": 0, "rides_covering": 4}, "geometry": {"type": "LineString", "coordinates": [[-118.31761, 34.018778], [-118.317794, 34.018809], [-118.317876, 34.018824]]}}, {"type": "Feature", "properties": {"bin": 730, "start_m": 18250, "end_m": 18275, "median_score": 0.98, "hot_fraction": 0.29, "recordings": 7, "rides_rough": 1, "rides_covering": 3}, "geometry": {"type": "LineString", "coordinates": [[-118.317876, 34.018824], [-118.31814, 34.018872]]}}, {"type": "Feature", "properties": {"bin": 731, "start_m": 18275, "end_m": 18300, "median_score": 0.96, "hot_fraction": 0.0, "recordings": 7, "rides_rough": 0, "rides_covering": 3}, "geometry": {"type": "LineString", "coordinates": [[-118.31814, 34.018872], [-118.318405, 34.01892]]}}, {"type": "Feature", "properties": {"bin": 732, "start_m": 18300, "end_m": 18325, "median_score": 0.78, "hot_fraction": 0.0, "recordings": 7, "rides_rough": 0, "rides_covering": 3}, "geometry": {"type": "LineString", "coordinates": [[-118.318405, 34.01892], [-118.31867, 34.018968]]}}, {"type": "Feature", "properties": {"bin": 733, "start_m": 18325, "end_m": 18350, "median_score": 0.76, "hot_fraction": 0.0, "recordings": 5, "rides_rough": 0, "rides_covering": 2}, "geometry": {"type": "LineString", "coordinates": [[-118.31867, 34.018968], [-118.31887, 34.019004], [-118.318934, 34.019017]]}}, {"type": "Feature", "properties": {"bin": 734, "start_m": 18350, "end_m": 18375, "median_score": 0.93, "hot_fraction": 0.0, "recordings": 7, "rides_rough": 0, "rides_covering": 3}, "geometry": {"type": "LineString", "coordinates": [[-118.318934, 34.019017], [-118.318991, 34.019028], [-118.319197, 34.019074]]}}, {"type": "Feature", "properties": {"bin": 735, "start_m": 18375, "end_m": 18400, "median_score": 0.86, "hot_fraction": 0.0, "recordings": 8, "rides_rough": 0, "rides_covering": 3}, "geometry": {"type": "LineString", "coordinates": [[-118.319197, 34.019074], [-118.319458, 34.019132]]}}, {"type": "Feature", "properties": {"bin": 736, "start_m": 18400, "end_m": 18425, "median_score": 0.97, "hot_fraction": 0.0, "recordings": 8, "rides_rough": 0, "rides_covering": 3}, "geometry": {"type": "LineString", "coordinates": [[-118.319458, 34.019132], [-118.31972, 34.01919]]}}, {"type": "Feature", "properties": {"bin": 737, "start_m": 18425, "end_m": 18450, "median_score": 0.73, "hot_fraction": 0.12, "recordings": 8, "rides_rough": 1, "rides_covering": 3}, "geometry": {"type": "LineString", "coordinates": [[-118.31972, 34.01919], [-118.319982, 34.019248]]}}, {"type": "Feature", "properties": {"bin": 738, "start_m": 18450, "end_m": 18475, "median_score": 0.78, "hot_fraction": 0.0, "recordings": 8, "rides_rough": 0, "rides_covering": 3}, "geometry": {"type": "LineString", "coordinates": [[-118.319982, 34.019248], [-118.320175, 34.019291], [-118.320244, 34.019307]]}}, {"type": "Feature", "properties": {"bin": 739, "start_m": 18475, "end_m": 18500, "median_score": 0.7, "hot_fraction": 0.0, "recordings": 8, "rides_rough": 0, "rides_covering": 3}, "geometry": {"type": "LineString", "coordinates": [[-118.320244, 34.019307], [-118.320504, 34.01937]]}}, {"type": "Feature", "properties": {"bin": 740, "start_m": 18500, "end_m": 18525, "median_score": 0.57, "hot_fraction": 0.0, "recordings": 8, "rides_rough": 0, "rides_covering": 3}, "geometry": {"type": "LineString", "coordinates": [[-118.320504, 34.01937], [-118.320672, 34.01941], [-118.320764, 34.019432]]}}, {"type": "Feature", "properties": {"bin": 741, "start_m": 18525, "end_m": 18550, "median_score": 0.68, "hot_fraction": 0.0, "recordings": 10, "rides_rough": 0, "rides_covering": 4}, "geometry": {"type": "LineString", "coordinates": [[-118.320764, 34.019432], [-118.321025, 34.019495]]}}, {"type": "Feature", "properties": {"bin": 742, "start_m": 18550, "end_m": 18575, "median_score": 0.86, "hot_fraction": 0.0, "recordings": 9, "rides_rough": 0, "rides_covering": 4}, "geometry": {"type": "LineString", "coordinates": [[-118.321025, 34.019495], [-118.321285, 34.019557]]}}, {"type": "Feature", "properties": {"bin": 743, "start_m": 18575, "end_m": 18600, "median_score": 0.72, "hot_fraction": 0.0, "recordings": 10, "rides_rough": 0, "rides_covering": 5}, "geometry": {"type": "LineString", "coordinates": [[-118.321285, 34.019557], [-118.321545, 34.01962]]}}, {"type": "Feature", "properties": {"bin": 744, "start_m": 18600, "end_m": 18625, "median_score": 0.64, "hot_fraction": 0.0, "recordings": 11, "rides_rough": 0, "rides_covering": 5}, "geometry": {"type": "LineString", "coordinates": [[-118.321545, 34.01962], [-118.321624, 34.019639], [-118.321806, 34.019681]]}}, {"type": "Feature", "properties": {"bin": 745, "start_m": 18625, "end_m": 18650, "median_score": 0.7, "hot_fraction": 0.0, "recordings": 8, "rides_rough": 0, "rides_covering": 4}, "geometry": {"type": "LineString", "coordinates": [[-118.321806, 34.019681], [-118.322067, 34.019742]]}}, {"type": "Feature", "properties": {"bin": 746, "start_m": 18650, "end_m": 18675, "median_score": 0.78, "hot_fraction": 0.0, "recordings": 7, "rides_rough": 0, "rides_covering": 3}, "geometry": {"type": "LineString", "coordinates": [[-118.322067, 34.019742], [-118.322328, 34.019803]]}}, {"type": "Feature", "properties": {"bin": 747, "start_m": 18675, "end_m": 18700, "median_score": 0.64, "hot_fraction": 0.0, "recordings": 5, "rides_rough": 0, "rides_covering": 3}, "geometry": {"type": "LineString", "coordinates": [[-118.322328, 34.019803], [-118.322589, 34.019863]]}}, {"type": "Feature", "properties": {"bin": 748, "start_m": 18700, "end_m": 18725, "median_score": 1.02, "hot_fraction": 0.29, "recordings": 7, "rides_rough": 1, "rides_covering": 3}, "geometry": {"type": "LineString", "coordinates": [[-118.322589, 34.019863], [-118.322841, 34.019922], [-118.32285, 34.019924]]}}, {"type": "Feature", "properties": {"bin": 749, "start_m": 18725, "end_m": 18750, "median_score": 0.62, "hot_fraction": 0.17, "recordings": 6, "rides_rough": 1, "rides_covering": 3}, "geometry": {"type": "LineString", "coordinates": [[-118.32285, 34.019924], [-118.323111, 34.019985]]}}, {"type": "Feature", "properties": {"bin": 750, "start_m": 18750, "end_m": 18775, "median_score": 0.74, "hot_fraction": 0.0, "recordings": 7, "rides_rough": 0, "rides_covering": 4}, "geometry": {"type": "LineString", "coordinates": [[-118.323111, 34.019985], [-118.323372, 34.020045]]}}, {"type": "Feature", "properties": {"bin": 751, "start_m": 18775, "end_m": 18800, "median_score": 0.83, "hot_fraction": 0.0, "recordings": 9, "rides_rough": 0, "rides_covering": 4}, "geometry": {"type": "LineString", "coordinates": [[-118.323372, 34.020045], [-118.323633, 34.020106]]}}, {"type": "Feature", "properties": {"bin": 752, "start_m": 18800, "end_m": 18825, "median_score": 0.83, "hot_fraction": 0.1, "recordings": 10, "rides_rough": 1, "rides_covering": 4}, "geometry": {"type": "LineString", "coordinates": [[-118.323633, 34.020106], [-118.323894, 34.020167]]}}, {"type": "Feature", "properties": {"bin": 753, "start_m": 18825, "end_m": 18850, "median_score": 0.96, "hot_fraction": 0.0, "recordings": 8, "rides_rough": 0, "rides_covering": 4}, "geometry": {"type": "LineString", "coordinates": [[-118.323894, 34.020167], [-118.324155, 34.020227]]}}, {"type": "Feature", "properties": {"bin": 754, "start_m": 18850, "end_m": 18875, "median_score": 0.99, "hot_fraction": 0.0, "recordings": 10, "rides_rough": 0, "rides_covering": 4}, "geometry": {"type": "LineString", "coordinates": [[-118.324155, 34.020227], [-118.324373, 34.020278], [-118.324416, 34.020288]]}}, {"type": "Feature", "properties": {"bin": 755, "start_m": 18875, "end_m": 18900, "median_score": 1.11, "hot_fraction": 0.0, "recordings": 9, "rides_rough": 0, "rides_covering": 4}, "geometry": {"type": "LineString", "coordinates": [[-118.324416, 34.020288], [-118.324677, 34.020349]]}}, {"type": "Feature", "properties": {"bin": 756, "start_m": 18900, "end_m": 18925, "median_score": 0.91, "hot_fraction": 0.0, "recordings": 9, "rides_rough": 0, "rides_covering": 4}, "geometry": {"type": "LineString", "coordinates": [[-118.324677, 34.020349], [-118.324937, 34.02041]]}}, {"type": "Feature", "properties": {"bin": 757, "start_m": 18925, "end_m": 18950, "median_score": 0.8, "hot_fraction": 0.0, "recordings": 9, "rides_rough": 0, "rides_covering": 4}, "geometry": {"type": "LineString", "coordinates": [[-118.324937, 34.02041], [-118.325198, 34.020471]]}}, {"type": "Feature", "properties": {"bin": 758, "start_m": 18950, "end_m": 18975, "median_score": 0.72, "hot_fraction": 0.0, "recordings": 9, "rides_rough": 0, "rides_covering": 4}, "geometry": {"type": "LineString", "coordinates": [[-118.325198, 34.020471], [-118.325337, 34.020504], [-118.325459, 34.020532]]}}, {"type": "Feature", "properties": {"bin": 759, "start_m": 18975, "end_m": 19000, "median_score": 0.75, "hot_fraction": 0.0, "recordings": 9, "rides_rough": 0, "rides_covering": 4}, "geometry": {"type": "LineString", "coordinates": [[-118.325459, 34.020532], [-118.32572, 34.020593]]}}, {"type": "Feature", "properties": {"bin": 760, "start_m": 19000, "end_m": 19025, "median_score": 0.84, "hot_fraction": 0.0, "recordings": 9, "rides_rough": 0, "rides_covering": 4}, "geometry": {"type": "LineString", "coordinates": [[-118.32572, 34.020593], [-118.325981, 34.020653]]}}, {"type": "Feature", "properties": {"bin": 761, "start_m": 19025, "end_m": 19050, "median_score": 0.85, "hot_fraction": 0.0, "recordings": 9, "rides_rough": 0, "rides_covering": 4}, "geometry": {"type": "LineString", "coordinates": [[-118.325981, 34.020653], [-118.326242, 34.020714]]}}, {"type": "Feature", "properties": {"bin": 762, "start_m": 19050, "end_m": 19075, "median_score": 0.76, "hot_fraction": 0.0, "recordings": 10, "rides_rough": 0, "rides_covering": 4}, "geometry": {"type": "LineString", "coordinates": [[-118.326242, 34.020714], [-118.326279, 34.020722], [-118.326503, 34.020774]]}}, {"type": "Feature", "properties": {"bin": 763, "start_m": 19075, "end_m": 19100, "median_score": 1.25, "hot_fraction": 0.0, "recordings": 8, "rides_rough": 0, "rides_covering": 4}, "geometry": {"type": "LineString", "coordinates": [[-118.326503, 34.020774], [-118.326764, 34.020835]]}}, {"type": "Feature", "properties": {"bin": 764, "start_m": 19100, "end_m": 19125, "median_score": 0.86, "hot_fraction": 0.0, "recordings": 8, "rides_rough": 0, "rides_covering": 4}, "geometry": {"type": "LineString", "coordinates": [[-118.326764, 34.020835], [-118.327025, 34.020895]]}}, {"type": "Feature", "properties": {"bin": 765, "start_m": 19125, "end_m": 19150, "median_score": 0.97, "hot_fraction": 0.0, "recordings": 8, "rides_rough": 0, "rides_covering": 4}, "geometry": {"type": "LineString", "coordinates": [[-118.327025, 34.020895], [-118.327114, 34.020916], [-118.327286, 34.020956]]}}, {"type": "Feature", "properties": {"bin": 766, "start_m": 19150, "end_m": 19175, "median_score": 1.03, "hot_fraction": 0.0, "recordings": 9, "rides_rough": 0, "rides_covering": 4}, "geometry": {"type": "LineString", "coordinates": [[-118.327286, 34.020956], [-118.327547, 34.021018]]}}, {"type": "Feature", "properties": {"bin": 767, "start_m": 19175, "end_m": 19200, "median_score": 0.98, "hot_fraction": 0.0, "recordings": 9, "rides_rough": 0, "rides_covering": 4}, "geometry": {"type": "LineString", "coordinates": [[-118.327547, 34.021018], [-118.327808, 34.021079]]}}, {"type": "Feature", "properties": {"bin": 768, "start_m": 19200, "end_m": 19225, "median_score": 0.93, "hot_fraction": 0.0, "recordings": 8, "rides_rough": 0, "rides_covering": 3}, "geometry": {"type": "LineString", "coordinates": [[-118.327808, 34.021079], [-118.328037, 34.021133], [-118.328069, 34.02114]]}}, {"type": "Feature", "properties": {"bin": 769, "start_m": 19225, "end_m": 19250, "median_score": 0.85, "hot_fraction": 0.0, "recordings": 9, "rides_rough": 0, "rides_covering": 4}, "geometry": {"type": "LineString", "coordinates": [[-118.328069, 34.02114], [-118.328331, 34.021196]]}}, {"type": "Feature", "properties": {"bin": 770, "start_m": 19250, "end_m": 19275, "median_score": 0.99, "hot_fraction": 0.0, "recordings": 7, "rides_rough": 0, "rides_covering": 3}, "geometry": {"type": "LineString", "coordinates": [[-118.328331, 34.021196], [-118.328521, 34.021237], [-118.328593, 34.021253]]}}, {"type": "Feature", "properties": {"bin": 771, "start_m": 19275, "end_m": 19300, "median_score": 1.01, "hot_fraction": 0.0, "recordings": 7, "rides_rough": 0, "rides_covering": 3}, "geometry": {"type": "LineString", "coordinates": [[-118.328593, 34.021253], [-118.328855, 34.02131]]}}, {"type": "Feature", "properties": {"bin": 772, "start_m": 19300, "end_m": 19325, "median_score": 1.09, "hot_fraction": 0.0, "recordings": 7, "rides_rough": 0, "rides_covering": 3}, "geometry": {"type": "LineString", "coordinates": [[-118.328855, 34.02131], [-118.329118, 34.021367]]}}, {"type": "Feature", "properties": {"bin": 773, "start_m": 19325, "end_m": 19350, "median_score": 1.28, "hot_fraction": 0.11, "recordings": 9, "rides_rough": 1, "rides_covering": 4}, "geometry": {"type": "LineString", "coordinates": [[-118.329118, 34.021367], [-118.32938, 34.021424]]}}, {"type": "Feature", "properties": {"bin": 774, "start_m": 19350, "end_m": 19375, "median_score": 1.39, "hot_fraction": 0.14, "recordings": 7, "rides_rough": 1, "rides_covering": 3}, "geometry": {"type": "LineString", "coordinates": [[-118.32938, 34.021424], [-118.329594, 34.021471], [-118.329642, 34.021481]]}}, {"type": "Feature", "properties": {"bin": 775, "start_m": 19375, "end_m": 19400, "median_score": 1.39, "hot_fraction": 0.33, "recordings": 6, "rides_rough": 1, "rides_covering": 3}, "geometry": {"type": "LineString", "coordinates": [[-118.329642, 34.021481], [-118.329905, 34.021534]]}}, {"type": "Feature", "properties": {"bin": 776, "start_m": 19400, "end_m": 19425, "median_score": 1.29, "hot_fraction": 0.17, "recordings": 6, "rides_rough": 1, "rides_covering": 3}, "geometry": {"type": "LineString", "coordinates": [[-118.329905, 34.021534], [-118.330169, 34.021587]]}}, {"type": "Feature", "properties": {"bin": 777, "start_m": 19425, "end_m": 19450, "median_score": 1.27, "hot_fraction": 0.0, "recordings": 6, "rides_rough": 0, "rides_covering": 2}, "geometry": {"type": "LineString", "coordinates": [[-118.330169, 34.021587], [-118.330379, 34.02163], [-118.330432, 34.021641]]}}, {"type": "Feature", "properties": {"bin": 778, "start_m": 19450, "end_m": 19475, "median_score": 1.04, "hot_fraction": 0.0, "recordings": 4, "rides_rough": 0, "rides_covering": 2}, "geometry": {"type": "LineString", "coordinates": [[-118.330432, 34.021641], [-118.330695, 34.021694]]}}, {"type": "Feature", "properties": {"bin": 779, "start_m": 19475, "end_m": 19500, "median_score": 1.39, "hot_fraction": 0.0, "recordings": 4, "rides_rough": 0, "rides_covering": 3}, "geometry": {"type": "LineString", "coordinates": [[-118.330695, 34.021694], [-118.330958, 34.021748]]}}, {"type": "Feature", "properties": {"bin": 780, "start_m": 19500, "end_m": 19525, "median_score": 2.28, "hot_fraction": 1.0, "recordings": 1, "rides_rough": 1, "rides_covering": 1}, "geometry": {"type": "LineString", "coordinates": [[-118.330958, 34.021748], [-118.331012, 34.021759], [-118.331221, 34.021802]]}}, {"type": "Feature", "properties": {"bin": 781, "start_m": 19525, "end_m": 19550, "median_score": 1.29, "hot_fraction": 0.0, "recordings": 1, "rides_rough": 0, "rides_covering": 1}, "geometry": {"type": "LineString", "coordinates": [[-118.331221, 34.021802], [-118.331256, 34.021809], [-118.331485, 34.021854]]}}, {"type": "Feature", "properties": {"bin": 783, "start_m": 19575, "end_m": 19600, "median_score": 1.28, "hot_fraction": 0.33, "recordings": 3, "rides_rough": 1, "rides_covering": 2}, "geometry": {"type": "LineString", "coordinates": [[-118.331748, 34.021907], [-118.33176, 34.021909], [-118.332011, 34.021962]]}}, {"type": "Feature", "properties": {"bin": 784, "start_m": 19600, "end_m": 19625, "median_score": 1.31, "hot_fraction": 0.0, "recordings": 3, "rides_rough": 0, "rides_covering": 2}, "geometry": {"type": "LineString", "coordinates": [[-118.332011, 34.021962], [-118.332033, 34.021967], [-118.332275, 34.022014]]}}, {"type": "Feature", "properties": {"bin": 785, "start_m": 19625, "end_m": 19650, "median_score": 0.83, "hot_fraction": 0.0, "recordings": 4, "rides_rough": 0, "rides_covering": 2}, "geometry": {"type": "LineString", "coordinates": [[-118.332275, 34.022014], [-118.332539, 34.022065]]}}, {"type": "Feature", "properties": {"bin": 786, "start_m": 19650, "end_m": 19675, "median_score": 0.76, "hot_fraction": 0.0, "recordings": 3, "rides_rough": 0, "rides_covering": 2}, "geometry": {"type": "LineString", "coordinates": [[-118.332539, 34.022065], [-118.332803, 34.022117]]}}, {"type": "Feature", "properties": {"bin": 787, "start_m": 19675, "end_m": 19700, "median_score": 0.61, "hot_fraction": 0.0, "recordings": 4, "rides_rough": 0, "rides_covering": 2}, "geometry": {"type": "LineString", "coordinates": [[-118.332803, 34.022117], [-118.332948, 34.022145], [-118.333067, 34.022168]]}}, {"type": "Feature", "properties": {"bin": 788, "start_m": 19700, "end_m": 19725, "median_score": 0.71, "hot_fraction": 0.0, "recordings": 9, "rides_rough": 0, "rides_covering": 4}, "geometry": {"type": "LineString", "coordinates": [[-118.333067, 34.022168], [-118.333331, 34.022218]]}}, {"type": "Feature", "properties": {"bin": 789, "start_m": 19725, "end_m": 19750, "median_score": 0.78, "hot_fraction": 0.0, "recordings": 8, "rides_rough": 0, "rides_covering": 4}, "geometry": {"type": "LineString", "coordinates": [[-118.333331, 34.022218], [-118.333595, 34.022269]]}}, {"type": "Feature", "properties": {"bin": 790, "start_m": 19750, "end_m": 19775, "median_score": 0.6, "hot_fraction": 0.0, "recordings": 7, "rides_rough": 0, "rides_covering": 3}, "geometry": {"type": "LineString", "coordinates": [[-118.333595, 34.022269], [-118.333859, 34.022319]]}}, {"type": "Feature", "properties": {"bin": 791, "start_m": 19775, "end_m": 19800, "median_score": 0.53, "hot_fraction": 0.0, "recordings": 4, "rides_rough": 0, "rides_covering": 2}, "geometry": {"type": "LineString", "coordinates": [[-118.333859, 34.022319], [-118.334123, 34.02237]]}}, {"type": "Feature", "properties": {"bin": 792, "start_m": 19800, "end_m": 19825, "median_score": 0.62, "hot_fraction": 0.0, "recordings": 4, "rides_rough": 0, "rides_covering": 2}, "geometry": {"type": "LineString", "coordinates": [[-118.334123, 34.02237], [-118.334261, 34.022396], [-118.334387, 34.02242]]}}, {"type": "Feature", "properties": {"bin": 793, "start_m": 19825, "end_m": 19850, "median_score": 0.69, "hot_fraction": 0.0, "recordings": 4, "rides_rough": 0, "rides_covering": 2}, "geometry": {"type": "LineString", "coordinates": [[-118.334387, 34.02242], [-118.334651, 34.02247]]}}, {"type": "Feature", "properties": {"bin": 794, "start_m": 19850, "end_m": 19875, "median_score": 1.3, "hot_fraction": 0.0, "recordings": 4, "rides_rough": 0, "rides_covering": 2}, "geometry": {"type": "LineString", "coordinates": [[-118.334651, 34.02247], [-118.334916, 34.02252]]}}, {"type": "Feature", "properties": {"bin": 795, "start_m": 19875, "end_m": 19900, "median_score": 1.24, "hot_fraction": 0.0, "recordings": 3, "rides_rough": 0, "rides_covering": 2}, "geometry": {"type": "LineString", "coordinates": [[-118.334916, 34.02252], [-118.335108, 34.022556], [-118.33518, 34.022569]]}}, {"type": "Feature", "properties": {"bin": 796, "start_m": 19900, "end_m": 19925, "median_score": 1.44, "hot_fraction": 0.0, "recordings": 2, "rides_rough": 0, "rides_covering": 1}, "geometry": {"type": "LineString", "coordinates": [[-118.33518, 34.022569], [-118.335445, 34.022618]]}}, {"type": "Feature", "properties": {"bin": 798, "start_m": 19950, "end_m": 19975, "median_score": 1.53, "hot_fraction": 0.0, "recordings": 1, "rides_rough": 0, "rides_covering": 1}, "geometry": {"type": "LineString", "coordinates": [[-118.335709, 34.022666], [-118.335974, 34.022715]]}}, {"type": "Feature", "properties": {"bin": 799, "start_m": 19975, "end_m": 20000, "median_score": 0.89, "hot_fraction": 0.0, "recordings": 3, "rides_rough": 0, "rides_covering": 2}, "geometry": {"type": "LineString", "coordinates": [[-118.335974, 34.022715], [-118.336056, 34.02273], [-118.33624, 34.022757]]}}, {"type": "Feature", "properties": {"bin": 800, "start_m": 20000, "end_m": 20025, "median_score": 0.82, "hot_fraction": 0.0, "recordings": 6, "rides_rough": 0, "rides_covering": 3}, "geometry": {"type": "LineString", "coordinates": [[-118.33624, 34.022757], [-118.336507, 34.022796]]}}, {"type": "Feature", "properties": {"bin": 801, "start_m": 20025, "end_m": 20050, "median_score": 0.7, "hot_fraction": 0.0, "recordings": 1, "rides_rough": 0, "rides_covering": 1}, "geometry": {"type": "LineString", "coordinates": [[-118.336507, 34.022796], [-118.336533, 34.0228], [-118.336773, 34.022837]]}}, {"type": "Feature", "properties": {"bin": 803, "start_m": 20075, "end_m": 20100, "median_score": 0.74, "hot_fraction": 0.0, "recordings": 3, "rides_rough": 0, "rides_covering": 2}, "geometry": {"type": "LineString", "coordinates": [[-118.33704, 34.022879], [-118.337306, 34.02292]]}}, {"type": "Feature", "properties": {"bin": 804, "start_m": 20100, "end_m": 20125, "median_score": 0.91, "hot_fraction": 0.0, "recordings": 7, "rides_rough": 0, "rides_covering": 3}, "geometry": {"type": "LineString", "coordinates": [[-118.337306, 34.02292], [-118.337572, 34.022961]]}}, {"type": "Feature", "properties": {"bin": 805, "start_m": 20125, "end_m": 20150, "median_score": 0.85, "hot_fraction": 0.0, "recordings": 2, "rides_rough": 0, "rides_covering": 1}, "geometry": {"type": "LineString", "coordinates": [[-118.337572, 34.022961], [-118.337654, 34.022974], [-118.337839, 34.023003]]}}, {"type": "Feature", "properties": {"bin": 806, "start_m": 20150, "end_m": 20175, "median_score": 0.68, "hot_fraction": 0.0, "recordings": 6, "rides_rough": 0, "rides_covering": 3}, "geometry": {"type": "LineString", "coordinates": [[-118.337839, 34.023003], [-118.338105, 34.023044]]}}, {"type": "Feature", "properties": {"bin": 807, "start_m": 20175, "end_m": 20200, "median_score": 0.85, "hot_fraction": 0.0, "recordings": 6, "rides_rough": 0, "rides_covering": 3}, "geometry": {"type": "LineString", "coordinates": [[-118.338105, 34.023044], [-118.338372, 34.023085]]}}, {"type": "Feature", "properties": {"bin": 808, "start_m": 20200, "end_m": 20225, "median_score": 0.72, "hot_fraction": 0.0, "recordings": 8, "rides_rough": 0, "rides_covering": 4}, "geometry": {"type": "LineString", "coordinates": [[-118.338372, 34.023085], [-118.338638, 34.023126]]}}, {"type": "Feature", "properties": {"bin": 809, "start_m": 20225, "end_m": 20250, "median_score": 0.64, "hot_fraction": 0.0, "recordings": 1, "rides_rough": 0, "rides_covering": 1}, "geometry": {"type": "LineString", "coordinates": [[-118.338638, 34.023126], [-118.338681, 34.023133], [-118.338905, 34.023166]]}}, {"type": "Feature", "properties": {"bin": 810, "start_m": 20250, "end_m": 20275, "median_score": 0.76, "hot_fraction": 0.0, "recordings": 4, "rides_rough": 0, "rides_covering": 3}, "geometry": {"type": "LineString", "coordinates": [[-118.338905, 34.023166], [-118.338908, 34.023167], [-118.339173, 34.023199]]}}, {"type": "Feature", "properties": {"bin": 811, "start_m": 20275, "end_m": 20300, "median_score": 1.01, "hot_fraction": 0.0, "recordings": 4, "rides_rough": 0, "rides_covering": 3}, "geometry": {"type": "LineString", "coordinates": [[-118.339173, 34.023199], [-118.339441, 34.023232]]}}, {"type": "Feature", "properties": {"bin": 812, "start_m": 20300, "end_m": 20325, "median_score": 0.95, "hot_fraction": 0.0, "recordings": 3, "rides_rough": 0, "rides_covering": 2}, "geometry": {"type": "LineString", "coordinates": [[-118.339441, 34.023232], [-118.339699, 34.023264], [-118.339709, 34.023265]]}}, {"type": "Feature", "properties": {"bin": 813, "start_m": 20325, "end_m": 20350, "median_score": 1.5, "hot_fraction": 0.5, "recordings": 2, "rides_rough": 1, "rides_covering": 2}, "geometry": {"type": "LineString", "coordinates": [[-118.339709, 34.023265], [-118.339977, 34.023299]]}}, {"type": "Feature", "properties": {"bin": 814, "start_m": 20350, "end_m": 20375, "median_score": 1.11, "hot_fraction": 0.0, "recordings": 1, "rides_rough": 0, "rides_covering": 1}, "geometry": {"type": "LineString", "coordinates": [[-118.339977, 34.023299], [-118.340245, 34.023332]]}}, {"type": "Feature", "properties": {"bin": 815, "start_m": 20375, "end_m": 20400, "median_score": 0.97, "hot_fraction": 0.0, "recordings": 3, "rides_rough": 0, "rides_covering": 2}, "geometry": {"type": "LineString", "coordinates": [[-118.340245, 34.023332], [-118.340489, 34.023363], [-118.340513, 34.023366]]}}, {"type": "Feature", "properties": {"bin": 816, "start_m": 20400, "end_m": 20425, "median_score": 0.86, "hot_fraction": 0.0, "recordings": 3, "rides_rough": 0, "rides_covering": 2}, "geometry": {"type": "LineString", "coordinates": [[-118.340513, 34.023366], [-118.340781, 34.023398]]}}, {"type": "Feature", "properties": {"bin": 817, "start_m": 20425, "end_m": 20450, "median_score": 0.97, "hot_fraction": 0.0, "recordings": 3, "rides_rough": 0, "rides_covering": 2}, "geometry": {"type": "LineString", "coordinates": [[-118.340781, 34.023398], [-118.340869, 34.023408], [-118.341049, 34.02343]]}}, {"type": "Feature", "properties": {"bin": 818, "start_m": 20450, "end_m": 20475, "median_score": 0.84, "hot_fraction": 0.0, "recordings": 5, "rides_rough": 0, "rides_covering": 3}, "geometry": {"type": "LineString", "coordinates": [[-118.341049, 34.02343], [-118.341317, 34.023462]]}}, {"type": "Feature", "properties": {"bin": 819, "start_m": 20475, "end_m": 20500, "median_score": 0.94, "hot_fraction": 0.14, "recordings": 7, "rides_rough": 1, "rides_covering": 4}, "geometry": {"type": "LineString", "coordinates": [[-118.341317, 34.023462], [-118.341586, 34.023495]]}}, {"type": "Feature", "properties": {"bin": 820, "start_m": 20500, "end_m": 20525, "median_score": 0.87, "hot_fraction": 0.0, "recordings": 4, "rides_rough": 0, "rides_covering": 3}, "geometry": {"type": "LineString", "coordinates": [[-118.341586, 34.023495], [-118.341854, 34.023527]]}}, {"type": "Feature", "properties": {"bin": 821, "start_m": 20525, "end_m": 20550, "median_score": 0.79, "hot_fraction": 0.0, "recordings": 2, "rides_rough": 0, "rides_covering": 1}, "geometry": {"type": "LineString", "coordinates": [[-118.341854, 34.023527], [-118.342052, 34.023551], [-118.342122, 34.023559]]}}, {"type": "Feature", "properties": {"bin": 822, "start_m": 20550, "end_m": 20575, "median_score": 0.73, "hot_fraction": 0.0, "recordings": 4, "rides_rough": 0, "rides_covering": 2}, "geometry": {"type": "LineString", "coordinates": [[-118.342122, 34.023559], [-118.34239, 34.023591]]}}, {"type": "Feature", "properties": {"bin": 823, "start_m": 20575, "end_m": 20600, "median_score": 0.58, "hot_fraction": 0.0, "recordings": 5, "rides_rough": 0, "rides_covering": 3}, "geometry": {"type": "LineString", "coordinates": [[-118.34239, 34.023591], [-118.342658, 34.023623]]}}, {"type": "Feature", "properties": {"bin": 824, "start_m": 20600, "end_m": 20625, "median_score": 0.73, "hot_fraction": 0.0, "recordings": 5, "rides_rough": 0, "rides_covering": 2}, "geometry": {"type": "LineString", "coordinates": [[-118.342658, 34.023623], [-118.342927, 34.023655]]}}, {"type": "Feature", "properties": {"bin": 825, "start_m": 20625, "end_m": 20650, "median_score": 0.83, "hot_fraction": 0.0, "recordings": 8, "rides_rough": 0, "rides_covering": 3}, "geometry": {"type": "LineString", "coordinates": [[-118.342927, 34.023655], [-118.343195, 34.023687]]}}, {"type": "Feature", "properties": {"bin": 826, "start_m": 20650, "end_m": 20675, "median_score": 0.77, "hot_fraction": 0.0, "recordings": 5, "rides_rough": 0, "rides_covering": 2}, "geometry": {"type": "LineString", "coordinates": [[-118.343195, 34.023687], [-118.343203, 34.023688], [-118.343464, 34.023716]]}}, {"type": "Feature", "properties": {"bin": 827, "start_m": 20675, "end_m": 20700, "median_score": 1.12, "hot_fraction": 0.0, "recordings": 8, "rides_rough": 0, "rides_covering": 3}, "geometry": {"type": "LineString", "coordinates": [[-118.343464, 34.023716], [-118.343733, 34.023745]]}}, {"type": "Feature", "properties": {"bin": 828, "start_m": 20700, "end_m": 20725, "median_score": 0.99, "hot_fraction": 0.0, "recordings": 7, "rides_rough": 0, "rides_covering": 3}, "geometry": {"type": "LineString", "coordinates": [[-118.343733, 34.023745], [-118.344001, 34.023773]]}}, {"type": "Feature", "properties": {"bin": 829, "start_m": 20725, "end_m": 20750, "median_score": 0.96, "hot_fraction": 0.0, "recordings": 3, "rides_rough": 0, "rides_covering": 1}, "geometry": {"type": "LineString", "coordinates": [[-118.344001, 34.023773], [-118.34427, 34.023802]]}}, {"type": "Feature", "properties": {"bin": 831, "start_m": 20775, "end_m": 20800, "median_score": 1.72, "hot_fraction": 0.5, "recordings": 2, "rides_rough": 1, "rides_covering": 1}, "geometry": {"type": "LineString", "coordinates": [[-118.344539, 34.023831], [-118.344808, 34.023859]]}}, {"type": "Feature", "properties": {"bin": 832, "start_m": 20800, "end_m": 20825, "median_score": 1.59, "hot_fraction": 0.2, "recordings": 5, "rides_rough": 1, "rides_covering": 3}, "geometry": {"type": "LineString", "coordinates": [[-118.344808, 34.023859], [-118.345076, 34.023888]]}}, {"type": "Feature", "properties": {"bin": 833, "start_m": 20825, "end_m": 20850, "median_score": 1.46, "hot_fraction": 0.0, "recordings": 6, "rides_rough": 0, "rides_covering": 4}, "geometry": {"type": "LineString", "coordinates": [[-118.345076, 34.023888], [-118.345345, 34.023917]]}}, {"type": "Feature", "properties": {"bin": 834, "start_m": 20850, "end_m": 20875, "median_score": 1.35, "hot_fraction": 0.17, "recordings": 6, "rides_rough": 1, "rides_covering": 4}, "geometry": {"type": "LineString", "coordinates": [[-118.345345, 34.023917], [-118.345452, 34.023928], [-118.345614, 34.023945]]}}, {"type": "Feature", "properties": {"bin": 835, "start_m": 20875, "end_m": 20900, "median_score": 0.8, "hot_fraction": 0.0, "recordings": 2, "rides_rough": 0, "rides_covering": 2}, "geometry": {"type": "LineString", "coordinates": [[-118.345614, 34.023945], [-118.345762, 34.02396], [-118.345883, 34.023972]]}}, {"type": "Feature", "properties": {"bin": 836, "start_m": 20900, "end_m": 20925, "median_score": 1.48, "hot_fraction": 0.5, "recordings": 2, "rides_rough": 1, "rides_covering": 2}, "geometry": {"type": "LineString", "coordinates": [[-118.345883, 34.023972], [-118.346152, 34.023999]]}}, {"type": "Feature", "properties": {"bin": 837, "start_m": 20925, "end_m": 20950, "median_score": 1.08, "hot_fraction": 0.2, "recordings": 5, "rides_rough": 1, "rides_covering": 3}, "geometry": {"type": "LineString", "coordinates": [[-118.346152, 34.023999], [-118.346421, 34.024026]]}}, {"type": "Feature", "properties": {"bin": 838, "start_m": 20950, "end_m": 20975, "median_score": 1.08, "hot_fraction": 0.2, "recordings": 5, "rides_rough": 1, "rides_covering": 3}, "geometry": {"type": "LineString", "coordinates": [[-118.346421, 34.024026], [-118.346621, 34.024046], [-118.34669, 34.024053]]}}, {"type": "Feature", "properties": {"bin": 839, "start_m": 20975, "end_m": 21000, "median_score": 1.07, "hot_fraction": 0.4, "recordings": 5, "rides_rough": 2, "rides_covering": 3}, "geometry": {"type": "LineString", "coordinates": [[-118.34669, 34.024053], [-118.346959, 34.02408]]}}, {"type": "Feature", "properties": {"bin": 840, "start_m": 21000, "end_m": 21025, "median_score": 1.24, "hot_fraction": 0.17, "recordings": 6, "rides_rough": 1, "rides_covering": 4}, "geometry": {"type": "LineString", "coordinates": [[-118.346959, 34.02408], [-118.347196, 34.024103], [-118.347228, 34.024106]]}}, {"type": "Feature", "properties": {"bin": 841, "start_m": 21025, "end_m": 21050, "median_score": 0.86, "hot_fraction": 0.0, "recordings": 4, "rides_rough": 0, "rides_covering": 2}, "geometry": {"type": "LineString", "coordinates": [[-118.347228, 34.024106], [-118.347497, 34.024133]]}}, {"type": "Feature", "properties": {"bin": 842, "start_m": 21050, "end_m": 21075, "median_score": 0.78, "hot_fraction": 0.0, "recordings": 5, "rides_rough": 0, "rides_covering": 2}, "geometry": {"type": "LineString", "coordinates": [[-118.347497, 34.024133], [-118.347766, 34.02416]]}}, {"type": "Feature", "properties": {"bin": 843, "start_m": 21075, "end_m": 21100, "median_score": 1.05, "hot_fraction": 0.0, "recordings": 3, "rides_rough": 0, "rides_covering": 2}, "geometry": {"type": "LineString", "coordinates": [[-118.347766, 34.02416], [-118.348034, 34.024187], [-118.348035, 34.024187]]}}, {"type": "Feature", "properties": {"bin": 844, "start_m": 21100, "end_m": 21125, "median_score": 1.07, "hot_fraction": 0.0, "recordings": 3, "rides_rough": 0, "rides_covering": 2}, "geometry": {"type": "LineString", "coordinates": [[-118.348035, 34.024187], [-118.348305, 34.024212]]}}, {"type": "Feature", "properties": {"bin": 845, "start_m": 21125, "end_m": 21150, "median_score": 1.15, "hot_fraction": 0.0, "recordings": 2, "rides_rough": 0, "rides_covering": 1}, "geometry": {"type": "LineString", "coordinates": [[-118.348305, 34.024212], [-118.348574, 34.024237]]}}, {"type": "Feature", "properties": {"bin": 846, "start_m": 21150, "end_m": 21175, "median_score": 0.74, "hot_fraction": 0.0, "recordings": 2, "rides_rough": 0, "rides_covering": 1}, "geometry": {"type": "LineString", "coordinates": [[-118.348574, 34.024237], [-118.348843, 34.024263]]}}, {"type": "Feature", "properties": {"bin": 847, "start_m": 21175, "end_m": 21200, "median_score": 0.79, "hot_fraction": 0.0, "recordings": 3, "rides_rough": 0, "rides_covering": 2}, "geometry": {"type": "LineString", "coordinates": [[-118.348843, 34.024263], [-118.349113, 34.024288]]}}, {"type": "Feature", "properties": {"bin": 848, "start_m": 21200, "end_m": 21225, "median_score": 1.02, "hot_fraction": 0.0, "recordings": 4, "rides_rough": 0, "rides_covering": 2}, "geometry": {"type": "LineString", "coordinates": [[-118.349113, 34.024288], [-118.349157, 34.024292], [-118.349382, 34.024313]]}}, {"type": "Feature", "properties": {"bin": 849, "start_m": 21225, "end_m": 21250, "median_score": 1.1, "hot_fraction": 0.0, "recordings": 4, "rides_rough": 0, "rides_covering": 2}, "geometry": {"type": "LineString", "coordinates": [[-118.349382, 34.024313], [-118.349651, 34.024337]]}}, {"type": "Feature", "properties": {"bin": 850, "start_m": 21250, "end_m": 21275, "median_score": 0.56, "hot_fraction": 0.0, "recordings": 4, "rides_rough": 0, "rides_covering": 2}, "geometry": {"type": "LineString", "coordinates": [[-118.349651, 34.024337], [-118.349921, 34.024362]]}}, {"type": "Feature", "properties": {"bin": 851, "start_m": 21275, "end_m": 21300, "median_score": 1.08, "hot_fraction": 0.0, "recordings": 3, "rides_rough": 0, "rides_covering": 2}, "geometry": {"type": "LineString", "coordinates": [[-118.349921, 34.024362], [-118.350076, 34.024376], [-118.35019, 34.024387]]}}, {"type": "Feature", "properties": {"bin": 852, "start_m": 21300, "end_m": 21325, "median_score": 1.09, "hot_fraction": 0.0, "recordings": 3, "rides_rough": 0, "rides_covering": 2}, "geometry": {"type": "LineString", "coordinates": [[-118.35019, 34.024387], [-118.350459, 34.024412]]}}, {"type": "Feature", "properties": {"bin": 853, "start_m": 21325, "end_m": 21350, "median_score": 0.76, "hot_fraction": 0.0, "recordings": 4, "rides_rough": 0, "rides_covering": 2}, "geometry": {"type": "LineString", "coordinates": [[-118.350459, 34.024412], [-118.350729, 34.024437]]}}, {"type": "Feature", "properties": {"bin": 854, "start_m": 21350, "end_m": 21375, "median_score": 0.88, "hot_fraction": 0.0, "recordings": 4, "rides_rough": 0, "rides_covering": 2}, "geometry": {"type": "LineString", "coordinates": [[-118.350729, 34.024437], [-118.350885, 34.024451], [-118.350998, 34.024461]]}}, {"type": "Feature", "properties": {"bin": 855, "start_m": 21375, "end_m": 21400, "median_score": 0.78, "hot_fraction": 0.0, "recordings": 5, "rides_rough": 0, "rides_covering": 3}, "geometry": {"type": "LineString", "coordinates": [[-118.350998, 34.024461], [-118.351267, 34.024486]]}}, {"type": "Feature", "properties": {"bin": 856, "start_m": 21400, "end_m": 21425, "median_score": 0.98, "hot_fraction": 0.0, "recordings": 5, "rides_rough": 0, "rides_covering": 3}, "geometry": {"type": "LineString", "coordinates": [[-118.351267, 34.024486], [-118.351537, 34.024511]]}}, {"type": "Feature", "properties": {"bin": 857, "start_m": 21425, "end_m": 21450, "median_score": 0.94, "hot_fraction": 0.0, "recordings": 6, "rides_rough": 0, "rides_covering": 3}, "geometry": {"type": "LineString", "coordinates": [[-118.351537, 34.024511], [-118.351806, 34.024535]]}}, {"type": "Feature", "properties": {"bin": 858, "start_m": 21450, "end_m": 21475, "median_score": 1.02, "hot_fraction": 0.0, "recordings": 5, "rides_rough": 0, "rides_covering": 3}, "geometry": {"type": "LineString", "coordinates": [[-118.351806, 34.024535], [-118.352012, 34.024554], [-118.352075, 34.02456]]}}, {"type": "Feature", "properties": {"bin": 859, "start_m": 21475, "end_m": 21500, "median_score": 0.95, "hot_fraction": 0.0, "recordings": 7, "rides_rough": 0, "rides_covering": 3}, "geometry": {"type": "LineString", "coordinates": [[-118.352075, 34.02456], [-118.352345, 34.024585]]}}, {"type": "Feature", "properties": {"bin": 860, "start_m": 21500, "end_m": 21525, "median_score": 1.24, "hot_fraction": 0.0, "recordings": 7, "rides_rough": 0, "rides_covering": 4}, "geometry": {"type": "LineString", "coordinates": [[-118.352345, 34.024585], [-118.352614, 34.02461]]}}, {"type": "Feature", "properties": {"bin": 861, "start_m": 21525, "end_m": 21550, "median_score": 1.35, "hot_fraction": 0.0, "recordings": 7, "rides_rough": 0, "rides_covering": 4}, "geometry": {"type": "LineString", "coordinates": [[-118.352614, 34.02461], [-118.352883, 34.024634]]}}, {"type": "Feature", "properties": {"bin": 862, "start_m": 21550, "end_m": 21575, "median_score": 1.34, "hot_fraction": 0.0, "recordings": 4, "rides_rough": 0, "rides_covering": 3}, "geometry": {"type": "LineString", "coordinates": [[-118.352883, 34.024634], [-118.352954, 34.024641], [-118.353153, 34.024659]]}}, {"type": "Feature", "properties": {"bin": 863, "start_m": 21575, "end_m": 21600, "median_score": 1.24, "hot_fraction": 0.0, "recordings": 2, "rides_rough": 0, "rides_covering": 1}, "geometry": {"type": "LineString", "coordinates": [[-118.353153, 34.024659], [-118.353422, 34.024684]]}}, {"type": "Feature", "properties": {"bin": 864, "start_m": 21600, "end_m": 21625, "median_score": 1.37, "hot_fraction": 0.0, "recordings": 2, "rides_rough": 0, "rides_covering": 1}, "geometry": {"type": "LineString", "coordinates": [[-118.353422, 34.024684], [-118.353692, 34.024708]]}}, {"type": "Feature", "properties": {"bin": 865, "start_m": 21625, "end_m": 21650, "median_score": 1.67, "hot_fraction": 0.0, "recordings": 2, "rides_rough": 0, "rides_covering": 1}, "geometry": {"type": "LineString", "coordinates": [[-118.353692, 34.024708], [-118.353961, 34.024733]]}}, {"type": "Feature", "properties": {"bin": 877, "start_m": 21925, "end_m": 21950, "median_score": 0.94, "hot_fraction": 0.0, "recordings": 1, "rides_rough": 0, "rides_covering": 1}, "geometry": {"type": "LineString", "coordinates": [[-118.356923, 34.025008], [-118.35715, 34.025029], [-118.357193, 34.025033]]}}, {"type": "Feature", "properties": {"bin": 878, "start_m": 21950, "end_m": 21975, "median_score": 1.27, "hot_fraction": 0.0, "recordings": 2, "rides_rough": 0, "rides_covering": 1}, "geometry": {"type": "LineString", "coordinates": [[-118.357193, 34.025033], [-118.357462, 34.02506]]}}, {"type": "Feature", "properties": {"bin": 879, "start_m": 21975, "end_m": 22000, "median_score": 1.07, "hot_fraction": 0.0, "recordings": 1, "rides_rough": 0, "rides_covering": 1}, "geometry": {"type": "LineString", "coordinates": [[-118.357462, 34.02506], [-118.357587, 34.025072], [-118.357731, 34.025085]]}}, {"type": "Feature", "properties": {"bin": 880, "start_m": 22000, "end_m": 22025, "median_score": 0.99, "hot_fraction": 0.0, "recordings": 4, "rides_rough": 0, "rides_covering": 2}, "geometry": {"type": "LineString", "coordinates": [[-118.357731, 34.025085], [-118.358, 34.02511]]}}, {"type": "Feature", "properties": {"bin": 881, "start_m": 22025, "end_m": 22050, "median_score": 1.14, "hot_fraction": 0.0, "recordings": 4, "rides_rough": 0, "rides_covering": 2}, "geometry": {"type": "LineString", "coordinates": [[-118.358, 34.02511], [-118.35827, 34.025134]]}}, {"type": "Feature", "properties": {"bin": 882, "start_m": 22050, "end_m": 22075, "median_score": 1.48, "hot_fraction": 0.0, "recordings": 3, "rides_rough": 0, "rides_covering": 2}, "geometry": {"type": "LineString", "coordinates": [[-118.35827, 34.025134], [-118.358366, 34.025143], [-118.358539, 34.025159]]}}, {"type": "Feature", "properties": {"bin": 883, "start_m": 22075, "end_m": 22100, "median_score": 0.51, "hot_fraction": 0.0, "recordings": 3, "rides_rough": 0, "rides_covering": 2}, "geometry": {"type": "LineString", "coordinates": [[-118.358539, 34.025159], [-118.358808, 34.025184]]}}, {"type": "Feature", "properties": {"bin": 884, "start_m": 22100, "end_m": 22125, "median_score": 1.21, "hot_fraction": 0.0, "recordings": 4, "rides_rough": 0, "rides_covering": 3}, "geometry": {"type": "LineString", "coordinates": [[-118.358808, 34.025184], [-118.359078, 34.025209]]}}, {"type": "Feature", "properties": {"bin": 885, "start_m": 22125, "end_m": 22150, "median_score": 1.5, "hot_fraction": 0.33, "recordings": 3, "rides_rough": 1, "rides_covering": 2}, "geometry": {"type": "LineString", "coordinates": [[-118.359078, 34.025209], [-118.359175, 34.025218], [-118.359347, 34.025234]]}}, {"type": "Feature", "properties": {"bin": 886, "start_m": 22150, "end_m": 22175, "median_score": 1.17, "hot_fraction": 0.0, "recordings": 6, "rides_rough": 0, "rides_covering": 4}, "geometry": {"type": "LineString", "coordinates": [[-118.359347, 34.025234], [-118.359616, 34.025258]]}}, {"type": "Feature", "properties": {"bin": 887, "start_m": 22175, "end_m": 22200, "median_score": 0.89, "hot_fraction": 0.0, "recordings": 8, "rides_rough": 0, "rides_covering": 4}, "geometry": {"type": "LineString", "coordinates": [[-118.359616, 34.025258], [-118.359886, 34.025283]]}}, {"type": "Feature", "properties": {"bin": 888, "start_m": 22200, "end_m": 22225, "median_score": 1.4, "hot_fraction": 0.0, "recordings": 9, "rides_rough": 0, "rides_covering": 4}, "geometry": {"type": "LineString", "coordinates": [[-118.359886, 34.025283], [-118.360107, 34.025303], [-118.360155, 34.025307]]}}, {"type": "Feature", "properties": {"bin": 889, "start_m": 22225, "end_m": 22250, "median_score": 1.49, "hot_fraction": 0.12, "recordings": 8, "rides_rough": 1, "rides_covering": 4}, "geometry": {"type": "LineString", "coordinates": [[-118.360155, 34.025307], [-118.360424, 34.025332]]}}, {"type": "Feature", "properties": {"bin": 890, "start_m": 22250, "end_m": 22275, "median_score": 1.19, "hot_fraction": 0.0, "recordings": 7, "rides_rough": 0, "rides_covering": 3}, "geometry": {"type": "LineString", "coordinates": [[-118.360424, 34.025332], [-118.360694, 34.025357]]}}, {"type": "Feature", "properties": {"bin": 891, "start_m": 22275, "end_m": 22300, "median_score": 1.32, "hot_fraction": 0.0, "recordings": 6, "rides_rough": 0, "rides_covering": 3}, "geometry": {"type": "LineString", "coordinates": [[-118.360694, 34.025357], [-118.360963, 34.025382], [-118.360963, 34.025382]]}}, {"type": "Feature", "properties": {"bin": 892, "start_m": 22300, "end_m": 22325, "median_score": 1.04, "hot_fraction": 0.0, "recordings": 8, "rides_rough": 0, "rides_covering": 4}, "geometry": {"type": "LineString", "coordinates": [[-118.360963, 34.025382], [-118.361232, 34.025407]]}}, {"type": "Feature", "properties": {"bin": 893, "start_m": 22325, "end_m": 22350, "median_score": 0.97, "hot_fraction": 0.0, "recordings": 8, "rides_rough": 0, "rides_covering": 4}, "geometry": {"type": "LineString", "coordinates": [[-118.361232, 34.025407], [-118.361502, 34.025431]]}}, {"type": "Feature", "properties": {"bin": 894, "start_m": 22350, "end_m": 22375, "median_score": 0.86, "hot_fraction": 0.0, "recordings": 8, "rides_rough": 0, "rides_covering": 5}, "geometry": {"type": "LineString", "coordinates": [[-118.361502, 34.025431], [-118.361771, 34.025456]]}}, {"type": "Feature", "properties": {"bin": 895, "start_m": 22375, "end_m": 22400, "median_score": 0.94, "hot_fraction": 0.0, "recordings": 9, "rides_rough": 0, "rides_covering": 5}, "geometry": {"type": "LineString", "coordinates": [[-118.361771, 34.025456], [-118.362026, 34.025479], [-118.362041, 34.02548]]}}, {"type": "Feature", "properties": {"bin": 896, "start_m": 22400, "end_m": 22425, "median_score": 1.01, "hot_fraction": 0.0, "recordings": 10, "rides_rough": 0, "rides_covering": 5}, "geometry": {"type": "LineString", "coordinates": [[-118.362041, 34.02548], [-118.36231, 34.025506]]}}, {"type": "Feature", "properties": {"bin": 897, "start_m": 22425, "end_m": 22450, "median_score": 1.0, "hot_fraction": 0.0, "recordings": 8, "rides_rough": 0, "rides_covering": 5}, "geometry": {"type": "LineString", "coordinates": [[-118.36231, 34.025506], [-118.362579, 34.025532]]}}, {"type": "Feature", "properties": {"bin": 898, "start_m": 22450, "end_m": 22475, "median_score": 1.78, "hot_fraction": 0.56, "recordings": 9, "rides_rough": 3, "rides_covering": 5}, "geometry": {"type": "LineString", "coordinates": [[-118.362579, 34.025532], [-118.362848, 34.025557]]}}, {"type": "Feature", "properties": {"bin": 899, "start_m": 22475, "end_m": 22500, "median_score": 1.17, "hot_fraction": 0.11, "recordings": 9, "rides_rough": 1, "rides_covering": 5}, "geometry": {"type": "LineString", "coordinates": [[-118.362848, 34.025557], [-118.363047, 34.025576], [-118.363117, 34.025584]]}}, {"type": "Feature", "properties": {"bin": 900, "start_m": 22500, "end_m": 22525, "median_score": 0.92, "hot_fraction": 0.0, "recordings": 8, "rides_rough": 0, "rides_covering": 4}, "geometry": {"type": "LineString", "coordinates": [[-118.363117, 34.025584], [-118.363385, 34.025617]]}}, {"type": "Feature", "properties": {"bin": 901, "start_m": 22525, "end_m": 22550, "median_score": 1.14, "hot_fraction": 0.0, "recordings": 8, "rides_rough": 0, "rides_covering": 4}, "geometry": {"type": "LineString", "coordinates": [[-118.363385, 34.025617], [-118.36359, 34.025641], [-118.363654, 34.025649]]}}, {"type": "Feature", "properties": {"bin": 902, "start_m": 22550, "end_m": 22575, "median_score": 1.11, "hot_fraction": 0.0, "recordings": 9, "rides_rough": 0, "rides_covering": 4}, "geometry": {"type": "LineString", "coordinates": [[-118.363654, 34.025649], [-118.363922, 34.025681]]}}, {"type": "Feature", "properties": {"bin": 903, "start_m": 22575, "end_m": 22600, "median_score": 0.97, "hot_fraction": 0.0, "recordings": 9, "rides_rough": 0, "rides_covering": 4}, "geometry": {"type": "LineString", "coordinates": [[-118.363922, 34.025681], [-118.36419, 34.025714]]}}, {"type": "Feature", "properties": {"bin": 904, "start_m": 22600, "end_m": 22625, "median_score": 1.05, "hot_fraction": 0.0, "recordings": 9, "rides_rough": 0, "rides_covering": 4}, "geometry": {"type": "LineString", "coordinates": [[-118.36419, 34.025714], [-118.364436, 34.025744], [-118.364458, 34.025747]]}}, {"type": "Feature", "properties": {"bin": 905, "start_m": 22625, "end_m": 22650, "median_score": 0.97, "hot_fraction": 0.0, "recordings": 9, "rides_rough": 0, "rides_covering": 5}, "geometry": {"type": "LineString", "coordinates": [[-118.364458, 34.025747], [-118.364726, 34.02578]]}}, {"type": "Feature", "properties": {"bin": 906, "start_m": 22650, "end_m": 22675, "median_score": 1.38, "hot_fraction": 0.0, "recordings": 10, "rides_rough": 0, "rides_covering": 5}, "geometry": {"type": "LineString", "coordinates": [[-118.364726, 34.02578], [-118.364994, 34.025813]]}}, {"type": "Feature", "properties": {"bin": 907, "start_m": 22675, "end_m": 22700, "median_score": 1.46, "hot_fraction": 0.2, "recordings": 10, "rides_rough": 2, "rides_covering": 5}, "geometry": {"type": "LineString", "coordinates": [[-118.364994, 34.025813], [-118.365214, 34.02584], [-118.365262, 34.025845]]}}, {"type": "Feature", "properties": {"bin": 908, "start_m": 22700, "end_m": 22725, "median_score": 0.99, "hot_fraction": 0.11, "recordings": 9, "rides_rough": 1, "rides_covering": 5}, "geometry": {"type": "LineString", "coordinates": [[-118.365262, 34.025845], [-118.365531, 34.025871]]}}, {"type": "Feature", "properties": {"bin": 909, "start_m": 22725, "end_m": 22750, "median_score": 1.07, "hot_fraction": 0.2, "recordings": 10, "rides_rough": 2, "rides_covering": 5}, "geometry": {"type": "LineString", "coordinates": [[-118.365531, 34.025871], [-118.365692, 34.025887], [-118.365801, 34.025898]]}}, {"type": "Feature", "properties": {"bin": 910, "start_m": 22750, "end_m": 22775, "median_score": 1.27, "hot_fraction": 0.4, "recordings": 10, "rides_rough": 2, "rides_covering": 5}, "geometry": {"type": "LineString", "coordinates": [[-118.365801, 34.025898], [-118.366016, 34.02592], [-118.36607, 34.025925]]}}, {"type": "Feature", "properties": {"bin": 911, "start_m": 22775, "end_m": 22800, "median_score": 1.45, "hot_fraction": 0.22, "recordings": 9, "rides_rough": 2, "rides_covering": 4}, "geometry": {"type": "LineString", "coordinates": [[-118.36607, 34.025925], [-118.366339, 34.025949]]}}, {"type": "Feature", "properties": {"bin": 912, "start_m": 22800, "end_m": 22825, "median_score": 1.6, "hot_fraction": 0.12, "recordings": 8, "rides_rough": 1, "rides_covering": 4}, "geometry": {"type": "LineString", "coordinates": [[-118.366339, 34.025949], [-118.366498, 34.025964], [-118.366608, 34.025974]]}}, {"type": "Feature", "properties": {"bin": 913, "start_m": 22825, "end_m": 22850, "median_score": 1.83, "hot_fraction": 0.62, "recordings": 8, "rides_rough": 3, "rides_covering": 4}, "geometry": {"type": "LineString", "coordinates": [[-118.366608, 34.025974], [-118.366654, 34.025978], [-118.366878, 34.025997]]}}, {"type": "Feature", "properties": {"bin": 914, "start_m": 22850, "end_m": 22875, "median_score": 1.66, "hot_fraction": 0.44, "recordings": 9, "rides_rough": 2, "rides_covering": 4}, "geometry": {"type": "LineString", "coordinates": [[-118.366878, 34.025997], [-118.367148, 34.026019]]}}, {"type": "Feature", "properties": {"bin": 915, "start_m": 22875, "end_m": 22900, "median_score": 1.08, "hot_fraction": 0.44, "recordings": 9, "rides_rough": 2, "rides_covering": 4}, "geometry": {"type": "LineString", "coordinates": [[-118.367148, 34.026019], [-118.367251, 34.026028], [-118.367417, 34.02604]]}}, {"type": "Feature", "properties": {"bin": 916, "start_m": 22900, "end_m": 22925, "median_score": 1.17, "hot_fraction": 0.44, "recordings": 9, "rides_rough": 2, "rides_covering": 4}, "geometry": {"type": "LineString", "coordinates": [[-118.367417, 34.02604], [-118.367687, 34.026059]]}}, {"type": "Feature", "properties": {"bin": 917, "start_m": 22925, "end_m": 22950, "median_score": 1.12, "hot_fraction": 0.22, "recordings": 9, "rides_rough": 1, "rides_covering": 4}, "geometry": {"type": "LineString", "coordinates": [[-118.367687, 34.026059], [-118.367957, 34.026079]]}}, {"type": "Feature", "properties": {"bin": 918, "start_m": 22950, "end_m": 22975, "median_score": 1.16, "hot_fraction": 0.25, "recordings": 8, "rides_rough": 1, "rides_covering": 4}, "geometry": {"type": "LineString", "coordinates": [[-118.367957, 34.026079], [-118.368044, 34.026085], [-118.368227, 34.026099]]}}, {"type": "Feature", "properties": {"bin": 919, "start_m": 22975, "end_m": 23000, "median_score": 1.44, "hot_fraction": 0.5, "recordings": 8, "rides_rough": 2, "rides_covering": 4}, "geometry": {"type": "LineString", "coordinates": [[-118.368227, 34.026099], [-118.368369, 34.026109], [-118.368497, 34.026118]]}}, {"type": "Feature", "properties": {"bin": 920, "start_m": 23000, "end_m": 23025, "median_score": 1.08, "hot_fraction": 0.22, "recordings": 9, "rides_rough": 1, "rides_covering": 4}, "geometry": {"type": "LineString", "coordinates": [[-118.368497, 34.026118], [-118.368767, 34.026138]]}}, {"type": "Feature", "properties": {"bin": 921, "start_m": 23025, "end_m": 23050, "median_score": 1.2, "hot_fraction": 0.12, "recordings": 8, "rides_rough": 1, "rides_covering": 4}, "geometry": {"type": "LineString", "coordinates": [[-118.368767, 34.026138], [-118.368812, 34.026141], [-118.369037, 34.026158]]}}, {"type": "Feature", "properties": {"bin": 922, "start_m": 23050, "end_m": 23075, "median_score": 1.17, "hot_fraction": 0.0, "recordings": 7, "rides_rough": 0, "rides_covering": 5}, "geometry": {"type": "LineString", "coordinates": [[-118.369037, 34.026158], [-118.369307, 34.026179]]}}, {"type": "Feature", "properties": {"bin": 923, "start_m": 23075, "end_m": 23100, "median_score": 1.3, "hot_fraction": 0.0, "recordings": 3, "rides_rough": 0, "rides_covering": 2}, "geometry": {"type": "LineString", "coordinates": [[-118.369307, 34.026179], [-118.369571, 34.0262], [-118.369577, 34.0262]]}}, {"type": "Feature", "properties": {"bin": 924, "start_m": 23100, "end_m": 23125, "median_score": 1.49, "hot_fraction": 0.0, "recordings": 4, "rides_rough": 0, "rides_covering": 3}, "geometry": {"type": "LineString", "coordinates": [[-118.369577, 34.0262], [-118.369846, 34.026221]]}}, {"type": "Feature", "properties": {"bin": 925, "start_m": 23125, "end_m": 23150, "median_score": 1.4, "hot_fraction": 0.0, "recordings": 3, "rides_rough": 0, "rides_covering": 2}, "geometry": {"type": "LineString", "coordinates": [[-118.369846, 34.026221], [-118.370116, 34.026242]]}}, {"type": "Feature", "properties": {"bin": 926, "start_m": 23150, "end_m": 23175, "median_score": 1.29, "hot_fraction": 0.0, "recordings": 4, "rides_rough": 0, "rides_covering": 3}, "geometry": {"type": "LineString", "coordinates": [[-118.370116, 34.026242], [-118.370386, 34.026263]]}}, {"type": "Feature", "properties": {"bin": 927, "start_m": 23175, "end_m": 23200, "median_score": 1.9, "hot_fraction": 0.8, "recordings": 5, "rides_rough": 3, "rides_covering": 4}, "geometry": {"type": "LineString", "coordinates": [[-118.370386, 34.026263], [-118.370607, 34.02628], [-118.370656, 34.026284]]}}, {"type": "Feature", "properties": {"bin": 928, "start_m": 23200, "end_m": 23225, "median_score": 1.96, "hot_fraction": 0.62, "recordings": 8, "rides_rough": 4, "rides_covering": 5}, "geometry": {"type": "LineString", "coordinates": [[-118.370656, 34.026284], [-118.370926, 34.026303]]}}, {"type": "Feature", "properties": {"bin": 929, "start_m": 23225, "end_m": 23250, "median_score": 2.0, "hot_fraction": 0.5, "recordings": 2, "rides_rough": 1, "rides_covering": 2}, "geometry": {"type": "LineString", "coordinates": [[-118.370926, 34.026303], [-118.370993, 34.026308], [-118.371196, 34.026325]]}}, {"type": "Feature", "properties": {"bin": 930, "start_m": 23250, "end_m": 23275, "median_score": 0.69, "hot_fraction": 0.0, "recordings": 4, "rides_rough": 0, "rides_covering": 2}, "geometry": {"type": "LineString", "coordinates": [[-118.371196, 34.026325], [-118.371465, 34.026348]]}}, {"type": "Feature", "properties": {"bin": 931, "start_m": 23275, "end_m": 23300, "median_score": 0.61, "hot_fraction": 0.0, "recordings": 1, "rides_rough": 0, "rides_covering": 1}, "geometry": {"type": "LineString", "coordinates": [[-118.371465, 34.026348], [-118.371716, 34.026369], [-118.371735, 34.02637]]}}, {"type": "Feature", "properties": {"bin": 932, "start_m": 23300, "end_m": 23325, "median_score": 0.66, "hot_fraction": 0.0, "recordings": 1, "rides_rough": 0, "rides_covering": 1}, "geometry": {"type": "LineString", "coordinates": [[-118.371735, 34.02637], [-118.372005, 34.026391]]}}, {"type": "Feature", "properties": {"bin": 933, "start_m": 23325, "end_m": 23350, "median_score": 0.53, "hot_fraction": 0.0, "recordings": 1, "rides_rough": 0, "rides_covering": 1}, "geometry": {"type": "LineString", "coordinates": [[-118.372005, 34.026391], [-118.372075, 34.026396], [-118.372274, 34.026412]]}}, {"type": "Feature", "properties": {"bin": 934, "start_m": 23350, "end_m": 23375, "median_score": 0.5, "hot_fraction": 0.0, "recordings": 1, "rides_rough": 0, "rides_covering": 1}, "geometry": {"type": "LineString", "coordinates": [[-118.372274, 34.026412], [-118.372544, 34.026434]]}}, {"type": "Feature", "properties": {"bin": 935, "start_m": 23375, "end_m": 23400, "median_score": 0.73, "hot_fraction": 0.0, "recordings": 1, "rides_rough": 0, "rides_covering": 1}, "geometry": {"type": "LineString", "coordinates": [[-118.372544, 34.026434], [-118.372721, 34.026449], [-118.372814, 34.026457]]}}, {"type": "Feature", "properties": {"bin": 936, "start_m": 23400, "end_m": 23425, "median_score": 0.88, "hot_fraction": 0.0, "recordings": 2, "rides_rough": 0, "rides_covering": 2}, "geometry": {"type": "LineString", "coordinates": [[-118.372814, 34.026457], [-118.373083, 34.026481]]}}, {"type": "Feature", "properties": {"bin": 937, "start_m": 23425, "end_m": 23450, "median_score": 0.99, "hot_fraction": 0.0, "recordings": 3, "rides_rough": 0, "rides_covering": 2}, "geometry": {"type": "LineString", "coordinates": [[-118.373083, 34.026481], [-118.373232, 34.026494], [-118.373353, 34.026505]]}}, {"type": "Feature", "properties": {"bin": 938, "start_m": 23450, "end_m": 23475, "median_score": 0.95, "hot_fraction": 0.0, "recordings": 6, "rides_rough": 0, "rides_covering": 4}, "geometry": {"type": "LineString", "coordinates": [[-118.373353, 34.026505], [-118.373622, 34.026531]]}}, {"type": "Feature", "properties": {"bin": 939, "start_m": 23475, "end_m": 23500, "median_score": 0.85, "hot_fraction": 0.0, "recordings": 7, "rides_rough": 0, "rides_covering": 4}, "geometry": {"type": "LineString", "coordinates": [[-118.373622, 34.026531], [-118.373891, 34.026557]]}}, {"type": "Feature", "properties": {"bin": 940, "start_m": 23500, "end_m": 23525, "median_score": 0.82, "hot_fraction": 0.0, "recordings": 6, "rides_rough": 0, "rides_covering": 4}, "geometry": {"type": "LineString", "coordinates": [[-118.373891, 34.026557], [-118.37416, 34.026582]]}}, {"type": "Feature", "properties": {"bin": 941, "start_m": 23525, "end_m": 23550, "median_score": 0.81, "hot_fraction": 0.0, "recordings": 9, "rides_rough": 0, "rides_covering": 5}, "geometry": {"type": "LineString", "coordinates": [[-118.37416, 34.026582], [-118.374167, 34.026583], [-118.37443, 34.026607]]}}, {"type": "Feature", "properties": {"bin": 942, "start_m": 23550, "end_m": 23575, "median_score": 1.07, "hot_fraction": 0.0, "recordings": 8, "rides_rough": 0, "rides_covering": 5}, "geometry": {"type": "LineString", "coordinates": [[-118.37443, 34.026607], [-118.374699, 34.026632]]}}, {"type": "Feature", "properties": {"bin": 943, "start_m": 23575, "end_m": 23600, "median_score": 1.02, "hot_fraction": 0.0, "recordings": 8, "rides_rough": 0, "rides_covering": 5}, "geometry": {"type": "LineString", "coordinates": [[-118.374699, 34.026632], [-118.374968, 34.026657]]}}, {"type": "Feature", "properties": {"bin": 944, "start_m": 23600, "end_m": 23625, "median_score": 1.16, "hot_fraction": 0.1, "recordings": 10, "rides_rough": 1, "rides_covering": 5}, "geometry": {"type": "LineString", "coordinates": [[-118.374968, 34.026657], [-118.375234, 34.026682], [-118.375238, 34.026682]]}}, {"type": "Feature", "properties": {"bin": 945, "start_m": 23625, "end_m": 23650, "median_score": 1.24, "hot_fraction": 0.22, "recordings": 9, "rides_rough": 1, "rides_covering": 5}, "geometry": {"type": "LineString", "coordinates": [[-118.375238, 34.026682], [-118.375507, 34.026707]]}}, {"type": "Feature", "properties": {"bin": 946, "start_m": 23650, "end_m": 23675, "median_score": 1.15, "hot_fraction": 0.0, "recordings": 9, "rides_rough": 0, "rides_covering": 5}, "geometry": {"type": "LineString", "coordinates": [[-118.375507, 34.026707], [-118.375555, 34.026711], [-118.375776, 34.026731]]}}, {"type": "Feature", "properties": {"bin": 947, "start_m": 23675, "end_m": 23700, "median_score": 1.14, "hot_fraction": 0.11, "recordings": 9, "rides_rough": 1, "rides_covering": 5}, "geometry": {"type": "LineString", "coordinates": [[-118.375776, 34.026731], [-118.376046, 34.026756]]}}, {"type": "Feature", "properties": {"bin": 948, "start_m": 23700, "end_m": 23725, "median_score": 1.02, "hot_fraction": 0.0, "recordings": 8, "rides_rough": 0, "rides_covering": 5}, "geometry": {"type": "LineString", "coordinates": [[-118.376046, 34.026756], [-118.37612, 34.026763], [-118.376315, 34.026781]]}}, {"type": "Feature", "properties": {"bin": 949, "start_m": 23725, "end_m": 23750, "median_score": 0.86, "hot_fraction": 0.0, "recordings": 10, "rides_rough": 0, "rides_covering": 5}, "geometry": {"type": "LineString", "coordinates": [[-118.376315, 34.026781], [-118.376584, 34.026807]]}}, {"type": "Feature", "properties": {"bin": 950, "start_m": 23750, "end_m": 23775, "median_score": 0.88, "hot_fraction": 0.0, "recordings": 8, "rides_rough": 0, "rides_covering": 4}, "geometry": {"type": "LineString", "coordinates": [[-118.376584, 34.026807], [-118.376616, 34.02681], [-118.376853, 34.026834]]}}, {"type": "Feature", "properties": {"bin": 951, "start_m": 23775, "end_m": 23800, "median_score": 1.11, "hot_fraction": 0.0, "recordings": 7, "rides_rough": 0, "rides_covering": 5}, "geometry": {"type": "LineString", "coordinates": [[-118.376853, 34.026834], [-118.377122, 34.026861]]}}, {"type": "Feature", "properties": {"bin": 952, "start_m": 23800, "end_m": 23825, "median_score": 1.68, "hot_fraction": 0.6, "recordings": 10, "rides_rough": 4, "rides_covering": 5}, "geometry": {"type": "LineString", "coordinates": [[-118.377122, 34.026861], [-118.377391, 34.026889]]}}, {"type": "Feature", "properties": {"bin": 953, "start_m": 23825, "end_m": 23850, "median_score": 1.65, "hot_fraction": 0.4, "recordings": 10, "rides_rough": 2, "rides_covering": 5}, "geometry": {"type": "LineString", "coordinates": [[-118.377391, 34.026889], [-118.377414, 34.026891], [-118.37766, 34.026916]]}}, {"type": "Feature", "properties": {"bin": 954, "start_m": 23850, "end_m": 23875, "median_score": 1.07, "hot_fraction": 0.0, "recordings": 10, "rides_rough": 0, "rides_covering": 5}, "geometry": {"type": "LineString", "coordinates": [[-118.37766, 34.026916], [-118.377929, 34.026943]]}}, {"type": "Feature", "properties": {"bin": 955, "start_m": 23875, "end_m": 23900, "median_score": 0.85, "hot_fraction": 0.0, "recordings": 10, "rides_rough": 0, "rides_covering": 5}, "geometry": {"type": "LineString", "coordinates": [[-118.377929, 34.026943], [-118.378198, 34.02697]]}}, {"type": "Feature", "properties": {"bin": 956, "start_m": 23900, "end_m": 23925, "median_score": 0.98, "hot_fraction": 0.0, "recordings": 9, "rides_rough": 0, "rides_covering": 4}, "geometry": {"type": "LineString", "coordinates": [[-118.378198, 34.02697], [-118.378453, 34.026995], [-118.378467, 34.026997]]}}, {"type": "Feature", "properties": {"bin": 957, "start_m": 23925, "end_m": 23950, "median_score": 0.96, "hot_fraction": 0.0, "recordings": 9, "rides_rough": 0, "rides_covering": 5}, "geometry": {"type": "LineString", "coordinates": [[-118.378467, 34.026997], [-118.378736, 34.027025]]}}, {"type": "Feature", "properties": {"bin": 958, "start_m": 23950, "end_m": 23975, "median_score": 1.07, "hot_fraction": 0.0, "recordings": 10, "rides_rough": 0, "rides_covering": 5}, "geometry": {"type": "LineString", "coordinates": [[-118.378736, 34.027025], [-118.378956, 34.027048], [-118.379005, 34.027053]]}}, {"type": "Feature", "properties": {"bin": 959, "start_m": 23975, "end_m": 24000, "median_score": 1.37, "hot_fraction": 0.3, "recordings": 10, "rides_rough": 3, "rides_covering": 5}, "geometry": {"type": "LineString", "coordinates": [[-118.379005, 34.027053], [-118.379161, 34.027068], [-118.379275, 34.027076]]}}, {"type": "Feature", "properties": {"bin": 960, "start_m": 24000, "end_m": 24025, "median_score": 1.21, "hot_fraction": 0.2, "recordings": 10, "rides_rough": 2, "rides_covering": 5}, "geometry": {"type": "LineString", "coordinates": [[-118.379275, 34.027076], [-118.37951, 34.027093], [-118.379544, 34.027096]]}}, {"type": "Feature", "properties": {"bin": 961, "start_m": 24025, "end_m": 24050, "median_score": 1.0, "hot_fraction": 0.0, "recordings": 10, "rides_rough": 0, "rides_covering": 5}, "geometry": {"type": "LineString", "coordinates": [[-118.379544, 34.027096], [-118.379814, 34.027122]]}}, {"type": "Feature", "properties": {"bin": 962, "start_m": 24050, "end_m": 24075, "median_score": 1.22, "hot_fraction": 0.0, "recordings": 9, "rides_rough": 0, "rides_covering": 4}, "geometry": {"type": "LineString", "coordinates": [[-118.379814, 34.027122], [-118.380083, 34.027148]]}}, {"type": "Feature", "properties": {"bin": 963, "start_m": 24075, "end_m": 24100, "median_score": 1.82, "hot_fraction": 0.6, "recordings": 10, "rides_rough": 3, "rides_covering": 5}, "geometry": {"type": "LineString", "coordinates": [[-118.380083, 34.027148], [-118.380088, 34.027149], [-118.380352, 34.027173]]}}, {"type": "Feature", "properties": {"bin": 964, "start_m": 24100, "end_m": 24125, "median_score": 1.47, "hot_fraction": 0.1, "recordings": 10, "rides_rough": 1, "rides_covering": 5}, "geometry": {"type": "LineString", "coordinates": [[-118.380352, 34.027173], [-118.380456, 34.027182], [-118.380622, 34.027197]]}}, {"type": "Feature", "properties": {"bin": 965, "start_m": 24125, "end_m": 24150, "median_score": 1.4, "hot_fraction": 0.2, "recordings": 10, "rides_rough": 1, "rides_covering": 5}, "geometry": {"type": "LineString", "coordinates": [[-118.380622, 34.027197], [-118.380891, 34.027222]]}}, {"type": "Feature", "properties": {"bin": 966, "start_m": 24150, "end_m": 24175, "median_score": 1.57, "hot_fraction": 0.5, "recordings": 10, "rides_rough": 3, "rides_covering": 5}, "geometry": {"type": "LineString", "coordinates": [[-118.380891, 34.027222], [-118.38116, 34.027247]]}}, {"type": "Feature", "properties": {"bin": 967, "start_m": 24175, "end_m": 24200, "median_score": 1.44, "hot_fraction": 0.0, "recordings": 10, "rides_rough": 0, "rides_covering": 5}, "geometry": {"type": "LineString", "coordinates": [[-118.38116, 34.027247], [-118.381429, 34.027272]]}}, {"type": "Feature", "properties": {"bin": 968, "start_m": 24200, "end_m": 24225, "median_score": 0.8, "hot_fraction": 0.0, "recordings": 10, "rides_rough": 0, "rides_covering": 5}, "geometry": {"type": "LineString", "coordinates": [[-118.381429, 34.027272], [-118.381699, 34.027297]]}}, {"type": "Feature", "properties": {"bin": 969, "start_m": 24225, "end_m": 24250, "median_score": 0.85, "hot_fraction": 0.0, "recordings": 10, "rides_rough": 0, "rides_covering": 5}, "geometry": {"type": "LineString", "coordinates": [[-118.381699, 34.027297], [-118.381846, 34.027311], [-118.381968, 34.027325]]}}, {"type": "Feature", "properties": {"bin": 970, "start_m": 24250, "end_m": 24275, "median_score": 0.92, "hot_fraction": 0.0, "recordings": 10, "rides_rough": 0, "rides_covering": 5}, "geometry": {"type": "LineString", "coordinates": [[-118.381968, 34.027325], [-118.382236, 34.027354]]}}, {"type": "Feature", "properties": {"bin": 971, "start_m": 24275, "end_m": 24300, "median_score": 1.0, "hot_fraction": 0.0, "recordings": 8, "rides_rough": 0, "rides_covering": 5}, "geometry": {"type": "LineString", "coordinates": [[-118.382236, 34.027354], [-118.382396, 34.027372], [-118.382505, 34.027385]]}}, {"type": "Feature", "properties": {"bin": 972, "start_m": 24300, "end_m": 24325, "median_score": 1.09, "hot_fraction": 0.0, "recordings": 6, "rides_rough": 0, "rides_covering": 3}, "geometry": {"type": "LineString", "coordinates": [[-118.382505, 34.027385], [-118.382773, 34.027416]]}}, {"type": "Feature", "properties": {"bin": 973, "start_m": 24325, "end_m": 24350, "median_score": 1.06, "hot_fraction": 0.0, "recordings": 7, "rides_rough": 0, "rides_covering": 4}, "geometry": {"type": "LineString", "coordinates": [[-118.382773, 34.027416], [-118.382983, 34.02744], [-118.383042, 34.027447]]}}, {"type": "Feature", "properties": {"bin": 974, "start_m": 24350, "end_m": 24375, "median_score": 1.49, "hot_fraction": 0.0, "recordings": 7, "rides_rough": 0, "rides_covering": 4}, "geometry": {"type": "LineString", "coordinates": [[-118.383042, 34.027447], [-118.38331, 34.027477]]}}, {"type": "Feature", "properties": {"bin": 975, "start_m": 24375, "end_m": 24400, "median_score": 1.11, "hot_fraction": 0.0, "recordings": 7, "rides_rough": 0, "rides_covering": 4}, "geometry": {"type": "LineString", "coordinates": [[-118.38331, 34.027477], [-118.383579, 34.027508]]}}, {"type": "Feature", "properties": {"bin": 976, "start_m": 24400, "end_m": 24425, "median_score": 1.77, "hot_fraction": 0.56, "recordings": 9, "rides_rough": 3, "rides_covering": 5}, "geometry": {"type": "LineString", "coordinates": [[-118.383579, 34.027508], [-118.383847, 34.027539]]}}, {"type": "Feature", "properties": {"bin": 977, "start_m": 24425, "end_m": 24450, "median_score": 2.04, "hot_fraction": 0.8, "recordings": 10, "rides_rough": 4, "rides_covering": 5}, "geometry": {"type": "LineString", "coordinates": [[-118.383847, 34.027539], [-118.383939, 34.027549], [-118.384117, 34.027562]]}}, {"type": "Feature", "properties": {"bin": 978, "start_m": 24450, "end_m": 24475, "median_score": 0.97, "hot_fraction": 0.11, "recordings": 9, "rides_rough": 1, "rides_covering": 5}, "geometry": {"type": "LineString", "coordinates": [[-118.384117, 34.027562], [-118.384387, 34.027582]]}}, {"type": "Feature", "properties": {"bin": 979, "start_m": 24475, "end_m": 24500, "median_score": 0.75, "hot_fraction": 0.0, "recordings": 9, "rides_rough": 0, "rides_covering": 5}, "geometry": {"type": "LineString", "coordinates": [[-118.384387, 34.027582], [-118.384656, 34.027601]]}}, {"type": "Feature", "properties": {"bin": 980, "start_m": 24500, "end_m": 24525, "median_score": 0.73, "hot_fraction": 0.0, "recordings": 9, "rides_rough": 0, "rides_covering": 5}, "geometry": {"type": "LineString", "coordinates": [[-118.384656, 34.027601], [-118.384707, 34.027605], [-118.384926, 34.027621]]}}, {"type": "Feature", "properties": {"bin": 981, "start_m": 24525, "end_m": 24550, "median_score": 0.87, "hot_fraction": 0.0, "recordings": 8, "rides_rough": 0, "rides_covering": 4}, "geometry": {"type": "LineString", "coordinates": [[-118.384926, 34.027621], [-118.385196, 34.02764]]}}, {"type": "Feature", "properties": {"bin": 982, "start_m": 24550, "end_m": 24575, "median_score": 0.75, "hot_fraction": 0.0, "recordings": 8, "rides_rough": 0, "rides_covering": 4}, "geometry": {"type": "LineString", "coordinates": [[-118.385196, 34.02764], [-118.385407, 34.027655], [-118.385466, 34.027659]]}}, {"type": "Feature", "properties": {"bin": 983, "start_m": 24575, "end_m": 24600, "median_score": 0.87, "hot_fraction": 0.0, "recordings": 7, "rides_rough": 0, "rides_covering": 4}, "geometry": {"type": "LineString", "coordinates": [[-118.385466, 34.027659], [-118.385737, 34.027676]]}}, {"type": "Feature", "properties": {"bin": 984, "start_m": 24600, "end_m": 24625, "median_score": 0.97, "hot_fraction": 0.0, "recordings": 8, "rides_rough": 0, "rides_covering": 4}, "geometry": {"type": "LineString", "coordinates": [[-118.385737, 34.027676], [-118.386007, 34.027693]]}}, {"type": "Feature", "properties": {"bin": 985, "start_m": 24625, "end_m": 24650, "median_score": 1.02, "hot_fraction": 0.0, "recordings": 7, "rides_rough": 0, "rides_covering": 4}, "geometry": {"type": "LineString", "coordinates": [[-118.386007, 34.027693], [-118.386125, 34.0277], [-118.386277, 34.02771]]}}, {"type": "Feature", "properties": {"bin": 986, "start_m": 24650, "end_m": 24675, "median_score": 1.04, "hot_fraction": 0.0, "recordings": 8, "rides_rough": 0, "rides_covering": 4}, "geometry": {"type": "LineString", "coordinates": [[-118.386277, 34.02771], [-118.386547, 34.027728]]}}, {"type": "Feature", "properties": {"bin": 987, "start_m": 24675, "end_m": 24700, "median_score": 0.99, "hot_fraction": 0.0, "recordings": 8, "rides_rough": 0, "rides_covering": 4}, "geometry": {"type": "LineString", "coordinates": [[-118.386547, 34.027728], [-118.386817, 34.027746]]}}, {"type": "Feature", "properties": {"bin": 988, "start_m": 24700, "end_m": 24725, "median_score": 1.21, "hot_fraction": 0.0, "recordings": 7, "rides_rough": 0, "rides_covering": 4}, "geometry": {"type": "LineString", "coordinates": [[-118.386817, 34.027746], [-118.386945, 34.027755], [-118.387087, 34.027767]]}}, {"type": "Feature", "properties": {"bin": 989, "start_m": 24725, "end_m": 24750, "median_score": 0.91, "hot_fraction": 0.0, "recordings": 7, "rides_rough": 0, "rides_covering": 4}, "geometry": {"type": "LineString", "coordinates": [[-118.387087, 34.027767], [-118.387357, 34.02779]]}}, {"type": "Feature", "properties": {"bin": 990, "start_m": 24750, "end_m": 24775, "median_score": 0.78, "hot_fraction": 0.0, "recordings": 6, "rides_rough": 0, "rides_covering": 4}, "geometry": {"type": "LineString", "coordinates": [[-118.387357, 34.02779], [-118.387626, 34.027814]]}}, {"type": "Feature", "properties": {"bin": 991, "start_m": 24775, "end_m": 24800, "median_score": 0.91, "hot_fraction": 0.0, "recordings": 5, "rides_rough": 0, "rides_covering": 3}, "geometry": {"type": "LineString", "coordinates": [[-118.387626, 34.027814], [-118.387896, 34.027837]]}}, {"type": "Feature", "properties": {"bin": 992, "start_m": 24800, "end_m": 24825, "median_score": 0.83, "hot_fraction": 0.0, "recordings": 4, "rides_rough": 0, "rides_covering": 3}, "geometry": {"type": "LineString", "coordinates": [[-118.387896, 34.027837], [-118.38791, 34.027838], [-118.388165, 34.027861]]}}, {"type": "Feature", "properties": {"bin": 993, "start_m": 24825, "end_m": 24850, "median_score": 0.85, "hot_fraction": 0.0, "recordings": 2, "rides_rough": 0, "rides_covering": 1}, "geometry": {"type": "LineString", "coordinates": [[-118.388165, 34.027861], [-118.388435, 34.027885]]}}, {"type": "Feature", "properties": {"bin": 994, "start_m": 24850, "end_m": 24875, "median_score": 0.75, "hot_fraction": 0.0, "recordings": 2, "rides_rough": 0, "rides_covering": 1}, "geometry": {"type": "LineString", "coordinates": [[-118.388435, 34.027885], [-118.388704, 34.027909]]}}]}